message,severity,attributes,tags,timestamp
Starting Container,info,"{""level"":""info""}","{""project"":""90a47e04-a329-4122-9c82-2ee75a4562c2"",""environment"":""f6319bd4-2e87-40d4-8547-4ce714038bc1"",""service"":""c236b8cb-3eff-45c5-aca0-23e73e33dc8d"",""deployment"":""acf6ba43-652d-4725-96f6-6a34d92bdafb"",""replica"":""3a6a98ac-33a5-460d-82e3-5ddb81381546""}",2026-07-23T06:51:51.053929950Z
"2026-07-23T06:52:07.223Z [[32minfo[39m] Provisioning Root CA: env probe (lengths only, values not logged) {""service"":""mqtt-publisher-lite"",""source"":""MQTT_TLS_CA_BASE64 + MQTT_TLS_CA_KEY_BASE64"",""MQTT_TLS_CA_BASE64_present"":true,""MQTT_TLS_CA_BASE64_length"":2624,""MQTT_TLS_CA_KEY_BASE64_present"":true,""MQTT_TLS_CA_KEY_BASE64_length"":4360,""PROVISIONING_CA_DIR"":""/app/data/certs""}",info,"{""level"":""info""}","{""project"":""90a47e04-a329-4122-9c82-2ee75a4562c2"",""environment"":""f6319bd4-2e87-40d4-8547-4ce714038bc1"",""service"":""c236b8cb-3eff-45c5-aca0-23e73e33dc8d"",""deployment"":""acf6ba43-652d-4725-96f6-6a34d92bdafb"",""replica"":""3a6a98ac-33a5-460d-82e3-5ddb81381546""}",2026-07-23T06:52:07.956553251Z
"2026-07-23T06:52:07.226Z [[32minfo[39m] Provisioning Root CA: read PEM from environment (decoded) {""service"":""mqtt-publisher-lite"",""cert_pem_bytes"":1967,""cert_sha256_prefix"":""2a93d0ae294a1de3"",""key_pem_bytes"":3267,""key_kind"":""PKCS#8""}",info,"{""level"":""info""}","{""project"":""90a47e04-a329-4122-9c82-2ee75a4562c2"",""environment"":""f6319bd4-2e87-40d4-8547-4ce714038bc1"",""service"":""c236b8cb-3eff-45c5-aca0-23e73e33dc8d"",""deployment"":""acf6ba43-652d-4725-96f6-6a34d92bdafb"",""replica"":""3a6a98ac-33a5-460d-82e3-5ddb81381546""}",2026-07-23T06:52:07.956559199Z
"2026-07-23T06:52:07.228Z [[32minfo[39m] Provisioning Root CA: wrote files from env (CAService will load these paths) {""service"":""mqtt-publisher-lite"",""certPath"":""/app/data/certs/root-ca.crt"",""keyPath"":""/app/data/certs/root-ca.key"",""cert_file_bytes"":1968,""key_file_bytes"":3268,""caStoragePath"":""/app/data/certs""}",info,"{""level"":""info""}","{""project"":""90a47e04-a329-4122-9c82-2ee75a4562c2"",""environment"":""f6319bd4-2e87-40d4-8547-4ce714038bc1"",""service"":""c236b8cb-3eff-45c5-aca0-23e73e33dc8d"",""deployment"":""acf6ba43-652d-4725-96f6-6a34d92bdafb"",""replica"":""3a6a98ac-33a5-460d-82e3-5ddb81381546""}",2026-07-23T06:52:07.956569465Z
"2026-07-23T06:52:07.229Z [[32minfo[39m] MQTT TLS credentials loaded from environment (in-memory only) {""service"":""mqtt-publisher-lite"",""hasCa"":true,""hasClientCert"":true,""hasClientKey"":true}",info,"{""level"":""info""}","{""project"":""90a47e04-a329-4122-9c82-2ee75a4562c2"",""environment"":""f6319bd4-2e87-40d4-8547-4ce714038bc1"",""service"":""c236b8cb-3eff-45c5-aca0-23e73e33dc8d"",""deployment"":""acf6ba43-652d-4725-96f6-6a34d92bdafb"",""replica"":""3a6a98ac-33a5-460d-82e3-5ddb81381546""}",2026-07-23T06:52:07.956575490Z
"2026-07-23T06:52:07.229Z [[33mwarn[39m] Deprecated environment variable BATCH_SIZE; use IG_POLL_BATCH_SIZE instead {""service"":""mqtt-publisher-lite""}",info,"{""level"":""info""}","{""project"":""90a47e04-a329-4122-9c82-2ee75a4562c2"",""environment"":""f6319bd4-2e87-40d4-8547-4ce714038bc1"",""service"":""c236b8cb-3eff-45c5-aca0-23e73e33dc8d"",""deployment"":""acf6ba43-652d-4725-96f6-6a34d92bdafb"",""replica"":""3a6a98ac-33a5-460d-82e3-5ddb81381546""}",2026-07-23T06:52:07.956581407Z
"2026-07-23T06:52:07.229Z [[33mwarn[39m] Deprecated environment variable MAX_RETRIES; use INFLUXDB_HEALTH_RETRIES instead {""service"":""mqtt-publisher-lite""}",info,"{""level"":""info""}","{""project"":""90a47e04-a329-4122-9c82-2ee75a4562c2"",""environment"":""f6319bd4-2e87-40d4-8547-4ce714038bc1"",""service"":""c236b8cb-3eff-45c5-aca0-23e73e33dc8d"",""deployment"":""acf6ba43-652d-4725-96f6-6a34d92bdafb"",""replica"":""3a6a98ac-33a5-460d-82e3-5ddb81381546""}",2026-07-23T06:52:07.956587990Z
"2026-07-23T06:52:07.230Z [[33mwarn[39m] Deprecated environment variable BATCH_TIMEOUT; use INFLUXDB_QUEUE_FLUSH_MS instead {""service"":""mqtt-publisher-lite""}",info,"{""level"":""info""}","{""project"":""90a47e04-a329-4122-9c82-2ee75a4562c2"",""environment"":""f6319bd4-2e87-40d4-8547-4ce714038bc1"",""service"":""c236b8cb-3eff-45c5-aca0-23e73e33dc8d"",""deployment"":""acf6ba43-652d-4725-96f6-6a34d92bdafb"",""replica"":""3a6a98ac-33a5-460d-82e3-5ddb81381546""}",2026-07-23T06:52:07.956593741Z
"2026-07-23T06:52:07.230Z [[33mwarn[39m] Deprecated environment variable CONNECTION_POOL_MAX; use MONGODB_MAX_POOL_SIZE instead {""service"":""mqtt-publisher-lite""}",info,"{""level"":""info""}","{""project"":""90a47e04-a329-4122-9c82-2ee75a4562c2"",""environment"":""f6319bd4-2e87-40d4-8547-4ce714038bc1"",""service"":""c236b8cb-3eff-45c5-aca0-23e73e33dc8d"",""deployment"":""acf6ba43-652d-4725-96f6-6a34d92bdafb"",""replica"":""3a6a98ac-33a5-460d-82e3-5ddb81381546""}",2026-07-23T06:52:07.956599509Z
"2026-07-23T06:52:07.232Z [[32minfo[39m] 🗃️  Initializing MongoDB (REQUIRED)... {""service"":""mqtt-publisher-lite""}",info,"{""level"":""info""}","{""project"":""90a47e04-a329-4122-9c82-2ee75a4562c2"",""environment"":""f6319bd4-2e87-40d4-8547-4ce714038bc1"",""service"":""c236b8cb-3eff-45c5-aca0-23e73e33dc8d"",""deployment"":""acf6ba43-652d-4725-96f6-6a34d92bdafb"",""replica"":""3a6a98ac-33a5-460d-82e3-5ddb81381546""}",2026-07-23T06:52:07.958211332Z
"2026-07-23T06:52:07.233Z [[32minfo[39m] Attempting MongoDB connection {""service"":""mqtt-publisher-lite"",""uri"":""mongodb+srv://cluster0.alo6dol.mongodb.net/statsnapp?retryWrites=true&w=majority"",""dbName"":""statsnapp""}",info,"{""level"":""info""}","{""project"":""90a47e04-a329-4122-9c82-2ee75a4562c2"",""environment"":""f6319bd4-2e87-40d4-8547-4ce714038bc1"",""service"":""c236b8cb-3eff-45c5-aca0-23e73e33dc8d"",""deployment"":""acf6ba43-652d-4725-96f6-6a34d92bdafb"",""replica"":""3a6a98ac-33a5-460d-82e3-5ddb81381546""}",2026-07-23T06:52:07.958222220Z
"2026-07-23T06:52:07.230Z [[33mwarn[39m] Deprecated environment variable CONNECTION_POOL_MIN; use MONGODB_MIN_POOL_SIZE instead {""service"":""mqtt-publisher-lite""}",info,"{""level"":""info""}","{""project"":""90a47e04-a329-4122-9c82-2ee75a4562c2"",""environment"":""f6319bd4-2e87-40d4-8547-4ce714038bc1"",""service"":""c236b8cb-3eff-45c5-aca0-23e73e33dc8d"",""deployment"":""acf6ba43-652d-4725-96f6-6a34d92bdafb"",""replica"":""3a6a98ac-33a5-460d-82e3-5ddb81381546""}",2026-07-23T06:52:07.958270069Z
"2026-07-23T06:52:07.230Z [[33mwarn[39m] Deprecated environment variable METRICS_INTERVAL; use METRICS_INTERVAL_MS instead {""service"":""mqtt-publisher-lite""}",info,"{""level"":""info""}","{""project"":""90a47e04-a329-4122-9c82-2ee75a4562c2"",""environment"":""f6319bd4-2e87-40d4-8547-4ce714038bc1"",""service"":""c236b8cb-3eff-45c5-aca0-23e73e33dc8d"",""deployment"":""acf6ba43-652d-4725-96f6-6a34d92bdafb"",""replica"":""3a6a98ac-33a5-460d-82e3-5ddb81381546""}",2026-07-23T06:52:07.958275777Z
"2026-07-23T06:52:07.231Z [[32minfo[39m] Configuration loaded {""service"":""mqtt-publisher-lite"",""mqtt"":{""broker"":""broker.withproof.io"",""port"":8883,""topicPrefix"":"""",""authX509Only"":true,""mqttConnectUser"":""none (X.509 only)""},""http"":{""port"":8080},""provisioning"":{""enabled"":true,""tokenTTL"":6000,""caStoragePath"":""/app/data/certs""},""mongodb"":{""uri"":""***"",""dbName"":""statsnapp""},""redis"":{""host"":""(via REDIS_URL)"",""port"":""(via REDIS_URL)"",""keyPrefix"":""proof-mqtt:""},""influxdb"":{""url"":""https://metrics.withproof.io"",""org"":""statsmqtt"",""bucket"":""metrics"",""complianceBucket"":""pki_compliance"",""diskQueue"":true,""diskQueueSync"":false,""diskQueuePath"":""/app/data/influx-write-queue.lines"",""token"":""(set)""},""env"":""development"",""logLevel"":""debug""}",info,"{""level"":""info""}","{""project"":""90a47e04-a329-4122-9c82-2ee75a4562c2"",""environment"":""f6319bd4-2e87-40d4-8547-4ce714038bc1"",""service"":""c236b8cb-3eff-45c5-aca0-23e73e33dc8d"",""deployment"":""acf6ba43-652d-4725-96f6-6a34d92bdafb"",""replica"":""3a6a98ac-33a5-460d-82e3-5ddb81381546""}",2026-07-23T06:52:07.958281347Z
"2026-07-23T06:52:07.231Z [[32minfo[39m] Configuration validated successfully {""service"":""mqtt-publisher-lite""}",info,"{""level"":""info""}","{""project"":""90a47e04-a329-4122-9c82-2ee75a4562c2"",""environment"":""f6319bd4-2e87-40d4-8547-4ce714038bc1"",""service"":""c236b8cb-3eff-45c5-aca0-23e73e33dc8d"",""deployment"":""acf6ba43-652d-4725-96f6-6a34d92bdafb"",""replica"":""3a6a98ac-33a5-460d-82e3-5ddb81381546""}",2026-07-23T06:52:07.958300533Z
"2026-07-23T06:52:07.232Z [[32minfo[39m] 🚀 Starting MQTT Publisher Lite... {""service"":""mqtt-publisher-lite""}",info,"{""level"":""info""}","{""project"":""90a47e04-a329-4122-9c82-2ee75a4562c2"",""environment"":""f6319bd4-2e87-40d4-8547-4ce714038bc1"",""service"":""c236b8cb-3eff-45c5-aca0-23e73e33dc8d"",""deployment"":""acf6ba43-652d-4725-96f6-6a34d92bdafb"",""replica"":""3a6a98ac-33a5-460d-82e3-5ddb81381546""}",2026-07-23T06:52:07.958306979Z
"2026-07-23T06:52:07.232Z [[32minfo[39m] ━━━━━━━━━━━━━━━━━━━━━━━━━━━━━━━━━━━━━━━━━━━━━━━━━━ {""service"":""mqtt-publisher-lite""}",info,"{""level"":""info""}","{""project"":""90a47e04-a329-4122-9c82-2ee75a4562c2"",""environment"":""f6319bd4-2e87-40d4-8547-4ce714038bc1"",""service"":""c236b8cb-3eff-45c5-aca0-23e73e33dc8d"",""deployment"":""acf6ba43-652d-4725-96f6-6a34d92bdafb"",""replica"":""3a6a98ac-33a5-460d-82e3-5ddb81381546""}",2026-07-23T06:52:07.958312358Z
"2026-07-23T06:52:08.528Z [[32minfo[39m] MongoDB connected successfully {""service"":""mqtt-publisher-lite"",""host"":""ac-pbngtkm-shard-00-00.alo6dol.mongodb.net"",""port"":27017,""name"":""statsnapp"",""dbName"":""statsnapp""}",info,"{""level"":""info""}","{""project"":""90a47e04-a329-4122-9c82-2ee75a4562c2"",""environment"":""f6319bd4-2e87-40d4-8547-4ce714038bc1"",""service"":""c236b8cb-3eff-45c5-aca0-23e73e33dc8d"",""deployment"":""acf6ba43-652d-4725-96f6-6a34d92bdafb"",""replica"":""3a6a98ac-33a5-460d-82e3-5ddb81381546""}",2026-07-23T06:52:08.980838245Z
"2026-07-23T06:52:08.529Z [[32minfo[39m] ✅ MongoDB connected successfully {""service"":""mqtt-publisher-lite"",""dbName"":""statsnapp"",""mode"":""primary-database""}",info,"{""level"":""info""}","{""project"":""90a47e04-a329-4122-9c82-2ee75a4562c2"",""environment"":""f6319bd4-2e87-40d4-8547-4ce714038bc1"",""service"":""c236b8cb-3eff-45c5-aca0-23e73e33dc8d"",""deployment"":""acf6ba43-652d-4725-96f6-6a34d92bdafb"",""replica"":""3a6a98ac-33a5-460d-82e3-5ddb81381546""}",2026-07-23T06:52:08.980844439Z
"2026-07-23T06:52:08.529Z [[32minfo[39m] 💾 Initializing Redis (Token Persistence)... {""service"":""mqtt-publisher-lite""}",info,"{""level"":""info""}","{""project"":""90a47e04-a329-4122-9c82-2ee75a4562c2"",""environment"":""f6319bd4-2e87-40d4-8547-4ce714038bc1"",""service"":""c236b8cb-3eff-45c5-aca0-23e73e33dc8d"",""deployment"":""acf6ba43-652d-4725-96f6-6a34d92bdafb"",""replica"":""3a6a98ac-33a5-460d-82e3-5ddb81381546""}",2026-07-23T06:52:08.980851841Z
"2026-07-23T06:52:08.530Z [[34mdebug[39m] [Redis] createRedisService {""service"":""mqtt-publisher-lite"",""hasUrl"":true,""db"":0,""keyPrefix"":""proof-mqtt:""}",info,"{""level"":""info""}","{""project"":""90a47e04-a329-4122-9c82-2ee75a4562c2"",""environment"":""f6319bd4-2e87-40d4-8547-4ce714038bc1"",""service"":""c236b8cb-3eff-45c5-aca0-23e73e33dc8d"",""deployment"":""acf6ba43-652d-4725-96f6-6a34d92bdafb"",""replica"":""3a6a98ac-33a5-460d-82e3-5ddb81381546""}",2026-07-23T06:52:08.980858688Z
"2026-07-23T06:52:08.530Z [[34mdebug[39m] [Redis] constructor {""service"":""mqtt-publisher-lite"",""configured"":true,""db"":0,""keyPrefix"":""proof-mqtt:""}",info,"{""level"":""info""}","{""project"":""90a47e04-a329-4122-9c82-2ee75a4562c2"",""environment"":""f6319bd4-2e87-40d4-8547-4ce714038bc1"",""service"":""c236b8cb-3eff-45c5-aca0-23e73e33dc8d"",""deployment"":""acf6ba43-652d-4725-96f6-6a34d92bdafb"",""replica"":""3a6a98ac-33a5-460d-82e3-5ddb81381546""}",2026-07-23T06:52:08.980866801Z
"2026-07-23T06:52:08.530Z [[34mdebug[39m] [Redis] isRedisConfigured exit {""service"":""mqtt-publisher-lite"",""configured"":true}",info,"{""level"":""info""}","{""project"":""90a47e04-a329-4122-9c82-2ee75a4562c2"",""environment"":""f6319bd4-2e87-40d4-8547-4ce714038bc1"",""service"":""c236b8cb-3eff-45c5-aca0-23e73e33dc8d"",""deployment"":""acf6ba43-652d-4725-96f6-6a34d92bdafb"",""replica"":""3a6a98ac-33a5-460d-82e3-5ddb81381546""}",2026-07-23T06:52:08.980872731Z
"2026-07-23T06:52:08.530Z [[34mdebug[39m] [Redis] connect enter {""service"":""mqtt-publisher-lite"",""alreadyConnected"":false}",info,"{""level"":""info""}","{""project"":""90a47e04-a329-4122-9c82-2ee75a4562c2"",""environment"":""f6319bd4-2e87-40d4-8547-4ce714038bc1"",""service"":""c236b8cb-3eff-45c5-aca0-23e73e33dc8d"",""deployment"":""acf6ba43-652d-4725-96f6-6a34d92bdafb"",""replica"":""3a6a98ac-33a5-460d-82e3-5ddb81381546""}",2026-07-23T06:52:08.980878556Z
"2026-07-23T06:52:08.531Z [[34mdebug[39m] [Redis] isRedisConfigured exit {""service"":""mqtt-publisher-lite"",""configured"":true}",info,"{""level"":""info""}","{""project"":""90a47e04-a329-4122-9c82-2ee75a4562c2"",""environment"":""f6319bd4-2e87-40d4-8547-4ce714038bc1"",""service"":""c236b8cb-3eff-45c5-aca0-23e73e33dc8d"",""deployment"":""acf6ba43-652d-4725-96f6-6a34d92bdafb"",""replica"":""3a6a98ac-33a5-460d-82e3-5ddb81381546""}",2026-07-23T06:52:08.980884211Z
"2026-07-23T06:52:08.531Z [[32minfo[39m] Connecting to Redis {""service"":""mqtt-publisher-lite"",""mode"":""url"",""host"":""neutral-impala-85205.upstash.io"",""port"":6379,""db"":0,""tls"":true}",info,"{""level"":""info""}","{""project"":""90a47e04-a329-4122-9c82-2ee75a4562c2"",""environment"":""f6319bd4-2e87-40d4-8547-4ce714038bc1"",""service"":""c236b8cb-3eff-45c5-aca0-23e73e33dc8d"",""deployment"":""acf6ba43-652d-4725-96f6-6a34d92bdafb"",""replica"":""3a6a98ac-33a5-460d-82e3-5ddb81381546""}",2026-07-23T06:52:08.980892221Z
"2026-07-23T06:52:08.535Z [[34mdebug[39m] [Redis] setupEventHandlers enter {""service"":""mqtt-publisher-lite""}",info,"{""level"":""info""}","{""project"":""90a47e04-a329-4122-9c82-2ee75a4562c2"",""environment"":""f6319bd4-2e87-40d4-8547-4ce714038bc1"",""service"":""c236b8cb-3eff-45c5-aca0-23e73e33dc8d"",""deployment"":""acf6ba43-652d-4725-96f6-6a34d92bdafb"",""replica"":""3a6a98ac-33a5-460d-82e3-5ddb81381546""}",2026-07-23T06:52:08.980898987Z
"2026-07-23T06:52:08.535Z [[34mdebug[39m] [Redis] setupEventHandlers exit {""service"":""mqtt-publisher-lite""}",info,"{""level"":""info""}","{""project"":""90a47e04-a329-4122-9c82-2ee75a4562c2"",""environment"":""f6319bd4-2e87-40d4-8547-4ce714038bc1"",""service"":""c236b8cb-3eff-45c5-aca0-23e73e33dc8d"",""deployment"":""acf6ba43-652d-4725-96f6-6a34d92bdafb"",""replica"":""3a6a98ac-33a5-460d-82e3-5ddb81381546""}",2026-07-23T06:52:08.980904294Z
"2026-07-23T06:52:08.923Z [[32minfo[39m] DeviceService initialized (MongoDB) {""service"":""mqtt-publisher-lite"",""cleanupInterval"":""3600s""}",info,"{""level"":""info""}","{""project"":""90a47e04-a329-4122-9c82-2ee75a4562c2"",""environment"":""f6319bd4-2e87-40d4-8547-4ce714038bc1"",""service"":""c236b8cb-3eff-45c5-aca0-23e73e33dc8d"",""deployment"":""acf6ba43-652d-4725-96f6-6a34d92bdafb"",""replica"":""3a6a98ac-33a5-460d-82e3-5ddb81381546""}",2026-07-23T06:52:08.984188544Z
"2026-07-23T06:52:08.923Z [[32minfo[39m] Device cleanup task started {""service"":""mqtt-publisher-lite""}",info,"{""level"":""info""}","{""project"":""90a47e04-a329-4122-9c82-2ee75a4562c2"",""environment"":""f6319bd4-2e87-40d4-8547-4ce714038bc1"",""service"":""c236b8cb-3eff-45c5-aca0-23e73e33dc8d"",""deployment"":""acf6ba43-652d-4725-96f6-6a34d92bdafb"",""replica"":""3a6a98ac-33a5-460d-82e3-5ddb81381546""}",2026-07-23T06:52:08.984201363Z
"2026-07-23T06:52:08.923Z [[32minfo[39m] ✅ Active device cache initialized (local + Redis restore on MQTT ready) {""service"":""mqtt-publisher-lite""}",info,"{""level"":""info""}","{""project"":""90a47e04-a329-4122-9c82-2ee75a4562c2"",""environment"":""f6319bd4-2e87-40d4-8547-4ce714038bc1"",""service"":""c236b8cb-3eff-45c5-aca0-23e73e33dc8d"",""deployment"":""acf6ba43-652d-4725-96f6-6a34d92bdafb"",""replica"":""3a6a98ac-33a5-460d-82e3-5ddb81381546""}",2026-07-23T06:52:08.984214560Z
"2026-07-23T06:52:08.924Z [[32minfo[39m] ✅ Services initialized {""service"":""mqtt-publisher-lite""}",info,"{""level"":""info""}","{""project"":""90a47e04-a329-4122-9c82-2ee75a4562c2"",""environment"":""f6319bd4-2e87-40d4-8547-4ce714038bc1"",""service"":""c236b8cb-3eff-45c5-aca0-23e73e33dc8d"",""deployment"":""acf6ba43-652d-4725-96f6-6a34d92bdafb"",""replica"":""3a6a98ac-33a5-460d-82e3-5ddb81381546""}",2026-07-23T06:52:08.984226223Z
"2026-07-23T06:52:08.924Z [[32minfo[39m] 📡 Initializing MQTT client... {""service"":""mqtt-publisher-lite""}",info,"{""level"":""info""}","{""project"":""90a47e04-a329-4122-9c82-2ee75a4562c2"",""environment"":""f6319bd4-2e87-40d4-8547-4ce714038bc1"",""service"":""c236b8cb-3eff-45c5-aca0-23e73e33dc8d"",""deployment"":""acf6ba43-652d-4725-96f6-6a34d92bdafb"",""replica"":""3a6a98ac-33a5-460d-82e3-5ddb81381546""}",2026-07-23T06:52:08.984233738Z
"2026-07-23T06:52:08.616Z [[32minfo[39m] [Redis] event:connect {""service"":""mqtt-publisher-lite""}",info,"{""level"":""info""}","{""project"":""90a47e04-a329-4122-9c82-2ee75a4562c2"",""environment"":""f6319bd4-2e87-40d4-8547-4ce714038bc1"",""service"":""c236b8cb-3eff-45c5-aca0-23e73e33dc8d"",""deployment"":""acf6ba43-652d-4725-96f6-6a34d92bdafb"",""replica"":""3a6a98ac-33a5-460d-82e3-5ddb81381546""}",2026-07-23T06:52:08.984243859Z
"2026-07-23T06:52:08.921Z [[32minfo[39m] [Redis] event:ready {""service"":""mqtt-publisher-lite""}",info,"{""level"":""info""}","{""project"":""90a47e04-a329-4122-9c82-2ee75a4562c2"",""environment"":""f6319bd4-2e87-40d4-8547-4ce714038bc1"",""service"":""c236b8cb-3eff-45c5-aca0-23e73e33dc8d"",""deployment"":""acf6ba43-652d-4725-96f6-6a34d92bdafb"",""replica"":""3a6a98ac-33a5-460d-82e3-5ddb81381546""}",2026-07-23T06:52:08.984249128Z
"2026-07-23T06:52:08.921Z [[32minfo[39m] ✅ Redis connected successfully {""service"":""mqtt-publisher-lite"",""keyPrefix"":""proof-mqtt:""}",info,"{""level"":""info""}","{""project"":""90a47e04-a329-4122-9c82-2ee75a4562c2"",""environment"":""f6319bd4-2e87-40d4-8547-4ce714038bc1"",""service"":""c236b8cb-3eff-45c5-aca0-23e73e33dc8d"",""deployment"":""acf6ba43-652d-4725-96f6-6a34d92bdafb"",""replica"":""3a6a98ac-33a5-460d-82e3-5ddb81381546""}",2026-07-23T06:52:08.984253106Z
"2026-07-23T06:52:08.921Z [[34mdebug[39m] [Redis] connect exit {""service"":""mqtt-publisher-lite"",""alreadyConnected"":false,""durationMs"":391}",info,"{""level"":""info""}","{""project"":""90a47e04-a329-4122-9c82-2ee75a4562c2"",""environment"":""f6319bd4-2e87-40d4-8547-4ce714038bc1"",""service"":""c236b8cb-3eff-45c5-aca0-23e73e33dc8d"",""deployment"":""acf6ba43-652d-4725-96f6-6a34d92bdafb"",""replica"":""3a6a98ac-33a5-460d-82e3-5ddb81381546""}",2026-07-23T06:52:08.984257033Z
"2026-07-23T06:52:08.921Z [[32minfo[39m] ✅ Redis connected successfully {""service"":""mqtt-publisher-lite"",""keyPrefix"":""proof-mqtt:"",""mode"":""cloud-persistent""}",info,"{""level"":""info""}","{""project"":""90a47e04-a329-4122-9c82-2ee75a4562c2"",""environment"":""f6319bd4-2e87-40d4-8547-4ce714038bc1"",""service"":""c236b8cb-3eff-45c5-aca0-23e73e33dc8d"",""deployment"":""acf6ba43-652d-4725-96f6-6a34d92bdafb"",""replica"":""3a6a98ac-33a5-460d-82e3-5ddb81381546""}",2026-07-23T06:52:08.984260924Z
"2026-07-23T06:52:08.922Z [[32minfo[39m] 📦 Initializing services... {""service"":""mqtt-publisher-lite""}",info,"{""level"":""info""}","{""project"":""90a47e04-a329-4122-9c82-2ee75a4562c2"",""environment"":""f6319bd4-2e87-40d4-8547-4ce714038bc1"",""service"":""c236b8cb-3eff-45c5-aca0-23e73e33dc8d"",""deployment"":""acf6ba43-652d-4725-96f6-6a34d92bdafb"",""replica"":""3a6a98ac-33a5-460d-82e3-5ddb81381546""}",2026-07-23T06:52:08.984264705Z
"2026-07-23T06:52:08.922Z [[32minfo[39m] SessionService initialized (in-memory) {""service"":""mqtt-publisher-lite"",""sessionTTL"":""86400s""}",info,"{""level"":""info""}","{""project"":""90a47e04-a329-4122-9c82-2ee75a4562c2"",""environment"":""f6319bd4-2e87-40d4-8547-4ce714038bc1"",""service"":""c236b8cb-3eff-45c5-aca0-23e73e33dc8d"",""deployment"":""acf6ba43-652d-4725-96f6-6a34d92bdafb"",""replica"":""3a6a98ac-33a5-460d-82e3-5ddb81381546""}",2026-07-23T06:52:08.984269570Z
"2026-07-23T06:52:09.129Z [[32minfo[39m] Broker DNS resolved {""service"":""mqtt-publisher-lite"",""broker"":""broker.withproof.io"",""address"":""129.154.36.219""}",info,"{""level"":""info""}","{""project"":""90a47e04-a329-4122-9c82-2ee75a4562c2"",""environment"":""f6319bd4-2e87-40d4-8547-4ce714038bc1"",""service"":""c236b8cb-3eff-45c5-aca0-23e73e33dc8d"",""deployment"":""acf6ba43-652d-4725-96f6-6a34d92bdafb"",""replica"":""3a6a98ac-33a5-460d-82e3-5ddb81381546""}",2026-07-23T06:52:09.146672855Z
"2026-07-23T06:52:09.129Z [[32minfo[39m] MQTT TLS pre-check: TCP host differs from cert SNI {""service"":""mqtt-publisher-lite"",""broker"":""broker.withproof.io"",""servername"":""nanomq-broker""}",info,"{""level"":""info""}","{""project"":""90a47e04-a329-4122-9c82-2ee75a4562c2"",""environment"":""f6319bd4-2e87-40d4-8547-4ce714038bc1"",""service"":""c236b8cb-3eff-45c5-aca0-23e73e33dc8d"",""deployment"":""acf6ba43-652d-4725-96f6-6a34d92bdafb"",""replica"":""3a6a98ac-33a5-460d-82e3-5ddb81381546""}",2026-07-23T06:52:09.146680024Z
"2026-07-23T06:52:09.129Z [[32minfo[39m] MQTT TLS pre-check {""service"":""mqtt-publisher-lite"",""broker"":""broker.withproof.io"",""port"":8883,""servername"":""nanomq-broker"",""mTLS"":true}",info,"{""level"":""info""}","{""project"":""90a47e04-a329-4122-9c82-2ee75a4562c2"",""environment"":""f6319bd4-2e87-40d4-8547-4ce714038bc1"",""service"":""c236b8cb-3eff-45c5-aca0-23e73e33dc8d"",""deployment"":""acf6ba43-652d-4725-96f6-6a34d92bdafb"",""replica"":""3a6a98ac-33a5-460d-82e3-5ddb81381546""}",2026-07-23T06:52:09.146685202Z
"2026-07-23T06:52:09.736Z [[32minfo[39m] TLS handshake succeeded {""service"":""mqtt-publisher-lite"",""broker"":""broker.withproof.io"",""protocol"":""TLSv1.2"",""cipher"":""ECDHE-RSA-CHACHA20-POLY1305"",""subject"":{""CN"":""broker.withproof.io"",""O"":""Proof""}}",info,"{""level"":""info""}","{""project"":""90a47e04-a329-4122-9c82-2ee75a4562c2"",""environment"":""f6319bd4-2e87-40d4-8547-4ce714038bc1"",""service"":""c236b8cb-3eff-45c5-aca0-23e73e33dc8d"",""deployment"":""acf6ba43-652d-4725-96f6-6a34d92bdafb"",""replica"":""3a6a98ac-33a5-460d-82e3-5ddb81381546""}",2026-07-23T06:52:10.230044613Z
"2026-07-23T06:52:09.739Z [[32minfo[39m] Connecting to MQTT broker... {""service"":""mqtt-publisher-lite"",""broker"":""broker.withproof.io"",""connectHost"":""129.154.36.219"",""port"":8883,""tlsServername"":""nanomq-broker"",""clientId"":""proof-server-dev-2"",""caPemBytes"":1968,""clientCertPemBytes"":1761,""mqttAuth"":""X.509 only (no CONNECT username/password)""}",info,"{""level"":""info""}","{""project"":""90a47e04-a329-4122-9c82-2ee75a4562c2"",""environment"":""f6319bd4-2e87-40d4-8547-4ce714038bc1"",""service"":""c236b8cb-3eff-45c5-aca0-23e73e33dc8d"",""deployment"":""acf6ba43-652d-4725-96f6-6a34d92bdafb"",""replica"":""3a6a98ac-33a5-460d-82e3-5ddb81381546""}",2026-07-23T06:52:10.230050382Z
"2026-07-23T06:52:10.784Z [[32minfo[39m] ✅ MQTT client initialized with QoS 1 tracking {""service"":""mqtt-publisher-lite""}",info,"{""level"":""info""}","{""project"":""90a47e04-a329-4122-9c82-2ee75a4562c2"",""environment"":""f6319bd4-2e87-40d4-8547-4ce714038bc1"",""service"":""c236b8cb-3eff-45c5-aca0-23e73e33dc8d"",""deployment"":""acf6ba43-652d-4725-96f6-6a34d92bdafb"",""replica"":""3a6a98ac-33a5-460d-82e3-5ddb81381546""}",2026-07-23T06:52:11.108522481Z
"2026-07-23T06:52:11.005Z [[32minfo[39m] Subscribed to topic {""service"":""mqtt-publisher-lite"",""topic"":""proof.mqtt/+/active""}",info,"{""level"":""info""}","{""project"":""90a47e04-a329-4122-9c82-2ee75a4562c2"",""environment"":""f6319bd4-2e87-40d4-8547-4ce714038bc1"",""service"":""c236b8cb-3eff-45c5-aca0-23e73e33dc8d"",""deployment"":""acf6ba43-652d-4725-96f6-6a34d92bdafb"",""replica"":""3a6a98ac-33a5-460d-82e3-5ddb81381546""}",2026-07-23T06:52:11.108531958Z
"2026-07-23T06:52:10.783Z [[32minfo[39m] Connected to MQTT broker {""service"":""mqtt-publisher-lite"",""broker"":""broker.withproof.io"",""clientId"":""proof-server-dev-2"",""reconnect"":false}",info,"{""level"":""info""}","{""project"":""90a47e04-a329-4122-9c82-2ee75a4562c2"",""environment"":""f6319bd4-2e87-40d4-8547-4ce714038bc1"",""service"":""c236b8cb-3eff-45c5-aca0-23e73e33dc8d"",""deployment"":""acf6ba43-652d-4725-96f6-6a34d92bdafb"",""replica"":""3a6a98ac-33a5-460d-82e3-5ddb81381546""}",2026-07-23T06:52:11.108659168Z
"2026-07-23T06:52:11.227Z [[32minfo[39m] Subscribed to topic {""service"":""mqtt-publisher-lite"",""topic"":""proof.mqtt/+/lwt""}",info,"{""level"":""info""}","{""project"":""90a47e04-a329-4122-9c82-2ee75a4562c2"",""environment"":""f6319bd4-2e87-40d4-8547-4ce714038bc1"",""service"":""c236b8cb-3eff-45c5-aca0-23e73e33dc8d"",""deployment"":""acf6ba43-652d-4725-96f6-6a34d92bdafb"",""replica"":""3a6a98ac-33a5-460d-82e3-5ddb81381546""}",2026-07-23T06:52:11.240970488Z
"2026-07-23T06:52:11.227Z [[32minfo[39m] Subscribed to lifecycle topics {""service"":""mqtt-publisher-lite"",""topics"":[""proof.mqtt/+/active"",""proof.mqtt/+/lwt""],""root"":""proof.mqtt""}",info,"{""level"":""info""}","{""project"":""90a47e04-a329-4122-9c82-2ee75a4562c2"",""environment"":""f6319bd4-2e87-40d4-8547-4ce714038bc1"",""service"":""c236b8cb-3eff-45c5-aca0-23e73e33dc8d"",""deployment"":""acf6ba43-652d-4725-96f6-6a34d92bdafb"",""replica"":""3a6a98ac-33a5-460d-82e3-5ddb81381546""}",2026-07-23T06:52:11.240982380Z
"2026-07-23T06:52:11.445Z [[32minfo[39m] Subscribed to topic {""service"":""mqtt-publisher-lite"",""topic"":""proof.mqtt/+/status""}",info,"{""level"":""info""}","{""project"":""90a47e04-a329-4122-9c82-2ee75a4562c2"",""environment"":""f6319bd4-2e87-40d4-8547-4ce714038bc1"",""service"":""c236b8cb-3eff-45c5-aca0-23e73e33dc8d"",""deployment"":""acf6ba43-652d-4725-96f6-6a34d92bdafb"",""replica"":""3a6a98ac-33a5-460d-82e3-5ddb81381546""}",2026-07-23T06:52:11.491542248Z
"2026-07-23T06:52:11.663Z [[32minfo[39m] Subscribed to topic {""service"":""mqtt-publisher-lite"",""topic"":""proof.mqtt/+/telemetry""}",info,"{""level"":""info""}","{""project"":""90a47e04-a329-4122-9c82-2ee75a4562c2"",""environment"":""f6319bd4-2e87-40d4-8547-4ce714038bc1"",""service"":""c236b8cb-3eff-45c5-aca0-23e73e33dc8d"",""deployment"":""acf6ba43-652d-4725-96f6-6a34d92bdafb"",""replica"":""3a6a98ac-33a5-460d-82e3-5ddb81381546""}",2026-07-23T06:52:12.148409908Z
"2026-07-23T06:52:11.897Z [[34mdebug[39m] Message received {""service"":""mqtt-publisher-lite"",""topic"":""proof.mqtt/DEVICE-19/instagram"",""size"":226,""retain"":true}",info,"{""level"":""info""}","{""project"":""90a47e04-a329-4122-9c82-2ee75a4562c2"",""environment"":""f6319bd4-2e87-40d4-8547-4ce714038bc1"",""service"":""c236b8cb-3eff-45c5-aca0-23e73e33dc8d"",""deployment"":""acf6ba43-652d-4725-96f6-6a34d92bdafb"",""replica"":""3a6a98ac-33a5-460d-82e3-5ddb81381546""}",2026-07-23T06:52:12.148418181Z
"2026-07-23T06:52:11.899Z [[34mdebug[39m] Message received {""service"":""mqtt-publisher-lite"",""topic"":""proof.mqtt/DEVICE-17/instagram"",""size"":256,""retain"":true}",info,"{""level"":""info""}","{""project"":""90a47e04-a329-4122-9c82-2ee75a4562c2"",""environment"":""f6319bd4-2e87-40d4-8547-4ce714038bc1"",""service"":""c236b8cb-3eff-45c5-aca0-23e73e33dc8d"",""deployment"":""acf6ba43-652d-4725-96f6-6a34d92bdafb"",""replica"":""3a6a98ac-33a5-460d-82e3-5ddb81381546""}",2026-07-23T06:52:12.148427285Z
"2026-07-23T06:52:11.899Z [[34mdebug[39m] Message received {""service"":""mqtt-publisher-lite"",""topic"":""proof.mqtt/DEVICE-15/instagram"",""size"":228,""retain"":true}",info,"{""level"":""info""}","{""project"":""90a47e04-a329-4122-9c82-2ee75a4562c2"",""environment"":""f6319bd4-2e87-40d4-8547-4ce714038bc1"",""service"":""c236b8cb-3eff-45c5-aca0-23e73e33dc8d"",""deployment"":""acf6ba43-652d-4725-96f6-6a34d92bdafb"",""replica"":""3a6a98ac-33a5-460d-82e3-5ddb81381546""}",2026-07-23T06:52:12.148439503Z
"2026-07-23T06:52:11.900Z [[34mdebug[39m] Message received {""service"":""mqtt-publisher-lite"",""topic"":""proof.mqtt/DEVICE-13/instagram"",""size"":228,""retain"":true}",info,"{""level"":""info""}","{""project"":""90a47e04-a329-4122-9c82-2ee75a4562c2"",""environment"":""f6319bd4-2e87-40d4-8547-4ce714038bc1"",""service"":""c236b8cb-3eff-45c5-aca0-23e73e33dc8d"",""deployment"":""acf6ba43-652d-4725-96f6-6a34d92bdafb"",""replica"":""3a6a98ac-33a5-460d-82e3-5ddb81381546""}",2026-07-23T06:52:12.148448439Z
"2026-07-23T06:52:11.900Z [[32minfo[39m] Subscribed to topic {""service"":""mqtt-publisher-lite"",""topic"":""proof.mqtt/+/instagram""}",info,"{""level"":""info""}","{""project"":""90a47e04-a329-4122-9c82-2ee75a4562c2"",""environment"":""f6319bd4-2e87-40d4-8547-4ce714038bc1"",""service"":""c236b8cb-3eff-45c5-aca0-23e73e33dc8d"",""deployment"":""acf6ba43-652d-4725-96f6-6a34d92bdafb"",""replica"":""3a6a98ac-33a5-460d-82e3-5ddb81381546""}",2026-07-23T06:52:12.148456025Z
"2026-07-23T06:52:12.118Z [[32minfo[39m] Subscribed to topic {""service"":""mqtt-publisher-lite"",""topic"":""proof.mqtt/+/gmb""}",info,"{""level"":""info""}","{""project"":""90a47e04-a329-4122-9c82-2ee75a4562c2"",""environment"":""f6319bd4-2e87-40d4-8547-4ce714038bc1"",""service"":""c236b8cb-3eff-45c5-aca0-23e73e33dc8d"",""deployment"":""acf6ba43-652d-4725-96f6-6a34d92bdafb"",""replica"":""3a6a98ac-33a5-460d-82e3-5ddb81381546""}",2026-07-23T06:52:12.148463701Z
"2026-07-23T06:52:12.335Z [[32minfo[39m] Subscribed to topic {""service"":""mqtt-publisher-lite"",""topic"":""proof.mqtt/+/promotion""}",info,"{""level"":""info""}","{""project"":""90a47e04-a329-4122-9c82-2ee75a4562c2"",""environment"":""f6319bd4-2e87-40d4-8547-4ce714038bc1"",""service"":""c236b8cb-3eff-45c5-aca0-23e73e33dc8d"",""deployment"":""acf6ba43-652d-4725-96f6-6a34d92bdafb"",""replica"":""3a6a98ac-33a5-460d-82e3-5ddb81381546""}",2026-07-23T06:52:12.367063979Z
"2026-07-23T06:52:12.336Z [[32minfo[39m] Subscribed to non-lifecycle proof.mqtt topics {""service"":""mqtt-publisher-lite"",""count"":5,""root"":""proof.mqtt""}",info,"{""level"":""info""}","{""project"":""90a47e04-a329-4122-9c82-2ee75a4562c2"",""environment"":""f6319bd4-2e87-40d4-8547-4ce714038bc1"",""service"":""c236b8cb-3eff-45c5-aca0-23e73e33dc8d"",""deployment"":""acf6ba43-652d-4725-96f6-6a34d92bdafb"",""replica"":""3a6a98ac-33a5-460d-82e3-5ddb81381546""}",2026-07-23T06:52:12.367070949Z
"2026-07-23T06:52:12.336Z [[32minfo[39m] 🟢 MQTT ingress ready — accepting device connections {""service"":""mqtt-publisher-lite""}",info,"{""level"":""info""}","{""project"":""90a47e04-a329-4122-9c82-2ee75a4562c2"",""environment"":""f6319bd4-2e87-40d4-8547-4ce714038bc1"",""service"":""c236b8cb-3eff-45c5-aca0-23e73e33dc8d"",""deployment"":""acf6ba43-652d-4725-96f6-6a34d92bdafb"",""replica"":""3a6a98ac-33a5-460d-82e3-5ddb81381546""}",2026-07-23T06:52:12.367160697Z
"2026-07-23T06:52:12.336Z [[34mdebug[39m] [Redis] isRedisConnected result {""service"":""mqtt-publisher-lite"",""connected"":true,""isConnectedFlag"":true,""clientOpen"":true}",info,"{""level"":""info""}","{""project"":""90a47e04-a329-4122-9c82-2ee75a4562c2"",""environment"":""f6319bd4-2e87-40d4-8547-4ce714038bc1"",""service"":""c236b8cb-3eff-45c5-aca0-23e73e33dc8d"",""deployment"":""acf6ba43-652d-4725-96f6-6a34d92bdafb"",""replica"":""3a6a98ac-33a5-460d-82e3-5ddb81381546""}",2026-07-23T06:52:12.367169108Z
"2026-07-23T06:52:12.439Z [[32minfo[39m] 📋 [LIFECYCLE:CACHE] Step 1/2 — Device lookup (MongoDB) {""service"":""mqtt-publisher-lite"",""deviceId"":""DEVICE-19""}",info,"{""level"":""info""}","{""project"":""90a47e04-a329-4122-9c82-2ee75a4562c2"",""environment"":""f6319bd4-2e87-40d4-8547-4ce714038bc1"",""service"":""c236b8cb-3eff-45c5-aca0-23e73e33dc8d"",""deployment"":""acf6ba43-652d-4725-96f6-6a34d92bdafb"",""replica"":""3a6a98ac-33a5-460d-82e3-5ddb81381546""}",2026-07-23T06:52:12.449768995Z
"2026-07-23T06:52:12.585Z [[32minfo[39m] 📋 [LIFECYCLE:CACHE] Step 2/2 — Social (Instagram) for device {""service"":""mqtt-publisher-lite"",""deviceId"":""DEVICE-19"",""userId"":""68d3753f9f99d6b73ae2d991"",""deviceStatus"":""ACTIVE""}",info,"{""level"":""info""}","{""project"":""90a47e04-a329-4122-9c82-2ee75a4562c2"",""environment"":""f6319bd4-2e87-40d4-8547-4ce714038bc1"",""service"":""c236b8cb-3eff-45c5-aca0-23e73e33dc8d"",""deployment"":""acf6ba43-652d-4725-96f6-6a34d92bdafb"",""replica"":""3a6a98ac-33a5-460d-82e3-5ddb81381546""}",2026-07-23T06:52:13.225017036Z
"2026-07-23T06:52:12.718Z [[32minfo[39m] 📋 [LIFECYCLE:CACHE] Active device record written (Mongo → file + Redis IG key) {""service"":""mqtt-publisher-lite"",""deviceId"":""DEVICE-19"",""userId"":""68d3753f9f99d6b73ae2d991"",""instagramFromSocial"":true}",info,"{""level"":""info""}","{""project"":""90a47e04-a329-4122-9c82-2ee75a4562c2"",""environment"":""f6319bd4-2e87-40d4-8547-4ce714038bc1"",""service"":""c236b8cb-3eff-45c5-aca0-23e73e33dc8d"",""deployment"":""acf6ba43-652d-4725-96f6-6a34d92bdafb"",""replica"":""3a6a98ac-33a5-460d-82e3-5ddb81381546""}",2026-07-23T06:52:13.225023586Z
"2026-07-23T06:52:12.818Z [[32minfo[39m] 📋 [LIFECYCLE:CACHE] Step 1/2 — Device lookup (MongoDB) {""service"":""mqtt-publisher-lite"",""deviceId"":""DEVICE-17""}",info,"{""level"":""info""}","{""project"":""90a47e04-a329-4122-9c82-2ee75a4562c2"",""environment"":""f6319bd4-2e87-40d4-8547-4ce714038bc1"",""service"":""c236b8cb-3eff-45c5-aca0-23e73e33dc8d"",""deployment"":""acf6ba43-652d-4725-96f6-6a34d92bdafb"",""replica"":""3a6a98ac-33a5-460d-82e3-5ddb81381546""}",2026-07-23T06:52:13.225029682Z
"2026-07-23T06:52:12.947Z [[32minfo[39m] 📋 [LIFECYCLE:CACHE] Step 2/2 — Social (Instagram) for device {""service"":""mqtt-publisher-lite"",""deviceId"":""DEVICE-17"",""userId"":""none"",""deviceStatus"":""ACTIVE""}",info,"{""level"":""info""}","{""project"":""90a47e04-a329-4122-9c82-2ee75a4562c2"",""environment"":""f6319bd4-2e87-40d4-8547-4ce714038bc1"",""service"":""c236b8cb-3eff-45c5-aca0-23e73e33dc8d"",""deployment"":""acf6ba43-652d-4725-96f6-6a34d92bdafb"",""replica"":""3a6a98ac-33a5-460d-82e3-5ddb81381546""}",2026-07-23T06:52:13.225036614Z
"2026-07-23T06:52:12.948Z [[32minfo[39m] 📋 [LIFECYCLE:CACHE] Device has no Mongo userId — cannot load Instagram from Social {""service"":""mqtt-publisher-lite"",""deviceId"":""DEVICE-17""}",info,"{""level"":""info""}","{""project"":""90a47e04-a329-4122-9c82-2ee75a4562c2"",""environment"":""f6319bd4-2e87-40d4-8547-4ce714038bc1"",""service"":""c236b8cb-3eff-45c5-aca0-23e73e33dc8d"",""deployment"":""acf6ba43-652d-4725-96f6-6a34d92bdafb"",""replica"":""3a6a98ac-33a5-460d-82e3-5ddb81381546""}",2026-07-23T06:52:13.225043825Z
"2026-07-23T06:52:12.949Z [[32minfo[39m] 📋 [LIFECYCLE:CACHE] Active device record written (Mongo → file + Redis IG key) {""service"":""mqtt-publisher-lite"",""deviceId"":""DEVICE-17"",""userId"":""(none)"",""instagramFromSocial"":false}",info,"{""level"":""info""}","{""project"":""90a47e04-a329-4122-9c82-2ee75a4562c2"",""environment"":""f6319bd4-2e87-40d4-8547-4ce714038bc1"",""service"":""c236b8cb-3eff-45c5-aca0-23e73e33dc8d"",""deployment"":""acf6ba43-652d-4725-96f6-6a34d92bdafb"",""replica"":""3a6a98ac-33a5-460d-82e3-5ddb81381546""}",2026-07-23T06:52:13.225054761Z
"2026-07-23T06:52:13.049Z [[32minfo[39m] 📋 [LIFECYCLE:CACHE] Step 1/2 — Device lookup (MongoDB) {""service"":""mqtt-publisher-lite"",""deviceId"":""DEVICE-13""}",info,"{""level"":""info""}","{""project"":""90a47e04-a329-4122-9c82-2ee75a4562c2"",""environment"":""f6319bd4-2e87-40d4-8547-4ce714038bc1"",""service"":""c236b8cb-3eff-45c5-aca0-23e73e33dc8d"",""deployment"":""acf6ba43-652d-4725-96f6-6a34d92bdafb"",""replica"":""3a6a98ac-33a5-460d-82e3-5ddb81381546""}",2026-07-23T06:52:13.225062281Z
"2026-07-23T06:52:13.178Z [[32minfo[39m] 📋 [LIFECYCLE:CACHE] Step 2/2 — Social (Instagram) for device {""service"":""mqtt-publisher-lite"",""deviceId"":""DEVICE-13"",""userId"":""6937af58f950f0f5356a1599"",""deviceStatus"":""ACTIVE""}",info,"{""level"":""info""}","{""project"":""90a47e04-a329-4122-9c82-2ee75a4562c2"",""environment"":""f6319bd4-2e87-40d4-8547-4ce714038bc1"",""service"":""c236b8cb-3eff-45c5-aca0-23e73e33dc8d"",""deployment"":""acf6ba43-652d-4725-96f6-6a34d92bdafb"",""replica"":""3a6a98ac-33a5-460d-82e3-5ddb81381546""}",2026-07-23T06:52:13.225068744Z
"2026-07-23T06:52:13.307Z [[33mwarn[39m] 📋 [LIFECYCLE:CACHE] No INSTAGRAM `Social` row for owner — add Instagram for this user in the web app {""service"":""mqtt-publisher-lite"",""deviceId"":""DEVICE-13"",""userId"":""6937af58f950f0f5356a1599""}",info,"{""level"":""info""}","{""project"":""90a47e04-a329-4122-9c82-2ee75a4562c2"",""environment"":""f6319bd4-2e87-40d4-8547-4ce714038bc1"",""service"":""c236b8cb-3eff-45c5-aca0-23e73e33dc8d"",""deployment"":""acf6ba43-652d-4725-96f6-6a34d92bdafb"",""replica"":""3a6a98ac-33a5-460d-82e3-5ddb81381546""}",2026-07-23T06:52:13.317600152Z
"2026-07-23T06:52:13.308Z [[32minfo[39m] 📋 [LIFECYCLE:CACHE] Active device record written (Mongo → file + Redis IG key) {""service"":""mqtt-publisher-lite"",""deviceId"":""DEVICE-13"",""userId"":""6937af58f950f0f5356a1599"",""instagramFromSocial"":false}",info,"{""level"":""info""}","{""project"":""90a47e04-a329-4122-9c82-2ee75a4562c2"",""environment"":""f6319bd4-2e87-40d4-8547-4ce714038bc1"",""service"":""c236b8cb-3eff-45c5-aca0-23e73e33dc8d"",""deployment"":""acf6ba43-652d-4725-96f6-6a34d92bdafb"",""replica"":""3a6a98ac-33a5-460d-82e3-5ddb81381546""}",2026-07-23T06:52:13.317606144Z
"2026-07-23T06:52:13.407Z [[32minfo[39m] 📋 [LIFECYCLE:CACHE] Step 1/2 — Device lookup (MongoDB) {""service"":""mqtt-publisher-lite"",""deviceId"":""DEVICE-15""}",info,"{""level"":""info""}","{""project"":""90a47e04-a329-4122-9c82-2ee75a4562c2"",""environment"":""f6319bd4-2e87-40d4-8547-4ce714038bc1"",""service"":""c236b8cb-3eff-45c5-aca0-23e73e33dc8d"",""deployment"":""acf6ba43-652d-4725-96f6-6a34d92bdafb"",""replica"":""3a6a98ac-33a5-460d-82e3-5ddb81381546""}",2026-07-23T06:52:13.412457825Z
"2026-07-23T06:52:13.542Z [[32minfo[39m] 📋 [LIFECYCLE:CACHE] Step 2/2 — Social (Instagram) for device {""service"":""mqtt-publisher-lite"",""deviceId"":""DEVICE-15"",""userId"":""68d3753f9f99d6b73ae2d991"",""deviceStatus"":""ACTIVE""}",info,"{""level"":""info""}","{""project"":""90a47e04-a329-4122-9c82-2ee75a4562c2"",""environment"":""f6319bd4-2e87-40d4-8547-4ce714038bc1"",""service"":""c236b8cb-3eff-45c5-aca0-23e73e33dc8d"",""deployment"":""acf6ba43-652d-4725-96f6-6a34d92bdafb"",""replica"":""3a6a98ac-33a5-460d-82e3-5ddb81381546""}",2026-07-23T06:52:14.247818623Z
"2026-07-23T06:52:13.672Z [[32minfo[39m] 📋 [LIFECYCLE:CACHE] Active device record written (Mongo → file + Redis IG key) {""service"":""mqtt-publisher-lite"",""deviceId"":""DEVICE-15"",""userId"":""68d3753f9f99d6b73ae2d991"",""instagramFromSocial"":true}",info,"{""level"":""info""}","{""project"":""90a47e04-a329-4122-9c82-2ee75a4562c2"",""environment"":""f6319bd4-2e87-40d4-8547-4ce714038bc1"",""service"":""c236b8cb-3eff-45c5-aca0-23e73e33dc8d"",""deployment"":""acf6ba43-652d-4725-96f6-6a34d92bdafb"",""replica"":""3a6a98ac-33a5-460d-82e3-5ddb81381546""}",2026-07-23T06:52:14.247827155Z
"2026-07-23T06:52:13.773Z [[32minfo[39m] [STARTUP_CACHE] Restored active devices from Redis {""service"":""mqtt-publisher-lite"",""redisActiveCount"":4,""hydrated"":4,""localActiveCount"":4}",info,"{""level"":""info""}","{""project"":""90a47e04-a329-4122-9c82-2ee75a4562c2"",""environment"":""f6319bd4-2e87-40d4-8547-4ce714038bc1"",""service"":""c236b8cb-3eff-45c5-aca0-23e73e33dc8d"",""deployment"":""acf6ba43-652d-4725-96f6-6a34d92bdafb"",""replica"":""3a6a98ac-33a5-460d-82e3-5ddb81381546""}",2026-07-23T06:52:14.247835455Z
"2026-07-23T06:52:14.420Z [[32minfo[39m] [INFLUX_QUEUE] Disk queue started {""service"":""mqtt-publisher-lite"",""path"":""/app/data/influx-write-queue.lines.metrics"",""flushMs"":5000,""batchMax"":500,""syncOnAppend"":false}",info,"{""level"":""info""}","{""project"":""90a47e04-a329-4122-9c82-2ee75a4562c2"",""environment"":""f6319bd4-2e87-40d4-8547-4ce714038bc1"",""service"":""c236b8cb-3eff-45c5-aca0-23e73e33dc8d"",""deployment"":""acf6ba43-652d-4725-96f6-6a34d92bdafb"",""replica"":""3a6a98ac-33a5-460d-82e3-5ddb81381546""}",2026-07-23T06:52:15.429173541Z
"2026-07-23T06:52:14.421Z [[32minfo[39m] [INFLUX_QUEUE] Disk queue started {""service"":""mqtt-publisher-lite"",""path"":""/app/data/influx-write-queue.lines.compliance"",""flushMs"":5000,""batchMax"":500,""syncOnAppend"":true}",info,"{""level"":""info""}","{""project"":""90a47e04-a329-4122-9c82-2ee75a4562c2"",""environment"":""f6319bd4-2e87-40d4-8547-4ce714038bc1"",""service"":""c236b8cb-3eff-45c5-aca0-23e73e33dc8d"",""deployment"":""acf6ba43-652d-4725-96f6-6a34d92bdafb"",""replica"":""3a6a98ac-33a5-460d-82e3-5ddb81381546""}",2026-07-23T06:52:15.429189448Z
"2026-07-23T06:52:14.421Z [[32minfo[39m] [INFLUX_QUEUE] syncOnAppend=true (fsync per append) {""service"":""mqtt-publisher-lite""}",info,"{""level"":""info""}","{""project"":""90a47e04-a329-4122-9c82-2ee75a4562c2"",""environment"":""f6319bd4-2e87-40d4-8547-4ce714038bc1"",""service"":""c236b8cb-3eff-45c5-aca0-23e73e33dc8d"",""deployment"":""acf6ba43-652d-4725-96f6-6a34d92bdafb"",""replica"":""3a6a98ac-33a5-460d-82e3-5ddb81381546""}",2026-07-23T06:52:15.429195507Z
"2026-07-23T06:52:14.422Z [[32minfo[39m] ✅ MQTT Publisher Lite ingress started (Phase 2 warming up) {""service"":""mqtt-publisher-lite""}",info,"{""level"":""info""}","{""project"":""90a47e04-a329-4122-9c82-2ee75a4562c2"",""environment"":""f6319bd4-2e87-40d4-8547-4ce714038bc1"",""service"":""c236b8cb-3eff-45c5-aca0-23e73e33dc8d"",""deployment"":""acf6ba43-652d-4725-96f6-6a34d92bdafb"",""replica"":""3a6a98ac-33a5-460d-82e3-5ddb81381546""}",2026-07-23T06:52:15.429197920Z
"2026-07-23T06:52:14.422Z [[32minfo[39m] ━━━━━━━━━━━━━━━━━━━━━━━━━━━━━━━━━━━━━━━━━━━━━━━━━━ {""service"":""mqtt-publisher-lite""}",info,"{""level"":""info""}","{""project"":""90a47e04-a329-4122-9c82-2ee75a4562c2"",""environment"":""f6319bd4-2e87-40d4-8547-4ce714038bc1"",""service"":""c236b8cb-3eff-45c5-aca0-23e73e33dc8d"",""deployment"":""acf6ba43-652d-4725-96f6-6a34d92bdafb"",""replica"":""3a6a98ac-33a5-460d-82e3-5ddb81381546""}",2026-07-23T06:52:15.429203960Z
"2026-07-23T06:52:14.422Z [[32minfo[39m]  {""service"":""mqtt-publisher-lite""}",info,"{""level"":""info""}","{""project"":""90a47e04-a329-4122-9c82-2ee75a4562c2"",""environment"":""f6319bd4-2e87-40d4-8547-4ce714038bc1"",""service"":""c236b8cb-3eff-45c5-aca0-23e73e33dc8d"",""deployment"":""acf6ba43-652d-4725-96f6-6a34d92bdafb"",""replica"":""3a6a98ac-33a5-460d-82e3-5ddb81381546""}",2026-07-23T06:52:15.429212176Z
"2026-07-23T06:52:14.423Z [[32minfo[39m] 📡 MQTT Broker: {""service"":""mqtt-publisher-lite""}",info,"{""level"":""info""}","{""project"":""90a47e04-a329-4122-9c82-2ee75a4562c2"",""environment"":""f6319bd4-2e87-40d4-8547-4ce714038bc1"",""service"":""c236b8cb-3eff-45c5-aca0-23e73e33dc8d"",""deployment"":""acf6ba43-652d-4725-96f6-6a34d92bdafb"",""replica"":""3a6a98ac-33a5-460d-82e3-5ddb81381546""}",2026-07-23T06:52:15.429248802Z
"2026-07-23T06:52:14.423Z [[32minfo[39m] 🌐 HTTP API: {""service"":""mqtt-publisher-lite""}",info,"{""level"":""info""}","{""project"":""90a47e04-a329-4122-9c82-2ee75a4562c2"",""environment"":""f6319bd4-2e87-40d4-8547-4ce714038bc1"",""service"":""c236b8cb-3eff-45c5-aca0-23e73e33dc8d"",""deployment"":""acf6ba43-652d-4725-96f6-6a34d92bdafb"",""replica"":""3a6a98ac-33a5-460d-82e3-5ddb81381546""}",2026-07-23T06:52:15.429257841Z
"2026-07-23T06:52:14.416Z [[34mdebug[39m] [GMB_DEVICE] No user linked to device {""service"":""mqtt-publisher-lite"",""deviceId"":""DEVICE-17""}",info,"{""level"":""info""}","{""project"":""90a47e04-a329-4122-9c82-2ee75a4562c2"",""environment"":""f6319bd4-2e87-40d4-8547-4ce714038bc1"",""service"":""c236b8cb-3eff-45c5-aca0-23e73e33dc8d"",""deployment"":""acf6ba43-652d-4725-96f6-6a34d92bdafb"",""replica"":""3a6a98ac-33a5-460d-82e3-5ddb81381546""}",2026-07-23T06:52:15.429282623Z
"2026-07-23T06:52:14.417Z [[32minfo[39m] [STARTUP_CACHE] Startup cache republish complete {""service"":""mqtt-publisher-lite"",""deviceCount"":4,""igPublished"":0,""gmbPublished"":0}",info,"{""level"":""info""}","{""project"":""90a47e04-a329-4122-9c82-2ee75a4562c2"",""environment"":""f6319bd4-2e87-40d4-8547-4ce714038bc1"",""service"":""c236b8cb-3eff-45c5-aca0-23e73e33dc8d"",""deployment"":""acf6ba43-652d-4725-96f6-6a34d92bdafb"",""replica"":""3a6a98ac-33a5-460d-82e3-5ddb81381546""}",2026-07-23T06:52:15.429292862Z
"2026-07-23T06:52:14.417Z [[32minfo[39m] 📈 Initializing InfluxDB... {""service"":""mqtt-publisher-lite""}",info,"{""level"":""info""}","{""project"":""90a47e04-a329-4122-9c82-2ee75a4562c2"",""environment"":""f6319bd4-2e87-40d4-8547-4ce714038bc1"",""service"":""c236b8cb-3eff-45c5-aca0-23e73e33dc8d"",""deployment"":""acf6ba43-652d-4725-96f6-6a34d92bdafb"",""replica"":""3a6a98ac-33a5-460d-82e3-5ddb81381546""}",2026-07-23T06:52:15.429303096Z
"2026-07-23T06:52:14.423Z [[32minfo[39m] 🗃️  MongoDB: {""service"":""mqtt-publisher-lite""}",info,"{""level"":""info""}","{""project"":""90a47e04-a329-4122-9c82-2ee75a4562c2"",""environment"":""f6319bd4-2e87-40d4-8547-4ce714038bc1"",""service"":""c236b8cb-3eff-45c5-aca0-23e73e33dc8d"",""deployment"":""acf6ba43-652d-4725-96f6-6a34d92bdafb"",""replica"":""3a6a98ac-33a5-460d-82e3-5ddb81381546""}",2026-07-23T06:52:15.429484635Z
"2026-07-23T06:52:14.423Z [[32minfo[39m] 💾 Redis: {""service"":""mqtt-publisher-lite""}",info,"{""level"":""info""}","{""project"":""90a47e04-a329-4122-9c82-2ee75a4562c2"",""environment"":""f6319bd4-2e87-40d4-8547-4ce714038bc1"",""service"":""c236b8cb-3eff-45c5-aca0-23e73e33dc8d"",""deployment"":""acf6ba43-652d-4725-96f6-6a34d92bdafb"",""replica"":""3a6a98ac-33a5-460d-82e3-5ddb81381546""}",2026-07-23T06:52:15.429492317Z
"2026-07-23T06:52:14.423Z [[32minfo[39m] 🔐 Provisioning API: {""service"":""mqtt-publisher-lite""}",info,"{""level"":""info""}","{""project"":""90a47e04-a329-4122-9c82-2ee75a4562c2"",""environment"":""f6319bd4-2e87-40d4-8547-4ce714038bc1"",""service"":""c236b8cb-3eff-45c5-aca0-23e73e33dc8d"",""deployment"":""acf6ba43-652d-4725-96f6-6a34d92bdafb"",""replica"":""3a6a98ac-33a5-460d-82e3-5ddb81381546""}",2026-07-23T06:52:15.429499816Z
"2026-07-23T06:52:14.423Z [[32minfo[39m]  {""service"":""mqtt-publisher-lite""}",info,"{""level"":""info""}","{""project"":""90a47e04-a329-4122-9c82-2ee75a4562c2"",""environment"":""f6319bd4-2e87-40d4-8547-4ce714038bc1"",""service"":""c236b8cb-3eff-45c5-aca0-23e73e33dc8d"",""deployment"":""acf6ba43-652d-4725-96f6-6a34d92bdafb"",""replica"":""3a6a98ac-33a5-460d-82e3-5ddb81381546""}",2026-07-23T06:52:15.429506405Z
"2026-07-23T06:52:14.423Z [[32minfo[39m] Ready for firmware testing! 🎯 {""service"":""mqtt-publisher-lite""}",info,"{""level"":""info""}","{""project"":""90a47e04-a329-4122-9c82-2ee75a4562c2"",""environment"":""f6319bd4-2e87-40d4-8547-4ce714038bc1"",""service"":""c236b8cb-3eff-45c5-aca0-23e73e33dc8d"",""deployment"":""acf6ba43-652d-4725-96f6-6a34d92bdafb"",""replica"":""3a6a98ac-33a5-460d-82e3-5ddb81381546""}",2026-07-23T06:52:15.429513385Z
"2026-07-23T06:52:14.423Z [[32minfo[39m] ━━━━━━━━━━━━━━━━━━━━━━━━━━━━━━━━━━━━━━━━━━━━━━━━━━ {""service"":""mqtt-publisher-lite""}",info,"{""level"":""info""}","{""project"":""90a47e04-a329-4122-9c82-2ee75a4562c2"",""environment"":""f6319bd4-2e87-40d4-8547-4ce714038bc1"",""service"":""c236b8cb-3eff-45c5-aca0-23e73e33dc8d"",""deployment"":""acf6ba43-652d-4725-96f6-6a34d92bdafb"",""replica"":""3a6a98ac-33a5-460d-82e3-5ddb81381546""}",2026-07-23T06:52:15.429520560Z
"2026-07-23T06:52:14.509Z [[32minfo[39m] InfluxDB /health OK; verifying API token and both buckets {""service"":""mqtt-publisher-lite"",""apiTimeoutMs"":20000,""org"":""statsmqtt"",""metricsBucket"":""metrics"",""complianceBucket"":""pki_compliance"",""maxAttempts"":3}",info,"{""level"":""info""}","{""project"":""90a47e04-a329-4122-9c82-2ee75a4562c2"",""environment"":""f6319bd4-2e87-40d4-8547-4ce714038bc1"",""service"":""c236b8cb-3eff-45c5-aca0-23e73e33dc8d"",""deployment"":""acf6ba43-652d-4725-96f6-6a34d92bdafb"",""replica"":""3a6a98ac-33a5-460d-82e3-5ddb81381546""}",2026-07-23T06:52:15.429527291Z
"2026-07-23T06:52:14.566Z [[32minfo[39m] 📈 InfluxDB connected {""service"":""mqtt-publisher-lite"",""url"":""https://metrics.withproof.io"",""org"":""statsmqtt"",""bucket"":""metrics"",""complianceBucket"":""pki_compliance"",""diskQueue"":true,""diskQueueSync"":false}",info,"{""level"":""info""}","{""project"":""90a47e04-a329-4122-9c82-2ee75a4562c2"",""environment"":""f6319bd4-2e87-40d4-8547-4ce714038bc1"",""service"":""c236b8cb-3eff-45c5-aca0-23e73e33dc8d"",""deployment"":""acf6ba43-652d-4725-96f6-6a34d92bdafb"",""replica"":""3a6a98ac-33a5-460d-82e3-5ddb81381546""}",2026-07-23T06:52:15.429533639Z
"2026-07-23T06:52:14.607Z [[32minfo[39m] AuditService initialized from InfluxDB {""service"":""mqtt-publisher-lite"",""lastSequence"":32,""lastHash"":""c8c7625bc62f7390...""}",info,"{""level"":""info""}","{""project"":""90a47e04-a329-4122-9c82-2ee75a4562c2"",""environment"":""f6319bd4-2e87-40d4-8547-4ce714038bc1"",""service"":""c236b8cb-3eff-45c5-aca0-23e73e33dc8d"",""deployment"":""acf6ba43-652d-4725-96f6-6a34d92bdafb"",""replica"":""3a6a98ac-33a5-460d-82e3-5ddb81381546""}",2026-07-23T06:52:15.429541195Z
"2026-07-23T06:52:14.607Z [[32minfo[39m] PKI AuditService initialized (hash-chain) {""service"":""mqtt-publisher-lite""}",info,"{""level"":""info""}","{""project"":""90a47e04-a329-4122-9c82-2ee75a4562c2"",""environment"":""f6319bd4-2e87-40d4-8547-4ce714038bc1"",""service"":""c236b8cb-3eff-45c5-aca0-23e73e33dc8d"",""deployment"":""acf6ba43-652d-4725-96f6-6a34d92bdafb"",""replica"":""3a6a98ac-33a5-460d-82e3-5ddb81381546""}",2026-07-23T06:52:15.429550250Z
"2026-07-23T06:52:14.423Z [[32minfo[39m] 📂 Data Directory: {""service"":""mqtt-publisher-lite""}",info,"{""level"":""info""}","{""project"":""90a47e04-a329-4122-9c82-2ee75a4562c2"",""environment"":""f6319bd4-2e87-40d4-8547-4ce714038bc1"",""service"":""c236b8cb-3eff-45c5-aca0-23e73e33dc8d"",""deployment"":""acf6ba43-652d-4725-96f6-6a34d92bdafb"",""replica"":""3a6a98ac-33a5-460d-82e3-5ddb81381546""}",2026-07-23T06:52:15.429551289Z
"2026-07-23T06:52:14.625Z [[32minfo[39m] Transparency Log initialized from InfluxDB {""service"":""mqtt-publisher-lite"",""entryCount"":6}",info,"{""level"":""info""}","{""project"":""90a47e04-a329-4122-9c82-2ee75a4562c2"",""environment"":""f6319bd4-2e87-40d4-8547-4ce714038bc1"",""service"":""c236b8cb-3eff-45c5-aca0-23e73e33dc8d"",""deployment"":""acf6ba43-652d-4725-96f6-6a34d92bdafb"",""replica"":""3a6a98ac-33a5-460d-82e3-5ddb81381546""}",2026-07-23T06:52:15.432443646Z
"2026-07-23T06:52:14.626Z [[32minfo[39m] PKI TransparencyLog initialized (Merkle tree → Influx ct_log) {""service"":""mqtt-publisher-lite""}",info,"{""level"":""info""}","{""project"":""90a47e04-a329-4122-9c82-2ee75a4562c2"",""environment"":""f6319bd4-2e87-40d4-8547-4ce714038bc1"",""service"":""c236b8cb-3eff-45c5-aca0-23e73e33dc8d"",""deployment"":""acf6ba43-652d-4725-96f6-6a34d92bdafb"",""replica"":""3a6a98ac-33a5-460d-82e3-5ddb81381546""}",2026-07-23T06:52:15.432450258Z
"2026-07-23T06:52:14.626Z [[32minfo[39m] 🔐 Initializing provisioning services... {""service"":""mqtt-publisher-lite""}",info,"{""level"":""info""}","{""project"":""90a47e04-a329-4122-9c82-2ee75a4562c2"",""environment"":""f6319bd4-2e87-40d4-8547-4ce714038bc1"",""service"":""c236b8cb-3eff-45c5-aca0-23e73e33dc8d"",""deployment"":""acf6ba43-652d-4725-96f6-6a34d92bdafb"",""replica"":""3a6a98ac-33a5-460d-82e3-5ddb81381546""}",2026-07-23T06:52:15.432456751Z
"2026-07-23T06:52:14.626Z [[32minfo[39m] ✅ AuthService initialized {""service"":""mqtt-publisher-lite""}",info,"{""level"":""info""}","{""project"":""90a47e04-a329-4122-9c82-2ee75a4562c2"",""environment"":""f6319bd4-2e87-40d4-8547-4ce714038bc1"",""service"":""c236b8cb-3eff-45c5-aca0-23e73e33dc8d"",""deployment"":""acf6ba43-652d-4725-96f6-6a34d92bdafb"",""replica"":""3a6a98ac-33a5-460d-82e3-5ddb81381546""}",2026-07-23T06:52:15.432462578Z
"2026-07-23T06:52:14.627Z [[32minfo[39m] MongoDB already connected {""service"":""mqtt-publisher-lite""}",info,"{""level"":""info""}","{""project"":""90a47e04-a329-4122-9c82-2ee75a4562c2"",""environment"":""f6319bd4-2e87-40d4-8547-4ce714038bc1"",""service"":""c236b8cb-3eff-45c5-aca0-23e73e33dc8d"",""deployment"":""acf6ba43-652d-4725-96f6-6a34d92bdafb"",""replica"":""3a6a98ac-33a5-460d-82e3-5ddb81381546""}",2026-07-23T06:52:15.432468994Z
"2026-07-23T06:52:14.627Z [[32minfo[39m] UserService initialized with MongoDB connection {""service"":""mqtt-publisher-lite""}",info,"{""level"":""info""}","{""project"":""90a47e04-a329-4122-9c82-2ee75a4562c2"",""environment"":""f6319bd4-2e87-40d4-8547-4ce714038bc1"",""service"":""c236b8cb-3eff-45c5-aca0-23e73e33dc8d"",""deployment"":""acf6ba43-652d-4725-96f6-6a34d92bdafb"",""replica"":""3a6a98ac-33a5-460d-82e3-5ddb81381546""}",2026-07-23T06:52:15.432475087Z
"2026-07-23T06:52:14.627Z [[32minfo[39m] ✅ UserService initialized {""service"":""mqtt-publisher-lite""}",info,"{""level"":""info""}","{""project"":""90a47e04-a329-4122-9c82-2ee75a4562c2"",""environment"":""f6319bd4-2e87-40d4-8547-4ce714038bc1"",""service"":""c236b8cb-3eff-45c5-aca0-23e73e33dc8d"",""deployment"":""acf6ba43-652d-4725-96f6-6a34d92bdafb"",""replica"":""3a6a98ac-33a5-460d-82e3-5ddb81381546""}",2026-07-23T06:52:15.432481242Z
"2026-07-23T06:52:14.627Z [[32minfo[39m] TokenStore initialized (Redis-based) {""service"":""mqtt-publisher-lite""}",info,"{""level"":""info""}","{""project"":""90a47e04-a329-4122-9c82-2ee75a4562c2"",""environment"":""f6319bd4-2e87-40d4-8547-4ce714038bc1"",""service"":""c236b8cb-3eff-45c5-aca0-23e73e33dc8d"",""deployment"":""acf6ba43-652d-4725-96f6-6a34d92bdafb"",""replica"":""3a6a98ac-33a5-460d-82e3-5ddb81381546""}",2026-07-23T06:52:15.432486667Z
"2026-07-23T06:52:14.644Z [[32minfo[39m] Root CA: reading certificate and key from disk {""service"":""mqtt-publisher-lite"",""certPath"":""/app/data/certs/root-ca.crt"",""keyPath"":""/app/data/certs/root-ca.key""}",info,"{""level"":""info""}","{""project"":""90a47e04-a329-4122-9c82-2ee75a4562c2"",""environment"":""f6319bd4-2e87-40d4-8547-4ce714038bc1"",""service"":""c236b8cb-3eff-45c5-aca0-23e73e33dc8d"",""deployment"":""acf6ba43-652d-4725-96f6-6a34d92bdafb"",""replica"":""3a6a98ac-33a5-460d-82e3-5ddb81381546""}",2026-07-23T06:52:15.432492030Z
"2026-07-23T06:52:14.654Z [[32minfo[39m] Root CA loaded successfully {""service"":""mqtt-publisher-lite"",""serialNumber"":""3df17e8ad7c4e15511c5bc101f8cf7f5cf8b2f83"",""cert_pem_bytes"":1968,""key_pem_bytes"":3268,""cert_sha256_prefix"":""b0004e799f1fcf54""}",info,"{""level"":""info""}","{""project"":""90a47e04-a329-4122-9c82-2ee75a4562c2"",""environment"":""f6319bd4-2e87-40d4-8547-4ce714038bc1"",""service"":""c236b8cb-3eff-45c5-aca0-23e73e33dc8d"",""deployment"":""acf6ba43-652d-4725-96f6-6a34d92bdafb"",""replica"":""3a6a98ac-33a5-460d-82e3-5ddb81381546""}",2026-07-23T06:52:15.432497611Z
"2026-07-23T06:52:14.654Z [[32minfo[39m] Certificate profile in effect {""service"":""mqtt-publisher-lite"",""cnPrefix"":""PROOF"",""certProfile"":{""validityDays"":90,""keyUsage"":[""digitalSignature"",""keyEncipherment""],""extendedKeyUsage"":[""clientAuth""],""requireSanDeviceId"":true,""minKeyBits"":2048}}",info,"{""level"":""info""}","{""project"":""90a47e04-a329-4122-9c82-2ee75a4562c2"",""environment"":""f6319bd4-2e87-40d4-8547-4ce714038bc1"",""service"":""c236b8cb-3eff-45c5-aca0-23e73e33dc8d"",""deployment"":""acf6ba43-652d-4725-96f6-6a34d92bdafb"",""replica"":""3a6a98ac-33a5-460d-82e3-5ddb81381546""}",2026-07-23T06:52:15.432504500Z
"2026-07-23T06:52:14.655Z [[32minfo[39m] MQTT client cert/key already loaded from env; skipping CREATE_MQTT_CLIENT_CERT generation {""service"":""mqtt-publisher-lite""}",info,"{""level"":""info""}","{""project"":""90a47e04-a329-4122-9c82-2ee75a4562c2"",""environment"":""f6319bd4-2e87-40d4-8547-4ce714038bc1"",""service"":""c236b8cb-3eff-45c5-aca0-23e73e33dc8d"",""deployment"":""acf6ba43-652d-4725-96f6-6a34d92bdafb"",""replica"":""3a6a98ac-33a5-460d-82e3-5ddb81381546""}",2026-07-23T06:52:15.436458816Z
"2026-07-23T06:52:14.655Z [[32minfo[39m] ✅ Provisioning services initialized {""service"":""mqtt-publisher-lite"",""tokenTTL"":6000,""caStoragePath"":""/app/data/certs"",""deviceCertValidityDays"":90,""storageMode"":""MongoDB"",""requireMtlsForRegistration"":false}",info,"{""level"":""info""}","{""project"":""90a47e04-a329-4122-9c82-2ee75a4562c2"",""environment"":""f6319bd4-2e87-40d4-8547-4ce714038bc1"",""service"":""c236b8cb-3eff-45c5-aca0-23e73e33dc8d"",""deployment"":""acf6ba43-652d-4725-96f6-6a34d92bdafb"",""replica"":""3a6a98ac-33a5-460d-82e3-5ddb81381546""}",2026-07-23T06:52:15.436466249Z
"2026-07-23T06:52:14.655Z [[32minfo[39m] 📡 Instagram fetch mode: direct (Graph API on this server). Set INSTAGRAM_SERVERLESS_URL to offload to a worker. {""service"":""mqtt-publisher-lite""}",info,"{""level"":""info""}","{""project"":""90a47e04-a329-4122-9c82-2ee75a4562c2"",""environment"":""f6319bd4-2e87-40d4-8547-4ce714038bc1"",""service"":""c236b8cb-3eff-45c5-aca0-23e73e33dc8d"",""deployment"":""acf6ba43-652d-4725-96f6-6a34d92bdafb"",""replica"":""3a6a98ac-33a5-460d-82e3-5ddb81381546""}",2026-07-23T06:52:15.436473864Z
"2026-07-23T06:52:14.755Z [[32minfo[39m] [IG_POLLING_SCRIPTS] Loaded Lua scripts for EVALSHA {""service"":""mqtt-publisher-lite"",""priorityReadPrune"":""a872710a5b911f8dfc25388eaee1eacea501a5ab"",""backoffCheckRecord"":""e48ef2db187aa089f53daa3bc6deca371d1b445b"",""fetchBudgetTry"":""1f0272654a828014c08a5308ffd3f9d2d7a42285"",""forceReload"":false}",info,"{""level"":""info""}","{""project"":""90a47e04-a329-4122-9c82-2ee75a4562c2"",""environment"":""f6319bd4-2e87-40d4-8547-4ce714038bc1"",""service"":""c236b8cb-3eff-45c5-aca0-23e73e33dc8d"",""deployment"":""acf6ba43-652d-4725-96f6-6a34d92bdafb"",""replica"":""3a6a98ac-33a5-460d-82e3-5ddb81381546""}",2026-07-23T06:52:15.436480428Z
"2026-07-23T06:52:14.756Z [[32minfo[39m] ⏱️ [IG_POLLER] Starting dual schedulers {""service"":""mqtt-publisher-lite"",""priorityIntervalMs"":15000,""backgroundIntervalMs"":90000,""batchSize"":100,""backoff"":{""threshold"":6,""windowMs"":60000},""fairness"":{""priorityZsetMaxMembers"":0,""backgroundCapPerCycle"":0,""backgroundFairRotate"":true,""globalFetchBudgetPerMinute"":0}}",info,"{""level"":""info""}","{""project"":""90a47e04-a329-4122-9c82-2ee75a4562c2"",""environment"":""f6319bd4-2e87-40d4-8547-4ce714038bc1"",""service"":""c236b8cb-3eff-45c5-aca0-23e73e33dc8d"",""deployment"":""acf6ba43-652d-4725-96f6-6a34d92bdafb"",""replica"":""3a6a98ac-33a5-460d-82e3-5ddb81381546""}",2026-07-23T06:52:15.436485997Z
"2026-07-23T06:52:14.759Z [[32minfo[39m] ✅ Instagram poller initialized (dual schedulers enabled) {""service"":""mqtt-publisher-lite""}",info,"{""level"":""info""}","{""project"":""90a47e04-a329-4122-9c82-2ee75a4562c2"",""environment"":""f6319bd4-2e87-40d4-8547-4ce714038bc1"",""service"":""c236b8cb-3eff-45c5-aca0-23e73e33dc8d"",""deployment"":""acf6ba43-652d-4725-96f6-6a34d92bdafb"",""replica"":""3a6a98ac-33a5-460d-82e3-5ddb81381546""}",2026-07-23T06:52:15.436491170Z
"2026-07-23T06:52:14.760Z [[32minfo[39m] 🌐 Initializing HTTP server... {""service"":""mqtt-publisher-lite""}",info,"{""level"":""info""}","{""project"":""90a47e04-a329-4122-9c82-2ee75a4562c2"",""environment"":""f6319bd4-2e87-40d4-8547-4ce714038bc1"",""service"":""c236b8cb-3eff-45c5-aca0-23e73e33dc8d"",""deployment"":""acf6ba43-652d-4725-96f6-6a34d92bdafb"",""replica"":""3a6a98ac-33a5-460d-82e3-5ddb81381546""}",2026-07-23T06:52:15.436496070Z
"2026-07-23T06:52:14.776Z [[32minfo[39m] ✅ OTA services initialized {""service"":""mqtt-publisher-lite"",""mqttDownloadMode"":""presigned"",""httpDownloadMode"":""presigned"",""publicBaseUrl"":""https://server.withproof.io"",""bucket"":""proof-firmware-ota"",""namespace"":""ax4egmknthnr"",""delivery"":""server-driven"",""testOta"":true}",info,"{""level"":""info""}","{""project"":""90a47e04-a329-4122-9c82-2ee75a4562c2"",""environment"":""f6319bd4-2e87-40d4-8547-4ce714038bc1"",""service"":""c236b8cb-3eff-45c5-aca0-23e73e33dc8d"",""deployment"":""acf6ba43-652d-4725-96f6-6a34d92bdafb"",""replica"":""3a6a98ac-33a5-460d-82e3-5ddb81381546""}",2026-07-23T06:52:15.436502208Z
"2026-07-23T06:52:14.778Z [[32minfo[39m] Webhook ingress routes registered {""service"":""mqtt-publisher-lite"",""gmb"":""/api/webhooks/google-business-reviews"",""otaRelease"":""/api/webhooks/ota-release"",""mqttPublish"":true,""deviceTarget"":""primary""}",info,"{""level"":""info""}","{""project"":""90a47e04-a329-4122-9c82-2ee75a4562c2"",""environment"":""f6319bd4-2e87-40d4-8547-4ce714038bc1"",""service"":""c236b8cb-3eff-45c5-aca0-23e73e33dc8d"",""deployment"":""acf6ba43-652d-4725-96f6-6a34d92bdafb"",""replica"":""3a6a98ac-33a5-460d-82e3-5ddb81381546""}",2026-07-23T06:52:15.439638972Z
"2026-07-23T06:52:14.803Z [[32minfo[39m] ✅ Provisioning routes registered at /api/v1 {""service"":""mqtt-publisher-lite""}",info,"{""level"":""info""}","{""project"":""90a47e04-a329-4122-9c82-2ee75a4562c2"",""environment"":""f6319bd4-2e87-40d4-8547-4ce714038bc1"",""service"":""c236b8cb-3eff-45c5-aca0-23e73e33dc8d"",""deployment"":""acf6ba43-652d-4725-96f6-6a34d92bdafb"",""replica"":""3a6a98ac-33a5-460d-82e3-5ddb81381546""}",2026-07-23T06:52:15.439657286Z
"2026-07-23T06:52:14.804Z [[32minfo[39m] ✅ Lifecycle routes registered at /api/v1 {""service"":""mqtt-publisher-lite""}",info,"{""level"":""info""}","{""project"":""90a47e04-a329-4122-9c82-2ee75a4562c2"",""environment"":""f6319bd4-2e87-40d4-8547-4ce714038bc1"",""service"":""c236b8cb-3eff-45c5-aca0-23e73e33dc8d"",""deployment"":""acf6ba43-652d-4725-96f6-6a34d92bdafb"",""replica"":""3a6a98ac-33a5-460d-82e3-5ddb81381546""}",2026-07-23T06:52:15.439665409Z
"2026-07-23T06:52:14.805Z [[32minfo[39m] ✅ Recovery routes registered at /api/v1/recovery {""service"":""mqtt-publisher-lite""}",info,"{""level"":""info""}","{""project"":""90a47e04-a329-4122-9c82-2ee75a4562c2"",""environment"":""f6319bd4-2e87-40d4-8547-4ce714038bc1"",""service"":""c236b8cb-3eff-45c5-aca0-23e73e33dc8d"",""deployment"":""acf6ba43-652d-4725-96f6-6a34d92bdafb"",""replica"":""3a6a98ac-33a5-460d-82e3-5ddb81381546""}",2026-07-23T06:52:15.439672683Z
"2026-07-23T06:52:14.805Z [[32minfo[39m] ✅ Recovery routes registered at /api/recovery (alias) {""service"":""mqtt-publisher-lite""}",info,"{""level"":""info""}","{""project"":""90a47e04-a329-4122-9c82-2ee75a4562c2"",""environment"":""f6319bd4-2e87-40d4-8547-4ce714038bc1"",""service"":""c236b8cb-3eff-45c5-aca0-23e73e33dc8d"",""deployment"":""acf6ba43-652d-4725-96f6-6a34d92bdafb"",""replica"":""3a6a98ac-33a5-460d-82e3-5ddb81381546""}",2026-07-23T06:52:15.439679246Z
"2026-07-23T06:52:14.805Z [[32minfo[39m] ✅ Device configuration route registered at /api/v1/mqtt-config {""service"":""mqtt-publisher-lite""}",info,"{""level"":""info""}","{""project"":""90a47e04-a329-4122-9c82-2ee75a4562c2"",""environment"":""f6319bd4-2e87-40d4-8547-4ce714038bc1"",""service"":""c236b8cb-3eff-45c5-aca0-23e73e33dc8d"",""deployment"":""acf6ba43-652d-4725-96f6-6a34d92bdafb"",""replica"":""3a6a98ac-33a5-460d-82e3-5ddb81381546""}",2026-07-23T06:52:15.439686196Z
"2026-07-23T06:52:14.806Z [[32minfo[39m] ✅ OTA device routes registered at /api/v1/ota/* {""service"":""mqtt-publisher-lite""}",info,"{""level"":""info""}","{""project"":""90a47e04-a329-4122-9c82-2ee75a4562c2"",""environment"":""f6319bd4-2e87-40d4-8547-4ce714038bc1"",""service"":""c236b8cb-3eff-45c5-aca0-23e73e33dc8d"",""deployment"":""acf6ba43-652d-4725-96f6-6a34d92bdafb"",""replica"":""3a6a98ac-33a5-460d-82e3-5ddb81381546""}",2026-07-23T06:52:15.439694271Z
"2026-07-23T06:52:14.807Z [[32minfo[39m] ✅ OTA admin routes registered at /api/v1/admin/ota/* {""service"":""mqtt-publisher-lite""}",info,"{""level"":""info""}","{""project"":""90a47e04-a329-4122-9c82-2ee75a4562c2"",""environment"":""f6319bd4-2e87-40d4-8547-4ce714038bc1"",""service"":""c236b8cb-3eff-45c5-aca0-23e73e33dc8d"",""deployment"":""acf6ba43-652d-4725-96f6-6a34d92bdafb"",""replica"":""3a6a98ac-33a5-460d-82e3-5ddb81381546""}",2026-07-23T06:52:15.439700789Z
"2026-07-23T06:52:14.808Z [[32minfo[39m] ✅ Dashboard routes registered at /api/v1/dashboard/* {""service"":""mqtt-publisher-lite""}",info,"{""level"":""info""}","{""project"":""90a47e04-a329-4122-9c82-2ee75a4562c2"",""environment"":""f6319bd4-2e87-40d4-8547-4ce714038bc1"",""service"":""c236b8cb-3eff-45c5-aca0-23e73e33dc8d"",""deployment"":""acf6ba43-652d-4725-96f6-6a34d92bdafb"",""replica"":""3a6a98ac-33a5-460d-82e3-5ddb81381546""}",2026-07-23T06:52:15.439708346Z
"2026-07-23T06:52:14.808Z [[32minfo[39m] ✅ Integration routes registered at /api/v1/integrations/* {""service"":""mqtt-publisher-lite""}",info,"{""level"":""info""}","{""project"":""90a47e04-a329-4122-9c82-2ee75a4562c2"",""environment"":""f6319bd4-2e87-40d4-8547-4ce714038bc1"",""service"":""c236b8cb-3eff-45c5-aca0-23e73e33dc8d"",""deployment"":""acf6ba43-652d-4725-96f6-6a34d92bdafb"",""replica"":""3a6a98ac-33a5-460d-82e3-5ddb81381546""}",2026-07-23T06:52:15.439715844Z
"2026-07-23T06:52:14.809Z [[32minfo[39m] ✅ Influx query proxy registered at POST /api/v1/influx/query {""service"":""mqtt-publisher-lite""}",info,"{""level"":""info""}","{""project"":""90a47e04-a329-4122-9c82-2ee75a4562c2"",""environment"":""f6319bd4-2e87-40d4-8547-4ce714038bc1"",""service"":""c236b8cb-3eff-45c5-aca0-23e73e33dc8d"",""deployment"":""acf6ba43-652d-4725-96f6-6a34d92bdafb"",""replica"":""3a6a98ac-33a5-460d-82e3-5ddb81381546""}",2026-07-23T06:52:15.439723542Z
"2026-07-23T06:52:14.846Z [[32minfo[39m] HTTP server started {""service"":""mqtt-publisher-lite"",""host"":""0.0.0.0"",""port"":8080}",info,"{""level"":""info""}","{""project"":""90a47e04-a329-4122-9c82-2ee75a4562c2"",""environment"":""f6319bd4-2e87-40d4-8547-4ce714038bc1"",""service"":""c236b8cb-3eff-45c5-aca0-23e73e33dc8d"",""deployment"":""acf6ba43-652d-4725-96f6-6a34d92bdafb"",""replica"":""3a6a98ac-33a5-460d-82e3-5ddb81381546""}",2026-07-23T06:52:15.439731856Z
"2026-07-23T06:52:15.087Z [[32minfo[39m] 📤 QoS 1 message sent {""service"":""mqtt-publisher-lite"",""messageId"":62048,""topic"":""proof.mqtt/DEVICE-17/test-gmb"",""qos"":1}",info,"{""level"":""info""}","{""project"":""90a47e04-a329-4122-9c82-2ee75a4562c2"",""environment"":""f6319bd4-2e87-40d4-8547-4ce714038bc1"",""service"":""c236b8cb-3eff-45c5-aca0-23e73e33dc8d"",""deployment"":""acf6ba43-652d-4725-96f6-6a34d92bdafb"",""replica"":""3a6a98ac-33a5-460d-82e3-5ddb81381546""}",2026-07-23T06:52:15.443185374Z
"2026-07-23T06:52:14.847Z [[32minfo[39m] ✅ HTTP server initialized {""service"":""mqtt-publisher-lite""}",info,"{""level"":""info""}","{""project"":""90a47e04-a329-4122-9c82-2ee75a4562c2"",""environment"":""f6319bd4-2e87-40d4-8547-4ce714038bc1"",""service"":""c236b8cb-3eff-45c5-aca0-23e73e33dc8d"",""deployment"":""acf6ba43-652d-4725-96f6-6a34d92bdafb"",""replica"":""3a6a98ac-33a5-460d-82e3-5ddb81381546""}",2026-07-23T06:52:15.443260689Z
"2026-07-23T06:52:14.847Z [[32minfo[39m] 📊 Initializing stats publisher... {""service"":""mqtt-publisher-lite""}",info,"{""level"":""info""}","{""project"":""90a47e04-a329-4122-9c82-2ee75a4562c2"",""environment"":""f6319bd4-2e87-40d4-8547-4ce714038bc1"",""service"":""c236b8cb-3eff-45c5-aca0-23e73e33dc8d"",""deployment"":""acf6ba43-652d-4725-96f6-6a34d92bdafb"",""replica"":""3a6a98ac-33a5-460d-82e3-5ddb81381546""}",2026-07-23T06:52:15.443284033Z
"2026-07-23T06:52:14.848Z [[32minfo[39m] 📈 Starting screen publisher (Instagram, GMB, Promotion) {""service"":""mqtt-publisher-lite"",""interval"":""60s"",""topicRoot"":""proof.mqtt""}",info,"{""level"":""info""}","{""project"":""90a47e04-a329-4122-9c82-2ee75a4562c2"",""environment"":""f6319bd4-2e87-40d4-8547-4ce714038bc1"",""service"":""c236b8cb-3eff-45c5-aca0-23e73e33dc8d"",""deployment"":""acf6ba43-652d-4725-96f6-6a34d92bdafb"",""replica"":""3a6a98ac-33a5-460d-82e3-5ddb81381546""}",2026-07-23T06:52:15.443291364Z
"2026-07-23T06:52:14.850Z [[32minfo[39m] OTA Release Log initialized from InfluxDB {""service"":""mqtt-publisher-lite"",""entryCount"":0}",info,"{""level"":""info""}","{""project"":""90a47e04-a329-4122-9c82-2ee75a4562c2"",""environment"":""f6319bd4-2e87-40d4-8547-4ce714038bc1"",""service"":""c236b8cb-3eff-45c5-aca0-23e73e33dc8d"",""deployment"":""acf6ba43-652d-4725-96f6-6a34d92bdafb"",""replica"":""3a6a98ac-33a5-460d-82e3-5ddb81381546""}",2026-07-23T06:52:15.443299371Z
"2026-07-23T06:52:14.854Z [[32minfo[39m] 📤 [PUBLISH_CYCLE] Starting publish cycle {""service"":""mqtt-publisher-lite"",""deviceCount"":4,""source"":""redis"",""devices"":[{""id"":""DEVICE-19"",""userId"":""68d3753f9f99d6b73ae2d991"",""lastSeen"":""2026-07-23T06:52:12.716Z""},{""id"":""DEVICE-17"",""userId"":""(none)"",""lastSeen"":""2026-07-23T06:52:12.948Z""},{""id"":""DEVICE-13"",""userId"":""6937af58f950f0f5356a1599"",""lastSeen"":""2026-07-23T06:52:13.307Z""},{""id"":""DEVICE-15"",""userId"":""68d3753f9f99d6b73ae2d991"",""lastSeen"":""2026-07-23T06:52:13.671Z""}]}",info,"{""level"":""info""}","{""project"":""90a47e04-a329-4122-9c82-2ee75a4562c2"",""environment"":""f6319bd4-2e87-40d4-8547-4ce714038bc1"",""service"":""c236b8cb-3eff-45c5-aca0-23e73e33dc8d"",""deployment"":""acf6ba43-652d-4725-96f6-6a34d92bdafb"",""replica"":""3a6a98ac-33a5-460d-82e3-5ddb81381546""}",2026-07-23T06:52:15.443305361Z
"2026-07-23T06:52:14.929Z [[34mdebug[39m] PKI audit event written to InfluxDB {""service"":""mqtt-publisher-lite"",""event"":""OTA_SIGNING_KEY_LOADED""}",info,"{""level"":""info""}","{""project"":""90a47e04-a329-4122-9c82-2ee75a4562c2"",""environment"":""f6319bd4-2e87-40d4-8547-4ce714038bc1"",""service"":""c236b8cb-3eff-45c5-aca0-23e73e33dc8d"",""deployment"":""acf6ba43-652d-4725-96f6-6a34d92bdafb"",""replica"":""3a6a98ac-33a5-460d-82e3-5ddb81381546""}",2026-07-23T06:52:15.443311564Z
"2026-07-23T06:52:14.930Z [[34mdebug[39m] Audit event logged to InfluxDB {""service"":""mqtt-publisher-lite"",""sequence"":33,""event"":""OTA_SIGNING_KEY_LOADED"",""hash"":""3418c3d050aa9db6...""}",info,"{""level"":""info""}","{""project"":""90a47e04-a329-4122-9c82-2ee75a4562c2"",""environment"":""f6319bd4-2e87-40d4-8547-4ce714038bc1"",""service"":""c236b8cb-3eff-45c5-aca0-23e73e33dc8d"",""deployment"":""acf6ba43-652d-4725-96f6-6a34d92bdafb"",""replica"":""3a6a98ac-33a5-460d-82e3-5ddb81381546""}",2026-07-23T06:52:15.443317692Z
"2026-07-23T06:52:14.969Z [[34mdebug[39m] [STIM_SKIP] StatsPublisher skipping stim device {""service"":""mqtt-publisher-lite"",""deviceId"":""DEVICE-19""}",info,"{""level"":""info""}","{""project"":""90a47e04-a329-4122-9c82-2ee75a4562c2"",""environment"":""f6319bd4-2e87-40d4-8547-4ce714038bc1"",""service"":""c236b8cb-3eff-45c5-aca0-23e73e33dc8d"",""deployment"":""acf6ba43-652d-4725-96f6-6a34d92bdafb"",""replica"":""3a6a98ac-33a5-460d-82e3-5ddb81381546""}",2026-07-23T06:52:15.443323923Z
"2026-07-23T06:52:15.088Z [[32minfo[39m] ⏱️ Tracking QoS 1 message (30s timeout) {""service"":""mqtt-publisher-lite"",""deviceId"":""DEVICE-17"",""messageId"":62048,""topic"":""proof.mqtt/DEVICE-17/test-gmb"",""pendingCount"":1}",info,"{""level"":""info""}","{""project"":""90a47e04-a329-4122-9c82-2ee75a4562c2"",""environment"":""f6319bd4-2e87-40d4-8547-4ce714038bc1"",""service"":""c236b8cb-3eff-45c5-aca0-23e73e33dc8d"",""deployment"":""acf6ba43-652d-4725-96f6-6a34d92bdafb"",""replica"":""3a6a98ac-33a5-460d-82e3-5ddb81381546""}",2026-07-23T06:52:15.445851782Z
"2026-07-23T06:52:15.314Z [[32minfo[39m] ✅ PUBACK received {""service"":""mqtt-publisher-lite"",""messageId"":62048}",info,"{""level"":""info""}","{""project"":""90a47e04-a329-4122-9c82-2ee75a4562c2"",""environment"":""f6319bd4-2e87-40d4-8547-4ce714038bc1"",""service"":""c236b8cb-3eff-45c5-aca0-23e73e33dc8d"",""deployment"":""acf6ba43-652d-4725-96f6-6a34d92bdafb"",""replica"":""3a6a98ac-33a5-460d-82e3-5ddb81381546""}",2026-07-23T06:52:15.445857877Z
"2026-07-23T06:52:15.315Z [[32minfo[39m] ✅ QoS 1 PUBACK confirmed {""service"":""mqtt-publisher-lite"",""deviceId"":""DEVICE-17"",""messageId"":62048,""deliveryTime"":""227ms"",""pendingCount"":0}",info,"{""level"":""info""}","{""project"":""90a47e04-a329-4122-9c82-2ee75a4562c2"",""environment"":""f6319bd4-2e87-40d4-8547-4ce714038bc1"",""service"":""c236b8cb-3eff-45c5-aca0-23e73e33dc8d"",""deployment"":""acf6ba43-652d-4725-96f6-6a34d92bdafb"",""replica"":""3a6a98ac-33a5-460d-82e3-5ddb81381546""}",2026-07-23T06:52:15.445862280Z
"2026-07-23T06:52:15.315Z [[34mdebug[39m] ✅ [LIFECYCLE:PUBACK_OK] Device confirmed message receipt {""service"":""mqtt-publisher-lite"",""deviceId"":""DEVICE-17""}",info,"{""level"":""info""}","{""project"":""90a47e04-a329-4122-9c82-2ee75a4562c2"",""environment"":""f6319bd4-2e87-40d4-8547-4ce714038bc1"",""service"":""c236b8cb-3eff-45c5-aca0-23e73e33dc8d"",""deployment"":""acf6ba43-652d-4725-96f6-6a34d92bdafb"",""replica"":""3a6a98ac-33a5-460d-82e3-5ddb81381546""}",2026-07-23T06:52:15.445866703Z
"2026-07-23T06:52:15.316Z [[34mdebug[39m] Message published {""service"":""mqtt-publisher-lite"",""topic"":""proof.mqtt/DEVICE-17/test-gmb"",""qos"":1,""deliveryTime"":""229ms""}",info,"{""level"":""info""}","{""project"":""90a47e04-a329-4122-9c82-2ee75a4562c2"",""environment"":""f6319bd4-2e87-40d4-8547-4ce714038bc1"",""service"":""c236b8cb-3eff-45c5-aca0-23e73e33dc8d"",""deployment"":""acf6ba43-652d-4725-96f6-6a34d92bdafb"",""replica"":""3a6a98ac-33a5-460d-82e3-5ddb81381546""}",2026-07-23T06:52:15.445871062Z
"2026-07-23T06:52:15.316Z [[34mdebug[39m] Published test-gmb screen {""service"":""mqtt-publisher-lite"",""deviceId"":""DEVICE-17"",""reviews"":403,""milestone"":405}",info,"{""level"":""info""}","{""project"":""90a47e04-a329-4122-9c82-2ee75a4562c2"",""environment"":""f6319bd4-2e87-40d4-8547-4ce714038bc1"",""service"":""c236b8cb-3eff-45c5-aca0-23e73e33dc8d"",""deployment"":""acf6ba43-652d-4725-96f6-6a34d92bdafb"",""replica"":""3a6a98ac-33a5-460d-82e3-5ddb81381546""}",2026-07-23T06:52:15.445875853Z
"2026-07-23T06:52:15.450Z [[34mdebug[39m] 📤 [PUBLISH_CYCLE] Publishing all screens to device {""service"":""mqtt-publisher-lite"",""deviceId"":""DEVICE-17""}",info,"{""level"":""info""}","{""project"":""90a47e04-a329-4122-9c82-2ee75a4562c2"",""environment"":""f6319bd4-2e87-40d4-8547-4ce714038bc1"",""service"":""c236b8cb-3eff-45c5-aca0-23e73e33dc8d"",""deployment"":""acf6ba43-652d-4725-96f6-6a34d92bdafb"",""replica"":""3a6a98ac-33a5-460d-82e3-5ddb81381546""}",2026-07-23T06:52:15.451295305Z
"2026-07-23T06:52:15.570Z [[32minfo[39m] [PROMOTION] Default canvas not published {""service"":""mqtt-publisher-lite"",""deviceId"":""DEVICE-17"",""topic"":""proof.mqtt/DEVICE-17/promotion"",""reason"":""unchanged""}",info,"{""level"":""info""}","{""project"":""90a47e04-a329-4122-9c82-2ee75a4562c2"",""environment"":""f6319bd4-2e87-40d4-8547-4ce714038bc1"",""service"":""c236b8cb-3eff-45c5-aca0-23e73e33dc8d"",""deployment"":""acf6ba43-652d-4725-96f6-6a34d92bdafb"",""replica"":""3a6a98ac-33a5-460d-82e3-5ddb81381546""}",2026-07-23T06:52:15.574155910Z
"2026-07-23T06:52:15.571Z [[34mdebug[39m] [STIM_SKIP] StatsPublisher skipping stim device {""service"":""mqtt-publisher-lite"",""deviceId"":""DEVICE-13""}",info,"{""level"":""info""}","{""project"":""90a47e04-a329-4122-9c82-2ee75a4562c2"",""environment"":""f6319bd4-2e87-40d4-8547-4ce714038bc1"",""service"":""c236b8cb-3eff-45c5-aca0-23e73e33dc8d"",""deployment"":""acf6ba43-652d-4725-96f6-6a34d92bdafb"",""replica"":""3a6a98ac-33a5-460d-82e3-5ddb81381546""}",2026-07-23T06:52:15.574168131Z
"2026-07-23T06:52:15.571Z [[34mdebug[39m] [STIM_SKIP] StatsPublisher skipping stim device {""service"":""mqtt-publisher-lite"",""deviceId"":""DEVICE-15""}",info,"{""level"":""info""}","{""project"":""90a47e04-a329-4122-9c82-2ee75a4562c2"",""environment"":""f6319bd4-2e87-40d4-8547-4ce714038bc1"",""service"":""c236b8cb-3eff-45c5-aca0-23e73e33dc8d"",""deployment"":""acf6ba43-652d-4725-96f6-6a34d92bdafb"",""replica"":""3a6a98ac-33a5-460d-82e3-5ddb81381546""}",2026-07-23T06:52:15.574174954Z
"2026-07-23T06:52:15.571Z [[32minfo[39m] ✅ Connections routes registered at POST /api/v1/connections/validate {""service"":""mqtt-publisher-lite""}",info,"{""level"":""info""}","{""project"":""90a47e04-a329-4122-9c82-2ee75a4562c2"",""environment"":""f6319bd4-2e87-40d4-8547-4ce714038bc1"",""service"":""c236b8cb-3eff-45c5-aca0-23e73e33dc8d"",""deployment"":""acf6ba43-652d-4725-96f6-6a34d92bdafb"",""replica"":""3a6a98ac-33a5-460d-82e3-5ddb81381546""}",2026-07-23T06:52:15.574180495Z
"2026-07-23T06:52:15.571Z [[32minfo[39m] ✅ Stats publisher initialized - publishing every 60s to /instagram, /gmb, /promotion {""service"":""mqtt-publisher-lite""}",info,"{""level"":""info""}","{""project"":""90a47e04-a329-4122-9c82-2ee75a4562c2"",""environment"":""f6319bd4-2e87-40d4-8547-4ce714038bc1"",""service"":""c236b8cb-3eff-45c5-aca0-23e73e33dc8d"",""deployment"":""acf6ba43-652d-4725-96f6-6a34d92bdafb"",""replica"":""3a6a98ac-33a5-460d-82e3-5ddb81381546""}",2026-07-23T06:52:15.574185784Z
"2026-07-23T06:52:15.571Z [[32minfo[39m] ✅ Connect refresh coordinator initialized (/active → debounced screen pull) {""service"":""mqtt-publisher-lite""}",info,"{""level"":""info""}","{""project"":""90a47e04-a329-4122-9c82-2ee75a4562c2"",""environment"":""f6319bd4-2e87-40d4-8547-4ce714038bc1"",""service"":""c236b8cb-3eff-45c5-aca0-23e73e33dc8d"",""deployment"":""acf6ba43-652d-4725-96f6-6a34d92bdafb"",""replica"":""3a6a98ac-33a5-460d-82e3-5ddb81381546""}",2026-07-23T06:52:15.574192220Z
"2026-07-23T06:52:15.572Z [[32minfo[39m] [STIM] ===== Starting in-process stimulate service ===== {""service"":""mqtt-publisher-lite"",""devices"":[""DEVICE-15"",""DEVICE-13""],""platforms"":[""instagram"",""gmb""],""step"":1,""intervalMs"":30000,""igTarget"":500,""gmbTarget"":100,""progress"":""in-memory (reset on /active or restart)""}",info,"{""level"":""info""}","{""project"":""90a47e04-a329-4122-9c82-2ee75a4562c2"",""environment"":""f6319bd4-2e87-40d4-8547-4ce714038bc1"",""service"":""c236b8cb-3eff-45c5-aca0-23e73e33dc8d"",""deployment"":""acf6ba43-652d-4725-96f6-6a34d92bdafb"",""replica"":""3a6a98ac-33a5-460d-82e3-5ddb81381546""}",2026-07-23T06:52:15.574198479Z
"2026-07-23T06:52:15.821Z [[32minfo[39m] 📤 QoS 1 message sent {""service"":""mqtt-publisher-lite"",""messageId"":62051,""topic"":""proof.mqtt/DEVICE-15/gmb"",""qos"":1}",info,"{""level"":""info""}","{""project"":""90a47e04-a329-4122-9c82-2ee75a4562c2"",""environment"":""f6319bd4-2e87-40d4-8547-4ce714038bc1"",""service"":""c236b8cb-3eff-45c5-aca0-23e73e33dc8d"",""deployment"":""acf6ba43-652d-4725-96f6-6a34d92bdafb"",""replica"":""3a6a98ac-33a5-460d-82e3-5ddb81381546""}",2026-07-23T06:52:16.198393338Z
"2026-07-23T06:52:15.675Z [[32minfo[39m] 📤 QoS 1 message sent {""service"":""mqtt-publisher-lite"",""messageId"":62049,""topic"":""proof.mqtt/DEVICE-15/instagram"",""qos"":1}",info,"{""level"":""info""}","{""project"":""90a47e04-a329-4122-9c82-2ee75a4562c2"",""environment"":""f6319bd4-2e87-40d4-8547-4ce714038bc1"",""service"":""c236b8cb-3eff-45c5-aca0-23e73e33dc8d"",""deployment"":""acf6ba43-652d-4725-96f6-6a34d92bdafb"",""replica"":""3a6a98ac-33a5-460d-82e3-5ddb81381546""}",2026-07-23T06:52:16.198393454Z
"2026-07-23T06:52:15.821Z [[32minfo[39m] ⏱️ Tracking QoS 1 message (30s timeout) {""service"":""mqtt-publisher-lite"",""deviceId"":""DEVICE-15"",""messageId"":62051,""topic"":""proof.mqtt/DEVICE-15/gmb"",""pendingCount"":3}",info,"{""level"":""info""}","{""project"":""90a47e04-a329-4122-9c82-2ee75a4562c2"",""environment"":""f6319bd4-2e87-40d4-8547-4ce714038bc1"",""service"":""c236b8cb-3eff-45c5-aca0-23e73e33dc8d"",""deployment"":""acf6ba43-652d-4725-96f6-6a34d92bdafb"",""replica"":""3a6a98ac-33a5-460d-82e3-5ddb81381546""}",2026-07-23T06:52:16.198406968Z
"2026-07-23T06:52:15.675Z [[32minfo[39m] ⏱️ Tracking QoS 1 message (30s timeout) {""service"":""mqtt-publisher-lite"",""deviceId"":""DEVICE-15"",""messageId"":62049,""topic"":""proof.mqtt/DEVICE-15/instagram"",""pendingCount"":1}",info,"{""level"":""info""}","{""project"":""90a47e04-a329-4122-9c82-2ee75a4562c2"",""environment"":""f6319bd4-2e87-40d4-8547-4ce714038bc1"",""service"":""c236b8cb-3eff-45c5-aca0-23e73e33dc8d"",""deployment"":""acf6ba43-652d-4725-96f6-6a34d92bdafb"",""replica"":""3a6a98ac-33a5-460d-82e3-5ddb81381546""}",2026-07-23T06:52:16.198407652Z
"2026-07-23T06:52:15.750Z [[32minfo[39m] [OTA] TEST_OTA — ungated publish proof:1.0.1 {""service"":""mqtt-publisher-lite"",""deviceId"":""DEVICE-19"",""reason"":""active_cache_fanout"",""version"":""1.0.1"",""downloadUrl"":""https://server.withproof.io/api/v1/ota/download/proof%3A1.0.1"",""releaseVersion"":""4.3.1-mvp""}",info,"{""level"":""info""}","{""project"":""90a47e04-a329-4122-9c82-2ee75a4562c2"",""environment"":""f6319bd4-2e87-40d4-8547-4ce714038bc1"",""service"":""c236b8cb-3eff-45c5-aca0-23e73e33dc8d"",""deployment"":""acf6ba43-652d-4725-96f6-6a34d92bdafb"",""replica"":""3a6a98ac-33a5-460d-82e3-5ddb81381546""}",2026-07-23T06:52:16.198418151Z
"2026-07-23T06:52:15.872Z [[34mdebug[39m] [IG_DIRECT] No Instagram credentials (Redis proof.mqtt:device:{id} or active-devices.json) {""service"":""mqtt-publisher-lite"",""deviceId"":""DEVICE-17"",""trigger"":""scheduled""}",info,"{""level"":""info""}","{""project"":""90a47e04-a329-4122-9c82-2ee75a4562c2"",""environment"":""f6319bd4-2e87-40d4-8547-4ce714038bc1"",""service"":""c236b8cb-3eff-45c5-aca0-23e73e33dc8d"",""deployment"":""acf6ba43-652d-4725-96f6-6a34d92bdafb"",""replica"":""3a6a98ac-33a5-460d-82e3-5ddb81381546""}",2026-07-23T06:52:16.198418524Z
"2026-07-23T06:52:15.587Z [[32minfo[39m] [OTA] OCI bucket access verified {""service"":""mqtt-publisher-lite"",""bucket"":""proof-firmware-ota"",""namespace"":""ax4egmknthnr"",""region"":""ap-hyderabad-1""}",info,"{""level"":""info""}","{""project"":""90a47e04-a329-4122-9c82-2ee75a4562c2"",""environment"":""f6319bd4-2e87-40d4-8547-4ce714038bc1"",""service"":""c236b8cb-3eff-45c5-aca0-23e73e33dc8d"",""deployment"":""acf6ba43-652d-4725-96f6-6a34d92bdafb"",""replica"":""3a6a98ac-33a5-460d-82e3-5ddb81381546""}",2026-07-23T06:52:16.198425576Z
"2026-07-23T06:52:15.751Z [[32minfo[39m] 📤 QoS 2 message sent {""service"":""mqtt-publisher-lite"",""messageId"":62050,""topic"":""proof.mqtt/DEVICE-19/cmd"",""qos"":2}",info,"{""level"":""info""}","{""project"":""90a47e04-a329-4122-9c82-2ee75a4562c2"",""environment"":""f6319bd4-2e87-40d4-8547-4ce714038bc1"",""service"":""c236b8cb-3eff-45c5-aca0-23e73e33dc8d"",""deployment"":""acf6ba43-652d-4725-96f6-6a34d92bdafb"",""replica"":""3a6a98ac-33a5-460d-82e3-5ddb81381546""}",2026-07-23T06:52:16.198446512Z
"2026-07-23T06:52:15.751Z [[32minfo[39m] ⏱️ Tracking QoS 2 message (30s timeout) {""service"":""mqtt-publisher-lite"",""deviceId"":""DEVICE-19"",""messageId"":62050,""topic"":""proof.mqtt/DEVICE-19/cmd"",""pendingCount"":2}",info,"{""level"":""info""}","{""project"":""90a47e04-a329-4122-9c82-2ee75a4562c2"",""environment"":""f6319bd4-2e87-40d4-8547-4ce714038bc1"",""service"":""c236b8cb-3eff-45c5-aca0-23e73e33dc8d"",""deployment"":""acf6ba43-652d-4725-96f6-6a34d92bdafb"",""replica"":""3a6a98ac-33a5-460d-82e3-5ddb81381546""}",2026-07-23T06:52:16.198454001Z
"2026-07-23T06:52:15.893Z [[32minfo[39m] ✅ PUBACK received {""service"":""mqtt-publisher-lite"",""messageId"":62049}",info,"{""level"":""info""}","{""project"":""90a47e04-a329-4122-9c82-2ee75a4562c2"",""environment"":""f6319bd4-2e87-40d4-8547-4ce714038bc1"",""service"":""c236b8cb-3eff-45c5-aca0-23e73e33dc8d"",""deployment"":""acf6ba43-652d-4725-96f6-6a34d92bdafb"",""replica"":""3a6a98ac-33a5-460d-82e3-5ddb81381546""}",2026-07-23T06:52:16.201686895Z
"2026-07-23T06:52:15.893Z [[32minfo[39m] ✅ QoS 1 PUBACK confirmed {""service"":""mqtt-publisher-lite"",""deviceId"":""DEVICE-15"",""messageId"":62049,""deliveryTime"":""218ms"",""pendingCount"":2}",info,"{""level"":""info""}","{""project"":""90a47e04-a329-4122-9c82-2ee75a4562c2"",""environment"":""f6319bd4-2e87-40d4-8547-4ce714038bc1"",""service"":""c236b8cb-3eff-45c5-aca0-23e73e33dc8d"",""deployment"":""acf6ba43-652d-4725-96f6-6a34d92bdafb"",""replica"":""3a6a98ac-33a5-460d-82e3-5ddb81381546""}",2026-07-23T06:52:16.201693129Z
"2026-07-23T06:52:15.893Z [[34mdebug[39m] ✅ [LIFECYCLE:PUBACK_OK] Device confirmed message receipt {""service"":""mqtt-publisher-lite"",""deviceId"":""DEVICE-15""}",info,"{""level"":""info""}","{""project"":""90a47e04-a329-4122-9c82-2ee75a4562c2"",""environment"":""f6319bd4-2e87-40d4-8547-4ce714038bc1"",""service"":""c236b8cb-3eff-45c5-aca0-23e73e33dc8d"",""deployment"":""acf6ba43-652d-4725-96f6-6a34d92bdafb"",""replica"":""3a6a98ac-33a5-460d-82e3-5ddb81381546""}",2026-07-23T06:52:16.201711221Z
"2026-07-23T06:52:15.893Z [[34mdebug[39m] Message published {""service"":""mqtt-publisher-lite"",""topic"":""proof.mqtt/DEVICE-15/instagram"",""qos"":1,""deliveryTime"":""218ms""}",info,"{""level"":""info""}","{""project"":""90a47e04-a329-4122-9c82-2ee75a4562c2"",""environment"":""f6319bd4-2e87-40d4-8547-4ce714038bc1"",""service"":""c236b8cb-3eff-45c5-aca0-23e73e33dc8d"",""deployment"":""acf6ba43-652d-4725-96f6-6a34d92bdafb"",""replica"":""3a6a98ac-33a5-460d-82e3-5ddb81381546""}",2026-07-23T06:52:16.201718697Z
"2026-07-23T06:52:15.894Z [[34mdebug[39m] Message received {""service"":""mqtt-publisher-lite"",""topic"":""proof.mqtt/DEVICE-15/instagram"",""size"":226,""retain"":false}",info,"{""level"":""info""}","{""project"":""90a47e04-a329-4122-9c82-2ee75a4562c2"",""environment"":""f6319bd4-2e87-40d4-8547-4ce714038bc1"",""service"":""c236b8cb-3eff-45c5-aca0-23e73e33dc8d"",""deployment"":""acf6ba43-652d-4725-96f6-6a34d92bdafb"",""replica"":""3a6a98ac-33a5-460d-82e3-5ddb81381546""}",2026-07-23T06:52:16.201724835Z
"2026-07-23T06:52:15.895Z [[34mdebug[39m] Skipping echo message {""service"":""mqtt-publisher-lite"",""topic"":""proof.mqtt/DEVICE-15/instagram"",""age"":""2ms""}",info,"{""level"":""info""}","{""project"":""90a47e04-a329-4122-9c82-2ee75a4562c2"",""environment"":""f6319bd4-2e87-40d4-8547-4ce714038bc1"",""service"":""c236b8cb-3eff-45c5-aca0-23e73e33dc8d"",""deployment"":""acf6ba43-652d-4725-96f6-6a34d92bdafb"",""replica"":""3a6a98ac-33a5-460d-82e3-5ddb81381546""}",2026-07-23T06:52:16.201731275Z
"2026-07-23T06:52:15.895Z [[34mdebug[39m] [MQTT_INGRESS] Buffered non-critical message {""service"":""mqtt-publisher-lite"",""topic"":""proof.mqtt/DEVICE-15/instagram"",""bufferSize"":1}",info,"{""level"":""info""}","{""project"":""90a47e04-a329-4122-9c82-2ee75a4562c2"",""environment"":""f6319bd4-2e87-40d4-8547-4ce714038bc1"",""service"":""c236b8cb-3eff-45c5-aca0-23e73e33dc8d"",""deployment"":""acf6ba43-652d-4725-96f6-6a34d92bdafb"",""replica"":""3a6a98ac-33a5-460d-82e3-5ddb81381546""}",2026-07-23T06:52:16.201738439Z
"2026-07-23T06:52:15.903Z [[32minfo[39m] 📤 QoS 1 message sent {""service"":""mqtt-publisher-lite"",""messageId"":62052,""topic"":""proof.mqtt/DEVICE-13/instagram"",""qos"":1}",info,"{""level"":""info""}","{""project"":""90a47e04-a329-4122-9c82-2ee75a4562c2"",""environment"":""f6319bd4-2e87-40d4-8547-4ce714038bc1"",""service"":""c236b8cb-3eff-45c5-aca0-23e73e33dc8d"",""deployment"":""acf6ba43-652d-4725-96f6-6a34d92bdafb"",""replica"":""3a6a98ac-33a5-460d-82e3-5ddb81381546""}",2026-07-23T06:52:16.201772806Z
"2026-07-23T06:52:15.903Z [[32minfo[39m] ⏱️ Tracking QoS 1 message (30s timeout) {""service"":""mqtt-publisher-lite"",""deviceId"":""DEVICE-13"",""messageId"":62052,""topic"":""proof.mqtt/DEVICE-13/instagram"",""pendingCount"":3}",info,"{""level"":""info""}","{""project"":""90a47e04-a329-4122-9c82-2ee75a4562c2"",""environment"":""f6319bd4-2e87-40d4-8547-4ce714038bc1"",""service"":""c236b8cb-3eff-45c5-aca0-23e73e33dc8d"",""deployment"":""acf6ba43-652d-4725-96f6-6a34d92bdafb"",""replica"":""3a6a98ac-33a5-460d-82e3-5ddb81381546""}",2026-07-23T06:52:16.201779746Z
"2026-07-23T06:52:15.975Z [[34mdebug[39m] Instagram fetch audit written to InfluxDB {""service"":""mqtt-publisher-lite"",""deviceId"":""DEVICE-17"",""success"":false}",info,"{""level"":""info""}","{""project"":""90a47e04-a329-4122-9c82-2ee75a4562c2"",""environment"":""f6319bd4-2e87-40d4-8547-4ce714038bc1"",""service"":""c236b8cb-3eff-45c5-aca0-23e73e33dc8d"",""deployment"":""acf6ba43-652d-4725-96f6-6a34d92bdafb"",""replica"":""3a6a98ac-33a5-460d-82e3-5ddb81381546""}",2026-07-23T06:52:16.201785674Z
"2026-07-23T06:52:16.038Z [[32minfo[39m] 📤 QoS 1 message sent {""service"":""mqtt-publisher-lite"",""messageId"":62053,""topic"":""proof.mqtt/DEVICE-13/gmb"",""qos"":1}",info,"{""level"":""info""}","{""project"":""90a47e04-a329-4122-9c82-2ee75a4562c2"",""environment"":""f6319bd4-2e87-40d4-8547-4ce714038bc1"",""service"":""c236b8cb-3eff-45c5-aca0-23e73e33dc8d"",""deployment"":""acf6ba43-652d-4725-96f6-6a34d92bdafb"",""replica"":""3a6a98ac-33a5-460d-82e3-5ddb81381546""}",2026-07-23T06:52:16.204703702Z
"2026-07-23T06:52:15.977Z [[33mwarn[39m] [IG_SCREEN] Skipping MQTT for failed fetch {""service"":""mqtt-publisher-lite"",""deviceId"":""DEVICE-17"",""error"":""no_instagram_credentials""}",info,"{""level"":""info""}","{""project"":""90a47e04-a329-4122-9c82-2ee75a4562c2"",""environment"":""f6319bd4-2e87-40d4-8547-4ce714038bc1"",""service"":""c236b8cb-3eff-45c5-aca0-23e73e33dc8d"",""deployment"":""acf6ba43-652d-4725-96f6-6a34d92bdafb"",""replica"":""3a6a98ac-33a5-460d-82e3-5ddb81381546""}",2026-07-23T06:52:16.204726651Z
"2026-07-23T06:52:15.985Z [[32minfo[39m] InfluxDB batch flush {""service"":""mqtt-publisher-lite"",""source"":""metrics_disk_queue_worker"",""count"":1,""lines"":[""instagram_fetch_audit,device_id=DEVICE-17,success=false,trigger_type=scheduled duration_ms=0i,error_message=\""no_instagram_credentials\"",user_id_at_time=\""unknown\"" 1784789535872000000""]}",info,"{""level"":""info""}","{""project"":""90a47e04-a329-4122-9c82-2ee75a4562c2"",""environment"":""f6319bd4-2e87-40d4-8547-4ce714038bc1"",""service"":""c236b8cb-3eff-45c5-aca0-23e73e33dc8d"",""deployment"":""acf6ba43-652d-4725-96f6-6a34d92bdafb"",""replica"":""3a6a98ac-33a5-460d-82e3-5ddb81381546""}",2026-07-23T06:52:16.204734600Z
"2026-07-23T06:52:15.986Z [[32minfo[39m] InfluxDB batch flush {""service"":""mqtt-publisher-lite"",""source"":""compliance_disk_queue_worker"",""count"":1,""lines"":[""pki_audit,event=OTA_SIGNING_KEY_LOADED,source=mqtt-publisher-lite count=1i,details=\""{\\\""keyFingerprint\\\"":\\\""7328b5af13b95e39\\\"",\\\""source\\\"":\\\""env\\\""}\"",hash=\""3418c3d050aa9db60cd5bf52fb2db6fe8e1d8f19a2a5598ea51a96e1fad467ed\"",previous_hash=\""c8c7625bc62f7390326c6da0c0c84f019c9a348bddf2120feb7750dd8fb1c183\"",sequence=33i 1784789534770000000""]}",info,"{""level"":""info""}","{""project"":""90a47e04-a329-4122-9c82-2ee75a4562c2"",""environment"":""f6319bd4-2e87-40d4-8547-4ce714038bc1"",""service"":""c236b8cb-3eff-45c5-aca0-23e73e33dc8d"",""deployment"":""acf6ba43-652d-4725-96f6-6a34d92bdafb"",""replica"":""3a6a98ac-33a5-460d-82e3-5ddb81381546""}",2026-07-23T06:52:16.204741527Z
"2026-07-23T06:52:16.004Z [[32minfo[39m] [STIM_IG] Published {""service"":""mqtt-publisher-lite"",""deviceId"":""DEVICE-15"",""followers"":3,""target"":500,""mode"":""synthetic"",""achievement"":5,""celebration"":""false"",""done"":false}",info,"{""level"":""info""}","{""project"":""90a47e04-a329-4122-9c82-2ee75a4562c2"",""environment"":""f6319bd4-2e87-40d4-8547-4ce714038bc1"",""service"":""c236b8cb-3eff-45c5-aca0-23e73e33dc8d"",""deployment"":""acf6ba43-652d-4725-96f6-6a34d92bdafb"",""replica"":""3a6a98ac-33a5-460d-82e3-5ddb81381546""}",2026-07-23T06:52:16.204748376Z
"2026-07-23T06:52:16.004Z [[32minfo[39m] [STIM] In-process loops started {""service"":""mqtt-publisher-lite"",""count"":4}",info,"{""level"":""info""}","{""project"":""90a47e04-a329-4122-9c82-2ee75a4562c2"",""environment"":""f6319bd4-2e87-40d4-8547-4ce714038bc1"",""service"":""c236b8cb-3eff-45c5-aca0-23e73e33dc8d"",""deployment"":""acf6ba43-652d-4725-96f6-6a34d92bdafb"",""replica"":""3a6a98ac-33a5-460d-82e3-5ddb81381546""}",2026-07-23T06:52:16.204756217Z
"2026-07-23T06:52:16.004Z [[32minfo[39m] 🟢 All services ready — draining deferred work and message buffer {""service"":""mqtt-publisher-lite""}",info,"{""level"":""info""}","{""project"":""90a47e04-a329-4122-9c82-2ee75a4562c2"",""environment"":""f6319bd4-2e87-40d4-8547-4ce714038bc1"",""service"":""c236b8cb-3eff-45c5-aca0-23e73e33dc8d"",""deployment"":""acf6ba43-652d-4725-96f6-6a34d92bdafb"",""replica"":""3a6a98ac-33a5-460d-82e3-5ddb81381546""}",2026-07-23T06:52:16.204763981Z
"2026-07-23T06:52:16.007Z [[34mdebug[39m] Screen message received {""service"":""mqtt-publisher-lite"",""topic"":""proof.mqtt/DEVICE-15/instagram"",""screen"":""instagram""}",info,"{""level"":""info""}","{""project"":""90a47e04-a329-4122-9c82-2ee75a4562c2"",""environment"":""f6319bd4-2e87-40d4-8547-4ce714038bc1"",""service"":""c236b8cb-3eff-45c5-aca0-23e73e33dc8d"",""deployment"":""acf6ba43-652d-4725-96f6-6a34d92bdafb"",""replica"":""3a6a98ac-33a5-460d-82e3-5ddb81381546""}",2026-07-23T06:52:16.204770582Z
"2026-07-23T06:52:16.038Z [[32minfo[39m] ⏱️ Tracking QoS 1 message (30s timeout) {""service"":""mqtt-publisher-lite"",""deviceId"":""DEVICE-13"",""messageId"":62053,""topic"":""proof.mqtt/DEVICE-13/gmb"",""pendingCount"":4}",info,"{""level"":""info""}","{""project"":""90a47e04-a329-4122-9c82-2ee75a4562c2"",""environment"":""f6319bd4-2e87-40d4-8547-4ce714038bc1"",""service"":""c236b8cb-3eff-45c5-aca0-23e73e33dc8d"",""deployment"":""acf6ba43-652d-4725-96f6-6a34d92bdafb"",""replica"":""3a6a98ac-33a5-460d-82e3-5ddb81381546""}",2026-07-23T06:52:16.207542419Z
"2026-07-23T06:52:16.039Z [[32minfo[39m] ✅ PUBACK received {""service"":""mqtt-publisher-lite"",""messageId"":62051}",info,"{""level"":""info""}","{""project"":""90a47e04-a329-4122-9c82-2ee75a4562c2"",""environment"":""f6319bd4-2e87-40d4-8547-4ce714038bc1"",""service"":""c236b8cb-3eff-45c5-aca0-23e73e33dc8d"",""deployment"":""acf6ba43-652d-4725-96f6-6a34d92bdafb"",""replica"":""3a6a98ac-33a5-460d-82e3-5ddb81381546""}",2026-07-23T06:52:16.207573817Z
"2026-07-23T06:52:16.039Z [[32minfo[39m] ✅ QoS 1 PUBACK confirmed {""service"":""mqtt-publisher-lite"",""deviceId"":""DEVICE-15"",""messageId"":62051,""deliveryTime"":""218ms"",""pendingCount"":3}",info,"{""level"":""info""}","{""project"":""90a47e04-a329-4122-9c82-2ee75a4562c2"",""environment"":""f6319bd4-2e87-40d4-8547-4ce714038bc1"",""service"":""c236b8cb-3eff-45c5-aca0-23e73e33dc8d"",""deployment"":""acf6ba43-652d-4725-96f6-6a34d92bdafb"",""replica"":""3a6a98ac-33a5-460d-82e3-5ddb81381546""}",2026-07-23T06:52:16.207579059Z
"2026-07-23T06:52:16.039Z [[34mdebug[39m] ✅ [LIFECYCLE:PUBACK_OK] Device confirmed message receipt {""service"":""mqtt-publisher-lite"",""deviceId"":""DEVICE-15""}",info,"{""level"":""info""}","{""project"":""90a47e04-a329-4122-9c82-2ee75a4562c2"",""environment"":""f6319bd4-2e87-40d4-8547-4ce714038bc1"",""service"":""c236b8cb-3eff-45c5-aca0-23e73e33dc8d"",""deployment"":""acf6ba43-652d-4725-96f6-6a34d92bdafb"",""replica"":""3a6a98ac-33a5-460d-82e3-5ddb81381546""}",2026-07-23T06:52:16.207592130Z
"2026-07-23T06:52:16.039Z [[34mdebug[39m] Message published {""service"":""mqtt-publisher-lite"",""topic"":""proof.mqtt/DEVICE-15/gmb"",""qos"":1,""deliveryTime"":""218ms""}",info,"{""level"":""info""}","{""project"":""90a47e04-a329-4122-9c82-2ee75a4562c2"",""environment"":""f6319bd4-2e87-40d4-8547-4ce714038bc1"",""service"":""c236b8cb-3eff-45c5-aca0-23e73e33dc8d"",""deployment"":""acf6ba43-652d-4725-96f6-6a34d92bdafb"",""replica"":""3a6a98ac-33a5-460d-82e3-5ddb81381546""}",2026-07-23T06:52:16.207597120Z
"2026-07-23T06:52:16.058Z [[34mdebug[39m] Message received {""service"":""mqtt-publisher-lite"",""topic"":""proof.mqtt/DEVICE-15/gmb"",""size"":244,""retain"":false}",info,"{""level"":""info""}","{""project"":""90a47e04-a329-4122-9c82-2ee75a4562c2"",""environment"":""f6319bd4-2e87-40d4-8547-4ce714038bc1"",""service"":""c236b8cb-3eff-45c5-aca0-23e73e33dc8d"",""deployment"":""acf6ba43-652d-4725-96f6-6a34d92bdafb"",""replica"":""3a6a98ac-33a5-460d-82e3-5ddb81381546""}",2026-07-23T06:52:16.207601715Z
"2026-07-23T06:52:16.058Z [[34mdebug[39m] Skipping echo message {""service"":""mqtt-publisher-lite"",""topic"":""proof.mqtt/DEVICE-15/gmb"",""age"":""19ms""}",info,"{""level"":""info""}","{""project"":""90a47e04-a329-4122-9c82-2ee75a4562c2"",""environment"":""f6319bd4-2e87-40d4-8547-4ce714038bc1"",""service"":""c236b8cb-3eff-45c5-aca0-23e73e33dc8d"",""deployment"":""acf6ba43-652d-4725-96f6-6a34d92bdafb"",""replica"":""3a6a98ac-33a5-460d-82e3-5ddb81381546""}",2026-07-23T06:52:16.207606643Z
"2026-07-23T06:52:16.059Z [[34mdebug[39m] Screen message received {""service"":""mqtt-publisher-lite"",""topic"":""proof.mqtt/DEVICE-15/gmb"",""screen"":""gmb""}",info,"{""level"":""info""}","{""project"":""90a47e04-a329-4122-9c82-2ee75a4562c2"",""environment"":""f6319bd4-2e87-40d4-8547-4ce714038bc1"",""service"":""c236b8cb-3eff-45c5-aca0-23e73e33dc8d"",""deployment"":""acf6ba43-652d-4725-96f6-6a34d92bdafb"",""replica"":""3a6a98ac-33a5-460d-82e3-5ddb81381546""}",2026-07-23T06:52:16.207610668Z
"2026-07-23T06:52:16.120Z [[32minfo[39m] ✅ PUBACK received {""service"":""mqtt-publisher-lite"",""messageId"":62052}",info,"{""level"":""info""}","{""project"":""90a47e04-a329-4122-9c82-2ee75a4562c2"",""environment"":""f6319bd4-2e87-40d4-8547-4ce714038bc1"",""service"":""c236b8cb-3eff-45c5-aca0-23e73e33dc8d"",""deployment"":""acf6ba43-652d-4725-96f6-6a34d92bdafb"",""replica"":""3a6a98ac-33a5-460d-82e3-5ddb81381546""}",2026-07-23T06:52:16.207614764Z
"2026-07-23T06:52:16.121Z [[32minfo[39m] ✅ QoS 1 PUBACK confirmed {""service"":""mqtt-publisher-lite"",""deviceId"":""DEVICE-13"",""messageId"":62052,""deliveryTime"":""218ms"",""pendingCount"":2}",info,"{""level"":""info""}","{""project"":""90a47e04-a329-4122-9c82-2ee75a4562c2"",""environment"":""f6319bd4-2e87-40d4-8547-4ce714038bc1"",""service"":""c236b8cb-3eff-45c5-aca0-23e73e33dc8d"",""deployment"":""acf6ba43-652d-4725-96f6-6a34d92bdafb"",""replica"":""3a6a98ac-33a5-460d-82e3-5ddb81381546""}",2026-07-23T06:52:16.207619447Z
"2026-07-23T06:52:16.121Z [[34mdebug[39m] ✅ [LIFECYCLE:PUBACK_OK] Device confirmed message receipt {""service"":""mqtt-publisher-lite"",""deviceId"":""DEVICE-13""}",info,"{""level"":""info""}","{""project"":""90a47e04-a329-4122-9c82-2ee75a4562c2"",""environment"":""f6319bd4-2e87-40d4-8547-4ce714038bc1"",""service"":""c236b8cb-3eff-45c5-aca0-23e73e33dc8d"",""deployment"":""acf6ba43-652d-4725-96f6-6a34d92bdafb"",""replica"":""3a6a98ac-33a5-460d-82e3-5ddb81381546""}",2026-07-23T06:52:16.207624890Z
"2026-07-23T06:52:16.208Z [[34mdebug[39m] Message published {""service"":""mqtt-publisher-lite"",""topic"":""proof.mqtt/DEVICE-19/cmd"",""qos"":2,""deliveryTime"":""457ms""}",info,"{""level"":""info""}","{""project"":""90a47e04-a329-4122-9c82-2ee75a4562c2"",""environment"":""f6319bd4-2e87-40d4-8547-4ce714038bc1"",""service"":""c236b8cb-3eff-45c5-aca0-23e73e33dc8d"",""deployment"":""acf6ba43-652d-4725-96f6-6a34d92bdafb"",""replica"":""3a6a98ac-33a5-460d-82e3-5ddb81381546""}",2026-07-23T06:52:16.211923840Z
"2026-07-23T06:52:16.121Z [[34mdebug[39m] Message published {""service"":""mqtt-publisher-lite"",""topic"":""proof.mqtt/DEVICE-13/instagram"",""qos"":1,""deliveryTime"":""219ms""}",info,"{""level"":""info""}","{""project"":""90a47e04-a329-4122-9c82-2ee75a4562c2"",""environment"":""f6319bd4-2e87-40d4-8547-4ce714038bc1"",""service"":""c236b8cb-3eff-45c5-aca0-23e73e33dc8d"",""deployment"":""acf6ba43-652d-4725-96f6-6a34d92bdafb"",""replica"":""3a6a98ac-33a5-460d-82e3-5ddb81381546""}",2026-07-23T06:52:16.212048822Z
"2026-07-23T06:52:16.122Z [[34mdebug[39m] Message received {""service"":""mqtt-publisher-lite"",""topic"":""proof.mqtt/DEVICE-13/instagram"",""size"":226,""retain"":false}",info,"{""level"":""info""}","{""project"":""90a47e04-a329-4122-9c82-2ee75a4562c2"",""environment"":""f6319bd4-2e87-40d4-8547-4ce714038bc1"",""service"":""c236b8cb-3eff-45c5-aca0-23e73e33dc8d"",""deployment"":""acf6ba43-652d-4725-96f6-6a34d92bdafb"",""replica"":""3a6a98ac-33a5-460d-82e3-5ddb81381546""}",2026-07-23T06:52:16.212055654Z
"2026-07-23T06:52:16.122Z [[34mdebug[39m] Skipping echo message {""service"":""mqtt-publisher-lite"",""topic"":""proof.mqtt/DEVICE-13/instagram"",""age"":""1ms""}",info,"{""level"":""info""}","{""project"":""90a47e04-a329-4122-9c82-2ee75a4562c2"",""environment"":""f6319bd4-2e87-40d4-8547-4ce714038bc1"",""service"":""c236b8cb-3eff-45c5-aca0-23e73e33dc8d"",""deployment"":""acf6ba43-652d-4725-96f6-6a34d92bdafb"",""replica"":""3a6a98ac-33a5-460d-82e3-5ddb81381546""}",2026-07-23T06:52:16.212064620Z
"2026-07-23T06:52:16.122Z [[34mdebug[39m] Screen message received {""service"":""mqtt-publisher-lite"",""topic"":""proof.mqtt/DEVICE-13/instagram"",""screen"":""instagram""}",info,"{""level"":""info""}","{""project"":""90a47e04-a329-4122-9c82-2ee75a4562c2"",""environment"":""f6319bd4-2e87-40d4-8547-4ce714038bc1"",""service"":""c236b8cb-3eff-45c5-aca0-23e73e33dc8d"",""deployment"":""acf6ba43-652d-4725-96f6-6a34d92bdafb"",""replica"":""3a6a98ac-33a5-460d-82e3-5ddb81381546""}",2026-07-23T06:52:16.212072040Z
"2026-07-23T06:52:16.158Z [[32minfo[39m] [STIM_GMB] Published {""service"":""mqtt-publisher-lite"",""deviceId"":""DEVICE-15"",""reviews"":1,""target"":100,""mode"":""synthetic"",""celebration"":""false"",""done"":false}",info,"{""level"":""info""}","{""project"":""90a47e04-a329-4122-9c82-2ee75a4562c2"",""environment"":""f6319bd4-2e87-40d4-8547-4ce714038bc1"",""service"":""c236b8cb-3eff-45c5-aca0-23e73e33dc8d"",""deployment"":""acf6ba43-652d-4725-96f6-6a34d92bdafb"",""replica"":""3a6a98ac-33a5-460d-82e3-5ddb81381546""}",2026-07-23T06:52:16.212078556Z
"2026-07-23T06:52:16.160Z [[32minfo[39m] [MQTT_INGRESS] Flushed buffered messages {""service"":""mqtt-publisher-lite"",""count"":1}",info,"{""level"":""info""}","{""project"":""90a47e04-a329-4122-9c82-2ee75a4562c2"",""environment"":""f6319bd4-2e87-40d4-8547-4ce714038bc1"",""service"":""c236b8cb-3eff-45c5-aca0-23e73e33dc8d"",""deployment"":""acf6ba43-652d-4725-96f6-6a34d92bdafb"",""replica"":""3a6a98ac-33a5-460d-82e3-5ddb81381546""}",2026-07-23T06:52:16.212085469Z
"2026-07-23T06:52:16.208Z [[32minfo[39m] ✅ PUBCOMP received {""service"":""mqtt-publisher-lite"",""messageId"":62050}",info,"{""level"":""info""}","{""project"":""90a47e04-a329-4122-9c82-2ee75a4562c2"",""environment"":""f6319bd4-2e87-40d4-8547-4ce714038bc1"",""service"":""c236b8cb-3eff-45c5-aca0-23e73e33dc8d"",""deployment"":""acf6ba43-652d-4725-96f6-6a34d92bdafb"",""replica"":""3a6a98ac-33a5-460d-82e3-5ddb81381546""}",2026-07-23T06:52:16.212094945Z
"2026-07-23T06:52:16.208Z [[32minfo[39m] ✅ QoS 2 PUBCOMP confirmed {""service"":""mqtt-publisher-lite"",""deviceId"":""DEVICE-19"",""messageId"":62050,""deliveryTime"":""457ms"",""pendingCount"":1}",info,"{""level"":""info""}","{""project"":""90a47e04-a329-4122-9c82-2ee75a4562c2"",""environment"":""f6319bd4-2e87-40d4-8547-4ce714038bc1"",""service"":""c236b8cb-3eff-45c5-aca0-23e73e33dc8d"",""deployment"":""acf6ba43-652d-4725-96f6-6a34d92bdafb"",""replica"":""3a6a98ac-33a5-460d-82e3-5ddb81381546""}",2026-07-23T06:52:16.212101259Z
"2026-07-23T06:52:16.208Z [[34mdebug[39m] ✅ [LIFECYCLE:PUBACK_OK] Device confirmed message receipt {""service"":""mqtt-publisher-lite"",""deviceId"":""DEVICE-19""}",info,"{""level"":""info""}","{""project"":""90a47e04-a329-4122-9c82-2ee75a4562c2"",""environment"":""f6319bd4-2e87-40d4-8547-4ce714038bc1"",""service"":""c236b8cb-3eff-45c5-aca0-23e73e33dc8d"",""deployment"":""acf6ba43-652d-4725-96f6-6a34d92bdafb"",""replica"":""3a6a98ac-33a5-460d-82e3-5ddb81381546""}",2026-07-23T06:52:16.212109827Z
"2026-07-23T06:52:16.231Z [[32minfo[39m] [STIM_IG] Published {""service"":""mqtt-publisher-lite"",""deviceId"":""DEVICE-13"",""followers"":3,""target"":500,""mode"":""synthetic"",""achievement"":5,""celebration"":""false"",""done"":false}",info,"{""level"":""info""}","{""project"":""90a47e04-a329-4122-9c82-2ee75a4562c2"",""environment"":""f6319bd4-2e87-40d4-8547-4ce714038bc1"",""service"":""c236b8cb-3eff-45c5-aca0-23e73e33dc8d"",""deployment"":""acf6ba43-652d-4725-96f6-6a34d92bdafb"",""replica"":""3a6a98ac-33a5-460d-82e3-5ddb81381546""}",2026-07-23T06:52:16.249356504Z
"2026-07-23T06:52:16.270Z [[32minfo[39m] ✅ PUBACK received {""service"":""mqtt-publisher-lite"",""messageId"":62053}",info,"{""level"":""info""}","{""project"":""90a47e04-a329-4122-9c82-2ee75a4562c2"",""environment"":""f6319bd4-2e87-40d4-8547-4ce714038bc1"",""service"":""c236b8cb-3eff-45c5-aca0-23e73e33dc8d"",""deployment"":""acf6ba43-652d-4725-96f6-6a34d92bdafb"",""replica"":""3a6a98ac-33a5-460d-82e3-5ddb81381546""}",2026-07-23T06:52:16.276096768Z
"2026-07-23T06:52:16.270Z [[32minfo[39m] ✅ QoS 1 PUBACK confirmed {""service"":""mqtt-publisher-lite"",""deviceId"":""DEVICE-13"",""messageId"":62053,""deliveryTime"":""232ms"",""pendingCount"":0}",info,"{""level"":""info""}","{""project"":""90a47e04-a329-4122-9c82-2ee75a4562c2"",""environment"":""f6319bd4-2e87-40d4-8547-4ce714038bc1"",""service"":""c236b8cb-3eff-45c5-aca0-23e73e33dc8d"",""deployment"":""acf6ba43-652d-4725-96f6-6a34d92bdafb"",""replica"":""3a6a98ac-33a5-460d-82e3-5ddb81381546""}",2026-07-23T06:52:16.276107978Z
"2026-07-23T06:52:16.270Z [[34mdebug[39m] ✅ [LIFECYCLE:PUBACK_OK] Device confirmed message receipt {""service"":""mqtt-publisher-lite"",""deviceId"":""DEVICE-13""}",info,"{""level"":""info""}","{""project"":""90a47e04-a329-4122-9c82-2ee75a4562c2"",""environment"":""f6319bd4-2e87-40d4-8547-4ce714038bc1"",""service"":""c236b8cb-3eff-45c5-aca0-23e73e33dc8d"",""deployment"":""acf6ba43-652d-4725-96f6-6a34d92bdafb"",""replica"":""3a6a98ac-33a5-460d-82e3-5ddb81381546""}",2026-07-23T06:52:16.276115290Z
"2026-07-23T06:52:16.270Z [[34mdebug[39m] Message published {""service"":""mqtt-publisher-lite"",""topic"":""proof.mqtt/DEVICE-13/gmb"",""qos"":1,""deliveryTime"":""233ms""}",info,"{""level"":""info""}","{""project"":""90a47e04-a329-4122-9c82-2ee75a4562c2"",""environment"":""f6319bd4-2e87-40d4-8547-4ce714038bc1"",""service"":""c236b8cb-3eff-45c5-aca0-23e73e33dc8d"",""deployment"":""acf6ba43-652d-4725-96f6-6a34d92bdafb"",""replica"":""3a6a98ac-33a5-460d-82e3-5ddb81381546""}",2026-07-23T06:52:16.276122255Z
"2026-07-23T06:52:16.270Z [[34mdebug[39m] Message received {""service"":""mqtt-publisher-lite"",""topic"":""proof.mqtt/DEVICE-13/gmb"",""size"":244,""retain"":false}",info,"{""level"":""info""}","{""project"":""90a47e04-a329-4122-9c82-2ee75a4562c2"",""environment"":""f6319bd4-2e87-40d4-8547-4ce714038bc1"",""service"":""c236b8cb-3eff-45c5-aca0-23e73e33dc8d"",""deployment"":""acf6ba43-652d-4725-96f6-6a34d92bdafb"",""replica"":""3a6a98ac-33a5-460d-82e3-5ddb81381546""}",2026-07-23T06:52:16.276129343Z
"2026-07-23T06:52:16.270Z [[34mdebug[39m] Skipping echo message {""service"":""mqtt-publisher-lite"",""topic"":""proof.mqtt/DEVICE-13/gmb"",""age"":""0ms""}",info,"{""level"":""info""}","{""project"":""90a47e04-a329-4122-9c82-2ee75a4562c2"",""environment"":""f6319bd4-2e87-40d4-8547-4ce714038bc1"",""service"":""c236b8cb-3eff-45c5-aca0-23e73e33dc8d"",""deployment"":""acf6ba43-652d-4725-96f6-6a34d92bdafb"",""replica"":""3a6a98ac-33a5-460d-82e3-5ddb81381546""}",2026-07-23T06:52:16.276136110Z
"2026-07-23T06:52:16.271Z [[34mdebug[39m] Screen message received {""service"":""mqtt-publisher-lite"",""topic"":""proof.mqtt/DEVICE-13/gmb"",""screen"":""gmb""}",info,"{""level"":""info""}","{""project"":""90a47e04-a329-4122-9c82-2ee75a4562c2"",""environment"":""f6319bd4-2e87-40d4-8547-4ce714038bc1"",""service"":""c236b8cb-3eff-45c5-aca0-23e73e33dc8d"",""deployment"":""acf6ba43-652d-4725-96f6-6a34d92bdafb"",""replica"":""3a6a98ac-33a5-460d-82e3-5ddb81381546""}",2026-07-23T06:52:16.276142441Z
"2026-07-23T06:52:16.336Z [[32minfo[39m] [OTA] Published ota_update cmd {""service"":""mqtt-publisher-lite"",""deviceId"":""DEVICE-19"",""version"":""1.0.1"",""topic"":""proof.mqtt/DEVICE-19/cmd""}",info,"{""level"":""info""}","{""project"":""90a47e04-a329-4122-9c82-2ee75a4562c2"",""environment"":""f6319bd4-2e87-40d4-8547-4ce714038bc1"",""service"":""c236b8cb-3eff-45c5-aca0-23e73e33dc8d"",""deployment"":""acf6ba43-652d-4725-96f6-6a34d92bdafb"",""replica"":""3a6a98ac-33a5-460d-82e3-5ddb81381546""}",2026-07-23T06:52:16.348193782Z
"2026-07-23T06:52:16.401Z [[32minfo[39m] [STIM_GMB] Published {""service"":""mqtt-publisher-lite"",""deviceId"":""DEVICE-13"",""reviews"":1,""target"":100,""mode"":""synthetic"",""celebration"":""false"",""done"":false}",info,"{""level"":""info""}","{""project"":""90a47e04-a329-4122-9c82-2ee75a4562c2"",""environment"":""f6319bd4-2e87-40d4-8547-4ce714038bc1"",""service"":""c236b8cb-3eff-45c5-aca0-23e73e33dc8d"",""deployment"":""acf6ba43-652d-4725-96f6-6a34d92bdafb"",""replica"":""3a6a98ac-33a5-460d-82e3-5ddb81381546""}",2026-07-23T06:52:16.412583561Z
"2026-07-23T06:52:16.401Z [[34mdebug[39m] PKI audit event written to InfluxDB {""service"":""mqtt-publisher-lite"",""event"":""OTA_COMMAND_ISSUED"",""deviceId"":""DEVICE-19""}",info,"{""level"":""info""}","{""project"":""90a47e04-a329-4122-9c82-2ee75a4562c2"",""environment"":""f6319bd4-2e87-40d4-8547-4ce714038bc1"",""service"":""c236b8cb-3eff-45c5-aca0-23e73e33dc8d"",""deployment"":""acf6ba43-652d-4725-96f6-6a34d92bdafb"",""replica"":""3a6a98ac-33a5-460d-82e3-5ddb81381546""}",2026-07-23T06:52:16.412589740Z
"2026-07-23T06:52:16.401Z [[34mdebug[39m] Audit event logged to InfluxDB {""service"":""mqtt-publisher-lite"",""sequence"":34,""event"":""OTA_COMMAND_ISSUED"",""deviceId"":""DEVICE-19"",""hash"":""283f0c9840dd5735...""}",info,"{""level"":""info""}","{""project"":""90a47e04-a329-4122-9c82-2ee75a4562c2"",""environment"":""f6319bd4-2e87-40d4-8547-4ce714038bc1"",""service"":""c236b8cb-3eff-45c5-aca0-23e73e33dc8d"",""deployment"":""acf6ba43-652d-4725-96f6-6a34d92bdafb"",""replica"":""3a6a98ac-33a5-460d-82e3-5ddb81381546""}",2026-07-23T06:52:16.412597390Z
"2026-07-23T06:52:17.118Z [[32minfo[39m] ✅ QoS 2 PUBCOMP confirmed {""service"":""mqtt-publisher-lite"",""deviceId"":""DEVICE-17"",""messageId"":62054,""deliveryTime"":""448ms"",""pendingCount"":0}",info,"{""level"":""info""}","{""project"":""90a47e04-a329-4122-9c82-2ee75a4562c2"",""environment"":""f6319bd4-2e87-40d4-8547-4ce714038bc1"",""service"":""c236b8cb-3eff-45c5-aca0-23e73e33dc8d"",""deployment"":""acf6ba43-652d-4725-96f6-6a34d92bdafb"",""replica"":""3a6a98ac-33a5-460d-82e3-5ddb81381546""}",2026-07-23T06:52:17.175473691Z
"2026-07-23T06:52:17.118Z [[34mdebug[39m] ✅ [LIFECYCLE:PUBACK_OK] Device confirmed message receipt {""service"":""mqtt-publisher-lite"",""deviceId"":""DEVICE-17""}",info,"{""level"":""info""}","{""project"":""90a47e04-a329-4122-9c82-2ee75a4562c2"",""environment"":""f6319bd4-2e87-40d4-8547-4ce714038bc1"",""service"":""c236b8cb-3eff-45c5-aca0-23e73e33dc8d"",""deployment"":""acf6ba43-652d-4725-96f6-6a34d92bdafb"",""replica"":""3a6a98ac-33a5-460d-82e3-5ddb81381546""}",2026-07-23T06:52:17.175491606Z
"2026-07-23T06:52:16.600Z [[34mdebug[39m] Message received {""service"":""mqtt-publisher-lite"",""topic"":""proof.mqtt/DEVICE-19/status"",""size"":53,""retain"":false}",info,"{""level"":""info""}","{""project"":""90a47e04-a329-4122-9c82-2ee75a4562c2"",""environment"":""f6319bd4-2e87-40d4-8547-4ce714038bc1"",""service"":""c236b8cb-3eff-45c5-aca0-23e73e33dc8d"",""deployment"":""acf6ba43-652d-4725-96f6-6a34d92bdafb"",""replica"":""3a6a98ac-33a5-460d-82e3-5ddb81381546""}",2026-07-23T06:52:17.175746805Z
"2026-07-23T06:52:16.670Z [[32minfo[39m] [OTA] TEST_OTA — ungated publish proof:1.0.1 {""service"":""mqtt-publisher-lite"",""deviceId"":""DEVICE-17"",""reason"":""active_cache_fanout"",""version"":""1.0.1"",""downloadUrl"":""https://server.withproof.io/api/v1/ota/download/proof%3A1.0.1"",""releaseVersion"":""4.3.1-mvp""}",info,"{""level"":""info""}","{""project"":""90a47e04-a329-4122-9c82-2ee75a4562c2"",""environment"":""f6319bd4-2e87-40d4-8547-4ce714038bc1"",""service"":""c236b8cb-3eff-45c5-aca0-23e73e33dc8d"",""deployment"":""acf6ba43-652d-4725-96f6-6a34d92bdafb"",""replica"":""3a6a98ac-33a5-460d-82e3-5ddb81381546""}",2026-07-23T06:52:17.175756323Z
"2026-07-23T06:52:16.670Z [[32minfo[39m] 📤 QoS 2 message sent {""service"":""mqtt-publisher-lite"",""messageId"":62054,""topic"":""proof.mqtt/DEVICE-17/cmd"",""qos"":2}",info,"{""level"":""info""}","{""project"":""90a47e04-a329-4122-9c82-2ee75a4562c2"",""environment"":""f6319bd4-2e87-40d4-8547-4ce714038bc1"",""service"":""c236b8cb-3eff-45c5-aca0-23e73e33dc8d"",""deployment"":""acf6ba43-652d-4725-96f6-6a34d92bdafb"",""replica"":""3a6a98ac-33a5-460d-82e3-5ddb81381546""}",2026-07-23T06:52:17.175766118Z
"2026-07-23T06:52:16.670Z [[32minfo[39m] ⏱️ Tracking QoS 2 message (30s timeout) {""service"":""mqtt-publisher-lite"",""deviceId"":""DEVICE-17"",""messageId"":62054,""topic"":""proof.mqtt/DEVICE-17/cmd"",""pendingCount"":1}",info,"{""level"":""info""}","{""project"":""90a47e04-a329-4122-9c82-2ee75a4562c2"",""environment"":""f6319bd4-2e87-40d4-8547-4ce714038bc1"",""service"":""c236b8cb-3eff-45c5-aca0-23e73e33dc8d"",""deployment"":""acf6ba43-652d-4725-96f6-6a34d92bdafb"",""replica"":""3a6a98ac-33a5-460d-82e3-5ddb81381546""}",2026-07-23T06:52:17.175774559Z
"2026-07-23T06:52:16.834Z [[34mdebug[39m] [OTA] Pilot ignores progress/validation event {""service"":""mqtt-publisher-lite"",""deviceId"":""DEVICE-19"",""key"":""ota_progress""}",info,"{""level"":""info""}","{""project"":""90a47e04-a329-4122-9c82-2ee75a4562c2"",""environment"":""f6319bd4-2e87-40d4-8547-4ce714038bc1"",""service"":""c236b8cb-3eff-45c5-aca0-23e73e33dc8d"",""deployment"":""acf6ba43-652d-4725-96f6-6a34d92bdafb"",""replica"":""3a6a98ac-33a5-460d-82e3-5ddb81381546""}",2026-07-23T06:52:17.175782959Z
"2026-07-23T06:52:16.836Z [[32minfo[39m] 📊 Device Status Update {""service"":""mqtt-publisher-lite"",""deviceId"":""DEVICE-19"",""eventType"":""ota_progress""}",info,"{""level"":""info""}","{""project"":""90a47e04-a329-4122-9c82-2ee75a4562c2"",""environment"":""f6319bd4-2e87-40d4-8547-4ce714038bc1"",""service"":""c236b8cb-3eff-45c5-aca0-23e73e33dc8d"",""deployment"":""acf6ba43-652d-4725-96f6-6a34d92bdafb"",""replica"":""3a6a98ac-33a5-460d-82e3-5ddb81381546""}",2026-07-23T06:52:17.175790292Z
"2026-07-23T06:52:16.836Z [[34mdebug[39m] OTA telemetry written to InfluxDB {""service"":""mqtt-publisher-lite"",""deviceId"":""DEVICE-19"",""event"":""ota_progress""}",info,"{""level"":""info""}","{""project"":""90a47e04-a329-4122-9c82-2ee75a4562c2"",""environment"":""f6319bd4-2e87-40d4-8547-4ce714038bc1"",""service"":""c236b8cb-3eff-45c5-aca0-23e73e33dc8d"",""deployment"":""acf6ba43-652d-4725-96f6-6a34d92bdafb"",""replica"":""3a6a98ac-33a5-460d-82e3-5ddb81381546""}",2026-07-23T06:52:17.175797085Z
"2026-07-23T06:52:17.118Z [[32minfo[39m] ✅ PUBCOMP received {""service"":""mqtt-publisher-lite"",""messageId"":62054}",info,"{""level"":""info""}","{""project"":""90a47e04-a329-4122-9c82-2ee75a4562c2"",""environment"":""f6319bd4-2e87-40d4-8547-4ce714038bc1"",""service"":""c236b8cb-3eff-45c5-aca0-23e73e33dc8d"",""deployment"":""acf6ba43-652d-4725-96f6-6a34d92bdafb"",""replica"":""3a6a98ac-33a5-460d-82e3-5ddb81381546""}",2026-07-23T06:52:17.175804273Z
"2026-07-23T06:52:17.119Z [[34mdebug[39m] Message published {""service"":""mqtt-publisher-lite"",""topic"":""proof.mqtt/DEVICE-17/cmd"",""qos"":2,""deliveryTime"":""449ms""}",info,"{""level"":""info""}","{""project"":""90a47e04-a329-4122-9c82-2ee75a4562c2"",""environment"":""f6319bd4-2e87-40d4-8547-4ce714038bc1"",""service"":""c236b8cb-3eff-45c5-aca0-23e73e33dc8d"",""deployment"":""acf6ba43-652d-4725-96f6-6a34d92bdafb"",""replica"":""3a6a98ac-33a5-460d-82e3-5ddb81381546""}",2026-07-23T06:52:17.176414111Z
"2026-07-23T06:52:17.259Z [[32minfo[39m] [OTA] Published ota_update cmd {""service"":""mqtt-publisher-lite"",""deviceId"":""DEVICE-17"",""version"":""1.0.1"",""topic"":""proof.mqtt/DEVICE-17/cmd""}",info,"{""level"":""info""}","{""project"":""90a47e04-a329-4122-9c82-2ee75a4562c2"",""environment"":""f6319bd4-2e87-40d4-8547-4ce714038bc1"",""service"":""c236b8cb-3eff-45c5-aca0-23e73e33dc8d"",""deployment"":""acf6ba43-652d-4725-96f6-6a34d92bdafb"",""replica"":""3a6a98ac-33a5-460d-82e3-5ddb81381546""}",2026-07-23T06:52:17.267808655Z
"2026-07-23T06:52:17.286Z [[34mdebug[39m] PKI audit event written to InfluxDB {""service"":""mqtt-publisher-lite"",""event"":""OTA_COMMAND_ISSUED"",""deviceId"":""DEVICE-17""}",info,"{""level"":""info""}","{""project"":""90a47e04-a329-4122-9c82-2ee75a4562c2"",""environment"":""f6319bd4-2e87-40d4-8547-4ce714038bc1"",""service"":""c236b8cb-3eff-45c5-aca0-23e73e33dc8d"",""deployment"":""acf6ba43-652d-4725-96f6-6a34d92bdafb"",""replica"":""3a6a98ac-33a5-460d-82e3-5ddb81381546""}",2026-07-23T06:52:17.295385800Z
"2026-07-23T06:52:17.287Z [[34mdebug[39m] Audit event logged to InfluxDB {""service"":""mqtt-publisher-lite"",""sequence"":35,""event"":""OTA_COMMAND_ISSUED"",""deviceId"":""DEVICE-17"",""hash"":""99331a29c50a16b0...""}",info,"{""level"":""info""}","{""project"":""90a47e04-a329-4122-9c82-2ee75a4562c2"",""environment"":""f6319bd4-2e87-40d4-8547-4ce714038bc1"",""service"":""c236b8cb-3eff-45c5-aca0-23e73e33dc8d"",""deployment"":""acf6ba43-652d-4725-96f6-6a34d92bdafb"",""replica"":""3a6a98ac-33a5-460d-82e3-5ddb81381546""}",2026-07-23T06:52:17.295399797Z
"2026-07-23T06:52:17.593Z [[32minfo[39m] [OTA] TEST_OTA — ungated publish proof:1.0.1 {""service"":""mqtt-publisher-lite"",""deviceId"":""DEVICE-13"",""reason"":""active_cache_fanout"",""version"":""1.0.1"",""downloadUrl"":""https://server.withproof.io/api/v1/ota/download/proof%3A1.0.1"",""releaseVersion"":""4.3.1-mvp""}",info,"{""level"":""info""}","{""project"":""90a47e04-a329-4122-9c82-2ee75a4562c2"",""environment"":""f6319bd4-2e87-40d4-8547-4ce714038bc1"",""service"":""c236b8cb-3eff-45c5-aca0-23e73e33dc8d"",""deployment"":""acf6ba43-652d-4725-96f6-6a34d92bdafb"",""replica"":""3a6a98ac-33a5-460d-82e3-5ddb81381546""}",2026-07-23T06:52:18.327362664Z
"2026-07-23T06:52:17.593Z [[32minfo[39m] 📤 QoS 2 message sent {""service"":""mqtt-publisher-lite"",""messageId"":62055,""topic"":""proof.mqtt/DEVICE-13/cmd"",""qos"":2}",info,"{""level"":""info""}","{""project"":""90a47e04-a329-4122-9c82-2ee75a4562c2"",""environment"":""f6319bd4-2e87-40d4-8547-4ce714038bc1"",""service"":""c236b8cb-3eff-45c5-aca0-23e73e33dc8d"",""deployment"":""acf6ba43-652d-4725-96f6-6a34d92bdafb"",""replica"":""3a6a98ac-33a5-460d-82e3-5ddb81381546""}",2026-07-23T06:52:18.327370161Z
"2026-07-23T06:52:17.593Z [[32minfo[39m] ⏱️ Tracking QoS 2 message (30s timeout) {""service"":""mqtt-publisher-lite"",""deviceId"":""DEVICE-13"",""messageId"":62055,""topic"":""proof.mqtt/DEVICE-13/cmd"",""pendingCount"":1}",info,"{""level"":""info""}","{""project"":""90a47e04-a329-4122-9c82-2ee75a4562c2"",""environment"":""f6319bd4-2e87-40d4-8547-4ce714038bc1"",""service"":""c236b8cb-3eff-45c5-aca0-23e73e33dc8d"",""deployment"":""acf6ba43-652d-4725-96f6-6a34d92bdafb"",""replica"":""3a6a98ac-33a5-460d-82e3-5ddb81381546""}",2026-07-23T06:52:18.327378420Z
"2026-07-23T06:52:18.033Z [[32minfo[39m] ✅ PUBCOMP received {""service"":""mqtt-publisher-lite"",""messageId"":62055}",info,"{""level"":""info""}","{""project"":""90a47e04-a329-4122-9c82-2ee75a4562c2"",""environment"":""f6319bd4-2e87-40d4-8547-4ce714038bc1"",""service"":""c236b8cb-3eff-45c5-aca0-23e73e33dc8d"",""deployment"":""acf6ba43-652d-4725-96f6-6a34d92bdafb"",""replica"":""3a6a98ac-33a5-460d-82e3-5ddb81381546""}",2026-07-23T06:52:18.327385821Z
"2026-07-23T06:52:18.033Z [[32minfo[39m] ✅ QoS 2 PUBCOMP confirmed {""service"":""mqtt-publisher-lite"",""deviceId"":""DEVICE-13"",""messageId"":62055,""deliveryTime"":""440ms"",""pendingCount"":0}",info,"{""level"":""info""}","{""project"":""90a47e04-a329-4122-9c82-2ee75a4562c2"",""environment"":""f6319bd4-2e87-40d4-8547-4ce714038bc1"",""service"":""c236b8cb-3eff-45c5-aca0-23e73e33dc8d"",""deployment"":""acf6ba43-652d-4725-96f6-6a34d92bdafb"",""replica"":""3a6a98ac-33a5-460d-82e3-5ddb81381546""}",2026-07-23T06:52:18.327392334Z
"2026-07-23T06:52:18.033Z [[34mdebug[39m] ✅ [LIFECYCLE:PUBACK_OK] Device confirmed message receipt {""service"":""mqtt-publisher-lite"",""deviceId"":""DEVICE-13""}",info,"{""level"":""info""}","{""project"":""90a47e04-a329-4122-9c82-2ee75a4562c2"",""environment"":""f6319bd4-2e87-40d4-8547-4ce714038bc1"",""service"":""c236b8cb-3eff-45c5-aca0-23e73e33dc8d"",""deployment"":""acf6ba43-652d-4725-96f6-6a34d92bdafb"",""replica"":""3a6a98ac-33a5-460d-82e3-5ddb81381546""}",2026-07-23T06:52:18.327400058Z
"2026-07-23T06:52:18.033Z [[34mdebug[39m] Message published {""service"":""mqtt-publisher-lite"",""topic"":""proof.mqtt/DEVICE-13/cmd"",""qos"":2,""deliveryTime"":""440ms""}",info,"{""level"":""info""}","{""project"":""90a47e04-a329-4122-9c82-2ee75a4562c2"",""environment"":""f6319bd4-2e87-40d4-8547-4ce714038bc1"",""service"":""c236b8cb-3eff-45c5-aca0-23e73e33dc8d"",""deployment"":""acf6ba43-652d-4725-96f6-6a34d92bdafb"",""replica"":""3a6a98ac-33a5-460d-82e3-5ddb81381546""}",2026-07-23T06:52:18.327409704Z
"2026-07-23T06:52:18.173Z [[32minfo[39m] [OTA] Published ota_update cmd {""service"":""mqtt-publisher-lite"",""deviceId"":""DEVICE-13"",""version"":""1.0.1"",""topic"":""proof.mqtt/DEVICE-13/cmd""}",info,"{""level"":""info""}","{""project"":""90a47e04-a329-4122-9c82-2ee75a4562c2"",""environment"":""f6319bd4-2e87-40d4-8547-4ce714038bc1"",""service"":""c236b8cb-3eff-45c5-aca0-23e73e33dc8d"",""deployment"":""acf6ba43-652d-4725-96f6-6a34d92bdafb"",""replica"":""3a6a98ac-33a5-460d-82e3-5ddb81381546""}",2026-07-23T06:52:18.327416804Z
"2026-07-23T06:52:18.240Z [[34mdebug[39m] PKI audit event written to InfluxDB {""service"":""mqtt-publisher-lite"",""event"":""OTA_COMMAND_ISSUED"",""deviceId"":""DEVICE-13""}",info,"{""level"":""info""}","{""project"":""90a47e04-a329-4122-9c82-2ee75a4562c2"",""environment"":""f6319bd4-2e87-40d4-8547-4ce714038bc1"",""service"":""c236b8cb-3eff-45c5-aca0-23e73e33dc8d"",""deployment"":""acf6ba43-652d-4725-96f6-6a34d92bdafb"",""replica"":""3a6a98ac-33a5-460d-82e3-5ddb81381546""}",2026-07-23T06:52:18.327423133Z
"2026-07-23T06:52:18.240Z [[34mdebug[39m] Audit event logged to InfluxDB {""service"":""mqtt-publisher-lite"",""sequence"":36,""event"":""OTA_COMMAND_ISSUED"",""deviceId"":""DEVICE-13"",""hash"":""cd590a8c866b53bd...""}",info,"{""level"":""info""}","{""project"":""90a47e04-a329-4122-9c82-2ee75a4562c2"",""environment"":""f6319bd4-2e87-40d4-8547-4ce714038bc1"",""service"":""c236b8cb-3eff-45c5-aca0-23e73e33dc8d"",""deployment"":""acf6ba43-652d-4725-96f6-6a34d92bdafb"",""replica"":""3a6a98ac-33a5-460d-82e3-5ddb81381546""}",2026-07-23T06:52:18.327430510Z
"2026-07-23T06:52:18.510Z [[32minfo[39m] [OTA] TEST_OTA — ungated publish proof:1.0.1 {""service"":""mqtt-publisher-lite"",""deviceId"":""DEVICE-15"",""reason"":""active_cache_fanout"",""version"":""1.0.1"",""downloadUrl"":""https://server.withproof.io/api/v1/ota/download/proof%3A1.0.1"",""releaseVersion"":""4.3.1-mvp""}",info,"{""level"":""info""}","{""project"":""90a47e04-a329-4122-9c82-2ee75a4562c2"",""environment"":""f6319bd4-2e87-40d4-8547-4ce714038bc1"",""service"":""c236b8cb-3eff-45c5-aca0-23e73e33dc8d"",""deployment"":""acf6ba43-652d-4725-96f6-6a34d92bdafb"",""replica"":""3a6a98ac-33a5-460d-82e3-5ddb81381546""}",2026-07-23T06:52:18.529922383Z
"2026-07-23T06:52:18.510Z [[32minfo[39m] 📤 QoS 2 message sent {""service"":""mqtt-publisher-lite"",""messageId"":62056,""topic"":""proof.mqtt/DEVICE-15/cmd"",""qos"":2}",info,"{""level"":""info""}","{""project"":""90a47e04-a329-4122-9c82-2ee75a4562c2"",""environment"":""f6319bd4-2e87-40d4-8547-4ce714038bc1"",""service"":""c236b8cb-3eff-45c5-aca0-23e73e33dc8d"",""deployment"":""acf6ba43-652d-4725-96f6-6a34d92bdafb"",""replica"":""3a6a98ac-33a5-460d-82e3-5ddb81381546""}",2026-07-23T06:52:18.529928108Z
"2026-07-23T06:52:18.510Z [[32minfo[39m] ⏱️ Tracking QoS 2 message (30s timeout) {""service"":""mqtt-publisher-lite"",""deviceId"":""DEVICE-15"",""messageId"":62056,""topic"":""proof.mqtt/DEVICE-15/cmd"",""pendingCount"":1}",info,"{""level"":""info""}","{""project"":""90a47e04-a329-4122-9c82-2ee75a4562c2"",""environment"":""f6319bd4-2e87-40d4-8547-4ce714038bc1"",""service"":""c236b8cb-3eff-45c5-aca0-23e73e33dc8d"",""deployment"":""acf6ba43-652d-4725-96f6-6a34d92bdafb"",""replica"":""3a6a98ac-33a5-460d-82e3-5ddb81381546""}",2026-07-23T06:52:18.529933886Z
"2026-07-23T06:52:19.087Z [[32minfo[39m] [OTA] Published ota_update cmd {""service"":""mqtt-publisher-lite"",""deviceId"":""DEVICE-15"",""version"":""1.0.1"",""topic"":""proof.mqtt/DEVICE-15/cmd""}",info,"{""level"":""info""}","{""project"":""90a47e04-a329-4122-9c82-2ee75a4562c2"",""environment"":""f6319bd4-2e87-40d4-8547-4ce714038bc1"",""service"":""c236b8cb-3eff-45c5-aca0-23e73e33dc8d"",""deployment"":""acf6ba43-652d-4725-96f6-6a34d92bdafb"",""replica"":""3a6a98ac-33a5-460d-82e3-5ddb81381546""}",2026-07-23T06:52:19.434249025Z
"2026-07-23T06:52:19.087Z [[32minfo[39m] [OTA] TEST_OTA — fan-out complete {""service"":""mqtt-publisher-lite"",""pushed"":4,""total"":4}",info,"{""level"":""info""}","{""project"":""90a47e04-a329-4122-9c82-2ee75a4562c2"",""environment"":""f6319bd4-2e87-40d4-8547-4ce714038bc1"",""service"":""c236b8cb-3eff-45c5-aca0-23e73e33dc8d"",""deployment"":""acf6ba43-652d-4725-96f6-6a34d92bdafb"",""replica"":""3a6a98ac-33a5-460d-82e3-5ddb81381546""}",2026-07-23T06:52:19.434264211Z
"2026-07-23T06:52:19.156Z [[34mdebug[39m] PKI audit event written to InfluxDB {""service"":""mqtt-publisher-lite"",""event"":""OTA_COMMAND_ISSUED"",""deviceId"":""DEVICE-15""}",info,"{""level"":""info""}","{""project"":""90a47e04-a329-4122-9c82-2ee75a4562c2"",""environment"":""f6319bd4-2e87-40d4-8547-4ce714038bc1"",""service"":""c236b8cb-3eff-45c5-aca0-23e73e33dc8d"",""deployment"":""acf6ba43-652d-4725-96f6-6a34d92bdafb"",""replica"":""3a6a98ac-33a5-460d-82e3-5ddb81381546""}",2026-07-23T06:52:19.434271279Z
"2026-07-23T06:52:19.157Z [[34mdebug[39m] Audit event logged to InfluxDB {""service"":""mqtt-publisher-lite"",""sequence"":37,""event"":""OTA_COMMAND_ISSUED"",""deviceId"":""DEVICE-15"",""hash"":""d41bbad39cab9b17...""}",info,"{""level"":""info""}","{""project"":""90a47e04-a329-4122-9c82-2ee75a4562c2"",""environment"":""f6319bd4-2e87-40d4-8547-4ce714038bc1"",""service"":""c236b8cb-3eff-45c5-aca0-23e73e33dc8d"",""deployment"":""acf6ba43-652d-4725-96f6-6a34d92bdafb"",""replica"":""3a6a98ac-33a5-460d-82e3-5ddb81381546""}",2026-07-23T06:52:19.434278476Z
"2026-07-23T06:52:18.946Z [[34mdebug[39m] ✅ [LIFECYCLE:PUBACK_OK] Device confirmed message receipt {""service"":""mqtt-publisher-lite"",""deviceId"":""DEVICE-15""}",info,"{""level"":""info""}","{""project"":""90a47e04-a329-4122-9c82-2ee75a4562c2"",""environment"":""f6319bd4-2e87-40d4-8547-4ce714038bc1"",""service"":""c236b8cb-3eff-45c5-aca0-23e73e33dc8d"",""deployment"":""acf6ba43-652d-4725-96f6-6a34d92bdafb"",""replica"":""3a6a98ac-33a5-460d-82e3-5ddb81381546""}",2026-07-23T06:52:19.434307199Z
"2026-07-23T06:52:18.946Z [[34mdebug[39m] Message published {""service"":""mqtt-publisher-lite"",""topic"":""proof.mqtt/DEVICE-15/cmd"",""qos"":2,""deliveryTime"":""436ms""}",info,"{""level"":""info""}","{""project"":""90a47e04-a329-4122-9c82-2ee75a4562c2"",""environment"":""f6319bd4-2e87-40d4-8547-4ce714038bc1"",""service"":""c236b8cb-3eff-45c5-aca0-23e73e33dc8d"",""deployment"":""acf6ba43-652d-4725-96f6-6a34d92bdafb"",""replica"":""3a6a98ac-33a5-460d-82e3-5ddb81381546""}",2026-07-23T06:52:19.434319530Z
"2026-07-23T06:52:18.945Z [[32minfo[39m] ✅ PUBCOMP received {""service"":""mqtt-publisher-lite"",""messageId"":62056}",info,"{""level"":""info""}","{""project"":""90a47e04-a329-4122-9c82-2ee75a4562c2"",""environment"":""f6319bd4-2e87-40d4-8547-4ce714038bc1"",""service"":""c236b8cb-3eff-45c5-aca0-23e73e33dc8d"",""deployment"":""acf6ba43-652d-4725-96f6-6a34d92bdafb"",""replica"":""3a6a98ac-33a5-460d-82e3-5ddb81381546""}",2026-07-23T06:52:19.434342826Z
"2026-07-23T06:52:18.946Z [[32minfo[39m] ✅ QoS 2 PUBCOMP confirmed {""service"":""mqtt-publisher-lite"",""deviceId"":""DEVICE-15"",""messageId"":62056,""deliveryTime"":""436ms"",""pendingCount"":0}",info,"{""level"":""info""}","{""project"":""90a47e04-a329-4122-9c82-2ee75a4562c2"",""environment"":""f6319bd4-2e87-40d4-8547-4ce714038bc1"",""service"":""c236b8cb-3eff-45c5-aca0-23e73e33dc8d"",""deployment"":""acf6ba43-652d-4725-96f6-6a34d92bdafb"",""replica"":""3a6a98ac-33a5-460d-82e3-5ddb81381546""}",2026-07-23T06:52:19.434350203Z
"2026-07-23T06:52:19.461Z [[32minfo[39m] HTTP request {""service"":""mqtt-publisher-lite"",""method"":""GET"",""path"":""/ota/download/proof%3A1.0.1"",""status"":200,""duration"":""233ms""}",info,"{""level"":""info""}","{""project"":""90a47e04-a329-4122-9c82-2ee75a4562c2"",""environment"":""f6319bd4-2e87-40d4-8547-4ce714038bc1"",""service"":""c236b8cb-3eff-45c5-aca0-23e73e33dc8d"",""deployment"":""acf6ba43-652d-4725-96f6-6a34d92bdafb"",""replica"":""3a6a98ac-33a5-460d-82e3-5ddb81381546""}",2026-07-23T06:52:19.465593439Z
"2026-07-23T06:52:19.557Z [[32minfo[39m] InfluxDB batch flush {""service"":""mqtt-publisher-lite"",""source"":""compliance_disk_queue_worker"",""count"":4,""lines"":[""pki_audit,device_id=DEVICE-19,event=OTA_COMMAND_ISSUED,source=mqtt-publisher-lite count=1i,details=\""{\\\""version\\\"":\\\""1.0.1\\\"",\\\""sha256\\\"":\\\""34a9b89edbcaa1c4a9240a0559055b64f72338b11e594f20d70fdb13f32910a6\\\"",\\\""force\\\"":false,\\\""topic\\\"":\\\""proof.mqtt/DEVICE-19/cmd\\\"",\\\""keyFingerprint\\\"":\\\""7328b5af13b95e39\\\""}\"",hash=\""283f0c9840dd573552a0d38fdab626f5278c57aa875eac7772a38b41ef628ebb\"",previous_hash=\""3418c3d050aa9db60cd5bf52fb2db6fe8e1d8f19a2a5598ea51a96e1fad467ed\"",sequence=34i 1784789536335000000"",""pki_audit,device_id=DEVICE-17,event=OTA_COMMAND_ISSUED,source=mqtt-publisher-lite count=1i,details=\""{\\\""version\\\"":\\\""1.0.1\\\"",\\\""sha256\\\"":\\\""34a9b89edbcaa1c4a9240a0559055b64f72338b11e594f20d70fdb13f32910a6\\\"",\\\""force\\\"":false,\\\""topic\\\"":\\\""proof.mqtt/DEVICE-17/cmd\\\"",\\\""keyFingerprint\\\"":\\\""7328b5af13b95e39\\\""}\"",hash=\""99331a29c50a16b010bb34a01b4968ed874cc21ac187024d522a949cc021a6f0\"",previous_hash=\""283f0c9840dd573552a0d38fdab626f5278c57aa875eac7772a38b41ef628ebb\"",sequence=35i 1784789537259000000"",""pki_audit,device_id=DEVICE-13,event=OTA_COMMAND_ISSUED,source=mqtt-publisher-lite count=1i,details=\""{\\\""version\\\"":\\\""1.0.1\\\"",\\\""sha256\\\"":\\\""34a9b89edbcaa1c4a9240a0559055b64f72338b11e594f20d70fdb13f32910a6\\\"",\\\""force\\\"":false,\\\""topic\\\"":\\\""proof.mqtt/DEVICE-13/cmd\\\"",\\\""keyFingerprint\\\"":\\\""7328b5af13b95e39\\\""}\"",hash=\""cd590a8c866b53bdd045187eba298a1ab70d8cc9c34b283951c87296c0f44d7e\"",previous_hash=\""99331a29c50a16b010bb34a01b4968ed874cc21ac187024d522a949cc021a6f0\"",sequence=36i 1784789538173000000"",""pki_audit,device_id=DEVICE-15,event=OTA_COMMAND_ISSUED,source=mqtt-publisher-lite count=1i,details=\""{\\\""version\\\"":\\\""1.0.1\\\"",\\\""sha256\\\"":\\\""34a9b89edbcaa1c4a9240a0559055b64f72338b11e594f20d70fdb13f32910a6\\\"",\\\""force\\\"":false,\\\""topic\\\"":\\\""proof.mqtt/DEVICE-15/cmd\\\"",\\\""keyFingerprint\\\"":\\\""7328b5af13b95e39\\\""}\"",hash=\""d41bbad39cab9b17ce8c1a5d593702058a39a52c125ebeb9075040f04c5773cf\"",previous_hash=\""cd590a8c866b53bdd045187eba298a1ab70d8cc9c34b283951c87296c0f44d7e\"",sequence=37i 1784789539087000000""]}",info,"{""level"":""info""}","{""project"":""90a47e04-a329-4122-9c82-2ee75a4562c2"",""environment"":""f6319bd4-2e87-40d4-8547-4ce714038bc1"",""service"":""c236b8cb-3eff-45c5-aca0-23e73e33dc8d"",""deployment"":""acf6ba43-652d-4725-96f6-6a34d92bdafb"",""replica"":""3a6a98ac-33a5-460d-82e3-5ddb81381546""}",2026-07-23T06:52:19.577616438Z
"2026-07-23T06:52:19.594Z [[32minfo[39m] HTTP request {""service"":""mqtt-publisher-lite"",""method"":""GET"",""path"":""/ota/offer/1.0.1"",""status"":200,""duration"":""182ms""}",info,"{""level"":""info""}","{""project"":""90a47e04-a329-4122-9c82-2ee75a4562c2"",""environment"":""f6319bd4-2e87-40d4-8547-4ce714038bc1"",""service"":""c236b8cb-3eff-45c5-aca0-23e73e33dc8d"",""deployment"":""acf6ba43-652d-4725-96f6-6a34d92bdafb"",""replica"":""3a6a98ac-33a5-460d-82e3-5ddb81381546""}",2026-07-23T06:52:19.603795272Z
"2026-07-23T06:52:19.619Z [[34mdebug[39m] Message received {""service"":""mqtt-publisher-lite"",""topic"":""proof.mqtt/DEVICE-13/status"",""size"":478,""retain"":false}",info,"{""level"":""info""}","{""project"":""90a47e04-a329-4122-9c82-2ee75a4562c2"",""environment"":""f6319bd4-2e87-40d4-8547-4ce714038bc1"",""service"":""c236b8cb-3eff-45c5-aca0-23e73e33dc8d"",""deployment"":""acf6ba43-652d-4725-96f6-6a34d92bdafb"",""replica"":""3a6a98ac-33a5-460d-82e3-5ddb81381546""}",2026-07-23T06:52:19.622871298Z
"2026-07-23T06:52:20.142Z [[32minfo[39m] 📊 Device Status Update {""service"":""mqtt-publisher-lite"",""deviceId"":""DEVICE-13"",""eventType"":""ota_fail""}",info,"{""level"":""info""}","{""project"":""90a47e04-a329-4122-9c82-2ee75a4562c2"",""environment"":""f6319bd4-2e87-40d4-8547-4ce714038bc1"",""service"":""c236b8cb-3eff-45c5-aca0-23e73e33dc8d"",""deployment"":""acf6ba43-652d-4725-96f6-6a34d92bdafb"",""replica"":""3a6a98ac-33a5-460d-82e3-5ddb81381546""}",2026-07-23T06:52:20.372200202Z
"2026-07-23T06:52:19.862Z [[34mdebug[39m] Message received {""service"":""mqtt-publisher-lite"",""topic"":""proof.mqtt/DEVICE-19/status"",""size"":103,""retain"":false}",info,"{""level"":""info""}","{""project"":""90a47e04-a329-4122-9c82-2ee75a4562c2"",""environment"":""f6319bd4-2e87-40d4-8547-4ce714038bc1"",""service"":""c236b8cb-3eff-45c5-aca0-23e73e33dc8d"",""deployment"":""acf6ba43-652d-4725-96f6-6a34d92bdafb"",""replica"":""3a6a98ac-33a5-460d-82e3-5ddb81381546""}",2026-07-23T06:52:20.372206390Z
"2026-07-23T06:52:20.096Z [[34mdebug[39m] [OTA] Ignored status event {""service"":""mqtt-publisher-lite"",""deviceId"":""DEVICE-19"",""key"":""ota_failure""}",info,"{""level"":""info""}","{""project"":""90a47e04-a329-4122-9c82-2ee75a4562c2"",""environment"":""f6319bd4-2e87-40d4-8547-4ce714038bc1"",""service"":""c236b8cb-3eff-45c5-aca0-23e73e33dc8d"",""deployment"":""acf6ba43-652d-4725-96f6-6a34d92bdafb"",""replica"":""3a6a98ac-33a5-460d-82e3-5ddb81381546""}",2026-07-23T06:52:20.372214130Z
"2026-07-23T06:52:20.142Z [[34mdebug[39m] OTA telemetry written to InfluxDB {""service"":""mqtt-publisher-lite"",""deviceId"":""DEVICE-13"",""event"":""ota_fail""}",info,"{""level"":""info""}","{""project"":""90a47e04-a329-4122-9c82-2ee75a4562c2"",""environment"":""f6319bd4-2e87-40d4-8547-4ce714038bc1"",""service"":""c236b8cb-3eff-45c5-aca0-23e73e33dc8d"",""deployment"":""acf6ba43-652d-4725-96f6-6a34d92bdafb"",""replica"":""3a6a98ac-33a5-460d-82e3-5ddb81381546""}",2026-07-23T06:52:20.372216127Z
"2026-07-23T06:52:20.097Z [[32minfo[39m] 📊 Device Status Update {""service"":""mqtt-publisher-lite"",""deviceId"":""DEVICE-19"",""eventType"":""ota_failure""}",info,"{""level"":""info""}","{""project"":""90a47e04-a329-4122-9c82-2ee75a4562c2"",""environment"":""f6319bd4-2e87-40d4-8547-4ce714038bc1"",""service"":""c236b8cb-3eff-45c5-aca0-23e73e33dc8d"",""deployment"":""acf6ba43-652d-4725-96f6-6a34d92bdafb"",""replica"":""3a6a98ac-33a5-460d-82e3-5ddb81381546""}",2026-07-23T06:52:20.372223956Z
"2026-07-23T06:52:20.196Z [[34mdebug[39m] PKI audit event written to InfluxDB {""service"":""mqtt-publisher-lite"",""event"":""OTA_ROLLBACK"",""deviceId"":""DEVICE-13""}",info,"{""level"":""info""}","{""project"":""90a47e04-a329-4122-9c82-2ee75a4562c2"",""environment"":""f6319bd4-2e87-40d4-8547-4ce714038bc1"",""service"":""c236b8cb-3eff-45c5-aca0-23e73e33dc8d"",""deployment"":""acf6ba43-652d-4725-96f6-6a34d92bdafb"",""replica"":""3a6a98ac-33a5-460d-82e3-5ddb81381546""}",2026-07-23T06:52:20.372227420Z
"2026-07-23T06:52:20.097Z [[34mdebug[39m] OTA telemetry written to InfluxDB {""service"":""mqtt-publisher-lite"",""deviceId"":""DEVICE-19"",""event"":""ota_failure""}",info,"{""level"":""info""}","{""project"":""90a47e04-a329-4122-9c82-2ee75a4562c2"",""environment"":""f6319bd4-2e87-40d4-8547-4ce714038bc1"",""service"":""c236b8cb-3eff-45c5-aca0-23e73e33dc8d"",""deployment"":""acf6ba43-652d-4725-96f6-6a34d92bdafb"",""replica"":""3a6a98ac-33a5-460d-82e3-5ddb81381546""}",2026-07-23T06:52:20.372233415Z
"2026-07-23T06:52:20.196Z [[34mdebug[39m] Audit event logged to InfluxDB {""service"":""mqtt-publisher-lite"",""sequence"":38,""event"":""OTA_ROLLBACK"",""deviceId"":""DEVICE-13"",""hash"":""92c0df5d77fe76ba...""}",info,"{""level"":""info""}","{""project"":""90a47e04-a329-4122-9c82-2ee75a4562c2"",""environment"":""f6319bd4-2e87-40d4-8547-4ce714038bc1"",""service"":""c236b8cb-3eff-45c5-aca0-23e73e33dc8d"",""deployment"":""acf6ba43-652d-4725-96f6-6a34d92bdafb"",""replica"":""3a6a98ac-33a5-460d-82e3-5ddb81381546""}",2026-07-23T06:52:20.372238115Z
"2026-07-23T06:52:24.445Z [[32minfo[39m] InfluxDB batch flush {""service"":""mqtt-publisher-lite"",""source"":""compliance_disk_queue_worker"",""count"":1,""lines"":[""pki_audit,device_id=DEVICE-13,event=OTA_ROLLBACK,source=mqtt-publisher-lite count=1i,details=\""{\\\""version\\\"":\\\""\\\"",\\\""previousFirmwareVersion\\\"":\\\""unknown\\\"",\\\""reason\\\"":\\\""Content-Length mismatch. expected=1124448 actual=1213440\\\"",\\\""failures\\\"":1,\\\""blocked\\\"":false}\"",hash=\""92c0df5d77fe76ba347f1af40b3b2a90ee140a98227ba7a051494c0b8ab81e9a\"",previous_hash=\""d41bbad39cab9b17ce8c1a5d593702058a39a52c125ebeb9075040f04c5773cf\"",sequence=38i 1784789540142000000""]}",info,"{""level"":""info""}","{""project"":""90a47e04-a329-4122-9c82-2ee75a4562c2"",""environment"":""f6319bd4-2e87-40d4-8547-4ce714038bc1"",""service"":""c236b8cb-3eff-45c5-aca0-23e73e33dc8d"",""deployment"":""acf6ba43-652d-4725-96f6-6a34d92bdafb"",""replica"":""3a6a98ac-33a5-460d-82e3-5ddb81381546""}",2026-07-23T06:52:24.556153539Z
"2026-07-23T06:52:45.901Z [[32minfo[39m] ⏱️ Tracking QoS 1 message (30s timeout) {""service"":""mqtt-publisher-lite"",""deviceId"":""DEVICE-13"",""messageId"":62059,""topic"":""proof.mqtt/DEVICE-13/instagram"",""pendingCount"":3}",info,"{""level"":""info""}","{""project"":""90a47e04-a329-4122-9c82-2ee75a4562c2"",""environment"":""f6319bd4-2e87-40d4-8547-4ce714038bc1"",""service"":""c236b8cb-3eff-45c5-aca0-23e73e33dc8d"",""deployment"":""acf6ba43-652d-4725-96f6-6a34d92bdafb"",""replica"":""3a6a98ac-33a5-460d-82e3-5ddb81381546""}",2026-07-23T06:52:53.638125467Z
"2026-07-23T06:52:45.905Z [[32minfo[39m] ✅ PUBACK received {""service"":""mqtt-publisher-lite"",""messageId"":62057}",info,"{""level"":""info""}","{""project"":""90a47e04-a329-4122-9c82-2ee75a4562c2"",""environment"":""f6319bd4-2e87-40d4-8547-4ce714038bc1"",""service"":""c236b8cb-3eff-45c5-aca0-23e73e33dc8d"",""deployment"":""acf6ba43-652d-4725-96f6-6a34d92bdafb"",""replica"":""3a6a98ac-33a5-460d-82e3-5ddb81381546""}",2026-07-23T06:52:53.638138395Z
"2026-07-23T06:52:45.905Z [[32minfo[39m] ✅ QoS 1 PUBACK confirmed {""service"":""mqtt-publisher-lite"",""deviceId"":""DEVICE-15"",""messageId"":62057,""deliveryTime"":""218ms"",""pendingCount"":2}",info,"{""level"":""info""}","{""project"":""90a47e04-a329-4122-9c82-2ee75a4562c2"",""environment"":""f6319bd4-2e87-40d4-8547-4ce714038bc1"",""service"":""c236b8cb-3eff-45c5-aca0-23e73e33dc8d"",""deployment"":""acf6ba43-652d-4725-96f6-6a34d92bdafb"",""replica"":""3a6a98ac-33a5-460d-82e3-5ddb81381546""}",2026-07-23T06:52:53.638145226Z
"2026-07-23T06:52:45.905Z [[34mdebug[39m] ✅ [LIFECYCLE:PUBACK_OK] Device confirmed message receipt {""service"":""mqtt-publisher-lite"",""deviceId"":""DEVICE-15""}",info,"{""level"":""info""}","{""project"":""90a47e04-a329-4122-9c82-2ee75a4562c2"",""environment"":""f6319bd4-2e87-40d4-8547-4ce714038bc1"",""service"":""c236b8cb-3eff-45c5-aca0-23e73e33dc8d"",""deployment"":""acf6ba43-652d-4725-96f6-6a34d92bdafb"",""replica"":""3a6a98ac-33a5-460d-82e3-5ddb81381546""}",2026-07-23T06:52:53.638151784Z
"2026-07-23T06:52:45.905Z [[34mdebug[39m] Message published {""service"":""mqtt-publisher-lite"",""topic"":""proof.mqtt/DEVICE-15/instagram"",""qos"":1,""deliveryTime"":""219ms""}",info,"{""level"":""info""}","{""project"":""90a47e04-a329-4122-9c82-2ee75a4562c2"",""environment"":""f6319bd4-2e87-40d4-8547-4ce714038bc1"",""service"":""c236b8cb-3eff-45c5-aca0-23e73e33dc8d"",""deployment"":""acf6ba43-652d-4725-96f6-6a34d92bdafb"",""replica"":""3a6a98ac-33a5-460d-82e3-5ddb81381546""}",2026-07-23T06:52:53.638159268Z
"2026-07-23T06:52:45.687Z [[32minfo[39m] 📤 QoS 1 message sent {""service"":""mqtt-publisher-lite"",""messageId"":62057,""topic"":""proof.mqtt/DEVICE-15/instagram"",""qos"":1}",info,"{""level"":""info""}","{""project"":""90a47e04-a329-4122-9c82-2ee75a4562c2"",""environment"":""f6319bd4-2e87-40d4-8547-4ce714038bc1"",""service"":""c236b8cb-3eff-45c5-aca0-23e73e33dc8d"",""deployment"":""acf6ba43-652d-4725-96f6-6a34d92bdafb"",""replica"":""3a6a98ac-33a5-460d-82e3-5ddb81381546""}",2026-07-23T06:52:53.638260611Z
"2026-07-23T06:52:45.687Z [[32minfo[39m] ⏱️ Tracking QoS 1 message (30s timeout) {""service"":""mqtt-publisher-lite"",""deviceId"":""DEVICE-15"",""messageId"":62057,""topic"":""proof.mqtt/DEVICE-15/instagram"",""pendingCount"":1}",info,"{""level"":""info""}","{""project"":""90a47e04-a329-4122-9c82-2ee75a4562c2"",""environment"":""f6319bd4-2e87-40d4-8547-4ce714038bc1"",""service"":""c236b8cb-3eff-45c5-aca0-23e73e33dc8d"",""deployment"":""acf6ba43-652d-4725-96f6-6a34d92bdafb"",""replica"":""3a6a98ac-33a5-460d-82e3-5ddb81381546""}",2026-07-23T06:52:53.638266773Z
"2026-07-23T06:52:45.786Z [[32minfo[39m] 📤 QoS 1 message sent {""service"":""mqtt-publisher-lite"",""messageId"":62058,""topic"":""proof.mqtt/DEVICE-15/gmb"",""qos"":1}",info,"{""level"":""info""}","{""project"":""90a47e04-a329-4122-9c82-2ee75a4562c2"",""environment"":""f6319bd4-2e87-40d4-8547-4ce714038bc1"",""service"":""c236b8cb-3eff-45c5-aca0-23e73e33dc8d"",""deployment"":""acf6ba43-652d-4725-96f6-6a34d92bdafb"",""replica"":""3a6a98ac-33a5-460d-82e3-5ddb81381546""}",2026-07-23T06:52:53.638272926Z
"2026-07-23T06:52:45.786Z [[32minfo[39m] ⏱️ Tracking QoS 1 message (30s timeout) {""service"":""mqtt-publisher-lite"",""deviceId"":""DEVICE-15"",""messageId"":62058,""topic"":""proof.mqtt/DEVICE-15/gmb"",""pendingCount"":2}",info,"{""level"":""info""}","{""project"":""90a47e04-a329-4122-9c82-2ee75a4562c2"",""environment"":""f6319bd4-2e87-40d4-8547-4ce714038bc1"",""service"":""c236b8cb-3eff-45c5-aca0-23e73e33dc8d"",""deployment"":""acf6ba43-652d-4725-96f6-6a34d92bdafb"",""replica"":""3a6a98ac-33a5-460d-82e3-5ddb81381546""}",2026-07-23T06:52:53.638278244Z
"2026-07-23T06:52:45.900Z [[32minfo[39m] 📤 QoS 1 message sent {""service"":""mqtt-publisher-lite"",""messageId"":62059,""topic"":""proof.mqtt/DEVICE-13/instagram"",""qos"":1}",info,"{""level"":""info""}","{""project"":""90a47e04-a329-4122-9c82-2ee75a4562c2"",""environment"":""f6319bd4-2e87-40d4-8547-4ce714038bc1"",""service"":""c236b8cb-3eff-45c5-aca0-23e73e33dc8d"",""deployment"":""acf6ba43-652d-4725-96f6-6a34d92bdafb"",""replica"":""3a6a98ac-33a5-460d-82e3-5ddb81381546""}",2026-07-23T06:52:53.638283999Z
"2026-07-23T06:52:45.907Z [[34mdebug[39m] Message received {""service"":""mqtt-publisher-lite"",""topic"":""proof.mqtt/DEVICE-15/instagram"",""size"":226,""retain"":false}",info,"{""level"":""info""}","{""project"":""90a47e04-a329-4122-9c82-2ee75a4562c2"",""environment"":""f6319bd4-2e87-40d4-8547-4ce714038bc1"",""service"":""c236b8cb-3eff-45c5-aca0-23e73e33dc8d"",""deployment"":""acf6ba43-652d-4725-96f6-6a34d92bdafb"",""replica"":""3a6a98ac-33a5-460d-82e3-5ddb81381546""}",2026-07-23T06:52:53.646014786Z
"2026-07-23T06:52:45.907Z [[34mdebug[39m] Skipping echo message {""service"":""mqtt-publisher-lite"",""topic"":""proof.mqtt/DEVICE-15/instagram"",""age"":""2ms""}",info,"{""level"":""info""}","{""project"":""90a47e04-a329-4122-9c82-2ee75a4562c2"",""environment"":""f6319bd4-2e87-40d4-8547-4ce714038bc1"",""service"":""c236b8cb-3eff-45c5-aca0-23e73e33dc8d"",""deployment"":""acf6ba43-652d-4725-96f6-6a34d92bdafb"",""replica"":""3a6a98ac-33a5-460d-82e3-5ddb81381546""}",2026-07-23T06:52:53.646025166Z
"2026-07-23T06:52:45.908Z [[34mdebug[39m] Screen message received {""service"":""mqtt-publisher-lite"",""topic"":""proof.mqtt/DEVICE-15/instagram"",""screen"":""instagram""}",info,"{""level"":""info""}","{""project"":""90a47e04-a329-4122-9c82-2ee75a4562c2"",""environment"":""f6319bd4-2e87-40d4-8547-4ce714038bc1"",""service"":""c236b8cb-3eff-45c5-aca0-23e73e33dc8d"",""deployment"":""acf6ba43-652d-4725-96f6-6a34d92bdafb"",""replica"":""3a6a98ac-33a5-460d-82e3-5ddb81381546""}",2026-07-23T06:52:53.646031080Z
"2026-07-23T06:52:46.003Z [[32minfo[39m] 📤 QoS 1 message sent {""service"":""mqtt-publisher-lite"",""messageId"":62060,""topic"":""proof.mqtt/DEVICE-13/gmb"",""qos"":1}",info,"{""level"":""info""}","{""project"":""90a47e04-a329-4122-9c82-2ee75a4562c2"",""environment"":""f6319bd4-2e87-40d4-8547-4ce714038bc1"",""service"":""c236b8cb-3eff-45c5-aca0-23e73e33dc8d"",""deployment"":""acf6ba43-652d-4725-96f6-6a34d92bdafb"",""replica"":""3a6a98ac-33a5-460d-82e3-5ddb81381546""}",2026-07-23T06:52:53.646036359Z
"2026-07-23T06:52:46.003Z [[32minfo[39m] ⏱️ Tracking QoS 1 message (30s timeout) {""service"":""mqtt-publisher-lite"",""deviceId"":""DEVICE-13"",""messageId"":62060,""topic"":""proof.mqtt/DEVICE-13/gmb"",""pendingCount"":3}",info,"{""level"":""info""}","{""project"":""90a47e04-a329-4122-9c82-2ee75a4562c2"",""environment"":""f6319bd4-2e87-40d4-8547-4ce714038bc1"",""service"":""c236b8cb-3eff-45c5-aca0-23e73e33dc8d"",""deployment"":""acf6ba43-652d-4725-96f6-6a34d92bdafb"",""replica"":""3a6a98ac-33a5-460d-82e3-5ddb81381546""}",2026-07-23T06:52:53.646041584Z
"2026-07-23T06:52:46.005Z [[32minfo[39m] ✅ PUBACK received {""service"":""mqtt-publisher-lite"",""messageId"":62058}",info,"{""level"":""info""}","{""project"":""90a47e04-a329-4122-9c82-2ee75a4562c2"",""environment"":""f6319bd4-2e87-40d4-8547-4ce714038bc1"",""service"":""c236b8cb-3eff-45c5-aca0-23e73e33dc8d"",""deployment"":""acf6ba43-652d-4725-96f6-6a34d92bdafb"",""replica"":""3a6a98ac-33a5-460d-82e3-5ddb81381546""}",2026-07-23T06:52:53.646047048Z
"2026-07-23T06:52:46.005Z [[32minfo[39m] ✅ QoS 1 PUBACK confirmed {""service"":""mqtt-publisher-lite"",""deviceId"":""DEVICE-15"",""messageId"":62058,""deliveryTime"":""219ms"",""pendingCount"":2}",info,"{""level"":""info""}","{""project"":""90a47e04-a329-4122-9c82-2ee75a4562c2"",""environment"":""f6319bd4-2e87-40d4-8547-4ce714038bc1"",""service"":""c236b8cb-3eff-45c5-aca0-23e73e33dc8d"",""deployment"":""acf6ba43-652d-4725-96f6-6a34d92bdafb"",""replica"":""3a6a98ac-33a5-460d-82e3-5ddb81381546""}",2026-07-23T06:52:53.646052982Z
"2026-07-23T06:52:46.005Z [[34mdebug[39m] ✅ [LIFECYCLE:PUBACK_OK] Device confirmed message receipt {""service"":""mqtt-publisher-lite"",""deviceId"":""DEVICE-15""}",info,"{""level"":""info""}","{""project"":""90a47e04-a329-4122-9c82-2ee75a4562c2"",""environment"":""f6319bd4-2e87-40d4-8547-4ce714038bc1"",""service"":""c236b8cb-3eff-45c5-aca0-23e73e33dc8d"",""deployment"":""acf6ba43-652d-4725-96f6-6a34d92bdafb"",""replica"":""3a6a98ac-33a5-460d-82e3-5ddb81381546""}",2026-07-23T06:52:53.646057198Z
"2026-07-23T06:52:46.005Z [[34mdebug[39m] Message published {""service"":""mqtt-publisher-lite"",""topic"":""proof.mqtt/DEVICE-15/gmb"",""qos"":1,""deliveryTime"":""220ms""}",info,"{""level"":""info""}","{""project"":""90a47e04-a329-4122-9c82-2ee75a4562c2"",""environment"":""f6319bd4-2e87-40d4-8547-4ce714038bc1"",""service"":""c236b8cb-3eff-45c5-aca0-23e73e33dc8d"",""deployment"":""acf6ba43-652d-4725-96f6-6a34d92bdafb"",""replica"":""3a6a98ac-33a5-460d-82e3-5ddb81381546""}",2026-07-23T06:52:53.646061628Z
"2026-07-23T06:52:46.006Z [[34mdebug[39m] Message received {""service"":""mqtt-publisher-lite"",""topic"":""proof.mqtt/DEVICE-15/gmb"",""size"":244,""retain"":false}",info,"{""level"":""info""}","{""project"":""90a47e04-a329-4122-9c82-2ee75a4562c2"",""environment"":""f6319bd4-2e87-40d4-8547-4ce714038bc1"",""service"":""c236b8cb-3eff-45c5-aca0-23e73e33dc8d"",""deployment"":""acf6ba43-652d-4725-96f6-6a34d92bdafb"",""replica"":""3a6a98ac-33a5-460d-82e3-5ddb81381546""}",2026-07-23T06:52:53.646070600Z
"2026-07-23T06:52:46.119Z [[34mdebug[39m] ✅ [LIFECYCLE:PUBACK_OK] Device confirmed message receipt {""service"":""mqtt-publisher-lite"",""deviceId"":""DEVICE-13""}",info,"{""level"":""info""}","{""project"":""90a47e04-a329-4122-9c82-2ee75a4562c2"",""environment"":""f6319bd4-2e87-40d4-8547-4ce714038bc1"",""service"":""c236b8cb-3eff-45c5-aca0-23e73e33dc8d"",""deployment"":""acf6ba43-652d-4725-96f6-6a34d92bdafb"",""replica"":""3a6a98ac-33a5-460d-82e3-5ddb81381546""}",2026-07-23T06:52:53.649649015Z
"2026-07-23T06:52:46.119Z [[34mdebug[39m] Message published {""service"":""mqtt-publisher-lite"",""topic"":""proof.mqtt/DEVICE-13/instagram"",""qos"":1,""deliveryTime"":""219ms""}",info,"{""level"":""info""}","{""project"":""90a47e04-a329-4122-9c82-2ee75a4562c2"",""environment"":""f6319bd4-2e87-40d4-8547-4ce714038bc1"",""service"":""c236b8cb-3eff-45c5-aca0-23e73e33dc8d"",""deployment"":""acf6ba43-652d-4725-96f6-6a34d92bdafb"",""replica"":""3a6a98ac-33a5-460d-82e3-5ddb81381546""}",2026-07-23T06:52:53.649659387Z
"2026-07-23T06:52:46.120Z [[34mdebug[39m] Message received {""service"":""mqtt-publisher-lite"",""topic"":""proof.mqtt/DEVICE-13/instagram"",""size"":226,""retain"":false}",info,"{""level"":""info""}","{""project"":""90a47e04-a329-4122-9c82-2ee75a4562c2"",""environment"":""f6319bd4-2e87-40d4-8547-4ce714038bc1"",""service"":""c236b8cb-3eff-45c5-aca0-23e73e33dc8d"",""deployment"":""acf6ba43-652d-4725-96f6-6a34d92bdafb"",""replica"":""3a6a98ac-33a5-460d-82e3-5ddb81381546""}",2026-07-23T06:52:53.649666073Z
"2026-07-23T06:52:46.120Z [[34mdebug[39m] Skipping echo message {""service"":""mqtt-publisher-lite"",""topic"":""proof.mqtt/DEVICE-13/instagram"",""age"":""1ms""}",info,"{""level"":""info""}","{""project"":""90a47e04-a329-4122-9c82-2ee75a4562c2"",""environment"":""f6319bd4-2e87-40d4-8547-4ce714038bc1"",""service"":""c236b8cb-3eff-45c5-aca0-23e73e33dc8d"",""deployment"":""acf6ba43-652d-4725-96f6-6a34d92bdafb"",""replica"":""3a6a98ac-33a5-460d-82e3-5ddb81381546""}",2026-07-23T06:52:53.649673076Z
"2026-07-23T06:52:46.006Z [[34mdebug[39m] Skipping echo message {""service"":""mqtt-publisher-lite"",""topic"":""proof.mqtt/DEVICE-15/gmb"",""age"":""1ms""}",info,"{""level"":""info""}","{""project"":""90a47e04-a329-4122-9c82-2ee75a4562c2"",""environment"":""f6319bd4-2e87-40d4-8547-4ce714038bc1"",""service"":""c236b8cb-3eff-45c5-aca0-23e73e33dc8d"",""deployment"":""acf6ba43-652d-4725-96f6-6a34d92bdafb"",""replica"":""3a6a98ac-33a5-460d-82e3-5ddb81381546""}",2026-07-23T06:52:53.649739128Z
"2026-07-23T06:52:46.006Z [[34mdebug[39m] Screen message received {""service"":""mqtt-publisher-lite"",""topic"":""proof.mqtt/DEVICE-15/gmb"",""screen"":""gmb""}",info,"{""level"":""info""}","{""project"":""90a47e04-a329-4122-9c82-2ee75a4562c2"",""environment"":""f6319bd4-2e87-40d4-8547-4ce714038bc1"",""service"":""c236b8cb-3eff-45c5-aca0-23e73e33dc8d"",""deployment"":""acf6ba43-652d-4725-96f6-6a34d92bdafb"",""replica"":""3a6a98ac-33a5-460d-82e3-5ddb81381546""}",2026-07-23T06:52:53.649745675Z
"2026-07-23T06:52:46.011Z [[32minfo[39m] [STIM_IG] Published {""service"":""mqtt-publisher-lite"",""deviceId"":""DEVICE-15"",""followers"":4,""target"":500,""mode"":""synthetic"",""achievement"":5,""celebration"":""false"",""done"":false}",info,"{""level"":""info""}","{""project"":""90a47e04-a329-4122-9c82-2ee75a4562c2"",""environment"":""f6319bd4-2e87-40d4-8547-4ce714038bc1"",""service"":""c236b8cb-3eff-45c5-aca0-23e73e33dc8d"",""deployment"":""acf6ba43-652d-4725-96f6-6a34d92bdafb"",""replica"":""3a6a98ac-33a5-460d-82e3-5ddb81381546""}",2026-07-23T06:52:53.649751442Z
"2026-07-23T06:52:46.111Z [[32minfo[39m] [STIM_GMB] Published {""service"":""mqtt-publisher-lite"",""deviceId"":""DEVICE-15"",""reviews"":2,""target"":100,""mode"":""synthetic"",""celebration"":""false"",""done"":false}",info,"{""level"":""info""}","{""project"":""90a47e04-a329-4122-9c82-2ee75a4562c2"",""environment"":""f6319bd4-2e87-40d4-8547-4ce714038bc1"",""service"":""c236b8cb-3eff-45c5-aca0-23e73e33dc8d"",""deployment"":""acf6ba43-652d-4725-96f6-6a34d92bdafb"",""replica"":""3a6a98ac-33a5-460d-82e3-5ddb81381546""}",2026-07-23T06:52:53.649757231Z
"2026-07-23T06:52:46.118Z [[32minfo[39m] ✅ PUBACK received {""service"":""mqtt-publisher-lite"",""messageId"":62059}",info,"{""level"":""info""}","{""project"":""90a47e04-a329-4122-9c82-2ee75a4562c2"",""environment"":""f6319bd4-2e87-40d4-8547-4ce714038bc1"",""service"":""c236b8cb-3eff-45c5-aca0-23e73e33dc8d"",""deployment"":""acf6ba43-652d-4725-96f6-6a34d92bdafb"",""replica"":""3a6a98ac-33a5-460d-82e3-5ddb81381546""}",2026-07-23T06:52:53.649763466Z
"2026-07-23T06:52:46.119Z [[32minfo[39m] ✅ QoS 1 PUBACK confirmed {""service"":""mqtt-publisher-lite"",""deviceId"":""DEVICE-13"",""messageId"":62059,""deliveryTime"":""218ms"",""pendingCount"":1}",info,"{""level"":""info""}","{""project"":""90a47e04-a329-4122-9c82-2ee75a4562c2"",""environment"":""f6319bd4-2e87-40d4-8547-4ce714038bc1"",""service"":""c236b8cb-3eff-45c5-aca0-23e73e33dc8d"",""deployment"":""acf6ba43-652d-4725-96f6-6a34d92bdafb"",""replica"":""3a6a98ac-33a5-460d-82e3-5ddb81381546""}",2026-07-23T06:52:53.649769915Z
"2026-07-23T06:52:46.219Z [[32minfo[39m] [STIM_IG] Published {""service"":""mqtt-publisher-lite"",""deviceId"":""DEVICE-13"",""followers"":4,""target"":500,""mode"":""synthetic"",""achievement"":5,""celebration"":""false"",""done"":false}",info,"{""level"":""info""}","{""project"":""90a47e04-a329-4122-9c82-2ee75a4562c2"",""environment"":""f6319bd4-2e87-40d4-8547-4ce714038bc1"",""service"":""c236b8cb-3eff-45c5-aca0-23e73e33dc8d"",""deployment"":""acf6ba43-652d-4725-96f6-6a34d92bdafb"",""replica"":""3a6a98ac-33a5-460d-82e3-5ddb81381546""}",2026-07-23T06:52:53.652588142Z
"2026-07-23T06:52:46.221Z [[32minfo[39m] ✅ PUBACK received {""service"":""mqtt-publisher-lite"",""messageId"":62060}",info,"{""level"":""info""}","{""project"":""90a47e04-a329-4122-9c82-2ee75a4562c2"",""environment"":""f6319bd4-2e87-40d4-8547-4ce714038bc1"",""service"":""c236b8cb-3eff-45c5-aca0-23e73e33dc8d"",""deployment"":""acf6ba43-652d-4725-96f6-6a34d92bdafb"",""replica"":""3a6a98ac-33a5-460d-82e3-5ddb81381546""}",2026-07-23T06:52:53.652607346Z
"2026-07-23T06:52:46.221Z [[32minfo[39m] ✅ QoS 1 PUBACK confirmed {""service"":""mqtt-publisher-lite"",""deviceId"":""DEVICE-13"",""messageId"":62060,""deliveryTime"":""218ms"",""pendingCount"":0}",info,"{""level"":""info""}","{""project"":""90a47e04-a329-4122-9c82-2ee75a4562c2"",""environment"":""f6319bd4-2e87-40d4-8547-4ce714038bc1"",""service"":""c236b8cb-3eff-45c5-aca0-23e73e33dc8d"",""deployment"":""acf6ba43-652d-4725-96f6-6a34d92bdafb"",""replica"":""3a6a98ac-33a5-460d-82e3-5ddb81381546""}",2026-07-23T06:52:53.652612965Z
"2026-07-23T06:52:46.221Z [[34mdebug[39m] ✅ [LIFECYCLE:PUBACK_OK] Device confirmed message receipt {""service"":""mqtt-publisher-lite"",""deviceId"":""DEVICE-13""}",info,"{""level"":""info""}","{""project"":""90a47e04-a329-4122-9c82-2ee75a4562c2"",""environment"":""f6319bd4-2e87-40d4-8547-4ce714038bc1"",""service"":""c236b8cb-3eff-45c5-aca0-23e73e33dc8d"",""deployment"":""acf6ba43-652d-4725-96f6-6a34d92bdafb"",""replica"":""3a6a98ac-33a5-460d-82e3-5ddb81381546""}",2026-07-23T06:52:53.652619026Z
"2026-07-23T06:52:46.222Z [[34mdebug[39m] Message published {""service"":""mqtt-publisher-lite"",""topic"":""proof.mqtt/DEVICE-13/gmb"",""qos"":1,""deliveryTime"":""219ms""}",info,"{""level"":""info""}","{""project"":""90a47e04-a329-4122-9c82-2ee75a4562c2"",""environment"":""f6319bd4-2e87-40d4-8547-4ce714038bc1"",""service"":""c236b8cb-3eff-45c5-aca0-23e73e33dc8d"",""deployment"":""acf6ba43-652d-4725-96f6-6a34d92bdafb"",""replica"":""3a6a98ac-33a5-460d-82e3-5ddb81381546""}",2026-07-23T06:52:53.652624208Z
"2026-07-23T06:52:46.223Z [[34mdebug[39m] Message received {""service"":""mqtt-publisher-lite"",""topic"":""proof.mqtt/DEVICE-13/gmb"",""size"":244,""retain"":false}",info,"{""level"":""info""}","{""project"":""90a47e04-a329-4122-9c82-2ee75a4562c2"",""environment"":""f6319bd4-2e87-40d4-8547-4ce714038bc1"",""service"":""c236b8cb-3eff-45c5-aca0-23e73e33dc8d"",""deployment"":""acf6ba43-652d-4725-96f6-6a34d92bdafb"",""replica"":""3a6a98ac-33a5-460d-82e3-5ddb81381546""}",2026-07-23T06:52:53.652629085Z
"2026-07-23T06:52:46.223Z [[34mdebug[39m] Skipping echo message {""service"":""mqtt-publisher-lite"",""topic"":""proof.mqtt/DEVICE-13/gmb"",""age"":""1ms""}",info,"{""level"":""info""}","{""project"":""90a47e04-a329-4122-9c82-2ee75a4562c2"",""environment"":""f6319bd4-2e87-40d4-8547-4ce714038bc1"",""service"":""c236b8cb-3eff-45c5-aca0-23e73e33dc8d"",""deployment"":""acf6ba43-652d-4725-96f6-6a34d92bdafb"",""replica"":""3a6a98ac-33a5-460d-82e3-5ddb81381546""}",2026-07-23T06:52:53.652636260Z
"2026-07-23T06:52:46.224Z [[34mdebug[39m] Screen message received {""service"":""mqtt-publisher-lite"",""topic"":""proof.mqtt/DEVICE-13/gmb"",""screen"":""gmb""}",info,"{""level"":""info""}","{""project"":""90a47e04-a329-4122-9c82-2ee75a4562c2"",""environment"":""f6319bd4-2e87-40d4-8547-4ce714038bc1"",""service"":""c236b8cb-3eff-45c5-aca0-23e73e33dc8d"",""deployment"":""acf6ba43-652d-4725-96f6-6a34d92bdafb"",""replica"":""3a6a98ac-33a5-460d-82e3-5ddb81381546""}",2026-07-23T06:52:53.652641064Z
"2026-07-23T06:52:46.322Z [[32minfo[39m] [STIM_GMB] Published {""service"":""mqtt-publisher-lite"",""deviceId"":""DEVICE-13"",""reviews"":2,""target"":100,""mode"":""synthetic"",""celebration"":""false"",""done"":false}",info,"{""level"":""info""}","{""project"":""90a47e04-a329-4122-9c82-2ee75a4562c2"",""environment"":""f6319bd4-2e87-40d4-8547-4ce714038bc1"",""service"":""c236b8cb-3eff-45c5-aca0-23e73e33dc8d"",""deployment"":""acf6ba43-652d-4725-96f6-6a34d92bdafb"",""replica"":""3a6a98ac-33a5-460d-82e3-5ddb81381546""}",2026-07-23T06:52:53.652645508Z
"2026-07-23T06:52:46.121Z [[34mdebug[39m] Screen message received {""service"":""mqtt-publisher-lite"",""topic"":""proof.mqtt/DEVICE-13/instagram"",""screen"":""instagram""}",info,"{""level"":""info""}","{""project"":""90a47e04-a329-4122-9c82-2ee75a4562c2"",""environment"":""f6319bd4-2e87-40d4-8547-4ce714038bc1"",""service"":""c236b8cb-3eff-45c5-aca0-23e73e33dc8d"",""deployment"":""acf6ba43-652d-4725-96f6-6a34d92bdafb"",""replica"":""3a6a98ac-33a5-460d-82e3-5ddb81381546""}",2026-07-23T06:52:53.652651978Z
"2026-07-23T06:53:15.568Z [[32minfo[39m] 📤 [PUBLISH_CYCLE] Starting publish cycle {""service"":""mqtt-publisher-lite"",""deviceCount"":4,""source"":""redis"",""devices"":[{""id"":""DEVICE-19"",""userId"":""68d3753f9f99d6b73ae2d991"",""lastSeen"":""2026-07-23T06:52:16.208Z""},{""id"":""DEVICE-17"",""userId"":""(none)"",""lastSeen"":""2026-07-23T06:52:17.119Z""},{""id"":""DEVICE-13"",""userId"":""6937af58f950f0f5356a1599"",""lastSeen"":""2026-07-23T06:52:46.222Z""},{""id"":""DEVICE-15"",""userId"":""68d3753f9f99d6b73ae2d991"",""lastSeen"":""2026-07-23T06:52:46.005Z""}]}",info,"{""level"":""info""}","{""project"":""90a47e04-a329-4122-9c82-2ee75a4562c2"",""environment"":""f6319bd4-2e87-40d4-8547-4ce714038bc1"",""service"":""c236b8cb-3eff-45c5-aca0-23e73e33dc8d"",""deployment"":""acf6ba43-652d-4725-96f6-6a34d92bdafb"",""replica"":""3a6a98ac-33a5-460d-82e3-5ddb81381546""}",2026-07-23T06:53:23.707523323Z
"2026-07-23T06:53:15.667Z [[34mdebug[39m] [STIM_SKIP] StatsPublisher skipping stim device {""service"":""mqtt-publisher-lite"",""deviceId"":""DEVICE-19""}",info,"{""level"":""info""}","{""project"":""90a47e04-a329-4122-9c82-2ee75a4562c2"",""environment"":""f6319bd4-2e87-40d4-8547-4ce714038bc1"",""service"":""c236b8cb-3eff-45c5-aca0-23e73e33dc8d"",""deployment"":""acf6ba43-652d-4725-96f6-6a34d92bdafb"",""replica"":""3a6a98ac-33a5-460d-82e3-5ddb81381546""}",2026-07-23T06:53:23.707528153Z
"2026-07-23T06:53:15.671Z [[32minfo[39m] 📤 QoS 1 message sent {""service"":""mqtt-publisher-lite"",""messageId"":62061,""topic"":""proof.mqtt/DEVICE-15/instagram"",""qos"":1}",info,"{""level"":""info""}","{""project"":""90a47e04-a329-4122-9c82-2ee75a4562c2"",""environment"":""f6319bd4-2e87-40d4-8547-4ce714038bc1"",""service"":""c236b8cb-3eff-45c5-aca0-23e73e33dc8d"",""deployment"":""acf6ba43-652d-4725-96f6-6a34d92bdafb"",""replica"":""3a6a98ac-33a5-460d-82e3-5ddb81381546""}",2026-07-23T06:53:23.707533062Z
"2026-07-23T06:53:15.671Z [[32minfo[39m] ⏱️ Tracking QoS 1 message (30s timeout) {""service"":""mqtt-publisher-lite"",""deviceId"":""DEVICE-15"",""messageId"":62061,""topic"":""proof.mqtt/DEVICE-15/instagram"",""pendingCount"":1}",info,"{""level"":""info""}","{""project"":""90a47e04-a329-4122-9c82-2ee75a4562c2"",""environment"":""f6319bd4-2e87-40d4-8547-4ce714038bc1"",""service"":""c236b8cb-3eff-45c5-aca0-23e73e33dc8d"",""deployment"":""acf6ba43-652d-4725-96f6-6a34d92bdafb"",""replica"":""3a6a98ac-33a5-460d-82e3-5ddb81381546""}",2026-07-23T06:53:23.707538446Z
"2026-07-23T06:53:15.767Z [[32minfo[39m] 📤 QoS 1 message sent {""service"":""mqtt-publisher-lite"",""messageId"":62062,""topic"":""proof.mqtt/DEVICE-17/test-gmb"",""qos"":1}",info,"{""level"":""info""}","{""project"":""90a47e04-a329-4122-9c82-2ee75a4562c2"",""environment"":""f6319bd4-2e87-40d4-8547-4ce714038bc1"",""service"":""c236b8cb-3eff-45c5-aca0-23e73e33dc8d"",""deployment"":""acf6ba43-652d-4725-96f6-6a34d92bdafb"",""replica"":""3a6a98ac-33a5-460d-82e3-5ddb81381546""}",2026-07-23T06:53:23.707543877Z
"2026-07-23T06:53:15.767Z [[32minfo[39m] ⏱️ Tracking QoS 1 message (30s timeout) {""service"":""mqtt-publisher-lite"",""deviceId"":""DEVICE-17"",""messageId"":62062,""topic"":""proof.mqtt/DEVICE-17/test-gmb"",""pendingCount"":2}",info,"{""level"":""info""}","{""project"":""90a47e04-a329-4122-9c82-2ee75a4562c2"",""environment"":""f6319bd4-2e87-40d4-8547-4ce714038bc1"",""service"":""c236b8cb-3eff-45c5-aca0-23e73e33dc8d"",""deployment"":""acf6ba43-652d-4725-96f6-6a34d92bdafb"",""replica"":""3a6a98ac-33a5-460d-82e3-5ddb81381546""}",2026-07-23T06:53:23.707548688Z
"2026-07-23T06:53:15.855Z [[32minfo[39m] 📤 QoS 1 message sent {""service"":""mqtt-publisher-lite"",""messageId"":62063,""topic"":""proof.mqtt/DEVICE-15/gmb"",""qos"":1}",info,"{""level"":""info""}","{""project"":""90a47e04-a329-4122-9c82-2ee75a4562c2"",""environment"":""f6319bd4-2e87-40d4-8547-4ce714038bc1"",""service"":""c236b8cb-3eff-45c5-aca0-23e73e33dc8d"",""deployment"":""acf6ba43-652d-4725-96f6-6a34d92bdafb"",""replica"":""3a6a98ac-33a5-460d-82e3-5ddb81381546""}",2026-07-23T06:53:23.707553867Z
"2026-07-23T06:53:15.856Z [[32minfo[39m] ⏱️ Tracking QoS 1 message (30s timeout) {""service"":""mqtt-publisher-lite"",""deviceId"":""DEVICE-15"",""messageId"":62063,""topic"":""proof.mqtt/DEVICE-15/gmb"",""pendingCount"":3}",info,"{""level"":""info""}","{""project"":""90a47e04-a329-4122-9c82-2ee75a4562c2"",""environment"":""f6319bd4-2e87-40d4-8547-4ce714038bc1"",""service"":""c236b8cb-3eff-45c5-aca0-23e73e33dc8d"",""deployment"":""acf6ba43-652d-4725-96f6-6a34d92bdafb"",""replica"":""3a6a98ac-33a5-460d-82e3-5ddb81381546""}",2026-07-23T06:53:23.707561399Z
"2026-07-23T06:53:15.892Z [[32minfo[39m] ✅ PUBACK received {""service"":""mqtt-publisher-lite"",""messageId"":62061}",info,"{""level"":""info""}","{""project"":""90a47e04-a329-4122-9c82-2ee75a4562c2"",""environment"":""f6319bd4-2e87-40d4-8547-4ce714038bc1"",""service"":""c236b8cb-3eff-45c5-aca0-23e73e33dc8d"",""deployment"":""acf6ba43-652d-4725-96f6-6a34d92bdafb"",""replica"":""3a6a98ac-33a5-460d-82e3-5ddb81381546""}",2026-07-23T06:53:23.711079439Z
"2026-07-23T06:53:15.893Z [[32minfo[39m] ✅ QoS 1 PUBACK confirmed {""service"":""mqtt-publisher-lite"",""deviceId"":""DEVICE-15"",""messageId"":62061,""deliveryTime"":""222ms"",""pendingCount"":2}",info,"{""level"":""info""}","{""project"":""90a47e04-a329-4122-9c82-2ee75a4562c2"",""environment"":""f6319bd4-2e87-40d4-8547-4ce714038bc1"",""service"":""c236b8cb-3eff-45c5-aca0-23e73e33dc8d"",""deployment"":""acf6ba43-652d-4725-96f6-6a34d92bdafb"",""replica"":""3a6a98ac-33a5-460d-82e3-5ddb81381546""}",2026-07-23T06:53:23.711084435Z
"2026-07-23T06:53:15.893Z [[34mdebug[39m] ✅ [LIFECYCLE:PUBACK_OK] Device confirmed message receipt {""service"":""mqtt-publisher-lite"",""deviceId"":""DEVICE-15""}",info,"{""level"":""info""}","{""project"":""90a47e04-a329-4122-9c82-2ee75a4562c2"",""environment"":""f6319bd4-2e87-40d4-8547-4ce714038bc1"",""service"":""c236b8cb-3eff-45c5-aca0-23e73e33dc8d"",""deployment"":""acf6ba43-652d-4725-96f6-6a34d92bdafb"",""replica"":""3a6a98ac-33a5-460d-82e3-5ddb81381546""}",2026-07-23T06:53:23.711088911Z
"2026-07-23T06:53:15.893Z [[34mdebug[39m] Message published {""service"":""mqtt-publisher-lite"",""topic"":""proof.mqtt/DEVICE-15/instagram"",""qos"":1,""deliveryTime"":""223ms""}",info,"{""level"":""info""}","{""project"":""90a47e04-a329-4122-9c82-2ee75a4562c2"",""environment"":""f6319bd4-2e87-40d4-8547-4ce714038bc1"",""service"":""c236b8cb-3eff-45c5-aca0-23e73e33dc8d"",""deployment"":""acf6ba43-652d-4725-96f6-6a34d92bdafb"",""replica"":""3a6a98ac-33a5-460d-82e3-5ddb81381546""}",2026-07-23T06:53:23.711093348Z
"2026-07-23T06:53:15.893Z [[34mdebug[39m] Message received {""service"":""mqtt-publisher-lite"",""topic"":""proof.mqtt/DEVICE-15/instagram"",""size"":252,""retain"":false}",info,"{""level"":""info""}","{""project"":""90a47e04-a329-4122-9c82-2ee75a4562c2"",""environment"":""f6319bd4-2e87-40d4-8547-4ce714038bc1"",""service"":""c236b8cb-3eff-45c5-aca0-23e73e33dc8d"",""deployment"":""acf6ba43-652d-4725-96f6-6a34d92bdafb"",""replica"":""3a6a98ac-33a5-460d-82e3-5ddb81381546""}",2026-07-23T06:53:23.711098374Z
"2026-07-23T06:53:15.893Z [[34mdebug[39m] Skipping echo message {""service"":""mqtt-publisher-lite"",""topic"":""proof.mqtt/DEVICE-15/instagram"",""age"":""0ms""}",info,"{""level"":""info""}","{""project"":""90a47e04-a329-4122-9c82-2ee75a4562c2"",""environment"":""f6319bd4-2e87-40d4-8547-4ce714038bc1"",""service"":""c236b8cb-3eff-45c5-aca0-23e73e33dc8d"",""deployment"":""acf6ba43-652d-4725-96f6-6a34d92bdafb"",""replica"":""3a6a98ac-33a5-460d-82e3-5ddb81381546""}",2026-07-23T06:53:23.711103895Z
"2026-07-23T06:53:15.894Z [[34mdebug[39m] Screen message received {""service"":""mqtt-publisher-lite"",""topic"":""proof.mqtt/DEVICE-15/instagram"",""screen"":""instagram""}",info,"{""level"":""info""}","{""project"":""90a47e04-a329-4122-9c82-2ee75a4562c2"",""environment"":""f6319bd4-2e87-40d4-8547-4ce714038bc1"",""service"":""c236b8cb-3eff-45c5-aca0-23e73e33dc8d"",""deployment"":""acf6ba43-652d-4725-96f6-6a34d92bdafb"",""replica"":""3a6a98ac-33a5-460d-82e3-5ddb81381546""}",2026-07-23T06:53:23.711108550Z
"2026-07-23T06:53:15.940Z [[32minfo[39m] 📤 QoS 1 message sent {""service"":""mqtt-publisher-lite"",""messageId"":62064,""topic"":""proof.mqtt/DEVICE-13/instagram"",""qos"":1}",info,"{""level"":""info""}","{""project"":""90a47e04-a329-4122-9c82-2ee75a4562c2"",""environment"":""f6319bd4-2e87-40d4-8547-4ce714038bc1"",""service"":""c236b8cb-3eff-45c5-aca0-23e73e33dc8d"",""deployment"":""acf6ba43-652d-4725-96f6-6a34d92bdafb"",""replica"":""3a6a98ac-33a5-460d-82e3-5ddb81381546""}",2026-07-23T06:53:23.711112790Z
"2026-07-23T06:53:15.941Z [[32minfo[39m] ⏱️ Tracking QoS 1 message (30s timeout) {""service"":""mqtt-publisher-lite"",""deviceId"":""DEVICE-13"",""messageId"":62064,""topic"":""proof.mqtt/DEVICE-13/instagram"",""pendingCount"":3}",info,"{""level"":""info""}","{""project"":""90a47e04-a329-4122-9c82-2ee75a4562c2"",""environment"":""f6319bd4-2e87-40d4-8547-4ce714038bc1"",""service"":""c236b8cb-3eff-45c5-aca0-23e73e33dc8d"",""deployment"":""acf6ba43-652d-4725-96f6-6a34d92bdafb"",""replica"":""3a6a98ac-33a5-460d-82e3-5ddb81381546""}",2026-07-23T06:53:23.711117281Z
"2026-07-23T06:53:15.989Z [[32minfo[39m] ✅ PUBACK received {""service"":""mqtt-publisher-lite"",""messageId"":62062}",info,"{""level"":""info""}","{""project"":""90a47e04-a329-4122-9c82-2ee75a4562c2"",""environment"":""f6319bd4-2e87-40d4-8547-4ce714038bc1"",""service"":""c236b8cb-3eff-45c5-aca0-23e73e33dc8d"",""deployment"":""acf6ba43-652d-4725-96f6-6a34d92bdafb"",""replica"":""3a6a98ac-33a5-460d-82e3-5ddb81381546""}",2026-07-23T06:53:23.711121406Z
"2026-07-23T06:53:15.989Z [[32minfo[39m] ✅ QoS 1 PUBACK confirmed {""service"":""mqtt-publisher-lite"",""deviceId"":""DEVICE-17"",""messageId"":62062,""deliveryTime"":""222ms"",""pendingCount"":2}",info,"{""level"":""info""}","{""project"":""90a47e04-a329-4122-9c82-2ee75a4562c2"",""environment"":""f6319bd4-2e87-40d4-8547-4ce714038bc1"",""service"":""c236b8cb-3eff-45c5-aca0-23e73e33dc8d"",""deployment"":""acf6ba43-652d-4725-96f6-6a34d92bdafb"",""replica"":""3a6a98ac-33a5-460d-82e3-5ddb81381546""}",2026-07-23T06:53:23.711125948Z
"2026-07-23T06:53:15.989Z [[34mdebug[39m] ✅ [LIFECYCLE:PUBACK_OK] Device confirmed message receipt {""service"":""mqtt-publisher-lite"",""deviceId"":""DEVICE-17""}",info,"{""level"":""info""}","{""project"":""90a47e04-a329-4122-9c82-2ee75a4562c2"",""environment"":""f6319bd4-2e87-40d4-8547-4ce714038bc1"",""service"":""c236b8cb-3eff-45c5-aca0-23e73e33dc8d"",""deployment"":""acf6ba43-652d-4725-96f6-6a34d92bdafb"",""replica"":""3a6a98ac-33a5-460d-82e3-5ddb81381546""}",2026-07-23T06:53:23.714732894Z
"2026-07-23T06:53:15.990Z [[34mdebug[39m] Message published {""service"":""mqtt-publisher-lite"",""topic"":""proof.mqtt/DEVICE-17/test-gmb"",""qos"":1,""deliveryTime"":""223ms""}",info,"{""level"":""info""}","{""project"":""90a47e04-a329-4122-9c82-2ee75a4562c2"",""environment"":""f6319bd4-2e87-40d4-8547-4ce714038bc1"",""service"":""c236b8cb-3eff-45c5-aca0-23e73e33dc8d"",""deployment"":""acf6ba43-652d-4725-96f6-6a34d92bdafb"",""replica"":""3a6a98ac-33a5-460d-82e3-5ddb81381546""}",2026-07-23T06:53:23.714748204Z
"2026-07-23T06:53:15.990Z [[34mdebug[39m] Published test-gmb screen {""service"":""mqtt-publisher-lite"",""deviceId"":""DEVICE-17"",""reviews"":409,""milestone"":410}",info,"{""level"":""info""}","{""project"":""90a47e04-a329-4122-9c82-2ee75a4562c2"",""environment"":""f6319bd4-2e87-40d4-8547-4ce714038bc1"",""service"":""c236b8cb-3eff-45c5-aca0-23e73e33dc8d"",""deployment"":""acf6ba43-652d-4725-96f6-6a34d92bdafb"",""replica"":""3a6a98ac-33a5-460d-82e3-5ddb81381546""}",2026-07-23T06:53:23.714755998Z
"2026-07-23T06:53:16.041Z [[32minfo[39m] [STIM_IG] Published {""service"":""mqtt-publisher-lite"",""deviceId"":""DEVICE-15"",""followers"":5,""target"":500,""mode"":""synthetic"",""achievement"":10,""celebration"":""true"",""done"":false}",info,"{""level"":""info""}","{""project"":""90a47e04-a329-4122-9c82-2ee75a4562c2"",""environment"":""f6319bd4-2e87-40d4-8547-4ce714038bc1"",""service"":""c236b8cb-3eff-45c5-aca0-23e73e33dc8d"",""deployment"":""acf6ba43-652d-4725-96f6-6a34d92bdafb"",""replica"":""3a6a98ac-33a5-460d-82e3-5ddb81381546""}",2026-07-23T06:53:23.714763201Z
"2026-07-23T06:53:16.058Z [[32minfo[39m] 📤 QoS 1 message sent {""service"":""mqtt-publisher-lite"",""messageId"":62065,""topic"":""proof.mqtt/DEVICE-13/gmb"",""qos"":1}",info,"{""level"":""info""}","{""project"":""90a47e04-a329-4122-9c82-2ee75a4562c2"",""environment"":""f6319bd4-2e87-40d4-8547-4ce714038bc1"",""service"":""c236b8cb-3eff-45c5-aca0-23e73e33dc8d"",""deployment"":""acf6ba43-652d-4725-96f6-6a34d92bdafb"",""replica"":""3a6a98ac-33a5-460d-82e3-5ddb81381546""}",2026-07-23T06:53:23.714769723Z
"2026-07-23T06:53:16.059Z [[32minfo[39m] ⏱️ Tracking QoS 1 message (30s timeout) {""service"":""mqtt-publisher-lite"",""deviceId"":""DEVICE-13"",""messageId"":62065,""topic"":""proof.mqtt/DEVICE-13/gmb"",""pendingCount"":3}",info,"{""level"":""info""}","{""project"":""90a47e04-a329-4122-9c82-2ee75a4562c2"",""environment"":""f6319bd4-2e87-40d4-8547-4ce714038bc1"",""service"":""c236b8cb-3eff-45c5-aca0-23e73e33dc8d"",""deployment"":""acf6ba43-652d-4725-96f6-6a34d92bdafb"",""replica"":""3a6a98ac-33a5-460d-82e3-5ddb81381546""}",2026-07-23T06:53:23.714775995Z
"2026-07-23T06:53:16.077Z [[32minfo[39m] ✅ PUBACK received {""service"":""mqtt-publisher-lite"",""messageId"":62063}",info,"{""level"":""info""}","{""project"":""90a47e04-a329-4122-9c82-2ee75a4562c2"",""environment"":""f6319bd4-2e87-40d4-8547-4ce714038bc1"",""service"":""c236b8cb-3eff-45c5-aca0-23e73e33dc8d"",""deployment"":""acf6ba43-652d-4725-96f6-6a34d92bdafb"",""replica"":""3a6a98ac-33a5-460d-82e3-5ddb81381546""}",2026-07-23T06:53:23.714782783Z
"2026-07-23T06:53:16.078Z [[32minfo[39m] ✅ QoS 1 PUBACK confirmed {""service"":""mqtt-publisher-lite"",""deviceId"":""DEVICE-15"",""messageId"":62063,""deliveryTime"":""222ms"",""pendingCount"":2}",info,"{""level"":""info""}","{""project"":""90a47e04-a329-4122-9c82-2ee75a4562c2"",""environment"":""f6319bd4-2e87-40d4-8547-4ce714038bc1"",""service"":""c236b8cb-3eff-45c5-aca0-23e73e33dc8d"",""deployment"":""acf6ba43-652d-4725-96f6-6a34d92bdafb"",""replica"":""3a6a98ac-33a5-460d-82e3-5ddb81381546""}",2026-07-23T06:53:23.714789697Z
"2026-07-23T06:53:16.078Z [[34mdebug[39m] ✅ [LIFECYCLE:PUBACK_OK] Device confirmed message receipt {""service"":""mqtt-publisher-lite"",""deviceId"":""DEVICE-15""}",info,"{""level"":""info""}","{""project"":""90a47e04-a329-4122-9c82-2ee75a4562c2"",""environment"":""f6319bd4-2e87-40d4-8547-4ce714038bc1"",""service"":""c236b8cb-3eff-45c5-aca0-23e73e33dc8d"",""deployment"":""acf6ba43-652d-4725-96f6-6a34d92bdafb"",""replica"":""3a6a98ac-33a5-460d-82e3-5ddb81381546""}",2026-07-23T06:53:23.714797197Z
"2026-07-23T06:53:16.078Z [[34mdebug[39m] Message published {""service"":""mqtt-publisher-lite"",""topic"":""proof.mqtt/DEVICE-15/gmb"",""qos"":1,""deliveryTime"":""223ms""}",info,"{""level"":""info""}","{""project"":""90a47e04-a329-4122-9c82-2ee75a4562c2"",""environment"":""f6319bd4-2e87-40d4-8547-4ce714038bc1"",""service"":""c236b8cb-3eff-45c5-aca0-23e73e33dc8d"",""deployment"":""acf6ba43-652d-4725-96f6-6a34d92bdafb"",""replica"":""3a6a98ac-33a5-460d-82e3-5ddb81381546""}",2026-07-23T06:53:23.714804248Z
"2026-07-23T06:53:16.078Z [[34mdebug[39m] Message received {""service"":""mqtt-publisher-lite"",""topic"":""proof.mqtt/DEVICE-15/gmb"",""size"":244,""retain"":false}",info,"{""level"":""info""}","{""project"":""90a47e04-a329-4122-9c82-2ee75a4562c2"",""environment"":""f6319bd4-2e87-40d4-8547-4ce714038bc1"",""service"":""c236b8cb-3eff-45c5-aca0-23e73e33dc8d"",""deployment"":""acf6ba43-652d-4725-96f6-6a34d92bdafb"",""replica"":""3a6a98ac-33a5-460d-82e3-5ddb81381546""}",2026-07-23T06:53:23.720074102Z
"2026-07-23T06:53:16.079Z [[34mdebug[39m] Skipping echo message {""service"":""mqtt-publisher-lite"",""topic"":""proof.mqtt/DEVICE-15/gmb"",""age"":""1ms""}",info,"{""level"":""info""}","{""project"":""90a47e04-a329-4122-9c82-2ee75a4562c2"",""environment"":""f6319bd4-2e87-40d4-8547-4ce714038bc1"",""service"":""c236b8cb-3eff-45c5-aca0-23e73e33dc8d"",""deployment"":""acf6ba43-652d-4725-96f6-6a34d92bdafb"",""replica"":""3a6a98ac-33a5-460d-82e3-5ddb81381546""}",2026-07-23T06:53:23.720082891Z
"2026-07-23T06:53:16.079Z [[34mdebug[39m] Screen message received {""service"":""mqtt-publisher-lite"",""topic"":""proof.mqtt/DEVICE-15/gmb"",""screen"":""gmb""}",info,"{""level"":""info""}","{""project"":""90a47e04-a329-4122-9c82-2ee75a4562c2"",""environment"":""f6319bd4-2e87-40d4-8547-4ce714038bc1"",""service"":""c236b8cb-3eff-45c5-aca0-23e73e33dc8d"",""deployment"":""acf6ba43-652d-4725-96f6-6a34d92bdafb"",""replica"":""3a6a98ac-33a5-460d-82e3-5ddb81381546""}",2026-07-23T06:53:23.720092070Z
"2026-07-23T06:53:16.122Z [[34mdebug[39m] 📤 [PUBLISH_CYCLE] Publishing all screens to device {""service"":""mqtt-publisher-lite"",""deviceId"":""DEVICE-17""}",info,"{""level"":""info""}","{""project"":""90a47e04-a329-4122-9c82-2ee75a4562c2"",""environment"":""f6319bd4-2e87-40d4-8547-4ce714038bc1"",""service"":""c236b8cb-3eff-45c5-aca0-23e73e33dc8d"",""deployment"":""acf6ba43-652d-4725-96f6-6a34d92bdafb"",""replica"":""3a6a98ac-33a5-460d-82e3-5ddb81381546""}",2026-07-23T06:53:23.720096303Z
"2026-07-23T06:53:16.159Z [[32minfo[39m] ✅ PUBACK received {""service"":""mqtt-publisher-lite"",""messageId"":62064}",info,"{""level"":""info""}","{""project"":""90a47e04-a329-4122-9c82-2ee75a4562c2"",""environment"":""f6319bd4-2e87-40d4-8547-4ce714038bc1"",""service"":""c236b8cb-3eff-45c5-aca0-23e73e33dc8d"",""deployment"":""acf6ba43-652d-4725-96f6-6a34d92bdafb"",""replica"":""3a6a98ac-33a5-460d-82e3-5ddb81381546""}",2026-07-23T06:53:23.720100698Z
"2026-07-23T06:53:16.160Z [[32minfo[39m] ✅ QoS 1 PUBACK confirmed {""service"":""mqtt-publisher-lite"",""deviceId"":""DEVICE-13"",""messageId"":62064,""deliveryTime"":""219ms"",""pendingCount"":1}",info,"{""level"":""info""}","{""project"":""90a47e04-a329-4122-9c82-2ee75a4562c2"",""environment"":""f6319bd4-2e87-40d4-8547-4ce714038bc1"",""service"":""c236b8cb-3eff-45c5-aca0-23e73e33dc8d"",""deployment"":""acf6ba43-652d-4725-96f6-6a34d92bdafb"",""replica"":""3a6a98ac-33a5-460d-82e3-5ddb81381546""}",2026-07-23T06:53:23.720105190Z
"2026-07-23T06:53:16.160Z [[34mdebug[39m] ✅ [LIFECYCLE:PUBACK_OK] Device confirmed message receipt {""service"":""mqtt-publisher-lite"",""deviceId"":""DEVICE-13""}",info,"{""level"":""info""}","{""project"":""90a47e04-a329-4122-9c82-2ee75a4562c2"",""environment"":""f6319bd4-2e87-40d4-8547-4ce714038bc1"",""service"":""c236b8cb-3eff-45c5-aca0-23e73e33dc8d"",""deployment"":""acf6ba43-652d-4725-96f6-6a34d92bdafb"",""replica"":""3a6a98ac-33a5-460d-82e3-5ddb81381546""}",2026-07-23T06:53:23.720109018Z
"2026-07-23T06:53:16.160Z [[34mdebug[39m] Message published {""service"":""mqtt-publisher-lite"",""topic"":""proof.mqtt/DEVICE-13/instagram"",""qos"":1,""deliveryTime"":""220ms""}",info,"{""level"":""info""}","{""project"":""90a47e04-a329-4122-9c82-2ee75a4562c2"",""environment"":""f6319bd4-2e87-40d4-8547-4ce714038bc1"",""service"":""c236b8cb-3eff-45c5-aca0-23e73e33dc8d"",""deployment"":""acf6ba43-652d-4725-96f6-6a34d92bdafb"",""replica"":""3a6a98ac-33a5-460d-82e3-5ddb81381546""}",2026-07-23T06:53:23.720113189Z
"2026-07-23T06:53:16.160Z [[34mdebug[39m] Message received {""service"":""mqtt-publisher-lite"",""topic"":""proof.mqtt/DEVICE-13/instagram"",""size"":252,""retain"":false}",info,"{""level"":""info""}","{""project"":""90a47e04-a329-4122-9c82-2ee75a4562c2"",""environment"":""f6319bd4-2e87-40d4-8547-4ce714038bc1"",""service"":""c236b8cb-3eff-45c5-aca0-23e73e33dc8d"",""deployment"":""acf6ba43-652d-4725-96f6-6a34d92bdafb"",""replica"":""3a6a98ac-33a5-460d-82e3-5ddb81381546""}",2026-07-23T06:53:23.720117510Z
"2026-07-23T06:53:16.160Z [[34mdebug[39m] Skipping echo message {""service"":""mqtt-publisher-lite"",""topic"":""proof.mqtt/DEVICE-13/instagram"",""age"":""0ms""}",info,"{""level"":""info""}","{""project"":""90a47e04-a329-4122-9c82-2ee75a4562c2"",""environment"":""f6319bd4-2e87-40d4-8547-4ce714038bc1"",""service"":""c236b8cb-3eff-45c5-aca0-23e73e33dc8d"",""deployment"":""acf6ba43-652d-4725-96f6-6a34d92bdafb"",""replica"":""3a6a98ac-33a5-460d-82e3-5ddb81381546""}",2026-07-23T06:53:23.720122706Z
"2026-07-23T06:53:16.161Z [[34mdebug[39m] Screen message received {""service"":""mqtt-publisher-lite"",""topic"":""proof.mqtt/DEVICE-13/instagram"",""screen"":""instagram""}",info,"{""level"":""info""}","{""project"":""90a47e04-a329-4122-9c82-2ee75a4562c2"",""environment"":""f6319bd4-2e87-40d4-8547-4ce714038bc1"",""service"":""c236b8cb-3eff-45c5-aca0-23e73e33dc8d"",""deployment"":""acf6ba43-652d-4725-96f6-6a34d92bdafb"",""replica"":""3a6a98ac-33a5-460d-82e3-5ddb81381546""}",2026-07-23T06:53:23.720127031Z
"2026-07-23T06:53:16.186Z [[32minfo[39m] [STIM_GMB] Published {""service"":""mqtt-publisher-lite"",""deviceId"":""DEVICE-15"",""reviews"":3,""target"":100,""mode"":""synthetic"",""celebration"":""false"",""done"":false}",info,"{""level"":""info""}","{""project"":""90a47e04-a329-4122-9c82-2ee75a4562c2"",""environment"":""f6319bd4-2e87-40d4-8547-4ce714038bc1"",""service"":""c236b8cb-3eff-45c5-aca0-23e73e33dc8d"",""deployment"":""acf6ba43-652d-4725-96f6-6a34d92bdafb"",""replica"":""3a6a98ac-33a5-460d-82e3-5ddb81381546""}",2026-07-23T06:53:23.723601853Z
"2026-07-23T06:53:16.255Z [[32minfo[39m] [PROMOTION] Default canvas not published {""service"":""mqtt-publisher-lite"",""deviceId"":""DEVICE-17"",""topic"":""proof.mqtt/DEVICE-17/promotion"",""reason"":""unchanged""}",info,"{""level"":""info""}","{""project"":""90a47e04-a329-4122-9c82-2ee75a4562c2"",""environment"":""f6319bd4-2e87-40d4-8547-4ce714038bc1"",""service"":""c236b8cb-3eff-45c5-aca0-23e73e33dc8d"",""deployment"":""acf6ba43-652d-4725-96f6-6a34d92bdafb"",""replica"":""3a6a98ac-33a5-460d-82e3-5ddb81381546""}",2026-07-23T06:53:23.723608285Z
"2026-07-23T06:53:16.255Z [[34mdebug[39m] [STIM_SKIP] StatsPublisher skipping stim device {""service"":""mqtt-publisher-lite"",""deviceId"":""DEVICE-13""}",info,"{""level"":""info""}","{""project"":""90a47e04-a329-4122-9c82-2ee75a4562c2"",""environment"":""f6319bd4-2e87-40d4-8547-4ce714038bc1"",""service"":""c236b8cb-3eff-45c5-aca0-23e73e33dc8d"",""deployment"":""acf6ba43-652d-4725-96f6-6a34d92bdafb"",""replica"":""3a6a98ac-33a5-460d-82e3-5ddb81381546""}",2026-07-23T06:53:23.723613364Z
"2026-07-23T06:53:16.255Z [[34mdebug[39m] [STIM_SKIP] StatsPublisher skipping stim device {""service"":""mqtt-publisher-lite"",""deviceId"":""DEVICE-15""}",info,"{""level"":""info""}","{""project"":""90a47e04-a329-4122-9c82-2ee75a4562c2"",""environment"":""f6319bd4-2e87-40d4-8547-4ce714038bc1"",""service"":""c236b8cb-3eff-45c5-aca0-23e73e33dc8d"",""deployment"":""acf6ba43-652d-4725-96f6-6a34d92bdafb"",""replica"":""3a6a98ac-33a5-460d-82e3-5ddb81381546""}",2026-07-23T06:53:23.723620191Z
"2026-07-23T06:53:16.273Z [[32minfo[39m] [STIM_IG] Published {""service"":""mqtt-publisher-lite"",""deviceId"":""DEVICE-13"",""followers"":5,""target"":500,""mode"":""synthetic"",""achievement"":10,""celebration"":""true"",""done"":false}",info,"{""level"":""info""}","{""project"":""90a47e04-a329-4122-9c82-2ee75a4562c2"",""environment"":""f6319bd4-2e87-40d4-8547-4ce714038bc1"",""service"":""c236b8cb-3eff-45c5-aca0-23e73e33dc8d"",""deployment"":""acf6ba43-652d-4725-96f6-6a34d92bdafb"",""replica"":""3a6a98ac-33a5-460d-82e3-5ddb81381546""}",2026-07-23T06:53:23.723625183Z
"2026-07-23T06:53:16.289Z [[32minfo[39m] ✅ PUBACK received {""service"":""mqtt-publisher-lite"",""messageId"":62065}",info,"{""level"":""info""}","{""project"":""90a47e04-a329-4122-9c82-2ee75a4562c2"",""environment"":""f6319bd4-2e87-40d4-8547-4ce714038bc1"",""service"":""c236b8cb-3eff-45c5-aca0-23e73e33dc8d"",""deployment"":""acf6ba43-652d-4725-96f6-6a34d92bdafb"",""replica"":""3a6a98ac-33a5-460d-82e3-5ddb81381546""}",2026-07-23T06:53:23.723629768Z
"2026-07-23T06:53:16.290Z [[32minfo[39m] ✅ QoS 1 PUBACK confirmed {""service"":""mqtt-publisher-lite"",""deviceId"":""DEVICE-13"",""messageId"":62065,""deliveryTime"":""230ms"",""pendingCount"":0}",info,"{""level"":""info""}","{""project"":""90a47e04-a329-4122-9c82-2ee75a4562c2"",""environment"":""f6319bd4-2e87-40d4-8547-4ce714038bc1"",""service"":""c236b8cb-3eff-45c5-aca0-23e73e33dc8d"",""deployment"":""acf6ba43-652d-4725-96f6-6a34d92bdafb"",""replica"":""3a6a98ac-33a5-460d-82e3-5ddb81381546""}",2026-07-23T06:53:23.723634825Z
"2026-07-23T06:53:16.290Z [[34mdebug[39m] ✅ [LIFECYCLE:PUBACK_OK] Device confirmed message receipt {""service"":""mqtt-publisher-lite"",""deviceId"":""DEVICE-13""}",info,"{""level"":""info""}","{""project"":""90a47e04-a329-4122-9c82-2ee75a4562c2"",""environment"":""f6319bd4-2e87-40d4-8547-4ce714038bc1"",""service"":""c236b8cb-3eff-45c5-aca0-23e73e33dc8d"",""deployment"":""acf6ba43-652d-4725-96f6-6a34d92bdafb"",""replica"":""3a6a98ac-33a5-460d-82e3-5ddb81381546""}",2026-07-23T06:53:23.723639284Z
"2026-07-23T06:53:16.290Z [[34mdebug[39m] Message published {""service"":""mqtt-publisher-lite"",""topic"":""proof.mqtt/DEVICE-13/gmb"",""qos"":1,""deliveryTime"":""232ms""}",info,"{""level"":""info""}","{""project"":""90a47e04-a329-4122-9c82-2ee75a4562c2"",""environment"":""f6319bd4-2e87-40d4-8547-4ce714038bc1"",""service"":""c236b8cb-3eff-45c5-aca0-23e73e33dc8d"",""deployment"":""acf6ba43-652d-4725-96f6-6a34d92bdafb"",""replica"":""3a6a98ac-33a5-460d-82e3-5ddb81381546""}",2026-07-23T06:53:23.723644481Z
"2026-07-23T06:53:16.290Z [[34mdebug[39m] Message received {""service"":""mqtt-publisher-lite"",""topic"":""proof.mqtt/DEVICE-13/gmb"",""size"":244,""retain"":false}",info,"{""level"":""info""}","{""project"":""90a47e04-a329-4122-9c82-2ee75a4562c2"",""environment"":""f6319bd4-2e87-40d4-8547-4ce714038bc1"",""service"":""c236b8cb-3eff-45c5-aca0-23e73e33dc8d"",""deployment"":""acf6ba43-652d-4725-96f6-6a34d92bdafb"",""replica"":""3a6a98ac-33a5-460d-82e3-5ddb81381546""}",2026-07-23T06:53:23.723648667Z
"2026-07-23T06:53:16.290Z [[34mdebug[39m] Skipping echo message {""service"":""mqtt-publisher-lite"",""topic"":""proof.mqtt/DEVICE-13/gmb"",""age"":""0ms""}",info,"{""level"":""info""}","{""project"":""90a47e04-a329-4122-9c82-2ee75a4562c2"",""environment"":""f6319bd4-2e87-40d4-8547-4ce714038bc1"",""service"":""c236b8cb-3eff-45c5-aca0-23e73e33dc8d"",""deployment"":""acf6ba43-652d-4725-96f6-6a34d92bdafb"",""replica"":""3a6a98ac-33a5-460d-82e3-5ddb81381546""}",2026-07-23T06:53:23.726614477Z
"2026-07-23T06:53:16.291Z [[34mdebug[39m] Screen message received {""service"":""mqtt-publisher-lite"",""topic"":""proof.mqtt/DEVICE-13/gmb"",""screen"":""gmb""}",info,"{""level"":""info""}","{""project"":""90a47e04-a329-4122-9c82-2ee75a4562c2"",""environment"":""f6319bd4-2e87-40d4-8547-4ce714038bc1"",""service"":""c236b8cb-3eff-45c5-aca0-23e73e33dc8d"",""deployment"":""acf6ba43-652d-4725-96f6-6a34d92bdafb"",""replica"":""3a6a98ac-33a5-460d-82e3-5ddb81381546""}",2026-07-23T06:53:23.726622810Z
"2026-07-23T06:53:16.395Z [[32minfo[39m] [STIM_GMB] Published {""service"":""mqtt-publisher-lite"",""deviceId"":""DEVICE-13"",""reviews"":3,""target"":100,""mode"":""synthetic"",""celebration"":""false"",""done"":false}",info,"{""level"":""info""}","{""project"":""90a47e04-a329-4122-9c82-2ee75a4562c2"",""environment"":""f6319bd4-2e87-40d4-8547-4ce714038bc1"",""service"":""c236b8cb-3eff-45c5-aca0-23e73e33dc8d"",""deployment"":""acf6ba43-652d-4725-96f6-6a34d92bdafb"",""replica"":""3a6a98ac-33a5-460d-82e3-5ddb81381546""}",2026-07-23T06:53:23.726628567Z
"2026-07-23T06:53:45.646Z [[34mdebug[39m] [IG_DIRECT] No Instagram credentials (Redis proof.mqtt:device:{id} or active-devices.json) {""service"":""mqtt-publisher-lite"",""deviceId"":""DEVICE-17"",""trigger"":""scheduled""}",info,"{""level"":""info""}","{""project"":""90a47e04-a329-4122-9c82-2ee75a4562c2"",""environment"":""f6319bd4-2e87-40d4-8547-4ce714038bc1"",""service"":""c236b8cb-3eff-45c5-aca0-23e73e33dc8d"",""deployment"":""acf6ba43-652d-4725-96f6-6a34d92bdafb"",""replica"":""3a6a98ac-33a5-460d-82e3-5ddb81381546""}",2026-07-23T06:53:53.185733744Z
"2026-07-23T06:53:45.710Z [[32minfo[39m] 📤 QoS 1 message sent {""service"":""mqtt-publisher-lite"",""messageId"":62066,""topic"":""proof.mqtt/DEVICE-15/instagram"",""qos"":1}",info,"{""level"":""info""}","{""project"":""90a47e04-a329-4122-9c82-2ee75a4562c2"",""environment"":""f6319bd4-2e87-40d4-8547-4ce714038bc1"",""service"":""c236b8cb-3eff-45c5-aca0-23e73e33dc8d"",""deployment"":""acf6ba43-652d-4725-96f6-6a34d92bdafb"",""replica"":""3a6a98ac-33a5-460d-82e3-5ddb81381546""}",2026-07-23T06:53:53.185743713Z
"2026-07-23T06:53:45.711Z [[32minfo[39m] ⏱️ Tracking QoS 1 message (30s timeout) {""service"":""mqtt-publisher-lite"",""deviceId"":""DEVICE-15"",""messageId"":62066,""topic"":""proof.mqtt/DEVICE-15/instagram"",""pendingCount"":1}",info,"{""level"":""info""}","{""project"":""90a47e04-a329-4122-9c82-2ee75a4562c2"",""environment"":""f6319bd4-2e87-40d4-8547-4ce714038bc1"",""service"":""c236b8cb-3eff-45c5-aca0-23e73e33dc8d"",""deployment"":""acf6ba43-652d-4725-96f6-6a34d92bdafb"",""replica"":""3a6a98ac-33a5-460d-82e3-5ddb81381546""}",2026-07-23T06:53:53.185754379Z
"2026-07-23T06:53:45.757Z [[34mdebug[39m] Instagram fetch audit written to InfluxDB {""service"":""mqtt-publisher-lite"",""deviceId"":""DEVICE-17"",""success"":false}",info,"{""level"":""info""}","{""project"":""90a47e04-a329-4122-9c82-2ee75a4562c2"",""environment"":""f6319bd4-2e87-40d4-8547-4ce714038bc1"",""service"":""c236b8cb-3eff-45c5-aca0-23e73e33dc8d"",""deployment"":""acf6ba43-652d-4725-96f6-6a34d92bdafb"",""replica"":""3a6a98ac-33a5-460d-82e3-5ddb81381546""}",2026-07-23T06:53:53.185760625Z
"2026-07-23T06:53:45.757Z [[33mwarn[39m] [IG_SCREEN] Skipping MQTT for failed fetch {""service"":""mqtt-publisher-lite"",""deviceId"":""DEVICE-17"",""error"":""no_instagram_credentials""}",info,"{""level"":""info""}","{""project"":""90a47e04-a329-4122-9c82-2ee75a4562c2"",""environment"":""f6319bd4-2e87-40d4-8547-4ce714038bc1"",""service"":""c236b8cb-3eff-45c5-aca0-23e73e33dc8d"",""deployment"":""acf6ba43-652d-4725-96f6-6a34d92bdafb"",""replica"":""3a6a98ac-33a5-460d-82e3-5ddb81381546""}",2026-07-23T06:53:53.185767140Z
"2026-07-23T06:53:45.758Z [[32minfo[39m] InfluxDB batch flush {""service"":""mqtt-publisher-lite"",""source"":""metrics_disk_queue_worker"",""count"":1,""lines"":[""instagram_fetch_audit,device_id=DEVICE-17,success=false,trigger_type=scheduled duration_ms=0i,error_message=\""no_instagram_credentials\"",user_id_at_time=\""unknown\"" 1784789625646000000""]}",info,"{""level"":""info""}","{""project"":""90a47e04-a329-4122-9c82-2ee75a4562c2"",""environment"":""f6319bd4-2e87-40d4-8547-4ce714038bc1"",""service"":""c236b8cb-3eff-45c5-aca0-23e73e33dc8d"",""deployment"":""acf6ba43-652d-4725-96f6-6a34d92bdafb"",""replica"":""3a6a98ac-33a5-460d-82e3-5ddb81381546""}",2026-07-23T06:53:53.185774550Z
"2026-07-23T06:53:45.805Z [[32minfo[39m] 📤 QoS 1 message sent {""service"":""mqtt-publisher-lite"",""messageId"":62067,""topic"":""proof.mqtt/DEVICE-15/gmb"",""qos"":1}",info,"{""level"":""info""}","{""project"":""90a47e04-a329-4122-9c82-2ee75a4562c2"",""environment"":""f6319bd4-2e87-40d4-8547-4ce714038bc1"",""service"":""c236b8cb-3eff-45c5-aca0-23e73e33dc8d"",""deployment"":""acf6ba43-652d-4725-96f6-6a34d92bdafb"",""replica"":""3a6a98ac-33a5-460d-82e3-5ddb81381546""}",2026-07-23T06:53:53.185785355Z
"2026-07-23T06:53:45.805Z [[32minfo[39m] ⏱️ Tracking QoS 1 message (30s timeout) {""service"":""mqtt-publisher-lite"",""deviceId"":""DEVICE-15"",""messageId"":62067,""topic"":""proof.mqtt/DEVICE-15/gmb"",""pendingCount"":2}",info,"{""level"":""info""}","{""project"":""90a47e04-a329-4122-9c82-2ee75a4562c2"",""environment"":""f6319bd4-2e87-40d4-8547-4ce714038bc1"",""service"":""c236b8cb-3eff-45c5-aca0-23e73e33dc8d"",""deployment"":""acf6ba43-652d-4725-96f6-6a34d92bdafb"",""replica"":""3a6a98ac-33a5-460d-82e3-5ddb81381546""}",2026-07-23T06:53:53.185791671Z
"2026-07-23T06:53:45.920Z [[32minfo[39m] 📤 QoS 1 message sent {""service"":""mqtt-publisher-lite"",""messageId"":62068,""topic"":""proof.mqtt/DEVICE-13/instagram"",""qos"":1}",info,"{""level"":""info""}","{""project"":""90a47e04-a329-4122-9c82-2ee75a4562c2"",""environment"":""f6319bd4-2e87-40d4-8547-4ce714038bc1"",""service"":""c236b8cb-3eff-45c5-aca0-23e73e33dc8d"",""deployment"":""acf6ba43-652d-4725-96f6-6a34d92bdafb"",""replica"":""3a6a98ac-33a5-460d-82e3-5ddb81381546""}",2026-07-23T06:53:53.185798953Z
"2026-07-23T06:53:45.921Z [[32minfo[39m] ⏱️ Tracking QoS 1 message (30s timeout) {""service"":""mqtt-publisher-lite"",""deviceId"":""DEVICE-13"",""messageId"":62068,""topic"":""proof.mqtt/DEVICE-13/instagram"",""pendingCount"":3}",info,"{""level"":""info""}","{""project"":""90a47e04-a329-4122-9c82-2ee75a4562c2"",""environment"":""f6319bd4-2e87-40d4-8547-4ce714038bc1"",""service"":""c236b8cb-3eff-45c5-aca0-23e73e33dc8d"",""deployment"":""acf6ba43-652d-4725-96f6-6a34d92bdafb"",""replica"":""3a6a98ac-33a5-460d-82e3-5ddb81381546""}",2026-07-23T06:53:53.188387173Z
"2026-07-23T06:53:45.938Z [[32minfo[39m] ✅ PUBACK received {""service"":""mqtt-publisher-lite"",""messageId"":62066}",info,"{""level"":""info""}","{""project"":""90a47e04-a329-4122-9c82-2ee75a4562c2"",""environment"":""f6319bd4-2e87-40d4-8547-4ce714038bc1"",""service"":""c236b8cb-3eff-45c5-aca0-23e73e33dc8d"",""deployment"":""acf6ba43-652d-4725-96f6-6a34d92bdafb"",""replica"":""3a6a98ac-33a5-460d-82e3-5ddb81381546""}",2026-07-23T06:53:53.188397755Z
"2026-07-23T06:53:45.938Z [[32minfo[39m] ✅ QoS 1 PUBACK confirmed {""service"":""mqtt-publisher-lite"",""deviceId"":""DEVICE-15"",""messageId"":62066,""deliveryTime"":""227ms"",""pendingCount"":2}",info,"{""level"":""info""}","{""project"":""90a47e04-a329-4122-9c82-2ee75a4562c2"",""environment"":""f6319bd4-2e87-40d4-8547-4ce714038bc1"",""service"":""c236b8cb-3eff-45c5-aca0-23e73e33dc8d"",""deployment"":""acf6ba43-652d-4725-96f6-6a34d92bdafb"",""replica"":""3a6a98ac-33a5-460d-82e3-5ddb81381546""}",2026-07-23T06:53:53.188404245Z
"2026-07-23T06:53:45.938Z [[34mdebug[39m] ✅ [LIFECYCLE:PUBACK_OK] Device confirmed message receipt {""service"":""mqtt-publisher-lite"",""deviceId"":""DEVICE-15""}",info,"{""level"":""info""}","{""project"":""90a47e04-a329-4122-9c82-2ee75a4562c2"",""environment"":""f6319bd4-2e87-40d4-8547-4ce714038bc1"",""service"":""c236b8cb-3eff-45c5-aca0-23e73e33dc8d"",""deployment"":""acf6ba43-652d-4725-96f6-6a34d92bdafb"",""replica"":""3a6a98ac-33a5-460d-82e3-5ddb81381546""}",2026-07-23T06:53:53.188410645Z
"2026-07-23T06:53:45.939Z [[34mdebug[39m] Message published {""service"":""mqtt-publisher-lite"",""topic"":""proof.mqtt/DEVICE-15/instagram"",""qos"":1,""deliveryTime"":""229ms""}",info,"{""level"":""info""}","{""project"":""90a47e04-a329-4122-9c82-2ee75a4562c2"",""environment"":""f6319bd4-2e87-40d4-8547-4ce714038bc1"",""service"":""c236b8cb-3eff-45c5-aca0-23e73e33dc8d"",""deployment"":""acf6ba43-652d-4725-96f6-6a34d92bdafb"",""replica"":""3a6a98ac-33a5-460d-82e3-5ddb81381546""}",2026-07-23T06:53:53.188415745Z
"2026-07-23T06:53:45.939Z [[34mdebug[39m] Message received {""service"":""mqtt-publisher-lite"",""topic"":""proof.mqtt/DEVICE-15/instagram"",""size"":227,""retain"":false}",info,"{""level"":""info""}","{""project"":""90a47e04-a329-4122-9c82-2ee75a4562c2"",""environment"":""f6319bd4-2e87-40d4-8547-4ce714038bc1"",""service"":""c236b8cb-3eff-45c5-aca0-23e73e33dc8d"",""deployment"":""acf6ba43-652d-4725-96f6-6a34d92bdafb"",""replica"":""3a6a98ac-33a5-460d-82e3-5ddb81381546""}",2026-07-23T06:53:53.188421965Z
"2026-07-23T06:53:45.939Z [[34mdebug[39m] Skipping echo message {""service"":""mqtt-publisher-lite"",""topic"":""proof.mqtt/DEVICE-15/instagram"",""age"":""0ms""}",info,"{""level"":""info""}","{""project"":""90a47e04-a329-4122-9c82-2ee75a4562c2"",""environment"":""f6319bd4-2e87-40d4-8547-4ce714038bc1"",""service"":""c236b8cb-3eff-45c5-aca0-23e73e33dc8d"",""deployment"":""acf6ba43-652d-4725-96f6-6a34d92bdafb"",""replica"":""3a6a98ac-33a5-460d-82e3-5ddb81381546""}",2026-07-23T06:53:53.188427826Z
"2026-07-23T06:53:45.939Z [[34mdebug[39m] Screen message received {""service"":""mqtt-publisher-lite"",""topic"":""proof.mqtt/DEVICE-15/instagram"",""screen"":""instagram""}",info,"{""level"":""info""}","{""project"":""90a47e04-a329-4122-9c82-2ee75a4562c2"",""environment"":""f6319bd4-2e87-40d4-8547-4ce714038bc1"",""service"":""c236b8cb-3eff-45c5-aca0-23e73e33dc8d"",""deployment"":""acf6ba43-652d-4725-96f6-6a34d92bdafb"",""replica"":""3a6a98ac-33a5-460d-82e3-5ddb81381546""}",2026-07-23T06:53:53.188434296Z
"2026-07-23T06:53:46.014Z [[32minfo[39m] 📤 QoS 1 message sent {""service"":""mqtt-publisher-lite"",""messageId"":62069,""topic"":""proof.mqtt/DEVICE-13/gmb"",""qos"":1}",info,"{""level"":""info""}","{""project"":""90a47e04-a329-4122-9c82-2ee75a4562c2"",""environment"":""f6319bd4-2e87-40d4-8547-4ce714038bc1"",""service"":""c236b8cb-3eff-45c5-aca0-23e73e33dc8d"",""deployment"":""acf6ba43-652d-4725-96f6-6a34d92bdafb"",""replica"":""3a6a98ac-33a5-460d-82e3-5ddb81381546""}",2026-07-23T06:53:53.188439683Z
"2026-07-23T06:53:46.014Z [[32minfo[39m] ⏱️ Tracking QoS 1 message (30s timeout) {""service"":""mqtt-publisher-lite"",""deviceId"":""DEVICE-13"",""messageId"":62069,""topic"":""proof.mqtt/DEVICE-13/gmb"",""pendingCount"":3}",info,"{""level"":""info""}","{""project"":""90a47e04-a329-4122-9c82-2ee75a4562c2"",""environment"":""f6319bd4-2e87-40d4-8547-4ce714038bc1"",""service"":""c236b8cb-3eff-45c5-aca0-23e73e33dc8d"",""deployment"":""acf6ba43-652d-4725-96f6-6a34d92bdafb"",""replica"":""3a6a98ac-33a5-460d-82e3-5ddb81381546""}",2026-07-23T06:53:53.188446036Z
"2026-07-23T06:53:46.022Z [[32minfo[39m] ✅ PUBACK received {""service"":""mqtt-publisher-lite"",""messageId"":62067}",info,"{""level"":""info""}","{""project"":""90a47e04-a329-4122-9c82-2ee75a4562c2"",""environment"":""f6319bd4-2e87-40d4-8547-4ce714038bc1"",""service"":""c236b8cb-3eff-45c5-aca0-23e73e33dc8d"",""deployment"":""acf6ba43-652d-4725-96f6-6a34d92bdafb"",""replica"":""3a6a98ac-33a5-460d-82e3-5ddb81381546""}",2026-07-23T06:53:53.191069867Z
"2026-07-23T06:53:46.022Z [[32minfo[39m] ✅ QoS 1 PUBACK confirmed {""service"":""mqtt-publisher-lite"",""deviceId"":""DEVICE-15"",""messageId"":62067,""deliveryTime"":""217ms"",""pendingCount"":2}",info,"{""level"":""info""}","{""project"":""90a47e04-a329-4122-9c82-2ee75a4562c2"",""environment"":""f6319bd4-2e87-40d4-8547-4ce714038bc1"",""service"":""c236b8cb-3eff-45c5-aca0-23e73e33dc8d"",""deployment"":""acf6ba43-652d-4725-96f6-6a34d92bdafb"",""replica"":""3a6a98ac-33a5-460d-82e3-5ddb81381546""}",2026-07-23T06:53:53.191083520Z
"2026-07-23T06:53:46.022Z [[34mdebug[39m] ✅ [LIFECYCLE:PUBACK_OK] Device confirmed message receipt {""service"":""mqtt-publisher-lite"",""deviceId"":""DEVICE-15""}",info,"{""level"":""info""}","{""project"":""90a47e04-a329-4122-9c82-2ee75a4562c2"",""environment"":""f6319bd4-2e87-40d4-8547-4ce714038bc1"",""service"":""c236b8cb-3eff-45c5-aca0-23e73e33dc8d"",""deployment"":""acf6ba43-652d-4725-96f6-6a34d92bdafb"",""replica"":""3a6a98ac-33a5-460d-82e3-5ddb81381546""}",2026-07-23T06:53:53.191092827Z
"2026-07-23T06:53:46.022Z [[34mdebug[39m] Message published {""service"":""mqtt-publisher-lite"",""topic"":""proof.mqtt/DEVICE-15/gmb"",""qos"":1,""deliveryTime"":""218ms""}",info,"{""level"":""info""}","{""project"":""90a47e04-a329-4122-9c82-2ee75a4562c2"",""environment"":""f6319bd4-2e87-40d4-8547-4ce714038bc1"",""service"":""c236b8cb-3eff-45c5-aca0-23e73e33dc8d"",""deployment"":""acf6ba43-652d-4725-96f6-6a34d92bdafb"",""replica"":""3a6a98ac-33a5-460d-82e3-5ddb81381546""}",2026-07-23T06:53:53.191101154Z
"2026-07-23T06:53:46.023Z [[34mdebug[39m] Message received {""service"":""mqtt-publisher-lite"",""topic"":""proof.mqtt/DEVICE-15/gmb"",""size"":244,""retain"":false}",info,"{""level"":""info""}","{""project"":""90a47e04-a329-4122-9c82-2ee75a4562c2"",""environment"":""f6319bd4-2e87-40d4-8547-4ce714038bc1"",""service"":""c236b8cb-3eff-45c5-aca0-23e73e33dc8d"",""deployment"":""acf6ba43-652d-4725-96f6-6a34d92bdafb"",""replica"":""3a6a98ac-33a5-460d-82e3-5ddb81381546""}",2026-07-23T06:53:53.191108421Z
"2026-07-23T06:53:46.023Z [[34mdebug[39m] Skipping echo message {""service"":""mqtt-publisher-lite"",""topic"":""proof.mqtt/DEVICE-15/gmb"",""age"":""1ms""}",info,"{""level"":""info""}","{""project"":""90a47e04-a329-4122-9c82-2ee75a4562c2"",""environment"":""f6319bd4-2e87-40d4-8547-4ce714038bc1"",""service"":""c236b8cb-3eff-45c5-aca0-23e73e33dc8d"",""deployment"":""acf6ba43-652d-4725-96f6-6a34d92bdafb"",""replica"":""3a6a98ac-33a5-460d-82e3-5ddb81381546""}",2026-07-23T06:53:53.191116659Z
"2026-07-23T06:53:46.024Z [[34mdebug[39m] Screen message received {""service"":""mqtt-publisher-lite"",""topic"":""proof.mqtt/DEVICE-15/gmb"",""screen"":""gmb""}",info,"{""level"":""info""}","{""project"":""90a47e04-a329-4122-9c82-2ee75a4562c2"",""environment"":""f6319bd4-2e87-40d4-8547-4ce714038bc1"",""service"":""c236b8cb-3eff-45c5-aca0-23e73e33dc8d"",""deployment"":""acf6ba43-652d-4725-96f6-6a34d92bdafb"",""replica"":""3a6a98ac-33a5-460d-82e3-5ddb81381546""}",2026-07-23T06:53:53.191123557Z
"2026-07-23T06:53:46.057Z [[32minfo[39m] [STIM_IG] Published {""service"":""mqtt-publisher-lite"",""deviceId"":""DEVICE-15"",""followers"":6,""target"":500,""mode"":""synthetic"",""achievement"":10,""celebration"":""false"",""done"":false}",info,"{""level"":""info""}","{""project"":""90a47e04-a329-4122-9c82-2ee75a4562c2"",""environment"":""f6319bd4-2e87-40d4-8547-4ce714038bc1"",""service"":""c236b8cb-3eff-45c5-aca0-23e73e33dc8d"",""deployment"":""acf6ba43-652d-4725-96f6-6a34d92bdafb"",""replica"":""3a6a98ac-33a5-460d-82e3-5ddb81381546""}",2026-07-23T06:53:53.191130746Z
"2026-07-23T06:53:46.124Z [[32minfo[39m] [STIM_GMB] Published {""service"":""mqtt-publisher-lite"",""deviceId"":""DEVICE-15"",""reviews"":4,""target"":100,""mode"":""synthetic"",""celebration"":""false"",""done"":false}",info,"{""level"":""info""}","{""project"":""90a47e04-a329-4122-9c82-2ee75a4562c2"",""environment"":""f6319bd4-2e87-40d4-8547-4ce714038bc1"",""service"":""c236b8cb-3eff-45c5-aca0-23e73e33dc8d"",""deployment"":""acf6ba43-652d-4725-96f6-6a34d92bdafb"",""replica"":""3a6a98ac-33a5-460d-82e3-5ddb81381546""}",2026-07-23T06:53:53.191138114Z
"2026-07-23T06:53:46.138Z [[32minfo[39m] ✅ PUBACK received {""service"":""mqtt-publisher-lite"",""messageId"":62068}",info,"{""level"":""info""}","{""project"":""90a47e04-a329-4122-9c82-2ee75a4562c2"",""environment"":""f6319bd4-2e87-40d4-8547-4ce714038bc1"",""service"":""c236b8cb-3eff-45c5-aca0-23e73e33dc8d"",""deployment"":""acf6ba43-652d-4725-96f6-6a34d92bdafb"",""replica"":""3a6a98ac-33a5-460d-82e3-5ddb81381546""}",2026-07-23T06:53:53.191152634Z
"2026-07-23T06:53:46.138Z [[32minfo[39m] ✅ QoS 1 PUBACK confirmed {""service"":""mqtt-publisher-lite"",""deviceId"":""DEVICE-13"",""messageId"":62068,""deliveryTime"":""217ms"",""pendingCount"":1}",info,"{""level"":""info""}","{""project"":""90a47e04-a329-4122-9c82-2ee75a4562c2"",""environment"":""f6319bd4-2e87-40d4-8547-4ce714038bc1"",""service"":""c236b8cb-3eff-45c5-aca0-23e73e33dc8d"",""deployment"":""acf6ba43-652d-4725-96f6-6a34d92bdafb"",""replica"":""3a6a98ac-33a5-460d-82e3-5ddb81381546""}",2026-07-23T06:53:53.191160768Z
"2026-07-23T06:53:46.138Z [[34mdebug[39m] ✅ [LIFECYCLE:PUBACK_OK] Device confirmed message receipt {""service"":""mqtt-publisher-lite"",""deviceId"":""DEVICE-13""}",info,"{""level"":""info""}","{""project"":""90a47e04-a329-4122-9c82-2ee75a4562c2"",""environment"":""f6319bd4-2e87-40d4-8547-4ce714038bc1"",""service"":""c236b8cb-3eff-45c5-aca0-23e73e33dc8d"",""deployment"":""acf6ba43-652d-4725-96f6-6a34d92bdafb"",""replica"":""3a6a98ac-33a5-460d-82e3-5ddb81381546""}",2026-07-23T06:53:53.193848769Z
"2026-07-23T06:53:46.138Z [[34mdebug[39m] Message published {""service"":""mqtt-publisher-lite"",""topic"":""proof.mqtt/DEVICE-13/instagram"",""qos"":1,""deliveryTime"":""218ms""}",info,"{""level"":""info""}","{""project"":""90a47e04-a329-4122-9c82-2ee75a4562c2"",""environment"":""f6319bd4-2e87-40d4-8547-4ce714038bc1"",""service"":""c236b8cb-3eff-45c5-aca0-23e73e33dc8d"",""deployment"":""acf6ba43-652d-4725-96f6-6a34d92bdafb"",""replica"":""3a6a98ac-33a5-460d-82e3-5ddb81381546""}",2026-07-23T06:53:53.193863696Z
"2026-07-23T06:53:46.139Z [[34mdebug[39m] Message received {""service"":""mqtt-publisher-lite"",""topic"":""proof.mqtt/DEVICE-13/instagram"",""size"":227,""retain"":false}",info,"{""level"":""info""}","{""project"":""90a47e04-a329-4122-9c82-2ee75a4562c2"",""environment"":""f6319bd4-2e87-40d4-8547-4ce714038bc1"",""service"":""c236b8cb-3eff-45c5-aca0-23e73e33dc8d"",""deployment"":""acf6ba43-652d-4725-96f6-6a34d92bdafb"",""replica"":""3a6a98ac-33a5-460d-82e3-5ddb81381546""}",2026-07-23T06:53:53.193871895Z
"2026-07-23T06:53:46.139Z [[34mdebug[39m] Skipping echo message {""service"":""mqtt-publisher-lite"",""topic"":""proof.mqtt/DEVICE-13/instagram"",""age"":""1ms""}",info,"{""level"":""info""}","{""project"":""90a47e04-a329-4122-9c82-2ee75a4562c2"",""environment"":""f6319bd4-2e87-40d4-8547-4ce714038bc1"",""service"":""c236b8cb-3eff-45c5-aca0-23e73e33dc8d"",""deployment"":""acf6ba43-652d-4725-96f6-6a34d92bdafb"",""replica"":""3a6a98ac-33a5-460d-82e3-5ddb81381546""}",2026-07-23T06:53:53.193878958Z
"2026-07-23T06:53:46.140Z [[34mdebug[39m] Screen message received {""service"":""mqtt-publisher-lite"",""topic"":""proof.mqtt/DEVICE-13/instagram"",""screen"":""instagram""}",info,"{""level"":""info""}","{""project"":""90a47e04-a329-4122-9c82-2ee75a4562c2"",""environment"":""f6319bd4-2e87-40d4-8547-4ce714038bc1"",""service"":""c236b8cb-3eff-45c5-aca0-23e73e33dc8d"",""deployment"":""acf6ba43-652d-4725-96f6-6a34d92bdafb"",""replica"":""3a6a98ac-33a5-460d-82e3-5ddb81381546""}",2026-07-23T06:53:53.193886384Z
"2026-07-23T06:53:46.231Z [[32minfo[39m] ✅ PUBACK received {""service"":""mqtt-publisher-lite"",""messageId"":62069}",info,"{""level"":""info""}","{""project"":""90a47e04-a329-4122-9c82-2ee75a4562c2"",""environment"":""f6319bd4-2e87-40d4-8547-4ce714038bc1"",""service"":""c236b8cb-3eff-45c5-aca0-23e73e33dc8d"",""deployment"":""acf6ba43-652d-4725-96f6-6a34d92bdafb"",""replica"":""3a6a98ac-33a5-460d-82e3-5ddb81381546""}",2026-07-23T06:53:53.193893617Z
"2026-07-23T06:53:46.232Z [[32minfo[39m] ✅ QoS 1 PUBACK confirmed {""service"":""mqtt-publisher-lite"",""deviceId"":""DEVICE-13"",""messageId"":62069,""deliveryTime"":""218ms"",""pendingCount"":0}",info,"{""level"":""info""}","{""project"":""90a47e04-a329-4122-9c82-2ee75a4562c2"",""environment"":""f6319bd4-2e87-40d4-8547-4ce714038bc1"",""service"":""c236b8cb-3eff-45c5-aca0-23e73e33dc8d"",""deployment"":""acf6ba43-652d-4725-96f6-6a34d92bdafb"",""replica"":""3a6a98ac-33a5-460d-82e3-5ddb81381546""}",2026-07-23T06:53:53.193900709Z
"2026-07-23T06:53:46.232Z [[34mdebug[39m] ✅ [LIFECYCLE:PUBACK_OK] Device confirmed message receipt {""service"":""mqtt-publisher-lite"",""deviceId"":""DEVICE-13""}",info,"{""level"":""info""}","{""project"":""90a47e04-a329-4122-9c82-2ee75a4562c2"",""environment"":""f6319bd4-2e87-40d4-8547-4ce714038bc1"",""service"":""c236b8cb-3eff-45c5-aca0-23e73e33dc8d"",""deployment"":""acf6ba43-652d-4725-96f6-6a34d92bdafb"",""replica"":""3a6a98ac-33a5-460d-82e3-5ddb81381546""}",2026-07-23T06:53:53.193907746Z
"2026-07-23T06:53:46.232Z [[34mdebug[39m] Message published {""service"":""mqtt-publisher-lite"",""topic"":""proof.mqtt/DEVICE-13/gmb"",""qos"":1,""deliveryTime"":""219ms""}",info,"{""level"":""info""}","{""project"":""90a47e04-a329-4122-9c82-2ee75a4562c2"",""environment"":""f6319bd4-2e87-40d4-8547-4ce714038bc1"",""service"":""c236b8cb-3eff-45c5-aca0-23e73e33dc8d"",""deployment"":""acf6ba43-652d-4725-96f6-6a34d92bdafb"",""replica"":""3a6a98ac-33a5-460d-82e3-5ddb81381546""}",2026-07-23T06:53:53.193914654Z
"2026-07-23T06:53:46.234Z [[34mdebug[39m] Message received {""service"":""mqtt-publisher-lite"",""topic"":""proof.mqtt/DEVICE-13/gmb"",""size"":244,""retain"":false}",info,"{""level"":""info""}","{""project"":""90a47e04-a329-4122-9c82-2ee75a4562c2"",""environment"":""f6319bd4-2e87-40d4-8547-4ce714038bc1"",""service"":""c236b8cb-3eff-45c5-aca0-23e73e33dc8d"",""deployment"":""acf6ba43-652d-4725-96f6-6a34d92bdafb"",""replica"":""3a6a98ac-33a5-460d-82e3-5ddb81381546""}",2026-07-23T06:53:53.193921020Z
"2026-07-23T06:53:46.234Z [[34mdebug[39m] Skipping echo message {""service"":""mqtt-publisher-lite"",""topic"":""proof.mqtt/DEVICE-13/gmb"",""age"":""2ms""}",info,"{""level"":""info""}","{""project"":""90a47e04-a329-4122-9c82-2ee75a4562c2"",""environment"":""f6319bd4-2e87-40d4-8547-4ce714038bc1"",""service"":""c236b8cb-3eff-45c5-aca0-23e73e33dc8d"",""deployment"":""acf6ba43-652d-4725-96f6-6a34d92bdafb"",""replica"":""3a6a98ac-33a5-460d-82e3-5ddb81381546""}",2026-07-23T06:53:53.193926989Z
"2026-07-23T06:53:46.235Z [[34mdebug[39m] Screen message received {""service"":""mqtt-publisher-lite"",""topic"":""proof.mqtt/DEVICE-13/gmb"",""screen"":""gmb""}",info,"{""level"":""info""}","{""project"":""90a47e04-a329-4122-9c82-2ee75a4562c2"",""environment"":""f6319bd4-2e87-40d4-8547-4ce714038bc1"",""service"":""c236b8cb-3eff-45c5-aca0-23e73e33dc8d"",""deployment"":""acf6ba43-652d-4725-96f6-6a34d92bdafb"",""replica"":""3a6a98ac-33a5-460d-82e3-5ddb81381546""}",2026-07-23T06:53:53.196594597Z
"2026-07-23T06:53:46.238Z [[32minfo[39m] [STIM_IG] Published {""service"":""mqtt-publisher-lite"",""deviceId"":""DEVICE-13"",""followers"":6,""target"":500,""mode"":""synthetic"",""achievement"":10,""celebration"":""false"",""done"":false}",info,"{""level"":""info""}","{""project"":""90a47e04-a329-4122-9c82-2ee75a4562c2"",""environment"":""f6319bd4-2e87-40d4-8547-4ce714038bc1"",""service"":""c236b8cb-3eff-45c5-aca0-23e73e33dc8d"",""deployment"":""acf6ba43-652d-4725-96f6-6a34d92bdafb"",""replica"":""3a6a98ac-33a5-460d-82e3-5ddb81381546""}",2026-07-23T06:53:53.196601075Z
"2026-07-23T06:53:46.333Z [[32minfo[39m] [STIM_GMB] Published {""service"":""mqtt-publisher-lite"",""deviceId"":""DEVICE-13"",""reviews"":4,""target"":100,""mode"":""synthetic"",""celebration"":""false"",""done"":false}",info,"{""level"":""info""}","{""project"":""90a47e04-a329-4122-9c82-2ee75a4562c2"",""environment"":""f6319bd4-2e87-40d4-8547-4ce714038bc1"",""service"":""c236b8cb-3eff-45c5-aca0-23e73e33dc8d"",""deployment"":""acf6ba43-652d-4725-96f6-6a34d92bdafb"",""replica"":""3a6a98ac-33a5-460d-82e3-5ddb81381546""}",2026-07-23T06:53:53.197089674Z