message,severity,attributes,tags,timestamp
Starting Container,info,"{""level"":""info""}","{""project"":""90a47e04-a329-4122-9c82-2ee75a4562c2"",""environment"":""f6319bd4-2e87-40d4-8547-4ce714038bc1"",""service"":""c236b8cb-3eff-45c5-aca0-23e73e33dc8d"",""deployment"":""69394420-c732-4ebe-a5fd-54c2d5628ea7"",""replica"":""7fc15fda-5103-4647-b7c4-6251ceb0ef53""}",2026-07-23T06:16:13.729981620Z
"2026-07-23T06:16:21.566Z [[32minfo[39m] Provisioning Root CA: env probe (lengths only, values not logged) {""service"":""mqtt-publisher-lite"",""source"":""MQTT_TLS_CA_BASE64 + MQTT_TLS_CA_KEY_BASE64"",""MQTT_TLS_CA_BASE64_present"":true,""MQTT_TLS_CA_BASE64_length"":2624,""MQTT_TLS_CA_KEY_BASE64_present"":true,""MQTT_TLS_CA_KEY_BASE64_length"":4360,""PROVISIONING_CA_DIR"":""/app/data/certs""}",info,"{""level"":""info""}","{""project"":""90a47e04-a329-4122-9c82-2ee75a4562c2"",""environment"":""f6319bd4-2e87-40d4-8547-4ce714038bc1"",""service"":""c236b8cb-3eff-45c5-aca0-23e73e33dc8d"",""deployment"":""69394420-c732-4ebe-a5fd-54c2d5628ea7"",""replica"":""7fc15fda-5103-4647-b7c4-6251ceb0ef53""}",2026-07-23T06:16:21.739321298Z
"2026-07-23T06:16:21.568Z [[32minfo[39m] Provisioning Root CA: read PEM from environment (decoded) {""service"":""mqtt-publisher-lite"",""cert_pem_bytes"":1967,""cert_sha256_prefix"":""2a93d0ae294a1de3"",""key_pem_bytes"":3267,""key_kind"":""PKCS#8""}",info,"{""level"":""info""}","{""project"":""90a47e04-a329-4122-9c82-2ee75a4562c2"",""environment"":""f6319bd4-2e87-40d4-8547-4ce714038bc1"",""service"":""c236b8cb-3eff-45c5-aca0-23e73e33dc8d"",""deployment"":""69394420-c732-4ebe-a5fd-54c2d5628ea7"",""replica"":""7fc15fda-5103-4647-b7c4-6251ceb0ef53""}",2026-07-23T06:16:21.739328558Z
"2026-07-23T06:16:21.570Z [[32minfo[39m] Provisioning Root CA: wrote files from env (CAService will load these paths) {""service"":""mqtt-publisher-lite"",""certPath"":""/app/data/certs/root-ca.crt"",""keyPath"":""/app/data/certs/root-ca.key"",""cert_file_bytes"":1968,""key_file_bytes"":3268,""caStoragePath"":""/app/data/certs""}",info,"{""level"":""info""}","{""project"":""90a47e04-a329-4122-9c82-2ee75a4562c2"",""environment"":""f6319bd4-2e87-40d4-8547-4ce714038bc1"",""service"":""c236b8cb-3eff-45c5-aca0-23e73e33dc8d"",""deployment"":""69394420-c732-4ebe-a5fd-54c2d5628ea7"",""replica"":""7fc15fda-5103-4647-b7c4-6251ceb0ef53""}",2026-07-23T06:16:21.739335478Z
"2026-07-23T06:16:21.570Z [[32minfo[39m] MQTT TLS credentials loaded from environment (in-memory only) {""service"":""mqtt-publisher-lite"",""hasCa"":true,""hasClientCert"":true,""hasClientKey"":true}",info,"{""level"":""info""}","{""project"":""90a47e04-a329-4122-9c82-2ee75a4562c2"",""environment"":""f6319bd4-2e87-40d4-8547-4ce714038bc1"",""service"":""c236b8cb-3eff-45c5-aca0-23e73e33dc8d"",""deployment"":""69394420-c732-4ebe-a5fd-54c2d5628ea7"",""replica"":""7fc15fda-5103-4647-b7c4-6251ceb0ef53""}",2026-07-23T06:16:21.739341718Z
"2026-07-23T06:16:21.571Z [[33mwarn[39m] Deprecated environment variable BATCH_SIZE; use IG_POLL_BATCH_SIZE instead {""service"":""mqtt-publisher-lite""}",info,"{""level"":""info""}","{""project"":""90a47e04-a329-4122-9c82-2ee75a4562c2"",""environment"":""f6319bd4-2e87-40d4-8547-4ce714038bc1"",""service"":""c236b8cb-3eff-45c5-aca0-23e73e33dc8d"",""deployment"":""69394420-c732-4ebe-a5fd-54c2d5628ea7"",""replica"":""7fc15fda-5103-4647-b7c4-6251ceb0ef53""}",2026-07-23T06:16:21.739347408Z
"2026-07-23T06:16:21.571Z [[33mwarn[39m] Deprecated environment variable MAX_RETRIES; use INFLUXDB_HEALTH_RETRIES instead {""service"":""mqtt-publisher-lite""}",info,"{""level"":""info""}","{""project"":""90a47e04-a329-4122-9c82-2ee75a4562c2"",""environment"":""f6319bd4-2e87-40d4-8547-4ce714038bc1"",""service"":""c236b8cb-3eff-45c5-aca0-23e73e33dc8d"",""deployment"":""69394420-c732-4ebe-a5fd-54c2d5628ea7"",""replica"":""7fc15fda-5103-4647-b7c4-6251ceb0ef53""}",2026-07-23T06:16:21.739353128Z
"2026-07-23T06:16:21.572Z [[32minfo[39m] 🚀 Starting MQTT Publisher Lite... {""service"":""mqtt-publisher-lite""}",info,"{""level"":""info""}","{""project"":""90a47e04-a329-4122-9c82-2ee75a4562c2"",""environment"":""f6319bd4-2e87-40d4-8547-4ce714038bc1"",""service"":""c236b8cb-3eff-45c5-aca0-23e73e33dc8d"",""deployment"":""69394420-c732-4ebe-a5fd-54c2d5628ea7"",""replica"":""7fc15fda-5103-4647-b7c4-6251ceb0ef53""}",2026-07-23T06:16:21.739651116Z
"2026-07-23T06:16:21.572Z [[32minfo[39m] ━━━━━━━━━━━━━━━━━━━━━━━━━━━━━━━━━━━━━━━━━━━━━━━━━━ {""service"":""mqtt-publisher-lite""}",info,"{""level"":""info""}","{""project"":""90a47e04-a329-4122-9c82-2ee75a4562c2"",""environment"":""f6319bd4-2e87-40d4-8547-4ce714038bc1"",""service"":""c236b8cb-3eff-45c5-aca0-23e73e33dc8d"",""deployment"":""69394420-c732-4ebe-a5fd-54c2d5628ea7"",""replica"":""7fc15fda-5103-4647-b7c4-6251ceb0ef53""}",2026-07-23T06:16:21.739656916Z
"2026-07-23T06:16:21.572Z [[32minfo[39m] 🗃️  Initializing MongoDB (REQUIRED)... {""service"":""mqtt-publisher-lite""}",info,"{""level"":""info""}","{""project"":""90a47e04-a329-4122-9c82-2ee75a4562c2"",""environment"":""f6319bd4-2e87-40d4-8547-4ce714038bc1"",""service"":""c236b8cb-3eff-45c5-aca0-23e73e33dc8d"",""deployment"":""69394420-c732-4ebe-a5fd-54c2d5628ea7"",""replica"":""7fc15fda-5103-4647-b7c4-6251ceb0ef53""}",2026-07-23T06:16:21.739661255Z
"2026-07-23T06:16:21.573Z [[32minfo[39m] Attempting MongoDB connection {""service"":""mqtt-publisher-lite"",""uri"":""mongodb+srv://cluster0.alo6dol.mongodb.net/statsnapp?retryWrites=true&w=majority"",""dbName"":""statsnapp""}",info,"{""level"":""info""}","{""project"":""90a47e04-a329-4122-9c82-2ee75a4562c2"",""environment"":""f6319bd4-2e87-40d4-8547-4ce714038bc1"",""service"":""c236b8cb-3eff-45c5-aca0-23e73e33dc8d"",""deployment"":""69394420-c732-4ebe-a5fd-54c2d5628ea7"",""replica"":""7fc15fda-5103-4647-b7c4-6251ceb0ef53""}",2026-07-23T06:16:21.739667645Z
"2026-07-23T06:16:21.571Z [[33mwarn[39m] Deprecated environment variable BATCH_TIMEOUT; use INFLUXDB_QUEUE_FLUSH_MS instead {""service"":""mqtt-publisher-lite""}",info,"{""level"":""info""}","{""project"":""90a47e04-a329-4122-9c82-2ee75a4562c2"",""environment"":""f6319bd4-2e87-40d4-8547-4ce714038bc1"",""service"":""c236b8cb-3eff-45c5-aca0-23e73e33dc8d"",""deployment"":""69394420-c732-4ebe-a5fd-54c2d5628ea7"",""replica"":""7fc15fda-5103-4647-b7c4-6251ceb0ef53""}",2026-07-23T06:16:21.739674375Z
"2026-07-23T06:16:21.571Z [[33mwarn[39m] Deprecated environment variable CONNECTION_POOL_MAX; use MONGODB_MAX_POOL_SIZE instead {""service"":""mqtt-publisher-lite""}",info,"{""level"":""info""}","{""project"":""90a47e04-a329-4122-9c82-2ee75a4562c2"",""environment"":""f6319bd4-2e87-40d4-8547-4ce714038bc1"",""service"":""c236b8cb-3eff-45c5-aca0-23e73e33dc8d"",""deployment"":""69394420-c732-4ebe-a5fd-54c2d5628ea7"",""replica"":""7fc15fda-5103-4647-b7c4-6251ceb0ef53""}",2026-07-23T06:16:21.739678685Z
"2026-07-23T06:16:21.571Z [[33mwarn[39m] Deprecated environment variable CONNECTION_POOL_MIN; use MONGODB_MIN_POOL_SIZE instead {""service"":""mqtt-publisher-lite""}",info,"{""level"":""info""}","{""project"":""90a47e04-a329-4122-9c82-2ee75a4562c2"",""environment"":""f6319bd4-2e87-40d4-8547-4ce714038bc1"",""service"":""c236b8cb-3eff-45c5-aca0-23e73e33dc8d"",""deployment"":""69394420-c732-4ebe-a5fd-54c2d5628ea7"",""replica"":""7fc15fda-5103-4647-b7c4-6251ceb0ef53""}",2026-07-23T06:16:21.739742215Z
"2026-07-23T06:16:21.571Z [[33mwarn[39m] Deprecated environment variable METRICS_INTERVAL; use METRICS_INTERVAL_MS instead {""service"":""mqtt-publisher-lite""}",info,"{""level"":""info""}","{""project"":""90a47e04-a329-4122-9c82-2ee75a4562c2"",""environment"":""f6319bd4-2e87-40d4-8547-4ce714038bc1"",""service"":""c236b8cb-3eff-45c5-aca0-23e73e33dc8d"",""deployment"":""69394420-c732-4ebe-a5fd-54c2d5628ea7"",""replica"":""7fc15fda-5103-4647-b7c4-6251ceb0ef53""}",2026-07-23T06:16:21.739746285Z
"2026-07-23T06:16:21.571Z [[32minfo[39m] Configuration loaded {""service"":""mqtt-publisher-lite"",""mqtt"":{""broker"":""broker.withproof.io"",""port"":8883,""topicPrefix"":"""",""authX509Only"":true,""mqttConnectUser"":""none (X.509 only)""},""http"":{""port"":8080},""provisioning"":{""enabled"":true,""tokenTTL"":6000,""caStoragePath"":""/app/data/certs""},""mongodb"":{""uri"":""***"",""dbName"":""statsnapp""},""redis"":{""host"":""(via REDIS_URL)"",""port"":""(via REDIS_URL)"",""keyPrefix"":""proof-mqtt:""},""influxdb"":{""url"":""https://metrics.withproof.io"",""org"":""statsmqtt"",""bucket"":""metrics"",""complianceBucket"":""pki_compliance"",""diskQueue"":true,""diskQueueSync"":false,""diskQueuePath"":""/app/data/influx-write-queue.lines"",""token"":""(set)""},""env"":""development"",""logLevel"":""debug""}",info,"{""level"":""info""}","{""project"":""90a47e04-a329-4122-9c82-2ee75a4562c2"",""environment"":""f6319bd4-2e87-40d4-8547-4ce714038bc1"",""service"":""c236b8cb-3eff-45c5-aca0-23e73e33dc8d"",""deployment"":""69394420-c732-4ebe-a5fd-54c2d5628ea7"",""replica"":""7fc15fda-5103-4647-b7c4-6251ceb0ef53""}",2026-07-23T06:16:21.739750325Z
"2026-07-23T06:16:21.572Z [[32minfo[39m] Configuration validated successfully {""service"":""mqtt-publisher-lite""}",info,"{""level"":""info""}","{""project"":""90a47e04-a329-4122-9c82-2ee75a4562c2"",""environment"":""f6319bd4-2e87-40d4-8547-4ce714038bc1"",""service"":""c236b8cb-3eff-45c5-aca0-23e73e33dc8d"",""deployment"":""69394420-c732-4ebe-a5fd-54c2d5628ea7"",""replica"":""7fc15fda-5103-4647-b7c4-6251ceb0ef53""}",2026-07-23T06:16:21.739754235Z
"2026-07-23T06:16:22.803Z [[32minfo[39m] MongoDB connected successfully {""service"":""mqtt-publisher-lite"",""host"":""ac-pbngtkm-shard-00-00.alo6dol.mongodb.net"",""port"":27017,""name"":""statsnapp"",""dbName"":""statsnapp""}",info,"{""level"":""info""}","{""project"":""90a47e04-a329-4122-9c82-2ee75a4562c2"",""environment"":""f6319bd4-2e87-40d4-8547-4ce714038bc1"",""service"":""c236b8cb-3eff-45c5-aca0-23e73e33dc8d"",""deployment"":""69394420-c732-4ebe-a5fd-54c2d5628ea7"",""replica"":""7fc15fda-5103-4647-b7c4-6251ceb0ef53""}",2026-07-23T06:16:22.828984114Z
"2026-07-23T06:16:22.803Z [[32minfo[39m] ✅ MongoDB connected successfully {""service"":""mqtt-publisher-lite"",""dbName"":""statsnapp"",""mode"":""primary-database""}",info,"{""level"":""info""}","{""project"":""90a47e04-a329-4122-9c82-2ee75a4562c2"",""environment"":""f6319bd4-2e87-40d4-8547-4ce714038bc1"",""service"":""c236b8cb-3eff-45c5-aca0-23e73e33dc8d"",""deployment"":""69394420-c732-4ebe-a5fd-54c2d5628ea7"",""replica"":""7fc15fda-5103-4647-b7c4-6251ceb0ef53""}",2026-07-23T06:16:22.828990104Z
"2026-07-23T06:16:22.803Z [[32minfo[39m] 💾 Initializing Redis (Token Persistence)... {""service"":""mqtt-publisher-lite""}",info,"{""level"":""info""}","{""project"":""90a47e04-a329-4122-9c82-2ee75a4562c2"",""environment"":""f6319bd4-2e87-40d4-8547-4ce714038bc1"",""service"":""c236b8cb-3eff-45c5-aca0-23e73e33dc8d"",""deployment"":""69394420-c732-4ebe-a5fd-54c2d5628ea7"",""replica"":""7fc15fda-5103-4647-b7c4-6251ceb0ef53""}",2026-07-23T06:16:22.828994514Z
"2026-07-23T06:16:22.803Z [[34mdebug[39m] [Redis] createRedisService {""service"":""mqtt-publisher-lite"",""hasUrl"":true,""db"":0,""keyPrefix"":""proof-mqtt:""}",info,"{""level"":""info""}","{""project"":""90a47e04-a329-4122-9c82-2ee75a4562c2"",""environment"":""f6319bd4-2e87-40d4-8547-4ce714038bc1"",""service"":""c236b8cb-3eff-45c5-aca0-23e73e33dc8d"",""deployment"":""69394420-c732-4ebe-a5fd-54c2d5628ea7"",""replica"":""7fc15fda-5103-4647-b7c4-6251ceb0ef53""}",2026-07-23T06:16:22.828997864Z
"2026-07-23T06:16:22.803Z [[34mdebug[39m] [Redis] constructor {""service"":""mqtt-publisher-lite"",""configured"":true,""db"":0,""keyPrefix"":""proof-mqtt:""}",info,"{""level"":""info""}","{""project"":""90a47e04-a329-4122-9c82-2ee75a4562c2"",""environment"":""f6319bd4-2e87-40d4-8547-4ce714038bc1"",""service"":""c236b8cb-3eff-45c5-aca0-23e73e33dc8d"",""deployment"":""69394420-c732-4ebe-a5fd-54c2d5628ea7"",""replica"":""7fc15fda-5103-4647-b7c4-6251ceb0ef53""}",2026-07-23T06:16:22.829001214Z
"2026-07-23T06:16:22.803Z [[34mdebug[39m] [Redis] isRedisConfigured exit {""service"":""mqtt-publisher-lite"",""configured"":true}",info,"{""level"":""info""}","{""project"":""90a47e04-a329-4122-9c82-2ee75a4562c2"",""environment"":""f6319bd4-2e87-40d4-8547-4ce714038bc1"",""service"":""c236b8cb-3eff-45c5-aca0-23e73e33dc8d"",""deployment"":""69394420-c732-4ebe-a5fd-54c2d5628ea7"",""replica"":""7fc15fda-5103-4647-b7c4-6251ceb0ef53""}",2026-07-23T06:16:22.829004594Z
"2026-07-23T06:16:22.804Z [[34mdebug[39m] [Redis] connect enter {""service"":""mqtt-publisher-lite"",""alreadyConnected"":false}",info,"{""level"":""info""}","{""project"":""90a47e04-a329-4122-9c82-2ee75a4562c2"",""environment"":""f6319bd4-2e87-40d4-8547-4ce714038bc1"",""service"":""c236b8cb-3eff-45c5-aca0-23e73e33dc8d"",""deployment"":""69394420-c732-4ebe-a5fd-54c2d5628ea7"",""replica"":""7fc15fda-5103-4647-b7c4-6251ceb0ef53""}",2026-07-23T06:16:22.829007784Z
"2026-07-23T06:16:22.804Z [[34mdebug[39m] [Redis] isRedisConfigured exit {""service"":""mqtt-publisher-lite"",""configured"":true}",info,"{""level"":""info""}","{""project"":""90a47e04-a329-4122-9c82-2ee75a4562c2"",""environment"":""f6319bd4-2e87-40d4-8547-4ce714038bc1"",""service"":""c236b8cb-3eff-45c5-aca0-23e73e33dc8d"",""deployment"":""69394420-c732-4ebe-a5fd-54c2d5628ea7"",""replica"":""7fc15fda-5103-4647-b7c4-6251ceb0ef53""}",2026-07-23T06:16:22.829010704Z
"2026-07-23T06:16:22.804Z [[32minfo[39m] Connecting to Redis {""service"":""mqtt-publisher-lite"",""mode"":""url"",""host"":""neutral-impala-85205.upstash.io"",""port"":6379,""db"":0,""tls"":true}",info,"{""level"":""info""}","{""project"":""90a47e04-a329-4122-9c82-2ee75a4562c2"",""environment"":""f6319bd4-2e87-40d4-8547-4ce714038bc1"",""service"":""c236b8cb-3eff-45c5-aca0-23e73e33dc8d"",""deployment"":""69394420-c732-4ebe-a5fd-54c2d5628ea7"",""replica"":""7fc15fda-5103-4647-b7c4-6251ceb0ef53""}",2026-07-23T06:16:22.829013484Z
"2026-07-23T06:16:22.806Z [[34mdebug[39m] [Redis] setupEventHandlers enter {""service"":""mqtt-publisher-lite""}",info,"{""level"":""info""}","{""project"":""90a47e04-a329-4122-9c82-2ee75a4562c2"",""environment"":""f6319bd4-2e87-40d4-8547-4ce714038bc1"",""service"":""c236b8cb-3eff-45c5-aca0-23e73e33dc8d"",""deployment"":""69394420-c732-4ebe-a5fd-54c2d5628ea7"",""replica"":""7fc15fda-5103-4647-b7c4-6251ceb0ef53""}",2026-07-23T06:16:22.829016634Z
"2026-07-23T06:16:22.806Z [[34mdebug[39m] [Redis] setupEventHandlers exit {""service"":""mqtt-publisher-lite""}",info,"{""level"":""info""}","{""project"":""90a47e04-a329-4122-9c82-2ee75a4562c2"",""environment"":""f6319bd4-2e87-40d4-8547-4ce714038bc1"",""service"":""c236b8cb-3eff-45c5-aca0-23e73e33dc8d"",""deployment"":""69394420-c732-4ebe-a5fd-54c2d5628ea7"",""replica"":""7fc15fda-5103-4647-b7c4-6251ceb0ef53""}",2026-07-23T06:16:22.829019784Z
"2026-07-23T06:16:22.854Z [[32minfo[39m] [Redis] event:connect {""service"":""mqtt-publisher-lite""}",info,"{""level"":""info""}","{""project"":""90a47e04-a329-4122-9c82-2ee75a4562c2"",""environment"":""f6319bd4-2e87-40d4-8547-4ce714038bc1"",""service"":""c236b8cb-3eff-45c5-aca0-23e73e33dc8d"",""deployment"":""69394420-c732-4ebe-a5fd-54c2d5628ea7"",""replica"":""7fc15fda-5103-4647-b7c4-6251ceb0ef53""}",2026-07-23T06:16:22.871886694Z
"2026-07-23T06:16:23.149Z [[32minfo[39m] 📡 Initializing MQTT client... {""service"":""mqtt-publisher-lite""}",info,"{""level"":""info""}","{""project"":""90a47e04-a329-4122-9c82-2ee75a4562c2"",""environment"":""f6319bd4-2e87-40d4-8547-4ce714038bc1"",""service"":""c236b8cb-3eff-45c5-aca0-23e73e33dc8d"",""deployment"":""69394420-c732-4ebe-a5fd-54c2d5628ea7"",""replica"":""7fc15fda-5103-4647-b7c4-6251ceb0ef53""}",2026-07-23T06:16:23.152206972Z
"2026-07-23T06:16:23.147Z [[32minfo[39m] [Redis] event:ready {""service"":""mqtt-publisher-lite""}",info,"{""level"":""info""}","{""project"":""90a47e04-a329-4122-9c82-2ee75a4562c2"",""environment"":""f6319bd4-2e87-40d4-8547-4ce714038bc1"",""service"":""c236b8cb-3eff-45c5-aca0-23e73e33dc8d"",""deployment"":""69394420-c732-4ebe-a5fd-54c2d5628ea7"",""replica"":""7fc15fda-5103-4647-b7c4-6251ceb0ef53""}",2026-07-23T06:16:23.152242492Z
"2026-07-23T06:16:23.147Z [[32minfo[39m] ✅ Redis connected successfully {""service"":""mqtt-publisher-lite"",""keyPrefix"":""proof-mqtt:""}",info,"{""level"":""info""}","{""project"":""90a47e04-a329-4122-9c82-2ee75a4562c2"",""environment"":""f6319bd4-2e87-40d4-8547-4ce714038bc1"",""service"":""c236b8cb-3eff-45c5-aca0-23e73e33dc8d"",""deployment"":""69394420-c732-4ebe-a5fd-54c2d5628ea7"",""replica"":""7fc15fda-5103-4647-b7c4-6251ceb0ef53""}",2026-07-23T06:16:23.152247192Z
"2026-07-23T06:16:23.147Z [[34mdebug[39m] [Redis] connect exit {""service"":""mqtt-publisher-lite"",""alreadyConnected"":false,""durationMs"":344}",info,"{""level"":""info""}","{""project"":""90a47e04-a329-4122-9c82-2ee75a4562c2"",""environment"":""f6319bd4-2e87-40d4-8547-4ce714038bc1"",""service"":""c236b8cb-3eff-45c5-aca0-23e73e33dc8d"",""deployment"":""69394420-c732-4ebe-a5fd-54c2d5628ea7"",""replica"":""7fc15fda-5103-4647-b7c4-6251ceb0ef53""}",2026-07-23T06:16:23.152251602Z
"2026-07-23T06:16:23.148Z [[32minfo[39m] ✅ Redis connected successfully {""service"":""mqtt-publisher-lite"",""keyPrefix"":""proof-mqtt:"",""mode"":""cloud-persistent""}",info,"{""level"":""info""}","{""project"":""90a47e04-a329-4122-9c82-2ee75a4562c2"",""environment"":""f6319bd4-2e87-40d4-8547-4ce714038bc1"",""service"":""c236b8cb-3eff-45c5-aca0-23e73e33dc8d"",""deployment"":""69394420-c732-4ebe-a5fd-54c2d5628ea7"",""replica"":""7fc15fda-5103-4647-b7c4-6251ceb0ef53""}",2026-07-23T06:16:23.152255652Z
"2026-07-23T06:16:23.148Z [[32minfo[39m] 📦 Initializing services... {""service"":""mqtt-publisher-lite""}",info,"{""level"":""info""}","{""project"":""90a47e04-a329-4122-9c82-2ee75a4562c2"",""environment"":""f6319bd4-2e87-40d4-8547-4ce714038bc1"",""service"":""c236b8cb-3eff-45c5-aca0-23e73e33dc8d"",""deployment"":""69394420-c732-4ebe-a5fd-54c2d5628ea7"",""replica"":""7fc15fda-5103-4647-b7c4-6251ceb0ef53""}",2026-07-23T06:16:23.152260252Z
"2026-07-23T06:16:23.148Z [[32minfo[39m] SessionService initialized (in-memory) {""service"":""mqtt-publisher-lite"",""sessionTTL"":""86400s""}",info,"{""level"":""info""}","{""project"":""90a47e04-a329-4122-9c82-2ee75a4562c2"",""environment"":""f6319bd4-2e87-40d4-8547-4ce714038bc1"",""service"":""c236b8cb-3eff-45c5-aca0-23e73e33dc8d"",""deployment"":""69394420-c732-4ebe-a5fd-54c2d5628ea7"",""replica"":""7fc15fda-5103-4647-b7c4-6251ceb0ef53""}",2026-07-23T06:16:23.152264392Z
"2026-07-23T06:16:23.148Z [[32minfo[39m] DeviceService initialized (MongoDB) {""service"":""mqtt-publisher-lite"",""cleanupInterval"":""3600s""}",info,"{""level"":""info""}","{""project"":""90a47e04-a329-4122-9c82-2ee75a4562c2"",""environment"":""f6319bd4-2e87-40d4-8547-4ce714038bc1"",""service"":""c236b8cb-3eff-45c5-aca0-23e73e33dc8d"",""deployment"":""69394420-c732-4ebe-a5fd-54c2d5628ea7"",""replica"":""7fc15fda-5103-4647-b7c4-6251ceb0ef53""}",2026-07-23T06:16:23.152267992Z
"2026-07-23T06:16:23.148Z [[32minfo[39m] Device cleanup task started {""service"":""mqtt-publisher-lite""}",info,"{""level"":""info""}","{""project"":""90a47e04-a329-4122-9c82-2ee75a4562c2"",""environment"":""f6319bd4-2e87-40d4-8547-4ce714038bc1"",""service"":""c236b8cb-3eff-45c5-aca0-23e73e33dc8d"",""deployment"":""69394420-c732-4ebe-a5fd-54c2d5628ea7"",""replica"":""7fc15fda-5103-4647-b7c4-6251ceb0ef53""}",2026-07-23T06:16:23.152271582Z
"2026-07-23T06:16:23.148Z [[32minfo[39m] ✅ Active device cache initialized (local + Redis restore on MQTT ready) {""service"":""mqtt-publisher-lite""}",info,"{""level"":""info""}","{""project"":""90a47e04-a329-4122-9c82-2ee75a4562c2"",""environment"":""f6319bd4-2e87-40d4-8547-4ce714038bc1"",""service"":""c236b8cb-3eff-45c5-aca0-23e73e33dc8d"",""deployment"":""69394420-c732-4ebe-a5fd-54c2d5628ea7"",""replica"":""7fc15fda-5103-4647-b7c4-6251ceb0ef53""}",2026-07-23T06:16:23.152275212Z
"2026-07-23T06:16:23.149Z [[32minfo[39m] ✅ Services initialized {""service"":""mqtt-publisher-lite""}",info,"{""level"":""info""}","{""project"":""90a47e04-a329-4122-9c82-2ee75a4562c2"",""environment"":""f6319bd4-2e87-40d4-8547-4ce714038bc1"",""service"":""c236b8cb-3eff-45c5-aca0-23e73e33dc8d"",""deployment"":""69394420-c732-4ebe-a5fd-54c2d5628ea7"",""replica"":""7fc15fda-5103-4647-b7c4-6251ceb0ef53""}",2026-07-23T06:16:23.152278862Z
"2026-07-23T06:16:23.255Z [[32minfo[39m] Broker DNS resolved {""service"":""mqtt-publisher-lite"",""broker"":""broker.withproof.io"",""address"":""129.154.36.219""}",info,"{""level"":""info""}","{""project"":""90a47e04-a329-4122-9c82-2ee75a4562c2"",""environment"":""f6319bd4-2e87-40d4-8547-4ce714038bc1"",""service"":""c236b8cb-3eff-45c5-aca0-23e73e33dc8d"",""deployment"":""69394420-c732-4ebe-a5fd-54c2d5628ea7"",""replica"":""7fc15fda-5103-4647-b7c4-6251ceb0ef53""}",2026-07-23T06:16:23.277107224Z
"2026-07-23T06:16:23.255Z [[32minfo[39m] MQTT TLS pre-check: TCP host differs from cert SNI {""service"":""mqtt-publisher-lite"",""broker"":""broker.withproof.io"",""servername"":""nanomq-broker""}",info,"{""level"":""info""}","{""project"":""90a47e04-a329-4122-9c82-2ee75a4562c2"",""environment"":""f6319bd4-2e87-40d4-8547-4ce714038bc1"",""service"":""c236b8cb-3eff-45c5-aca0-23e73e33dc8d"",""deployment"":""69394420-c732-4ebe-a5fd-54c2d5628ea7"",""replica"":""7fc15fda-5103-4647-b7c4-6251ceb0ef53""}",2026-07-23T06:16:23.277122214Z
"2026-07-23T06:16:23.255Z [[32minfo[39m] MQTT TLS pre-check {""service"":""mqtt-publisher-lite"",""broker"":""broker.withproof.io"",""port"":8883,""servername"":""nanomq-broker"",""mTLS"":true}",info,"{""level"":""info""}","{""project"":""90a47e04-a329-4122-9c82-2ee75a4562c2"",""environment"":""f6319bd4-2e87-40d4-8547-4ce714038bc1"",""service"":""c236b8cb-3eff-45c5-aca0-23e73e33dc8d"",""deployment"":""69394420-c732-4ebe-a5fd-54c2d5628ea7"",""replica"":""7fc15fda-5103-4647-b7c4-6251ceb0ef53""}",2026-07-23T06:16:23.277129834Z
"2026-07-23T06:16:23.816Z [[32minfo[39m] TLS handshake succeeded {""service"":""mqtt-publisher-lite"",""broker"":""broker.withproof.io"",""protocol"":""TLSv1.2"",""cipher"":""ECDHE-RSA-CHACHA20-POLY1305"",""subject"":{""CN"":""broker.withproof.io"",""O"":""Proof""}}",info,"{""level"":""info""}","{""project"":""90a47e04-a329-4122-9c82-2ee75a4562c2"",""environment"":""f6319bd4-2e87-40d4-8547-4ce714038bc1"",""service"":""c236b8cb-3eff-45c5-aca0-23e73e33dc8d"",""deployment"":""69394420-c732-4ebe-a5fd-54c2d5628ea7"",""replica"":""7fc15fda-5103-4647-b7c4-6251ceb0ef53""}",2026-07-23T06:16:23.819959779Z
"2026-07-23T06:16:23.818Z [[32minfo[39m] Connecting to MQTT broker... {""service"":""mqtt-publisher-lite"",""broker"":""broker.withproof.io"",""connectHost"":""129.154.36.219"",""port"":8883,""tlsServername"":""nanomq-broker"",""clientId"":""proof-server-dev-2"",""caPemBytes"":1968,""clientCertPemBytes"":1761,""mqttAuth"":""X.509 only (no CONNECT username/password)""}",info,"{""level"":""info""}","{""project"":""90a47e04-a329-4122-9c82-2ee75a4562c2"",""environment"":""f6319bd4-2e87-40d4-8547-4ce714038bc1"",""service"":""c236b8cb-3eff-45c5-aca0-23e73e33dc8d"",""deployment"":""69394420-c732-4ebe-a5fd-54c2d5628ea7"",""replica"":""7fc15fda-5103-4647-b7c4-6251ceb0ef53""}",2026-07-23T06:16:23.819964799Z
"2026-07-23T06:16:24.796Z [[32minfo[39m] Connected to MQTT broker {""service"":""mqtt-publisher-lite"",""broker"":""broker.withproof.io"",""clientId"":""proof-server-dev-2"",""reconnect"":false}",info,"{""level"":""info""}","{""project"":""90a47e04-a329-4122-9c82-2ee75a4562c2"",""environment"":""f6319bd4-2e87-40d4-8547-4ce714038bc1"",""service"":""c236b8cb-3eff-45c5-aca0-23e73e33dc8d"",""deployment"":""69394420-c732-4ebe-a5fd-54c2d5628ea7"",""replica"":""7fc15fda-5103-4647-b7c4-6251ceb0ef53""}",2026-07-23T06:16:24.816876974Z
"2026-07-23T06:16:24.797Z [[32minfo[39m] ✅ MQTT client initialized with QoS 1 tracking {""service"":""mqtt-publisher-lite""}",info,"{""level"":""info""}","{""project"":""90a47e04-a329-4122-9c82-2ee75a4562c2"",""environment"":""f6319bd4-2e87-40d4-8547-4ce714038bc1"",""service"":""c236b8cb-3eff-45c5-aca0-23e73e33dc8d"",""deployment"":""69394420-c732-4ebe-a5fd-54c2d5628ea7"",""replica"":""7fc15fda-5103-4647-b7c4-6251ceb0ef53""}",2026-07-23T06:16:24.816881654Z
"2026-07-23T06:16:25.018Z [[32minfo[39m] Subscribed to topic {""service"":""mqtt-publisher-lite"",""topic"":""proof.mqtt/+/active""}",info,"{""level"":""info""}","{""project"":""90a47e04-a329-4122-9c82-2ee75a4562c2"",""environment"":""f6319bd4-2e87-40d4-8547-4ce714038bc1"",""service"":""c236b8cb-3eff-45c5-aca0-23e73e33dc8d"",""deployment"":""69394420-c732-4ebe-a5fd-54c2d5628ea7"",""replica"":""7fc15fda-5103-4647-b7c4-6251ceb0ef53""}",2026-07-23T06:16:25.039678615Z
"2026-07-23T06:16:25.237Z [[32minfo[39m] Subscribed to topic {""service"":""mqtt-publisher-lite"",""topic"":""proof.mqtt/+/lwt""}",info,"{""level"":""info""}","{""project"":""90a47e04-a329-4122-9c82-2ee75a4562c2"",""environment"":""f6319bd4-2e87-40d4-8547-4ce714038bc1"",""service"":""c236b8cb-3eff-45c5-aca0-23e73e33dc8d"",""deployment"":""69394420-c732-4ebe-a5fd-54c2d5628ea7"",""replica"":""7fc15fda-5103-4647-b7c4-6251ceb0ef53""}",2026-07-23T06:16:25.250866873Z
"2026-07-23T06:16:25.237Z [[32minfo[39m] Subscribed to lifecycle topics {""service"":""mqtt-publisher-lite"",""topics"":[""proof.mqtt/+/active"",""proof.mqtt/+/lwt""],""root"":""proof.mqtt""}",info,"{""level"":""info""}","{""project"":""90a47e04-a329-4122-9c82-2ee75a4562c2"",""environment"":""f6319bd4-2e87-40d4-8547-4ce714038bc1"",""service"":""c236b8cb-3eff-45c5-aca0-23e73e33dc8d"",""deployment"":""69394420-c732-4ebe-a5fd-54c2d5628ea7"",""replica"":""7fc15fda-5103-4647-b7c4-6251ceb0ef53""}",2026-07-23T06:16:25.250871103Z
"2026-07-23T06:16:25.457Z [[32minfo[39m] Subscribed to topic {""service"":""mqtt-publisher-lite"",""topic"":""proof.mqtt/+/status""}",info,"{""level"":""info""}","{""project"":""90a47e04-a329-4122-9c82-2ee75a4562c2"",""environment"":""f6319bd4-2e87-40d4-8547-4ce714038bc1"",""service"":""c236b8cb-3eff-45c5-aca0-23e73e33dc8d"",""deployment"":""69394420-c732-4ebe-a5fd-54c2d5628ea7"",""replica"":""7fc15fda-5103-4647-b7c4-6251ceb0ef53""}",2026-07-23T06:16:25.458874978Z
"2026-07-23T06:16:25.677Z [[32minfo[39m] Subscribed to topic {""service"":""mqtt-publisher-lite"",""topic"":""proof.mqtt/+/telemetry""}",info,"{""level"":""info""}","{""project"":""90a47e04-a329-4122-9c82-2ee75a4562c2"",""environment"":""f6319bd4-2e87-40d4-8547-4ce714038bc1"",""service"":""c236b8cb-3eff-45c5-aca0-23e73e33dc8d"",""deployment"":""69394420-c732-4ebe-a5fd-54c2d5628ea7"",""replica"":""7fc15fda-5103-4647-b7c4-6251ceb0ef53""}",2026-07-23T06:16:25.853518806Z
"2026-07-23T06:16:25.915Z [[34mdebug[39m] Message received {""service"":""mqtt-publisher-lite"",""topic"":""proof.mqtt/DEVICE-19/instagram"",""size"":226,""retain"":true}",info,"{""level"":""info""}","{""project"":""90a47e04-a329-4122-9c82-2ee75a4562c2"",""environment"":""f6319bd4-2e87-40d4-8547-4ce714038bc1"",""service"":""c236b8cb-3eff-45c5-aca0-23e73e33dc8d"",""deployment"":""69394420-c732-4ebe-a5fd-54c2d5628ea7"",""replica"":""7fc15fda-5103-4647-b7c4-6251ceb0ef53""}",2026-07-23T06:16:25.920342106Z
"2026-07-23T06:16:25.916Z [[34mdebug[39m] Message received {""service"":""mqtt-publisher-lite"",""topic"":""proof.mqtt/DEVICE-17/instagram"",""size"":256,""retain"":true}",info,"{""level"":""info""}","{""project"":""90a47e04-a329-4122-9c82-2ee75a4562c2"",""environment"":""f6319bd4-2e87-40d4-8547-4ce714038bc1"",""service"":""c236b8cb-3eff-45c5-aca0-23e73e33dc8d"",""deployment"":""69394420-c732-4ebe-a5fd-54c2d5628ea7"",""replica"":""7fc15fda-5103-4647-b7c4-6251ceb0ef53""}",2026-07-23T06:16:25.920352315Z
"2026-07-23T06:16:25.916Z [[34mdebug[39m] Message received {""service"":""mqtt-publisher-lite"",""topic"":""proof.mqtt/DEVICE-15/instagram"",""size"":228,""retain"":true}",info,"{""level"":""info""}","{""project"":""90a47e04-a329-4122-9c82-2ee75a4562c2"",""environment"":""f6319bd4-2e87-40d4-8547-4ce714038bc1"",""service"":""c236b8cb-3eff-45c5-aca0-23e73e33dc8d"",""deployment"":""69394420-c732-4ebe-a5fd-54c2d5628ea7"",""replica"":""7fc15fda-5103-4647-b7c4-6251ceb0ef53""}",2026-07-23T06:16:25.920358205Z
"2026-07-23T06:16:25.916Z [[34mdebug[39m] Message received {""service"":""mqtt-publisher-lite"",""topic"":""proof.mqtt/DEVICE-13/instagram"",""size"":254,""retain"":true}",info,"{""level"":""info""}","{""project"":""90a47e04-a329-4122-9c82-2ee75a4562c2"",""environment"":""f6319bd4-2e87-40d4-8547-4ce714038bc1"",""service"":""c236b8cb-3eff-45c5-aca0-23e73e33dc8d"",""deployment"":""69394420-c732-4ebe-a5fd-54c2d5628ea7"",""replica"":""7fc15fda-5103-4647-b7c4-6251ceb0ef53""}",2026-07-23T06:16:25.920363005Z
"2026-07-23T06:16:25.916Z [[32minfo[39m] Subscribed to topic {""service"":""mqtt-publisher-lite"",""topic"":""proof.mqtt/+/instagram""}",info,"{""level"":""info""}","{""project"":""90a47e04-a329-4122-9c82-2ee75a4562c2"",""environment"":""f6319bd4-2e87-40d4-8547-4ce714038bc1"",""service"":""c236b8cb-3eff-45c5-aca0-23e73e33dc8d"",""deployment"":""69394420-c732-4ebe-a5fd-54c2d5628ea7"",""replica"":""7fc15fda-5103-4647-b7c4-6251ceb0ef53""}",2026-07-23T06:16:25.920366525Z
"2026-07-23T06:16:26.135Z [[32minfo[39m] Subscribed to topic {""service"":""mqtt-publisher-lite"",""topic"":""proof.mqtt/+/gmb""}",info,"{""level"":""info""}","{""project"":""90a47e04-a329-4122-9c82-2ee75a4562c2"",""environment"":""f6319bd4-2e87-40d4-8547-4ce714038bc1"",""service"":""c236b8cb-3eff-45c5-aca0-23e73e33dc8d"",""deployment"":""69394420-c732-4ebe-a5fd-54c2d5628ea7"",""replica"":""7fc15fda-5103-4647-b7c4-6251ceb0ef53""}",2026-07-23T06:16:26.142846558Z
"2026-07-23T06:16:26.355Z [[32minfo[39m] Subscribed to non-lifecycle proof.mqtt topics {""service"":""mqtt-publisher-lite"",""count"":5,""root"":""proof.mqtt""}",info,"{""level"":""info""}","{""project"":""90a47e04-a329-4122-9c82-2ee75a4562c2"",""environment"":""f6319bd4-2e87-40d4-8547-4ce714038bc1"",""service"":""c236b8cb-3eff-45c5-aca0-23e73e33dc8d"",""deployment"":""69394420-c732-4ebe-a5fd-54c2d5628ea7"",""replica"":""7fc15fda-5103-4647-b7c4-6251ceb0ef53""}",2026-07-23T06:16:26.459882077Z
"2026-07-23T06:16:26.355Z [[32minfo[39m] 🟢 MQTT ingress ready — accepting device connections {""service"":""mqtt-publisher-lite""}",info,"{""level"":""info""}","{""project"":""90a47e04-a329-4122-9c82-2ee75a4562c2"",""environment"":""f6319bd4-2e87-40d4-8547-4ce714038bc1"",""service"":""c236b8cb-3eff-45c5-aca0-23e73e33dc8d"",""deployment"":""69394420-c732-4ebe-a5fd-54c2d5628ea7"",""replica"":""7fc15fda-5103-4647-b7c4-6251ceb0ef53""}",2026-07-23T06:16:26.459893527Z
"2026-07-23T06:16:26.355Z [[34mdebug[39m] [Redis] isRedisConnected result {""service"":""mqtt-publisher-lite"",""connected"":true,""isConnectedFlag"":true,""clientOpen"":true}",info,"{""level"":""info""}","{""project"":""90a47e04-a329-4122-9c82-2ee75a4562c2"",""environment"":""f6319bd4-2e87-40d4-8547-4ce714038bc1"",""service"":""c236b8cb-3eff-45c5-aca0-23e73e33dc8d"",""deployment"":""69394420-c732-4ebe-a5fd-54c2d5628ea7"",""replica"":""7fc15fda-5103-4647-b7c4-6251ceb0ef53""}",2026-07-23T06:16:26.459900107Z
"2026-07-23T06:16:26.457Z [[32minfo[39m] 📋 [LIFECYCLE:CACHE] Step 1/2 — Device lookup (MongoDB) {""service"":""mqtt-publisher-lite"",""deviceId"":""DEVICE-17""}",info,"{""level"":""info""}","{""project"":""90a47e04-a329-4122-9c82-2ee75a4562c2"",""environment"":""f6319bd4-2e87-40d4-8547-4ce714038bc1"",""service"":""c236b8cb-3eff-45c5-aca0-23e73e33dc8d"",""deployment"":""69394420-c732-4ebe-a5fd-54c2d5628ea7"",""replica"":""7fc15fda-5103-4647-b7c4-6251ceb0ef53""}",2026-07-23T06:16:26.459905737Z
"2026-07-23T06:16:26.354Z [[32minfo[39m] Subscribed to topic {""service"":""mqtt-publisher-lite"",""topic"":""proof.mqtt/+/promotion""}",info,"{""level"":""info""}","{""project"":""90a47e04-a329-4122-9c82-2ee75a4562c2"",""environment"":""f6319bd4-2e87-40d4-8547-4ce714038bc1"",""service"":""c236b8cb-3eff-45c5-aca0-23e73e33dc8d"",""deployment"":""69394420-c732-4ebe-a5fd-54c2d5628ea7"",""replica"":""7fc15fda-5103-4647-b7c4-6251ceb0ef53""}",2026-07-23T06:16:26.459955947Z
"2026-07-23T06:16:26.593Z [[32minfo[39m] 📋 [LIFECYCLE:CACHE] Step 2/2 — Social (Instagram) for device {""service"":""mqtt-publisher-lite"",""deviceId"":""DEVICE-17"",""userId"":""none"",""deviceStatus"":""ACTIVE""}",info,"{""level"":""info""}","{""project"":""90a47e04-a329-4122-9c82-2ee75a4562c2"",""environment"":""f6319bd4-2e87-40d4-8547-4ce714038bc1"",""service"":""c236b8cb-3eff-45c5-aca0-23e73e33dc8d"",""deployment"":""69394420-c732-4ebe-a5fd-54c2d5628ea7"",""replica"":""7fc15fda-5103-4647-b7c4-6251ceb0ef53""}",2026-07-23T06:16:26.815151056Z
"2026-07-23T06:16:26.594Z [[32minfo[39m] 📋 [LIFECYCLE:CACHE] Device has no Mongo userId — cannot load Instagram from Social {""service"":""mqtt-publisher-lite"",""deviceId"":""DEVICE-17""}",info,"{""level"":""info""}","{""project"":""90a47e04-a329-4122-9c82-2ee75a4562c2"",""environment"":""f6319bd4-2e87-40d4-8547-4ce714038bc1"",""service"":""c236b8cb-3eff-45c5-aca0-23e73e33dc8d"",""deployment"":""69394420-c732-4ebe-a5fd-54c2d5628ea7"",""replica"":""7fc15fda-5103-4647-b7c4-6251ceb0ef53""}",2026-07-23T06:16:26.815156246Z
"2026-07-23T06:16:26.595Z [[32minfo[39m] 📋 [LIFECYCLE:CACHE] Active device record written (Mongo → file + Redis IG key) {""service"":""mqtt-publisher-lite"",""deviceId"":""DEVICE-17"",""userId"":""(none)"",""instagramFromSocial"":false}",info,"{""level"":""info""}","{""project"":""90a47e04-a329-4122-9c82-2ee75a4562c2"",""environment"":""f6319bd4-2e87-40d4-8547-4ce714038bc1"",""service"":""c236b8cb-3eff-45c5-aca0-23e73e33dc8d"",""deployment"":""69394420-c732-4ebe-a5fd-54c2d5628ea7"",""replica"":""7fc15fda-5103-4647-b7c4-6251ceb0ef53""}",2026-07-23T06:16:26.815161026Z
"2026-07-23T06:16:26.697Z [[32minfo[39m] 📋 [LIFECYCLE:CACHE] Step 1/2 — Device lookup (MongoDB) {""service"":""mqtt-publisher-lite"",""deviceId"":""DEVICE-19""}",info,"{""level"":""info""}","{""project"":""90a47e04-a329-4122-9c82-2ee75a4562c2"",""environment"":""f6319bd4-2e87-40d4-8547-4ce714038bc1"",""service"":""c236b8cb-3eff-45c5-aca0-23e73e33dc8d"",""deployment"":""69394420-c732-4ebe-a5fd-54c2d5628ea7"",""replica"":""7fc15fda-5103-4647-b7c4-6251ceb0ef53""}",2026-07-23T06:16:26.815165736Z
"2026-07-23T06:16:26.826Z [[32minfo[39m] 📋 [LIFECYCLE:CACHE] Step 2/2 — Social (Instagram) for device {""service"":""mqtt-publisher-lite"",""deviceId"":""DEVICE-19"",""userId"":""68d3753f9f99d6b73ae2d991"",""deviceStatus"":""ACTIVE""}",info,"{""level"":""info""}","{""project"":""90a47e04-a329-4122-9c82-2ee75a4562c2"",""environment"":""f6319bd4-2e87-40d4-8547-4ce714038bc1"",""service"":""c236b8cb-3eff-45c5-aca0-23e73e33dc8d"",""deployment"":""69394420-c732-4ebe-a5fd-54c2d5628ea7"",""replica"":""7fc15fda-5103-4647-b7c4-6251ceb0ef53""}",2026-07-23T06:16:26.832768479Z
"2026-07-23T06:16:26.955Z [[32minfo[39m] 📋 [LIFECYCLE:CACHE] Active device record written (Mongo → file + Redis IG key) {""service"":""mqtt-publisher-lite"",""deviceId"":""DEVICE-19"",""userId"":""68d3753f9f99d6b73ae2d991"",""instagramFromSocial"":true}",info,"{""level"":""info""}","{""project"":""90a47e04-a329-4122-9c82-2ee75a4562c2"",""environment"":""f6319bd4-2e87-40d4-8547-4ce714038bc1"",""service"":""c236b8cb-3eff-45c5-aca0-23e73e33dc8d"",""deployment"":""69394420-c732-4ebe-a5fd-54c2d5628ea7"",""replica"":""7fc15fda-5103-4647-b7c4-6251ceb0ef53""}",2026-07-23T06:16:26.959010579Z
"2026-07-23T06:16:27.055Z [[32minfo[39m] 📋 [LIFECYCLE:CACHE] Step 1/2 — Device lookup (MongoDB) {""service"":""mqtt-publisher-lite"",""deviceId"":""DEVICE-15""}",info,"{""level"":""info""}","{""project"":""90a47e04-a329-4122-9c82-2ee75a4562c2"",""environment"":""f6319bd4-2e87-40d4-8547-4ce714038bc1"",""service"":""c236b8cb-3eff-45c5-aca0-23e73e33dc8d"",""deployment"":""69394420-c732-4ebe-a5fd-54c2d5628ea7"",""replica"":""7fc15fda-5103-4647-b7c4-6251ceb0ef53""}",2026-07-23T06:16:27.064020718Z
"2026-07-23T06:16:27.182Z [[32minfo[39m] 📋 [LIFECYCLE:CACHE] Step 2/2 — Social (Instagram) for device {""service"":""mqtt-publisher-lite"",""deviceId"":""DEVICE-15"",""userId"":""68d3753f9f99d6b73ae2d991"",""deviceStatus"":""ACTIVE""}",info,"{""level"":""info""}","{""project"":""90a47e04-a329-4122-9c82-2ee75a4562c2"",""environment"":""f6319bd4-2e87-40d4-8547-4ce714038bc1"",""service"":""c236b8cb-3eff-45c5-aca0-23e73e33dc8d"",""deployment"":""69394420-c732-4ebe-a5fd-54c2d5628ea7"",""replica"":""7fc15fda-5103-4647-b7c4-6251ceb0ef53""}",2026-07-23T06:16:27.213778441Z
"2026-07-23T06:16:27.315Z [[32minfo[39m] 📋 [LIFECYCLE:CACHE] Active device record written (Mongo → file + Redis IG key) {""service"":""mqtt-publisher-lite"",""deviceId"":""DEVICE-15"",""userId"":""68d3753f9f99d6b73ae2d991"",""instagramFromSocial"":true}",info,"{""level"":""info""}","{""project"":""90a47e04-a329-4122-9c82-2ee75a4562c2"",""environment"":""f6319bd4-2e87-40d4-8547-4ce714038bc1"",""service"":""c236b8cb-3eff-45c5-aca0-23e73e33dc8d"",""deployment"":""69394420-c732-4ebe-a5fd-54c2d5628ea7"",""replica"":""7fc15fda-5103-4647-b7c4-6251ceb0ef53""}",2026-07-23T06:16:27.331490794Z
"2026-07-23T06:16:27.415Z [[32minfo[39m] [STARTUP_CACHE] Restored active devices from Redis {""service"":""mqtt-publisher-lite"",""redisActiveCount"":3,""hydrated"":3,""localActiveCount"":3}",info,"{""level"":""info""}","{""project"":""90a47e04-a329-4122-9c82-2ee75a4562c2"",""environment"":""f6319bd4-2e87-40d4-8547-4ce714038bc1"",""service"":""c236b8cb-3eff-45c5-aca0-23e73e33dc8d"",""deployment"":""69394420-c732-4ebe-a5fd-54c2d5628ea7"",""replica"":""7fc15fda-5103-4647-b7c4-6251ceb0ef53""}",2026-07-23T06:16:27.417226354Z
"2026-07-23T06:16:27.856Z [[34mdebug[39m] [GMB_DEVICE] No user linked to device {""service"":""mqtt-publisher-lite"",""deviceId"":""DEVICE-17""}",info,"{""level"":""info""}","{""project"":""90a47e04-a329-4122-9c82-2ee75a4562c2"",""environment"":""f6319bd4-2e87-40d4-8547-4ce714038bc1"",""service"":""c236b8cb-3eff-45c5-aca0-23e73e33dc8d"",""deployment"":""69394420-c732-4ebe-a5fd-54c2d5628ea7"",""replica"":""7fc15fda-5103-4647-b7c4-6251ceb0ef53""}",2026-07-23T06:16:27.908421093Z
"2026-07-23T06:16:28.054Z [[32minfo[39m] [STARTUP_CACHE] Startup cache republish complete {""service"":""mqtt-publisher-lite"",""deviceCount"":3,""igPublished"":0,""gmbPublished"":0}",info,"{""level"":""info""}","{""project"":""90a47e04-a329-4122-9c82-2ee75a4562c2"",""environment"":""f6319bd4-2e87-40d4-8547-4ce714038bc1"",""service"":""c236b8cb-3eff-45c5-aca0-23e73e33dc8d"",""deployment"":""69394420-c732-4ebe-a5fd-54c2d5628ea7"",""replica"":""7fc15fda-5103-4647-b7c4-6251ceb0ef53""}",2026-07-23T06:16:28.061908575Z
"2026-07-23T06:16:28.055Z [[32minfo[39m] 📈 Initializing InfluxDB... {""service"":""mqtt-publisher-lite""}",info,"{""level"":""info""}","{""project"":""90a47e04-a329-4122-9c82-2ee75a4562c2"",""environment"":""f6319bd4-2e87-40d4-8547-4ce714038bc1"",""service"":""c236b8cb-3eff-45c5-aca0-23e73e33dc8d"",""deployment"":""69394420-c732-4ebe-a5fd-54c2d5628ea7"",""replica"":""7fc15fda-5103-4647-b7c4-6251ceb0ef53""}",2026-07-23T06:16:28.061915665Z
"2026-07-23T06:16:28.057Z [[32minfo[39m] [INFLUX_QUEUE] Disk queue started {""service"":""mqtt-publisher-lite"",""path"":""/app/data/influx-write-queue.lines.metrics"",""flushMs"":5000,""batchMax"":500,""syncOnAppend"":false}",info,"{""level"":""info""}","{""project"":""90a47e04-a329-4122-9c82-2ee75a4562c2"",""environment"":""f6319bd4-2e87-40d4-8547-4ce714038bc1"",""service"":""c236b8cb-3eff-45c5-aca0-23e73e33dc8d"",""deployment"":""69394420-c732-4ebe-a5fd-54c2d5628ea7"",""replica"":""7fc15fda-5103-4647-b7c4-6251ceb0ef53""}",2026-07-23T06:16:28.061920065Z
"2026-07-23T06:16:28.057Z [[32minfo[39m] [INFLUX_QUEUE] Disk queue started {""service"":""mqtt-publisher-lite"",""path"":""/app/data/influx-write-queue.lines.compliance"",""flushMs"":5000,""batchMax"":500,""syncOnAppend"":true}",info,"{""level"":""info""}","{""project"":""90a47e04-a329-4122-9c82-2ee75a4562c2"",""environment"":""f6319bd4-2e87-40d4-8547-4ce714038bc1"",""service"":""c236b8cb-3eff-45c5-aca0-23e73e33dc8d"",""deployment"":""69394420-c732-4ebe-a5fd-54c2d5628ea7"",""replica"":""7fc15fda-5103-4647-b7c4-6251ceb0ef53""}",2026-07-23T06:16:28.061923955Z
"2026-07-23T06:16:28.057Z [[32minfo[39m] [INFLUX_QUEUE] syncOnAppend=true (fsync per append) {""service"":""mqtt-publisher-lite""}",info,"{""level"":""info""}","{""project"":""90a47e04-a329-4122-9c82-2ee75a4562c2"",""environment"":""f6319bd4-2e87-40d4-8547-4ce714038bc1"",""service"":""c236b8cb-3eff-45c5-aca0-23e73e33dc8d"",""deployment"":""69394420-c732-4ebe-a5fd-54c2d5628ea7"",""replica"":""7fc15fda-5103-4647-b7c4-6251ceb0ef53""}",2026-07-23T06:16:28.061927315Z
"2026-07-23T06:16:28.058Z [[32minfo[39m] ━━━━━━━━━━━━━━━━━━━━━━━━━━━━━━━━━━━━━━━━━━━━━━━━━━ {""service"":""mqtt-publisher-lite""}",info,"{""level"":""info""}","{""project"":""90a47e04-a329-4122-9c82-2ee75a4562c2"",""environment"":""f6319bd4-2e87-40d4-8547-4ce714038bc1"",""service"":""c236b8cb-3eff-45c5-aca0-23e73e33dc8d"",""deployment"":""69394420-c732-4ebe-a5fd-54c2d5628ea7"",""replica"":""7fc15fda-5103-4647-b7c4-6251ceb0ef53""}",2026-07-23T06:16:28.061930705Z
"2026-07-23T06:16:28.059Z [[32minfo[39m] ✅ MQTT Publisher Lite ingress started (Phase 2 warming up) {""service"":""mqtt-publisher-lite""}",info,"{""level"":""info""}","{""project"":""90a47e04-a329-4122-9c82-2ee75a4562c2"",""environment"":""f6319bd4-2e87-40d4-8547-4ce714038bc1"",""service"":""c236b8cb-3eff-45c5-aca0-23e73e33dc8d"",""deployment"":""69394420-c732-4ebe-a5fd-54c2d5628ea7"",""replica"":""7fc15fda-5103-4647-b7c4-6251ceb0ef53""}",2026-07-23T06:16:28.061933945Z
"2026-07-23T06:16:28.059Z [[32minfo[39m]  {""service"":""mqtt-publisher-lite""}",info,"{""level"":""info""}","{""project"":""90a47e04-a329-4122-9c82-2ee75a4562c2"",""environment"":""f6319bd4-2e87-40d4-8547-4ce714038bc1"",""service"":""c236b8cb-3eff-45c5-aca0-23e73e33dc8d"",""deployment"":""69394420-c732-4ebe-a5fd-54c2d5628ea7"",""replica"":""7fc15fda-5103-4647-b7c4-6251ceb0ef53""}",2026-07-23T06:16:28.061937935Z
"2026-07-23T06:16:28.059Z [[32minfo[39m] 📡 MQTT Broker: {""service"":""mqtt-publisher-lite""}",info,"{""level"":""info""}","{""project"":""90a47e04-a329-4122-9c82-2ee75a4562c2"",""environment"":""f6319bd4-2e87-40d4-8547-4ce714038bc1"",""service"":""c236b8cb-3eff-45c5-aca0-23e73e33dc8d"",""deployment"":""69394420-c732-4ebe-a5fd-54c2d5628ea7"",""replica"":""7fc15fda-5103-4647-b7c4-6251ceb0ef53""}",2026-07-23T06:16:28.061942155Z
"2026-07-23T06:16:28.059Z [[32minfo[39m] 🌐 HTTP API: {""service"":""mqtt-publisher-lite""}",info,"{""level"":""info""}","{""project"":""90a47e04-a329-4122-9c82-2ee75a4562c2"",""environment"":""f6319bd4-2e87-40d4-8547-4ce714038bc1"",""service"":""c236b8cb-3eff-45c5-aca0-23e73e33dc8d"",""deployment"":""69394420-c732-4ebe-a5fd-54c2d5628ea7"",""replica"":""7fc15fda-5103-4647-b7c4-6251ceb0ef53""}",2026-07-23T06:16:28.061946285Z
"2026-07-23T06:16:28.059Z [[32minfo[39m] 📂 Data Directory: {""service"":""mqtt-publisher-lite""}",info,"{""level"":""info""}","{""project"":""90a47e04-a329-4122-9c82-2ee75a4562c2"",""environment"":""f6319bd4-2e87-40d4-8547-4ce714038bc1"",""service"":""c236b8cb-3eff-45c5-aca0-23e73e33dc8d"",""deployment"":""69394420-c732-4ebe-a5fd-54c2d5628ea7"",""replica"":""7fc15fda-5103-4647-b7c4-6251ceb0ef53""}",2026-07-23T06:16:28.061950095Z
"2026-07-23T06:16:28.059Z [[32minfo[39m] 🗃️  MongoDB: {""service"":""mqtt-publisher-lite""}",info,"{""level"":""info""}","{""project"":""90a47e04-a329-4122-9c82-2ee75a4562c2"",""environment"":""f6319bd4-2e87-40d4-8547-4ce714038bc1"",""service"":""c236b8cb-3eff-45c5-aca0-23e73e33dc8d"",""deployment"":""69394420-c732-4ebe-a5fd-54c2d5628ea7"",""replica"":""7fc15fda-5103-4647-b7c4-6251ceb0ef53""}",2026-07-23T06:16:28.061953795Z
"2026-07-23T06:16:28.059Z [[32minfo[39m] 💾 Redis: {""service"":""mqtt-publisher-lite""}",info,"{""level"":""info""}","{""project"":""90a47e04-a329-4122-9c82-2ee75a4562c2"",""environment"":""f6319bd4-2e87-40d4-8547-4ce714038bc1"",""service"":""c236b8cb-3eff-45c5-aca0-23e73e33dc8d"",""deployment"":""69394420-c732-4ebe-a5fd-54c2d5628ea7"",""replica"":""7fc15fda-5103-4647-b7c4-6251ceb0ef53""}",2026-07-23T06:16:28.062505430Z
"2026-07-23T06:16:28.059Z [[32minfo[39m] 🔐 Provisioning API: {""service"":""mqtt-publisher-lite""}",info,"{""level"":""info""}","{""project"":""90a47e04-a329-4122-9c82-2ee75a4562c2"",""environment"":""f6319bd4-2e87-40d4-8547-4ce714038bc1"",""service"":""c236b8cb-3eff-45c5-aca0-23e73e33dc8d"",""deployment"":""69394420-c732-4ebe-a5fd-54c2d5628ea7"",""replica"":""7fc15fda-5103-4647-b7c4-6251ceb0ef53""}",2026-07-23T06:16:28.062511030Z
"2026-07-23T06:16:28.059Z [[32minfo[39m]  {""service"":""mqtt-publisher-lite""}",info,"{""level"":""info""}","{""project"":""90a47e04-a329-4122-9c82-2ee75a4562c2"",""environment"":""f6319bd4-2e87-40d4-8547-4ce714038bc1"",""service"":""c236b8cb-3eff-45c5-aca0-23e73e33dc8d"",""deployment"":""69394420-c732-4ebe-a5fd-54c2d5628ea7"",""replica"":""7fc15fda-5103-4647-b7c4-6251ceb0ef53""}",2026-07-23T06:16:28.062514810Z
"2026-07-23T06:16:28.059Z [[32minfo[39m] Ready for firmware testing! 🎯 {""service"":""mqtt-publisher-lite""}",info,"{""level"":""info""}","{""project"":""90a47e04-a329-4122-9c82-2ee75a4562c2"",""environment"":""f6319bd4-2e87-40d4-8547-4ce714038bc1"",""service"":""c236b8cb-3eff-45c5-aca0-23e73e33dc8d"",""deployment"":""69394420-c732-4ebe-a5fd-54c2d5628ea7"",""replica"":""7fc15fda-5103-4647-b7c4-6251ceb0ef53""}",2026-07-23T06:16:28.062517520Z
"2026-07-23T06:16:28.059Z [[32minfo[39m] ━━━━━━━━━━━━━━━━━━━━━━━━━━━━━━━━━━━━━━━━━━━━━━━━━━ {""service"":""mqtt-publisher-lite""}",info,"{""level"":""info""}","{""project"":""90a47e04-a329-4122-9c82-2ee75a4562c2"",""environment"":""f6319bd4-2e87-40d4-8547-4ce714038bc1"",""service"":""c236b8cb-3eff-45c5-aca0-23e73e33dc8d"",""deployment"":""69394420-c732-4ebe-a5fd-54c2d5628ea7"",""replica"":""7fc15fda-5103-4647-b7c4-6251ceb0ef53""}",2026-07-23T06:16:28.062520170Z
"2026-07-23T06:16:28.187Z [[32minfo[39m] InfluxDB /health OK; verifying API token and both buckets {""service"":""mqtt-publisher-lite"",""apiTimeoutMs"":20000,""org"":""statsmqtt"",""metricsBucket"":""metrics"",""complianceBucket"":""pki_compliance"",""maxAttempts"":3}",info,"{""level"":""info""}","{""project"":""90a47e04-a329-4122-9c82-2ee75a4562c2"",""environment"":""f6319bd4-2e87-40d4-8547-4ce714038bc1"",""service"":""c236b8cb-3eff-45c5-aca0-23e73e33dc8d"",""deployment"":""69394420-c732-4ebe-a5fd-54c2d5628ea7"",""replica"":""7fc15fda-5103-4647-b7c4-6251ceb0ef53""}",2026-07-23T06:16:28.190762804Z
"2026-07-23T06:16:28.204Z [[32minfo[39m] 📈 InfluxDB connected {""service"":""mqtt-publisher-lite"",""url"":""https://metrics.withproof.io"",""org"":""statsmqtt"",""bucket"":""metrics"",""complianceBucket"":""pki_compliance"",""diskQueue"":true,""diskQueueSync"":false}",info,"{""level"":""info""}","{""project"":""90a47e04-a329-4122-9c82-2ee75a4562c2"",""environment"":""f6319bd4-2e87-40d4-8547-4ce714038bc1"",""service"":""c236b8cb-3eff-45c5-aca0-23e73e33dc8d"",""deployment"":""69394420-c732-4ebe-a5fd-54c2d5628ea7"",""replica"":""7fc15fda-5103-4647-b7c4-6251ceb0ef53""}",2026-07-23T06:16:28.213353074Z
"2026-07-23T06:16:28.237Z [[32minfo[39m] AuditService initialized from InfluxDB {""service"":""mqtt-publisher-lite"",""lastSequence"":32,""lastHash"":""c8c7625bc62f7390...""}",info,"{""level"":""info""}","{""project"":""90a47e04-a329-4122-9c82-2ee75a4562c2"",""environment"":""f6319bd4-2e87-40d4-8547-4ce714038bc1"",""service"":""c236b8cb-3eff-45c5-aca0-23e73e33dc8d"",""deployment"":""69394420-c732-4ebe-a5fd-54c2d5628ea7"",""replica"":""7fc15fda-5103-4647-b7c4-6251ceb0ef53""}",2026-07-23T06:16:28.238806501Z
"2026-07-23T06:16:28.237Z [[32minfo[39m] PKI AuditService initialized (hash-chain) {""service"":""mqtt-publisher-lite""}",info,"{""level"":""info""}","{""project"":""90a47e04-a329-4122-9c82-2ee75a4562c2"",""environment"":""f6319bd4-2e87-40d4-8547-4ce714038bc1"",""service"":""c236b8cb-3eff-45c5-aca0-23e73e33dc8d"",""deployment"":""69394420-c732-4ebe-a5fd-54c2d5628ea7"",""replica"":""7fc15fda-5103-4647-b7c4-6251ceb0ef53""}",2026-07-23T06:16:28.238813570Z
"2026-07-23T06:16:28.253Z [[32minfo[39m] Transparency Log initialized from InfluxDB {""service"":""mqtt-publisher-lite"",""entryCount"":6}",info,"{""level"":""info""}","{""project"":""90a47e04-a329-4122-9c82-2ee75a4562c2"",""environment"":""f6319bd4-2e87-40d4-8547-4ce714038bc1"",""service"":""c236b8cb-3eff-45c5-aca0-23e73e33dc8d"",""deployment"":""69394420-c732-4ebe-a5fd-54c2d5628ea7"",""replica"":""7fc15fda-5103-4647-b7c4-6251ceb0ef53""}",2026-07-23T06:16:28.257720522Z
"2026-07-23T06:16:28.253Z [[32minfo[39m] PKI TransparencyLog initialized (Merkle tree → Influx ct_log) {""service"":""mqtt-publisher-lite""}",info,"{""level"":""info""}","{""project"":""90a47e04-a329-4122-9c82-2ee75a4562c2"",""environment"":""f6319bd4-2e87-40d4-8547-4ce714038bc1"",""service"":""c236b8cb-3eff-45c5-aca0-23e73e33dc8d"",""deployment"":""69394420-c732-4ebe-a5fd-54c2d5628ea7"",""replica"":""7fc15fda-5103-4647-b7c4-6251ceb0ef53""}",2026-07-23T06:16:28.257726552Z
"2026-07-23T06:16:28.253Z [[32minfo[39m] 🔐 Initializing provisioning services... {""service"":""mqtt-publisher-lite""}",info,"{""level"":""info""}","{""project"":""90a47e04-a329-4122-9c82-2ee75a4562c2"",""environment"":""f6319bd4-2e87-40d4-8547-4ce714038bc1"",""service"":""c236b8cb-3eff-45c5-aca0-23e73e33dc8d"",""deployment"":""69394420-c732-4ebe-a5fd-54c2d5628ea7"",""replica"":""7fc15fda-5103-4647-b7c4-6251ceb0ef53""}",2026-07-23T06:16:28.257731152Z
"2026-07-23T06:16:28.253Z [[32minfo[39m] ✅ AuthService initialized {""service"":""mqtt-publisher-lite""}",info,"{""level"":""info""}","{""project"":""90a47e04-a329-4122-9c82-2ee75a4562c2"",""environment"":""f6319bd4-2e87-40d4-8547-4ce714038bc1"",""service"":""c236b8cb-3eff-45c5-aca0-23e73e33dc8d"",""deployment"":""69394420-c732-4ebe-a5fd-54c2d5628ea7"",""replica"":""7fc15fda-5103-4647-b7c4-6251ceb0ef53""}",2026-07-23T06:16:28.257735902Z
"2026-07-23T06:16:28.254Z [[32minfo[39m] MongoDB already connected {""service"":""mqtt-publisher-lite""}",info,"{""level"":""info""}","{""project"":""90a47e04-a329-4122-9c82-2ee75a4562c2"",""environment"":""f6319bd4-2e87-40d4-8547-4ce714038bc1"",""service"":""c236b8cb-3eff-45c5-aca0-23e73e33dc8d"",""deployment"":""69394420-c732-4ebe-a5fd-54c2d5628ea7"",""replica"":""7fc15fda-5103-4647-b7c4-6251ceb0ef53""}",2026-07-23T06:16:28.257740062Z
"2026-07-23T06:16:28.254Z [[32minfo[39m] UserService initialized with MongoDB connection {""service"":""mqtt-publisher-lite""}",info,"{""level"":""info""}","{""project"":""90a47e04-a329-4122-9c82-2ee75a4562c2"",""environment"":""f6319bd4-2e87-40d4-8547-4ce714038bc1"",""service"":""c236b8cb-3eff-45c5-aca0-23e73e33dc8d"",""deployment"":""69394420-c732-4ebe-a5fd-54c2d5628ea7"",""replica"":""7fc15fda-5103-4647-b7c4-6251ceb0ef53""}",2026-07-23T06:16:28.257744532Z
"2026-07-23T06:16:28.254Z [[32minfo[39m] ✅ UserService initialized {""service"":""mqtt-publisher-lite""}",info,"{""level"":""info""}","{""project"":""90a47e04-a329-4122-9c82-2ee75a4562c2"",""environment"":""f6319bd4-2e87-40d4-8547-4ce714038bc1"",""service"":""c236b8cb-3eff-45c5-aca0-23e73e33dc8d"",""deployment"":""69394420-c732-4ebe-a5fd-54c2d5628ea7"",""replica"":""7fc15fda-5103-4647-b7c4-6251ceb0ef53""}",2026-07-23T06:16:28.257748892Z
"2026-07-23T06:16:28.254Z [[32minfo[39m] TokenStore initialized (Redis-based) {""service"":""mqtt-publisher-lite""}",info,"{""level"":""info""}","{""project"":""90a47e04-a329-4122-9c82-2ee75a4562c2"",""environment"":""f6319bd4-2e87-40d4-8547-4ce714038bc1"",""service"":""c236b8cb-3eff-45c5-aca0-23e73e33dc8d"",""deployment"":""69394420-c732-4ebe-a5fd-54c2d5628ea7"",""replica"":""7fc15fda-5103-4647-b7c4-6251ceb0ef53""}",2026-07-23T06:16:28.257752722Z
"2026-07-23T06:16:28.267Z [[32minfo[39m] Root CA: reading certificate and key from disk {""service"":""mqtt-publisher-lite"",""certPath"":""/app/data/certs/root-ca.crt"",""keyPath"":""/app/data/certs/root-ca.key""}",info,"{""level"":""info""}","{""project"":""90a47e04-a329-4122-9c82-2ee75a4562c2"",""environment"":""f6319bd4-2e87-40d4-8547-4ce714038bc1"",""service"":""c236b8cb-3eff-45c5-aca0-23e73e33dc8d"",""deployment"":""69394420-c732-4ebe-a5fd-54c2d5628ea7"",""replica"":""7fc15fda-5103-4647-b7c4-6251ceb0ef53""}",2026-07-23T06:16:28.268678320Z
"2026-07-23T06:16:28.273Z [[32minfo[39m] Root CA loaded successfully {""service"":""mqtt-publisher-lite"",""serialNumber"":""3df17e8ad7c4e15511c5bc101f8cf7f5cf8b2f83"",""cert_pem_bytes"":1968,""key_pem_bytes"":3268,""cert_sha256_prefix"":""b0004e799f1fcf54""}",info,"{""level"":""info""}","{""project"":""90a47e04-a329-4122-9c82-2ee75a4562c2"",""environment"":""f6319bd4-2e87-40d4-8547-4ce714038bc1"",""service"":""c236b8cb-3eff-45c5-aca0-23e73e33dc8d"",""deployment"":""69394420-c732-4ebe-a5fd-54c2d5628ea7"",""replica"":""7fc15fda-5103-4647-b7c4-6251ceb0ef53""}",2026-07-23T06:16:28.274089845Z
"2026-07-23T06:16:28.273Z [[32minfo[39m] Certificate profile in effect {""service"":""mqtt-publisher-lite"",""cnPrefix"":""PROOF"",""certProfile"":{""validityDays"":90,""keyUsage"":[""digitalSignature"",""keyEncipherment""],""extendedKeyUsage"":[""clientAuth""],""requireSanDeviceId"":true,""minKeyBits"":2048}}",info,"{""level"":""info""}","{""project"":""90a47e04-a329-4122-9c82-2ee75a4562c2"",""environment"":""f6319bd4-2e87-40d4-8547-4ce714038bc1"",""service"":""c236b8cb-3eff-45c5-aca0-23e73e33dc8d"",""deployment"":""69394420-c732-4ebe-a5fd-54c2d5628ea7"",""replica"":""7fc15fda-5103-4647-b7c4-6251ceb0ef53""}",2026-07-23T06:16:28.274094935Z
"2026-07-23T06:16:28.273Z [[32minfo[39m] MQTT client cert/key already loaded from env; skipping CREATE_MQTT_CLIENT_CERT generation {""service"":""mqtt-publisher-lite""}",info,"{""level"":""info""}","{""project"":""90a47e04-a329-4122-9c82-2ee75a4562c2"",""environment"":""f6319bd4-2e87-40d4-8547-4ce714038bc1"",""service"":""c236b8cb-3eff-45c5-aca0-23e73e33dc8d"",""deployment"":""69394420-c732-4ebe-a5fd-54c2d5628ea7"",""replica"":""7fc15fda-5103-4647-b7c4-6251ceb0ef53""}",2026-07-23T06:16:28.274099445Z
"2026-07-23T06:16:28.273Z [[32minfo[39m] ✅ Provisioning services initialized {""service"":""mqtt-publisher-lite"",""tokenTTL"":6000,""caStoragePath"":""/app/data/certs"",""deviceCertValidityDays"":90,""storageMode"":""MongoDB"",""requireMtlsForRegistration"":false}",info,"{""level"":""info""}","{""project"":""90a47e04-a329-4122-9c82-2ee75a4562c2"",""environment"":""f6319bd4-2e87-40d4-8547-4ce714038bc1"",""service"":""c236b8cb-3eff-45c5-aca0-23e73e33dc8d"",""deployment"":""69394420-c732-4ebe-a5fd-54c2d5628ea7"",""replica"":""7fc15fda-5103-4647-b7c4-6251ceb0ef53""}",2026-07-23T06:16:28.274103565Z
"2026-07-23T06:16:28.274Z [[32minfo[39m] 📡 Instagram fetch mode: direct (Graph API on this server). Set INSTAGRAM_SERVERLESS_URL to offload to a worker. {""service"":""mqtt-publisher-lite""}",info,"{""level"":""info""}","{""project"":""90a47e04-a329-4122-9c82-2ee75a4562c2"",""environment"":""f6319bd4-2e87-40d4-8547-4ce714038bc1"",""service"":""c236b8cb-3eff-45c5-aca0-23e73e33dc8d"",""deployment"":""69394420-c732-4ebe-a5fd-54c2d5628ea7"",""replica"":""7fc15fda-5103-4647-b7c4-6251ceb0ef53""}",2026-07-23T06:16:28.275076956Z
"2026-07-23T06:16:28.374Z [[32minfo[39m] [IG_POLLING_SCRIPTS] Loaded Lua scripts for EVALSHA {""service"":""mqtt-publisher-lite"",""priorityReadPrune"":""a872710a5b911f8dfc25388eaee1eacea501a5ab"",""backoffCheckRecord"":""e48ef2db187aa089f53daa3bc6deca371d1b445b"",""fetchBudgetTry"":""1f0272654a828014c08a5308ffd3f9d2d7a42285"",""forceReload"":false}",info,"{""level"":""info""}","{""project"":""90a47e04-a329-4122-9c82-2ee75a4562c2"",""environment"":""f6319bd4-2e87-40d4-8547-4ce714038bc1"",""service"":""c236b8cb-3eff-45c5-aca0-23e73e33dc8d"",""deployment"":""69394420-c732-4ebe-a5fd-54c2d5628ea7"",""replica"":""7fc15fda-5103-4647-b7c4-6251ceb0ef53""}",2026-07-23T06:16:28.389888893Z
"2026-07-23T06:16:28.374Z [[32minfo[39m] ⏱️ [IG_POLLER] Starting dual schedulers {""service"":""mqtt-publisher-lite"",""priorityIntervalMs"":15000,""backgroundIntervalMs"":90000,""batchSize"":100,""backoff"":{""threshold"":6,""windowMs"":60000},""fairness"":{""priorityZsetMaxMembers"":0,""backgroundCapPerCycle"":0,""backgroundFairRotate"":true,""globalFetchBudgetPerMinute"":0}}",info,"{""level"":""info""}","{""project"":""90a47e04-a329-4122-9c82-2ee75a4562c2"",""environment"":""f6319bd4-2e87-40d4-8547-4ce714038bc1"",""service"":""c236b8cb-3eff-45c5-aca0-23e73e33dc8d"",""deployment"":""69394420-c732-4ebe-a5fd-54c2d5628ea7"",""replica"":""7fc15fda-5103-4647-b7c4-6251ceb0ef53""}",2026-07-23T06:16:28.389895053Z
"2026-07-23T06:16:28.376Z [[32minfo[39m] ✅ Instagram poller initialized (dual schedulers enabled) {""service"":""mqtt-publisher-lite""}",info,"{""level"":""info""}","{""project"":""90a47e04-a329-4122-9c82-2ee75a4562c2"",""environment"":""f6319bd4-2e87-40d4-8547-4ce714038bc1"",""service"":""c236b8cb-3eff-45c5-aca0-23e73e33dc8d"",""deployment"":""69394420-c732-4ebe-a5fd-54c2d5628ea7"",""replica"":""7fc15fda-5103-4647-b7c4-6251ceb0ef53""}",2026-07-23T06:16:28.389899263Z
"2026-07-23T06:16:28.376Z [[32minfo[39m] 🌐 Initializing HTTP server... {""service"":""mqtt-publisher-lite""}",info,"{""level"":""info""}","{""project"":""90a47e04-a329-4122-9c82-2ee75a4562c2"",""environment"":""f6319bd4-2e87-40d4-8547-4ce714038bc1"",""service"":""c236b8cb-3eff-45c5-aca0-23e73e33dc8d"",""deployment"":""69394420-c732-4ebe-a5fd-54c2d5628ea7"",""replica"":""7fc15fda-5103-4647-b7c4-6251ceb0ef53""}",2026-07-23T06:16:28.389904263Z
"2026-07-23T06:16:28.386Z [[32minfo[39m] ✅ OTA services initialized {""service"":""mqtt-publisher-lite"",""mqttDownloadMode"":""presigned"",""httpDownloadMode"":""presigned"",""publicBaseUrl"":""https://server.withproof.io"",""bucket"":""proof-firmware-ota"",""namespace"":""ax4egmknthnr"",""delivery"":""server-driven""}",info,"{""level"":""info""}","{""project"":""90a47e04-a329-4122-9c82-2ee75a4562c2"",""environment"":""f6319bd4-2e87-40d4-8547-4ce714038bc1"",""service"":""c236b8cb-3eff-45c5-aca0-23e73e33dc8d"",""deployment"":""69394420-c732-4ebe-a5fd-54c2d5628ea7"",""replica"":""7fc15fda-5103-4647-b7c4-6251ceb0ef53""}",2026-07-23T06:16:28.389909473Z
"2026-07-23T06:16:28.387Z [[32minfo[39m] Webhook ingress routes registered {""service"":""mqtt-publisher-lite"",""gmb"":""/api/webhooks/google-business-reviews"",""otaRelease"":""/api/webhooks/ota-release"",""mqttPublish"":true,""deviceTarget"":""primary""}",info,"{""level"":""info""}","{""project"":""90a47e04-a329-4122-9c82-2ee75a4562c2"",""environment"":""f6319bd4-2e87-40d4-8547-4ce714038bc1"",""service"":""c236b8cb-3eff-45c5-aca0-23e73e33dc8d"",""deployment"":""69394420-c732-4ebe-a5fd-54c2d5628ea7"",""replica"":""7fc15fda-5103-4647-b7c4-6251ceb0ef53""}",2026-07-23T06:16:28.389913343Z
"2026-07-23T06:16:28.400Z [[32minfo[39m] ✅ Provisioning routes registered at /api/v1 {""service"":""mqtt-publisher-lite""}",info,"{""level"":""info""}","{""project"":""90a47e04-a329-4122-9c82-2ee75a4562c2"",""environment"":""f6319bd4-2e87-40d4-8547-4ce714038bc1"",""service"":""c236b8cb-3eff-45c5-aca0-23e73e33dc8d"",""deployment"":""69394420-c732-4ebe-a5fd-54c2d5628ea7"",""replica"":""7fc15fda-5103-4647-b7c4-6251ceb0ef53""}",2026-07-23T06:16:28.400995250Z
"2026-07-23T06:16:28.400Z [[32minfo[39m] ✅ Lifecycle routes registered at /api/v1 {""service"":""mqtt-publisher-lite""}",info,"{""level"":""info""}","{""project"":""90a47e04-a329-4122-9c82-2ee75a4562c2"",""environment"":""f6319bd4-2e87-40d4-8547-4ce714038bc1"",""service"":""c236b8cb-3eff-45c5-aca0-23e73e33dc8d"",""deployment"":""69394420-c732-4ebe-a5fd-54c2d5628ea7"",""replica"":""7fc15fda-5103-4647-b7c4-6251ceb0ef53""}",2026-07-23T06:16:28.402670855Z
"2026-07-23T06:16:28.400Z [[32minfo[39m] ✅ Recovery routes registered at /api/v1/recovery {""service"":""mqtt-publisher-lite""}",info,"{""level"":""info""}","{""project"":""90a47e04-a329-4122-9c82-2ee75a4562c2"",""environment"":""f6319bd4-2e87-40d4-8547-4ce714038bc1"",""service"":""c236b8cb-3eff-45c5-aca0-23e73e33dc8d"",""deployment"":""69394420-c732-4ebe-a5fd-54c2d5628ea7"",""replica"":""7fc15fda-5103-4647-b7c4-6251ceb0ef53""}",2026-07-23T06:16:28.402674785Z
"2026-07-23T06:16:28.400Z [[32minfo[39m] ✅ Recovery routes registered at /api/recovery (alias) {""service"":""mqtt-publisher-lite""}",info,"{""level"":""info""}","{""project"":""90a47e04-a329-4122-9c82-2ee75a4562c2"",""environment"":""f6319bd4-2e87-40d4-8547-4ce714038bc1"",""service"":""c236b8cb-3eff-45c5-aca0-23e73e33dc8d"",""deployment"":""69394420-c732-4ebe-a5fd-54c2d5628ea7"",""replica"":""7fc15fda-5103-4647-b7c4-6251ceb0ef53""}",2026-07-23T06:16:28.402677625Z
"2026-07-23T06:16:28.401Z [[32minfo[39m] ✅ Device configuration route registered at /api/v1/mqtt-config {""service"":""mqtt-publisher-lite""}",info,"{""level"":""info""}","{""project"":""90a47e04-a329-4122-9c82-2ee75a4562c2"",""environment"":""f6319bd4-2e87-40d4-8547-4ce714038bc1"",""service"":""c236b8cb-3eff-45c5-aca0-23e73e33dc8d"",""deployment"":""69394420-c732-4ebe-a5fd-54c2d5628ea7"",""replica"":""7fc15fda-5103-4647-b7c4-6251ceb0ef53""}",2026-07-23T06:16:28.402680565Z
"2026-07-23T06:16:28.401Z [[32minfo[39m] ✅ OTA device routes registered at /api/v1/ota/* {""service"":""mqtt-publisher-lite""}",info,"{""level"":""info""}","{""project"":""90a47e04-a329-4122-9c82-2ee75a4562c2"",""environment"":""f6319bd4-2e87-40d4-8547-4ce714038bc1"",""service"":""c236b8cb-3eff-45c5-aca0-23e73e33dc8d"",""deployment"":""69394420-c732-4ebe-a5fd-54c2d5628ea7"",""replica"":""7fc15fda-5103-4647-b7c4-6251ceb0ef53""}",2026-07-23T06:16:28.402683365Z
"2026-07-23T06:16:28.401Z [[32minfo[39m] ✅ OTA admin routes registered at /api/v1/admin/ota/* {""service"":""mqtt-publisher-lite""}",info,"{""level"":""info""}","{""project"":""90a47e04-a329-4122-9c82-2ee75a4562c2"",""environment"":""f6319bd4-2e87-40d4-8547-4ce714038bc1"",""service"":""c236b8cb-3eff-45c5-aca0-23e73e33dc8d"",""deployment"":""69394420-c732-4ebe-a5fd-54c2d5628ea7"",""replica"":""7fc15fda-5103-4647-b7c4-6251ceb0ef53""}",2026-07-23T06:16:28.402686175Z
"2026-07-23T06:16:28.402Z [[32minfo[39m] ✅ Dashboard routes registered at /api/v1/dashboard/* {""service"":""mqtt-publisher-lite""}",info,"{""level"":""info""}","{""project"":""90a47e04-a329-4122-9c82-2ee75a4562c2"",""environment"":""f6319bd4-2e87-40d4-8547-4ce714038bc1"",""service"":""c236b8cb-3eff-45c5-aca0-23e73e33dc8d"",""deployment"":""69394420-c732-4ebe-a5fd-54c2d5628ea7"",""replica"":""7fc15fda-5103-4647-b7c4-6251ceb0ef53""}",2026-07-23T06:16:28.402689315Z
"2026-07-23T06:16:28.402Z [[32minfo[39m] ✅ Integration routes registered at /api/v1/integrations/* {""service"":""mqtt-publisher-lite""}",info,"{""level"":""info""}","{""project"":""90a47e04-a329-4122-9c82-2ee75a4562c2"",""environment"":""f6319bd4-2e87-40d4-8547-4ce714038bc1"",""service"":""c236b8cb-3eff-45c5-aca0-23e73e33dc8d"",""deployment"":""69394420-c732-4ebe-a5fd-54c2d5628ea7"",""replica"":""7fc15fda-5103-4647-b7c4-6251ceb0ef53""}",2026-07-23T06:16:28.404398721Z
"2026-07-23T06:16:28.402Z [[32minfo[39m] ✅ Influx query proxy registered at POST /api/v1/influx/query {""service"":""mqtt-publisher-lite""}",info,"{""level"":""info""}","{""project"":""90a47e04-a329-4122-9c82-2ee75a4562c2"",""environment"":""f6319bd4-2e87-40d4-8547-4ce714038bc1"",""service"":""c236b8cb-3eff-45c5-aca0-23e73e33dc8d"",""deployment"":""69394420-c732-4ebe-a5fd-54c2d5628ea7"",""replica"":""7fc15fda-5103-4647-b7c4-6251ceb0ef53""}",2026-07-23T06:16:28.404402731Z
"2026-07-23T06:16:28.427Z [[32minfo[39m] HTTP server started {""service"":""mqtt-publisher-lite"",""host"":""0.0.0.0"",""port"":8080}",info,"{""level"":""info""}","{""project"":""90a47e04-a329-4122-9c82-2ee75a4562c2"",""environment"":""f6319bd4-2e87-40d4-8547-4ce714038bc1"",""service"":""c236b8cb-3eff-45c5-aca0-23e73e33dc8d"",""deployment"":""69394420-c732-4ebe-a5fd-54c2d5628ea7"",""replica"":""7fc15fda-5103-4647-b7c4-6251ceb0ef53""}",2026-07-23T06:16:28.431375935Z
"2026-07-23T06:16:28.427Z [[32minfo[39m] ✅ HTTP server initialized {""service"":""mqtt-publisher-lite""}",info,"{""level"":""info""}","{""project"":""90a47e04-a329-4122-9c82-2ee75a4562c2"",""environment"":""f6319bd4-2e87-40d4-8547-4ce714038bc1"",""service"":""c236b8cb-3eff-45c5-aca0-23e73e33dc8d"",""deployment"":""69394420-c732-4ebe-a5fd-54c2d5628ea7"",""replica"":""7fc15fda-5103-4647-b7c4-6251ceb0ef53""}",2026-07-23T06:16:28.431385195Z
"2026-07-23T06:16:28.427Z [[32minfo[39m] 📊 Initializing stats publisher... {""service"":""mqtt-publisher-lite""}",info,"{""level"":""info""}","{""project"":""90a47e04-a329-4122-9c82-2ee75a4562c2"",""environment"":""f6319bd4-2e87-40d4-8547-4ce714038bc1"",""service"":""c236b8cb-3eff-45c5-aca0-23e73e33dc8d"",""deployment"":""69394420-c732-4ebe-a5fd-54c2d5628ea7"",""replica"":""7fc15fda-5103-4647-b7c4-6251ceb0ef53""}",2026-07-23T06:16:28.431389595Z
"2026-07-23T06:16:28.427Z [[32minfo[39m] 📈 Starting screen publisher (Instagram, GMB, Promotion) {""service"":""mqtt-publisher-lite"",""interval"":""60s"",""topicRoot"":""proof.mqtt""}",info,"{""level"":""info""}","{""project"":""90a47e04-a329-4122-9c82-2ee75a4562c2"",""environment"":""f6319bd4-2e87-40d4-8547-4ce714038bc1"",""service"":""c236b8cb-3eff-45c5-aca0-23e73e33dc8d"",""deployment"":""69394420-c732-4ebe-a5fd-54c2d5628ea7"",""replica"":""7fc15fda-5103-4647-b7c4-6251ceb0ef53""}",2026-07-23T06:16:28.431393155Z
"2026-07-23T06:16:28.429Z [[32minfo[39m] OTA Release Log initialized from InfluxDB {""service"":""mqtt-publisher-lite"",""entryCount"":0}",info,"{""level"":""info""}","{""project"":""90a47e04-a329-4122-9c82-2ee75a4562c2"",""environment"":""f6319bd4-2e87-40d4-8547-4ce714038bc1"",""service"":""c236b8cb-3eff-45c5-aca0-23e73e33dc8d"",""deployment"":""69394420-c732-4ebe-a5fd-54c2d5628ea7"",""replica"":""7fc15fda-5103-4647-b7c4-6251ceb0ef53""}",2026-07-23T06:16:28.431396345Z
"2026-07-23T06:16:28.429Z [[32minfo[39m] 📤 [PUBLISH_CYCLE] Starting publish cycle {""service"":""mqtt-publisher-lite"",""deviceCount"":3,""source"":""redis"",""devices"":[{""id"":""DEVICE-17"",""userId"":""(none)"",""lastSeen"":""2026-07-23T06:16:26.594Z""},{""id"":""DEVICE-19"",""userId"":""68d3753f9f99d6b73ae2d991"",""lastSeen"":""2026-07-23T06:16:26.954Z""},{""id"":""DEVICE-15"",""userId"":""68d3753f9f99d6b73ae2d991"",""lastSeen"":""2026-07-23T06:16:27.314Z""}]}",info,"{""level"":""info""}","{""project"":""90a47e04-a329-4122-9c82-2ee75a4562c2"",""environment"":""f6319bd4-2e87-40d4-8547-4ce714038bc1"",""service"":""c236b8cb-3eff-45c5-aca0-23e73e33dc8d"",""deployment"":""69394420-c732-4ebe-a5fd-54c2d5628ea7"",""replica"":""7fc15fda-5103-4647-b7c4-6251ceb0ef53""}",2026-07-23T06:16:28.431399865Z
"2026-07-23T06:16:28.431Z [[34mdebug[39m] PKI audit event written to InfluxDB {""service"":""mqtt-publisher-lite"",""event"":""OTA_SIGNING_KEY_LOADED""}",info,"{""level"":""info""}","{""project"":""90a47e04-a329-4122-9c82-2ee75a4562c2"",""environment"":""f6319bd4-2e87-40d4-8547-4ce714038bc1"",""service"":""c236b8cb-3eff-45c5-aca0-23e73e33dc8d"",""deployment"":""69394420-c732-4ebe-a5fd-54c2d5628ea7"",""replica"":""7fc15fda-5103-4647-b7c4-6251ceb0ef53""}",2026-07-23T06:16:28.432626994Z
"2026-07-23T06:16:28.431Z [[34mdebug[39m] Audit event logged to InfluxDB {""service"":""mqtt-publisher-lite"",""sequence"":33,""event"":""OTA_SIGNING_KEY_LOADED"",""hash"":""da802b0dbfb1be9d...""}",info,"{""level"":""info""}","{""project"":""90a47e04-a329-4122-9c82-2ee75a4562c2"",""environment"":""f6319bd4-2e87-40d4-8547-4ce714038bc1"",""service"":""c236b8cb-3eff-45c5-aca0-23e73e33dc8d"",""deployment"":""69394420-c732-4ebe-a5fd-54c2d5628ea7"",""replica"":""7fc15fda-5103-4647-b7c4-6251ceb0ef53""}",2026-07-23T06:16:28.432633114Z
"2026-07-23T06:16:28.530Z [[32minfo[39m] 📤 QoS 1 message sent {""service"":""mqtt-publisher-lite"",""messageId"":44602,""topic"":""proof.mqtt/DEVICE-17/test-gmb"",""qos"":1}",info,"{""level"":""info""}","{""project"":""90a47e04-a329-4122-9c82-2ee75a4562c2"",""environment"":""f6319bd4-2e87-40d4-8547-4ce714038bc1"",""service"":""c236b8cb-3eff-45c5-aca0-23e73e33dc8d"",""deployment"":""69394420-c732-4ebe-a5fd-54c2d5628ea7"",""replica"":""7fc15fda-5103-4647-b7c4-6251ceb0ef53""}",2026-07-23T06:16:28.534338171Z
"2026-07-23T06:16:28.530Z [[32minfo[39m] ⏱️ Tracking QoS 1 message (30s timeout) {""service"":""mqtt-publisher-lite"",""deviceId"":""DEVICE-17"",""messageId"":44602,""topic"":""proof.mqtt/DEVICE-17/test-gmb"",""pendingCount"":1}",info,"{""level"":""info""}","{""project"":""90a47e04-a329-4122-9c82-2ee75a4562c2"",""environment"":""f6319bd4-2e87-40d4-8547-4ce714038bc1"",""service"":""c236b8cb-3eff-45c5-aca0-23e73e33dc8d"",""deployment"":""69394420-c732-4ebe-a5fd-54c2d5628ea7"",""replica"":""7fc15fda-5103-4647-b7c4-6251ceb0ef53""}",2026-07-23T06:16:28.534343101Z
"2026-07-23T06:16:28.752Z [[32minfo[39m] ✅ PUBACK received {""service"":""mqtt-publisher-lite"",""messageId"":44602}",info,"{""level"":""info""}","{""project"":""90a47e04-a329-4122-9c82-2ee75a4562c2"",""environment"":""f6319bd4-2e87-40d4-8547-4ce714038bc1"",""service"":""c236b8cb-3eff-45c5-aca0-23e73e33dc8d"",""deployment"":""69394420-c732-4ebe-a5fd-54c2d5628ea7"",""replica"":""7fc15fda-5103-4647-b7c4-6251ceb0ef53""}",2026-07-23T06:16:28.825716466Z
"2026-07-23T06:16:28.752Z [[32minfo[39m] ✅ QoS 1 PUBACK confirmed {""service"":""mqtt-publisher-lite"",""deviceId"":""DEVICE-17"",""messageId"":44602,""deliveryTime"":""222ms"",""pendingCount"":0}",info,"{""level"":""info""}","{""project"":""90a47e04-a329-4122-9c82-2ee75a4562c2"",""environment"":""f6319bd4-2e87-40d4-8547-4ce714038bc1"",""service"":""c236b8cb-3eff-45c5-aca0-23e73e33dc8d"",""deployment"":""69394420-c732-4ebe-a5fd-54c2d5628ea7"",""replica"":""7fc15fda-5103-4647-b7c4-6251ceb0ef53""}",2026-07-23T06:16:28.825719736Z
"2026-07-23T06:16:28.752Z [[34mdebug[39m] ✅ [LIFECYCLE:PUBACK_OK] Device confirmed message receipt {""service"":""mqtt-publisher-lite"",""deviceId"":""DEVICE-17""}",info,"{""level"":""info""}","{""project"":""90a47e04-a329-4122-9c82-2ee75a4562c2"",""environment"":""f6319bd4-2e87-40d4-8547-4ce714038bc1"",""service"":""c236b8cb-3eff-45c5-aca0-23e73e33dc8d"",""deployment"":""69394420-c732-4ebe-a5fd-54c2d5628ea7"",""replica"":""7fc15fda-5103-4647-b7c4-6251ceb0ef53""}",2026-07-23T06:16:28.825722426Z
"2026-07-23T06:16:28.753Z [[34mdebug[39m] Message published {""service"":""mqtt-publisher-lite"",""topic"":""proof.mqtt/DEVICE-17/test-gmb"",""qos"":1,""deliveryTime"":""224ms""}",info,"{""level"":""info""}","{""project"":""90a47e04-a329-4122-9c82-2ee75a4562c2"",""environment"":""f6319bd4-2e87-40d4-8547-4ce714038bc1"",""service"":""c236b8cb-3eff-45c5-aca0-23e73e33dc8d"",""deployment"":""69394420-c732-4ebe-a5fd-54c2d5628ea7"",""replica"":""7fc15fda-5103-4647-b7c4-6251ceb0ef53""}",2026-07-23T06:16:28.825725596Z
"2026-07-23T06:16:28.753Z [[34mdebug[39m] Published test-gmb screen {""service"":""mqtt-publisher-lite"",""deviceId"":""DEVICE-17"",""reviews"":390,""milestone"":395}",info,"{""level"":""info""}","{""project"":""90a47e04-a329-4122-9c82-2ee75a4562c2"",""environment"":""f6319bd4-2e87-40d4-8547-4ce714038bc1"",""service"":""c236b8cb-3eff-45c5-aca0-23e73e33dc8d"",""deployment"":""69394420-c732-4ebe-a5fd-54c2d5628ea7"",""replica"":""7fc15fda-5103-4647-b7c4-6251ceb0ef53""}",2026-07-23T06:16:28.825728386Z
"2026-07-23T06:16:28.881Z [[34mdebug[39m] 📤 [PUBLISH_CYCLE] Publishing all screens to device {""service"":""mqtt-publisher-lite"",""deviceId"":""DEVICE-17""}",info,"{""level"":""info""}","{""project"":""90a47e04-a329-4122-9c82-2ee75a4562c2"",""environment"":""f6319bd4-2e87-40d4-8547-4ce714038bc1"",""service"":""c236b8cb-3eff-45c5-aca0-23e73e33dc8d"",""deployment"":""69394420-c732-4ebe-a5fd-54c2d5628ea7"",""replica"":""7fc15fda-5103-4647-b7c4-6251ceb0ef53""}",2026-07-23T06:16:28.913668348Z
"2026-07-23T06:16:28.984Z [[32minfo[39m] [PROMOTION] Default canvas not published {""service"":""mqtt-publisher-lite"",""deviceId"":""DEVICE-17"",""topic"":""proof.mqtt/DEVICE-17/promotion"",""reason"":""unchanged""}",info,"{""level"":""info""}","{""project"":""90a47e04-a329-4122-9c82-2ee75a4562c2"",""environment"":""f6319bd4-2e87-40d4-8547-4ce714038bc1"",""service"":""c236b8cb-3eff-45c5-aca0-23e73e33dc8d"",""deployment"":""69394420-c732-4ebe-a5fd-54c2d5628ea7"",""replica"":""7fc15fda-5103-4647-b7c4-6251ceb0ef53""}",2026-07-23T06:16:29.053781162Z
"2026-07-23T06:16:29.083Z [[34mdebug[39m] [STIM_SKIP] StatsPublisher skipping stim device {""service"":""mqtt-publisher-lite"",""deviceId"":""DEVICE-19""}",info,"{""level"":""info""}","{""project"":""90a47e04-a329-4122-9c82-2ee75a4562c2"",""environment"":""f6319bd4-2e87-40d4-8547-4ce714038bc1"",""service"":""c236b8cb-3eff-45c5-aca0-23e73e33dc8d"",""deployment"":""69394420-c732-4ebe-a5fd-54c2d5628ea7"",""replica"":""7fc15fda-5103-4647-b7c4-6251ceb0ef53""}",2026-07-23T06:16:29.088915197Z
"2026-07-23T06:16:29.084Z [[34mdebug[39m] [STIM_SKIP] StatsPublisher skipping stim device {""service"":""mqtt-publisher-lite"",""deviceId"":""DEVICE-15""}",info,"{""level"":""info""}","{""project"":""90a47e04-a329-4122-9c82-2ee75a4562c2"",""environment"":""f6319bd4-2e87-40d4-8547-4ce714038bc1"",""service"":""c236b8cb-3eff-45c5-aca0-23e73e33dc8d"",""deployment"":""69394420-c732-4ebe-a5fd-54c2d5628ea7"",""replica"":""7fc15fda-5103-4647-b7c4-6251ceb0ef53""}",2026-07-23T06:16:29.088922677Z
"2026-07-23T06:16:29.084Z [[32minfo[39m] ✅ Connections routes registered at POST /api/v1/connections/validate {""service"":""mqtt-publisher-lite""}",info,"{""level"":""info""}","{""project"":""90a47e04-a329-4122-9c82-2ee75a4562c2"",""environment"":""f6319bd4-2e87-40d4-8547-4ce714038bc1"",""service"":""c236b8cb-3eff-45c5-aca0-23e73e33dc8d"",""deployment"":""69394420-c732-4ebe-a5fd-54c2d5628ea7"",""replica"":""7fc15fda-5103-4647-b7c4-6251ceb0ef53""}",2026-07-23T06:16:29.088925917Z
"2026-07-23T06:16:29.084Z [[32minfo[39m] ✅ Stats publisher initialized - publishing every 60s to /instagram, /gmb, /promotion {""service"":""mqtt-publisher-lite""}",info,"{""level"":""info""}","{""project"":""90a47e04-a329-4122-9c82-2ee75a4562c2"",""environment"":""f6319bd4-2e87-40d4-8547-4ce714038bc1"",""service"":""c236b8cb-3eff-45c5-aca0-23e73e33dc8d"",""deployment"":""69394420-c732-4ebe-a5fd-54c2d5628ea7"",""replica"":""7fc15fda-5103-4647-b7c4-6251ceb0ef53""}",2026-07-23T06:16:29.088929807Z
"2026-07-23T06:16:29.084Z [[32minfo[39m] ✅ Connect refresh coordinator initialized (/active → debounced screen pull) {""service"":""mqtt-publisher-lite""}",info,"{""level"":""info""}","{""project"":""90a47e04-a329-4122-9c82-2ee75a4562c2"",""environment"":""f6319bd4-2e87-40d4-8547-4ce714038bc1"",""service"":""c236b8cb-3eff-45c5-aca0-23e73e33dc8d"",""deployment"":""69394420-c732-4ebe-a5fd-54c2d5628ea7"",""replica"":""7fc15fda-5103-4647-b7c4-6251ceb0ef53""}",2026-07-23T06:16:29.088933017Z
"2026-07-23T06:16:29.085Z [[32minfo[39m] [STIM] ===== Starting in-process stimulate service ===== {""service"":""mqtt-publisher-lite"",""devices"":[""DEVICE-15"",""DEVICE-13""],""platforms"":[""instagram"",""gmb""],""step"":1,""intervalMs"":30000,""igTarget"":500,""gmbTarget"":100,""progress"":""in-memory (reset on /active or restart)""}",info,"{""level"":""info""}","{""project"":""90a47e04-a329-4122-9c82-2ee75a4562c2"",""environment"":""f6319bd4-2e87-40d4-8547-4ce714038bc1"",""service"":""c236b8cb-3eff-45c5-aca0-23e73e33dc8d"",""deployment"":""69394420-c732-4ebe-a5fd-54c2d5628ea7"",""replica"":""7fc15fda-5103-4647-b7c4-6251ceb0ef53""}",2026-07-23T06:16:29.088936237Z
"2026-07-23T06:16:29.195Z [[32minfo[39m] [OTA] OCI bucket access verified {""service"":""mqtt-publisher-lite"",""bucket"":""proof-firmware-ota"",""namespace"":""ax4egmknthnr"",""region"":""ap-hyderabad-1""}",info,"{""level"":""info""}","{""project"":""90a47e04-a329-4122-9c82-2ee75a4562c2"",""environment"":""f6319bd4-2e87-40d4-8547-4ce714038bc1"",""service"":""c236b8cb-3eff-45c5-aca0-23e73e33dc8d"",""deployment"":""69394420-c732-4ebe-a5fd-54c2d5628ea7"",""replica"":""7fc15fda-5103-4647-b7c4-6251ceb0ef53""}",2026-07-23T06:16:29.199450910Z
"2026-07-23T06:16:29.196Z [[32minfo[39m] 📤 QoS 1 message sent {""service"":""mqtt-publisher-lite"",""messageId"":44603,""topic"":""proof.mqtt/DEVICE-15/instagram"",""qos"":1}",info,"{""level"":""info""}","{""project"":""90a47e04-a329-4122-9c82-2ee75a4562c2"",""environment"":""f6319bd4-2e87-40d4-8547-4ce714038bc1"",""service"":""c236b8cb-3eff-45c5-aca0-23e73e33dc8d"",""deployment"":""69394420-c732-4ebe-a5fd-54c2d5628ea7"",""replica"":""7fc15fda-5103-4647-b7c4-6251ceb0ef53""}",2026-07-23T06:16:29.199454090Z
"2026-07-23T06:16:29.196Z [[32minfo[39m] ⏱️ Tracking QoS 1 message (30s timeout) {""service"":""mqtt-publisher-lite"",""deviceId"":""DEVICE-15"",""messageId"":44603,""topic"":""proof.mqtt/DEVICE-15/instagram"",""pendingCount"":1}",info,"{""level"":""info""}","{""project"":""90a47e04-a329-4122-9c82-2ee75a4562c2"",""environment"":""f6319bd4-2e87-40d4-8547-4ce714038bc1"",""service"":""c236b8cb-3eff-45c5-aca0-23e73e33dc8d"",""deployment"":""69394420-c732-4ebe-a5fd-54c2d5628ea7"",""replica"":""7fc15fda-5103-4647-b7c4-6251ceb0ef53""}",2026-07-23T06:16:29.199459500Z
"2026-07-23T06:16:29.297Z [[32minfo[39m] 📤 QoS 1 message sent {""service"":""mqtt-publisher-lite"",""messageId"":44604,""topic"":""proof.mqtt/DEVICE-15/gmb"",""qos"":1}",info,"{""level"":""info""}","{""project"":""90a47e04-a329-4122-9c82-2ee75a4562c2"",""environment"":""f6319bd4-2e87-40d4-8547-4ce714038bc1"",""service"":""c236b8cb-3eff-45c5-aca0-23e73e33dc8d"",""deployment"":""69394420-c732-4ebe-a5fd-54c2d5628ea7"",""replica"":""7fc15fda-5103-4647-b7c4-6251ceb0ef53""}",2026-07-23T06:16:29.298635488Z
"2026-07-23T06:16:29.298Z [[32minfo[39m] ⏱️ Tracking QoS 1 message (30s timeout) {""service"":""mqtt-publisher-lite"",""deviceId"":""DEVICE-15"",""messageId"":44604,""topic"":""proof.mqtt/DEVICE-15/gmb"",""pendingCount"":2}",info,"{""level"":""info""}","{""project"":""90a47e04-a329-4122-9c82-2ee75a4562c2"",""environment"":""f6319bd4-2e87-40d4-8547-4ce714038bc1"",""service"":""c236b8cb-3eff-45c5-aca0-23e73e33dc8d"",""deployment"":""69394420-c732-4ebe-a5fd-54c2d5628ea7"",""replica"":""7fc15fda-5103-4647-b7c4-6251ceb0ef53""}",2026-07-23T06:16:29.298641138Z
"2026-07-23T06:16:29.359Z [[34mdebug[39m] [IG_DIRECT] No Instagram credentials (Redis proof.mqtt:device:{id} or active-devices.json) {""service"":""mqtt-publisher-lite"",""deviceId"":""DEVICE-17"",""trigger"":""scheduled""}",info,"{""level"":""info""}","{""project"":""90a47e04-a329-4122-9c82-2ee75a4562c2"",""environment"":""f6319bd4-2e87-40d4-8547-4ce714038bc1"",""service"":""c236b8cb-3eff-45c5-aca0-23e73e33dc8d"",""deployment"":""69394420-c732-4ebe-a5fd-54c2d5628ea7"",""replica"":""7fc15fda-5103-4647-b7c4-6251ceb0ef53""}",2026-07-23T06:16:29.365566546Z
"2026-07-23T06:16:29.396Z [[34mdebug[39m] [STIM] Device not active — skip tick {""service"":""mqtt-publisher-lite"",""deviceId"":""DEVICE-13"",""platform"":""instagram""}",info,"{""level"":""info""}","{""project"":""90a47e04-a329-4122-9c82-2ee75a4562c2"",""environment"":""f6319bd4-2e87-40d4-8547-4ce714038bc1"",""service"":""c236b8cb-3eff-45c5-aca0-23e73e33dc8d"",""deployment"":""69394420-c732-4ebe-a5fd-54c2d5628ea7"",""replica"":""7fc15fda-5103-4647-b7c4-6251ceb0ef53""}",2026-07-23T06:16:29.397789776Z
"2026-07-23T06:16:29.428Z [[32minfo[39m] ✅ PUBACK received {""service"":""mqtt-publisher-lite"",""messageId"":44603}",info,"{""level"":""info""}","{""project"":""90a47e04-a329-4122-9c82-2ee75a4562c2"",""environment"":""f6319bd4-2e87-40d4-8547-4ce714038bc1"",""service"":""c236b8cb-3eff-45c5-aca0-23e73e33dc8d"",""deployment"":""69394420-c732-4ebe-a5fd-54c2d5628ea7"",""replica"":""7fc15fda-5103-4647-b7c4-6251ceb0ef53""}",2026-07-23T06:16:29.432467745Z
"2026-07-23T06:16:29.428Z [[32minfo[39m] ✅ QoS 1 PUBACK confirmed {""service"":""mqtt-publisher-lite"",""deviceId"":""DEVICE-15"",""messageId"":44603,""deliveryTime"":""232ms"",""pendingCount"":1}",info,"{""level"":""info""}","{""project"":""90a47e04-a329-4122-9c82-2ee75a4562c2"",""environment"":""f6319bd4-2e87-40d4-8547-4ce714038bc1"",""service"":""c236b8cb-3eff-45c5-aca0-23e73e33dc8d"",""deployment"":""69394420-c732-4ebe-a5fd-54c2d5628ea7"",""replica"":""7fc15fda-5103-4647-b7c4-6251ceb0ef53""}",2026-07-23T06:16:29.432473395Z
"2026-07-23T06:16:29.428Z [[34mdebug[39m] ✅ [LIFECYCLE:PUBACK_OK] Device confirmed message receipt {""service"":""mqtt-publisher-lite"",""deviceId"":""DEVICE-15""}",info,"{""level"":""info""}","{""project"":""90a47e04-a329-4122-9c82-2ee75a4562c2"",""environment"":""f6319bd4-2e87-40d4-8547-4ce714038bc1"",""service"":""c236b8cb-3eff-45c5-aca0-23e73e33dc8d"",""deployment"":""69394420-c732-4ebe-a5fd-54c2d5628ea7"",""replica"":""7fc15fda-5103-4647-b7c4-6251ceb0ef53""}",2026-07-23T06:16:29.432478715Z
"2026-07-23T06:16:29.428Z [[34mdebug[39m] Message published {""service"":""mqtt-publisher-lite"",""topic"":""proof.mqtt/DEVICE-15/instagram"",""qos"":1,""deliveryTime"":""232ms""}",info,"{""level"":""info""}","{""project"":""90a47e04-a329-4122-9c82-2ee75a4562c2"",""environment"":""f6319bd4-2e87-40d4-8547-4ce714038bc1"",""service"":""c236b8cb-3eff-45c5-aca0-23e73e33dc8d"",""deployment"":""69394420-c732-4ebe-a5fd-54c2d5628ea7"",""replica"":""7fc15fda-5103-4647-b7c4-6251ceb0ef53""}",2026-07-23T06:16:29.432483345Z
"2026-07-23T06:16:29.429Z [[34mdebug[39m] Message received {""service"":""mqtt-publisher-lite"",""topic"":""proof.mqtt/DEVICE-15/instagram"",""size"":226,""retain"":false}",info,"{""level"":""info""}","{""project"":""90a47e04-a329-4122-9c82-2ee75a4562c2"",""environment"":""f6319bd4-2e87-40d4-8547-4ce714038bc1"",""service"":""c236b8cb-3eff-45c5-aca0-23e73e33dc8d"",""deployment"":""69394420-c732-4ebe-a5fd-54c2d5628ea7"",""replica"":""7fc15fda-5103-4647-b7c4-6251ceb0ef53""}",2026-07-23T06:16:29.432488185Z
"2026-07-23T06:16:29.429Z [[34mdebug[39m] Skipping echo message {""service"":""mqtt-publisher-lite"",""topic"":""proof.mqtt/DEVICE-15/instagram"",""age"":""1ms""}",info,"{""level"":""info""}","{""project"":""90a47e04-a329-4122-9c82-2ee75a4562c2"",""environment"":""f6319bd4-2e87-40d4-8547-4ce714038bc1"",""service"":""c236b8cb-3eff-45c5-aca0-23e73e33dc8d"",""deployment"":""69394420-c732-4ebe-a5fd-54c2d5628ea7"",""replica"":""7fc15fda-5103-4647-b7c4-6251ceb0ef53""}",2026-07-23T06:16:29.432493544Z
"2026-07-23T06:16:29.430Z [[34mdebug[39m] [MQTT_INGRESS] Buffered non-critical message {""service"":""mqtt-publisher-lite"",""topic"":""proof.mqtt/DEVICE-15/instagram"",""bufferSize"":1}",info,"{""level"":""info""}","{""project"":""90a47e04-a329-4122-9c82-2ee75a4562c2"",""environment"":""f6319bd4-2e87-40d4-8547-4ce714038bc1"",""service"":""c236b8cb-3eff-45c5-aca0-23e73e33dc8d"",""deployment"":""69394420-c732-4ebe-a5fd-54c2d5628ea7"",""replica"":""7fc15fda-5103-4647-b7c4-6251ceb0ef53""}",2026-07-23T06:16:29.432498684Z
"2026-07-23T06:16:29.460Z [[34mdebug[39m] Instagram fetch audit written to InfluxDB {""service"":""mqtt-publisher-lite"",""deviceId"":""DEVICE-17"",""success"":false}",info,"{""level"":""info""}","{""project"":""90a47e04-a329-4122-9c82-2ee75a4562c2"",""environment"":""f6319bd4-2e87-40d4-8547-4ce714038bc1"",""service"":""c236b8cb-3eff-45c5-aca0-23e73e33dc8d"",""deployment"":""69394420-c732-4ebe-a5fd-54c2d5628ea7"",""replica"":""7fc15fda-5103-4647-b7c4-6251ceb0ef53""}",2026-07-23T06:16:29.476914852Z
"2026-07-23T06:16:29.460Z [[33mwarn[39m] [IG_SCREEN] Skipping MQTT for failed fetch {""service"":""mqtt-publisher-lite"",""deviceId"":""DEVICE-17"",""error"":""no_instagram_credentials""}",info,"{""level"":""info""}","{""project"":""90a47e04-a329-4122-9c82-2ee75a4562c2"",""environment"":""f6319bd4-2e87-40d4-8547-4ce714038bc1"",""service"":""c236b8cb-3eff-45c5-aca0-23e73e33dc8d"",""deployment"":""69394420-c732-4ebe-a5fd-54c2d5628ea7"",""replica"":""7fc15fda-5103-4647-b7c4-6251ceb0ef53""}",2026-07-23T06:16:29.476920112Z
"2026-07-23T06:16:29.477Z [[32minfo[39m] InfluxDB batch flush {""service"":""mqtt-publisher-lite"",""source"":""metrics_disk_queue_worker"",""count"":1,""lines"":[""instagram_fetch_audit,device_id=DEVICE-17,success=false,trigger_type=scheduled duration_ms=0i,error_message=\""no_instagram_credentials\"",user_id_at_time=\""unknown\"" 1784787389359000000""]}",info,"{""level"":""info""}","{""project"":""90a47e04-a329-4122-9c82-2ee75a4562c2"",""environment"":""f6319bd4-2e87-40d4-8547-4ce714038bc1"",""service"":""c236b8cb-3eff-45c5-aca0-23e73e33dc8d"",""deployment"":""69394420-c732-4ebe-a5fd-54c2d5628ea7"",""replica"":""7fc15fda-5103-4647-b7c4-6251ceb0ef53""}",2026-07-23T06:16:29.483817344Z
"2026-07-23T06:16:29.478Z [[32minfo[39m] InfluxDB batch flush {""service"":""mqtt-publisher-lite"",""source"":""compliance_disk_queue_worker"",""count"":1,""lines"":[""pki_audit,event=OTA_SIGNING_KEY_LOADED,source=mqtt-publisher-lite count=1i,details=\""{\\\""keyFingerprint\\\"":\\\""7328b5af13b95e39\\\"",\\\""source\\\"":\\\""env\\\""}\"",hash=\""da802b0dbfb1be9def3e2a6141ab82d97c01dc0a14335c7bd06669f22b871669\"",previous_hash=\""c8c7625bc62f7390326c6da0c0c84f019c9a348bddf2120feb7750dd8fb1c183\"",sequence=33i 1784787388382000000""]}",info,"{""level"":""info""}","{""project"":""90a47e04-a329-4122-9c82-2ee75a4562c2"",""environment"":""f6319bd4-2e87-40d4-8547-4ce714038bc1"",""service"":""c236b8cb-3eff-45c5-aca0-23e73e33dc8d"",""deployment"":""69394420-c732-4ebe-a5fd-54c2d5628ea7"",""replica"":""7fc15fda-5103-4647-b7c4-6251ceb0ef53""}",2026-07-23T06:16:29.483822704Z
"2026-07-23T06:16:29.507Z [[32minfo[39m] [STIM] In-process loops started {""service"":""mqtt-publisher-lite"",""count"":4}",info,"{""level"":""info""}","{""project"":""90a47e04-a329-4122-9c82-2ee75a4562c2"",""environment"":""f6319bd4-2e87-40d4-8547-4ce714038bc1"",""service"":""c236b8cb-3eff-45c5-aca0-23e73e33dc8d"",""deployment"":""69394420-c732-4ebe-a5fd-54c2d5628ea7"",""replica"":""7fc15fda-5103-4647-b7c4-6251ceb0ef53""}",2026-07-23T06:16:29.527237079Z
"2026-07-23T06:16:29.507Z [[32minfo[39m] 🟢 All services ready — draining deferred work and message buffer {""service"":""mqtt-publisher-lite""}",info,"{""level"":""info""}","{""project"":""90a47e04-a329-4122-9c82-2ee75a4562c2"",""environment"":""f6319bd4-2e87-40d4-8547-4ce714038bc1"",""service"":""c236b8cb-3eff-45c5-aca0-23e73e33dc8d"",""deployment"":""69394420-c732-4ebe-a5fd-54c2d5628ea7"",""replica"":""7fc15fda-5103-4647-b7c4-6251ceb0ef53""}",2026-07-23T06:16:29.527240579Z
"2026-07-23T06:16:29.508Z [[34mdebug[39m] Screen message received {""service"":""mqtt-publisher-lite"",""topic"":""proof.mqtt/DEVICE-15/instagram"",""screen"":""instagram""}",info,"{""level"":""info""}","{""project"":""90a47e04-a329-4122-9c82-2ee75a4562c2"",""environment"":""f6319bd4-2e87-40d4-8547-4ce714038bc1"",""service"":""c236b8cb-3eff-45c5-aca0-23e73e33dc8d"",""deployment"":""69394420-c732-4ebe-a5fd-54c2d5628ea7"",""replica"":""7fc15fda-5103-4647-b7c4-6251ceb0ef53""}",2026-07-23T06:16:29.527244119Z
"2026-07-23T06:16:29.514Z [[34mdebug[39m] [STIM] Device not active — skip tick {""service"":""mqtt-publisher-lite"",""deviceId"":""DEVICE-13"",""platform"":""gmb""}",info,"{""level"":""info""}","{""project"":""90a47e04-a329-4122-9c82-2ee75a4562c2"",""environment"":""f6319bd4-2e87-40d4-8547-4ce714038bc1"",""service"":""c236b8cb-3eff-45c5-aca0-23e73e33dc8d"",""deployment"":""69394420-c732-4ebe-a5fd-54c2d5628ea7"",""replica"":""7fc15fda-5103-4647-b7c4-6251ceb0ef53""}",2026-07-23T06:16:29.527248299Z
"2026-07-23T06:16:29.530Z [[32minfo[39m] ✅ PUBACK received {""service"":""mqtt-publisher-lite"",""messageId"":44604}",info,"{""level"":""info""}","{""project"":""90a47e04-a329-4122-9c82-2ee75a4562c2"",""environment"":""f6319bd4-2e87-40d4-8547-4ce714038bc1"",""service"":""c236b8cb-3eff-45c5-aca0-23e73e33dc8d"",""deployment"":""69394420-c732-4ebe-a5fd-54c2d5628ea7"",""replica"":""7fc15fda-5103-4647-b7c4-6251ceb0ef53""}",2026-07-23T06:16:29.536639831Z
"2026-07-23T06:16:29.530Z [[32minfo[39m] ✅ QoS 1 PUBACK confirmed {""service"":""mqtt-publisher-lite"",""deviceId"":""DEVICE-15"",""messageId"":44604,""deliveryTime"":""232ms"",""pendingCount"":0}",info,"{""level"":""info""}","{""project"":""90a47e04-a329-4122-9c82-2ee75a4562c2"",""environment"":""f6319bd4-2e87-40d4-8547-4ce714038bc1"",""service"":""c236b8cb-3eff-45c5-aca0-23e73e33dc8d"",""deployment"":""69394420-c732-4ebe-a5fd-54c2d5628ea7"",""replica"":""7fc15fda-5103-4647-b7c4-6251ceb0ef53""}",2026-07-23T06:16:29.536643511Z
"2026-07-23T06:16:29.530Z [[34mdebug[39m] ✅ [LIFECYCLE:PUBACK_OK] Device confirmed message receipt {""service"":""mqtt-publisher-lite"",""deviceId"":""DEVICE-15""}",info,"{""level"":""info""}","{""project"":""90a47e04-a329-4122-9c82-2ee75a4562c2"",""environment"":""f6319bd4-2e87-40d4-8547-4ce714038bc1"",""service"":""c236b8cb-3eff-45c5-aca0-23e73e33dc8d"",""deployment"":""69394420-c732-4ebe-a5fd-54c2d5628ea7"",""replica"":""7fc15fda-5103-4647-b7c4-6251ceb0ef53""}",2026-07-23T06:16:29.536646681Z
"2026-07-23T06:16:29.531Z [[34mdebug[39m] Message published {""service"":""mqtt-publisher-lite"",""topic"":""proof.mqtt/DEVICE-15/gmb"",""qos"":1,""deliveryTime"":""234ms""}",info,"{""level"":""info""}","{""project"":""90a47e04-a329-4122-9c82-2ee75a4562c2"",""environment"":""f6319bd4-2e87-40d4-8547-4ce714038bc1"",""service"":""c236b8cb-3eff-45c5-aca0-23e73e33dc8d"",""deployment"":""69394420-c732-4ebe-a5fd-54c2d5628ea7"",""replica"":""7fc15fda-5103-4647-b7c4-6251ceb0ef53""}",2026-07-23T06:16:29.536650031Z
"2026-07-23T06:16:29.531Z [[34mdebug[39m] Message received {""service"":""mqtt-publisher-lite"",""topic"":""proof.mqtt/DEVICE-15/gmb"",""size"":244,""retain"":false}",info,"{""level"":""info""}","{""project"":""90a47e04-a329-4122-9c82-2ee75a4562c2"",""environment"":""f6319bd4-2e87-40d4-8547-4ce714038bc1"",""service"":""c236b8cb-3eff-45c5-aca0-23e73e33dc8d"",""deployment"":""69394420-c732-4ebe-a5fd-54c2d5628ea7"",""replica"":""7fc15fda-5103-4647-b7c4-6251ceb0ef53""}",2026-07-23T06:16:29.536655940Z
"2026-07-23T06:16:29.531Z [[34mdebug[39m] Skipping echo message {""service"":""mqtt-publisher-lite"",""topic"":""proof.mqtt/DEVICE-15/gmb"",""age"":""0ms""}",info,"{""level"":""info""}","{""project"":""90a47e04-a329-4122-9c82-2ee75a4562c2"",""environment"":""f6319bd4-2e87-40d4-8547-4ce714038bc1"",""service"":""c236b8cb-3eff-45c5-aca0-23e73e33dc8d"",""deployment"":""69394420-c732-4ebe-a5fd-54c2d5628ea7"",""replica"":""7fc15fda-5103-4647-b7c4-6251ceb0ef53""}",2026-07-23T06:16:29.536659120Z
"2026-07-23T06:16:29.532Z [[34mdebug[39m] Screen message received {""service"":""mqtt-publisher-lite"",""topic"":""proof.mqtt/DEVICE-15/gmb"",""screen"":""gmb""}",info,"{""level"":""info""}","{""project"":""90a47e04-a329-4122-9c82-2ee75a4562c2"",""environment"":""f6319bd4-2e87-40d4-8547-4ce714038bc1"",""service"":""c236b8cb-3eff-45c5-aca0-23e73e33dc8d"",""deployment"":""69394420-c732-4ebe-a5fd-54c2d5628ea7"",""replica"":""7fc15fda-5103-4647-b7c4-6251ceb0ef53""}",2026-07-23T06:16:29.536661970Z
"2026-07-23T06:16:29.533Z [[32minfo[39m] [STIM_IG] Published {""service"":""mqtt-publisher-lite"",""deviceId"":""DEVICE-15"",""followers"":3,""target"":500,""mode"":""synthetic"",""achievement"":5,""celebration"":""false"",""done"":false}",info,"{""level"":""info""}","{""project"":""90a47e04-a329-4122-9c82-2ee75a4562c2"",""environment"":""f6319bd4-2e87-40d4-8547-4ce714038bc1"",""service"":""c236b8cb-3eff-45c5-aca0-23e73e33dc8d"",""deployment"":""69394420-c732-4ebe-a5fd-54c2d5628ea7"",""replica"":""7fc15fda-5103-4647-b7c4-6251ceb0ef53""}",2026-07-23T06:16:29.536665370Z
"2026-07-23T06:16:29.631Z [[32minfo[39m] [STIM_GMB] Published {""service"":""mqtt-publisher-lite"",""deviceId"":""DEVICE-15"",""reviews"":1,""target"":100,""mode"":""synthetic"",""celebration"":""false"",""done"":false}",info,"{""level"":""info""}","{""project"":""90a47e04-a329-4122-9c82-2ee75a4562c2"",""environment"":""f6319bd4-2e87-40d4-8547-4ce714038bc1"",""service"":""c236b8cb-3eff-45c5-aca0-23e73e33dc8d"",""deployment"":""69394420-c732-4ebe-a5fd-54c2d5628ea7"",""replica"":""7fc15fda-5103-4647-b7c4-6251ceb0ef53""}",2026-07-23T06:16:29.859295523Z
"2026-07-23T06:16:29.640Z [[32minfo[39m] [MQTT_INGRESS] Flushed buffered messages {""service"":""mqtt-publisher-lite"",""count"":1}",info,"{""level"":""info""}","{""project"":""90a47e04-a329-4122-9c82-2ee75a4562c2"",""environment"":""f6319bd4-2e87-40d4-8547-4ce714038bc1"",""service"":""c236b8cb-3eff-45c5-aca0-23e73e33dc8d"",""deployment"":""69394420-c732-4ebe-a5fd-54c2d5628ea7"",""replica"":""7fc15fda-5103-4647-b7c4-6251ceb0ef53""}",2026-07-23T06:16:29.859299083Z
"2026-07-23T06:16:52.197Z [[32minfo[39m] HTTP request {""service"":""mqtt-publisher-lite"",""method"":""GET"",""path"":""/ota/download/proof:1.0.1"",""status"":200,""duration"":""313ms""}",info,"{""level"":""info""}","{""project"":""90a47e04-a329-4122-9c82-2ee75a4562c2"",""environment"":""f6319bd4-2e87-40d4-8547-4ce714038bc1"",""service"":""c236b8cb-3eff-45c5-aca0-23e73e33dc8d"",""deployment"":""69394420-c732-4ebe-a5fd-54c2d5628ea7"",""replica"":""7fc15fda-5103-4647-b7c4-6251ceb0ef53""}",2026-07-23T06:16:59.642241170Z
"2026-07-23T06:16:59.197Z [[32minfo[39m] 📤 QoS 1 message sent {""service"":""mqtt-publisher-lite"",""messageId"":44605,""topic"":""proof.mqtt/DEVICE-15/instagram"",""qos"":1}",info,"{""level"":""info""}","{""project"":""90a47e04-a329-4122-9c82-2ee75a4562c2"",""environment"":""f6319bd4-2e87-40d4-8547-4ce714038bc1"",""service"":""c236b8cb-3eff-45c5-aca0-23e73e33dc8d"",""deployment"":""69394420-c732-4ebe-a5fd-54c2d5628ea7"",""replica"":""7fc15fda-5103-4647-b7c4-6251ceb0ef53""}",2026-07-23T06:16:59.642246460Z
"2026-07-23T06:16:59.197Z [[32minfo[39m] ⏱️ Tracking QoS 1 message (30s timeout) {""service"":""mqtt-publisher-lite"",""deviceId"":""DEVICE-15"",""messageId"":44605,""topic"":""proof.mqtt/DEVICE-15/instagram"",""pendingCount"":1}",info,"{""level"":""info""}","{""project"":""90a47e04-a329-4122-9c82-2ee75a4562c2"",""environment"":""f6319bd4-2e87-40d4-8547-4ce714038bc1"",""service"":""c236b8cb-3eff-45c5-aca0-23e73e33dc8d"",""deployment"":""69394420-c732-4ebe-a5fd-54c2d5628ea7"",""replica"":""7fc15fda-5103-4647-b7c4-6251ceb0ef53""}",2026-07-23T06:16:59.642251930Z
"2026-07-23T06:16:59.297Z [[32minfo[39m] 📤 QoS 1 message sent {""service"":""mqtt-publisher-lite"",""messageId"":44606,""topic"":""proof.mqtt/DEVICE-15/gmb"",""qos"":1}",info,"{""level"":""info""}","{""project"":""90a47e04-a329-4122-9c82-2ee75a4562c2"",""environment"":""f6319bd4-2e87-40d4-8547-4ce714038bc1"",""service"":""c236b8cb-3eff-45c5-aca0-23e73e33dc8d"",""deployment"":""69394420-c732-4ebe-a5fd-54c2d5628ea7"",""replica"":""7fc15fda-5103-4647-b7c4-6251ceb0ef53""}",2026-07-23T06:16:59.642256660Z
"2026-07-23T06:16:59.297Z [[32minfo[39m] ⏱️ Tracking QoS 1 message (30s timeout) {""service"":""mqtt-publisher-lite"",""deviceId"":""DEVICE-15"",""messageId"":44606,""topic"":""proof.mqtt/DEVICE-15/gmb"",""pendingCount"":2}",info,"{""level"":""info""}","{""project"":""90a47e04-a329-4122-9c82-2ee75a4562c2"",""environment"":""f6319bd4-2e87-40d4-8547-4ce714038bc1"",""service"":""c236b8cb-3eff-45c5-aca0-23e73e33dc8d"",""deployment"":""69394420-c732-4ebe-a5fd-54c2d5628ea7"",""replica"":""7fc15fda-5103-4647-b7c4-6251ceb0ef53""}",2026-07-23T06:16:59.642261640Z
"2026-07-23T06:16:59.396Z [[34mdebug[39m] [STIM] Device not active — skip tick {""service"":""mqtt-publisher-lite"",""deviceId"":""DEVICE-13"",""platform"":""instagram""}",info,"{""level"":""info""}","{""project"":""90a47e04-a329-4122-9c82-2ee75a4562c2"",""environment"":""f6319bd4-2e87-40d4-8547-4ce714038bc1"",""service"":""c236b8cb-3eff-45c5-aca0-23e73e33dc8d"",""deployment"":""69394420-c732-4ebe-a5fd-54c2d5628ea7"",""replica"":""7fc15fda-5103-4647-b7c4-6251ceb0ef53""}",2026-07-23T06:16:59.642267140Z
"2026-07-23T06:16:59.408Z [[32minfo[39m] ✅ PUBACK received {""service"":""mqtt-publisher-lite"",""messageId"":44605}",info,"{""level"":""info""}","{""project"":""90a47e04-a329-4122-9c82-2ee75a4562c2"",""environment"":""f6319bd4-2e87-40d4-8547-4ce714038bc1"",""service"":""c236b8cb-3eff-45c5-aca0-23e73e33dc8d"",""deployment"":""69394420-c732-4ebe-a5fd-54c2d5628ea7"",""replica"":""7fc15fda-5103-4647-b7c4-6251ceb0ef53""}",2026-07-23T06:16:59.642272200Z
"2026-07-23T06:16:59.408Z [[32minfo[39m] ✅ QoS 1 PUBACK confirmed {""service"":""mqtt-publisher-lite"",""deviceId"":""DEVICE-15"",""messageId"":44605,""deliveryTime"":""211ms"",""pendingCount"":1}",info,"{""level"":""info""}","{""project"":""90a47e04-a329-4122-9c82-2ee75a4562c2"",""environment"":""f6319bd4-2e87-40d4-8547-4ce714038bc1"",""service"":""c236b8cb-3eff-45c5-aca0-23e73e33dc8d"",""deployment"":""69394420-c732-4ebe-a5fd-54c2d5628ea7"",""replica"":""7fc15fda-5103-4647-b7c4-6251ceb0ef53""}",2026-07-23T06:16:59.642277280Z
"2026-07-23T06:16:59.408Z [[34mdebug[39m] ✅ [LIFECYCLE:PUBACK_OK] Device confirmed message receipt {""service"":""mqtt-publisher-lite"",""deviceId"":""DEVICE-15""}",info,"{""level"":""info""}","{""project"":""90a47e04-a329-4122-9c82-2ee75a4562c2"",""environment"":""f6319bd4-2e87-40d4-8547-4ce714038bc1"",""service"":""c236b8cb-3eff-45c5-aca0-23e73e33dc8d"",""deployment"":""69394420-c732-4ebe-a5fd-54c2d5628ea7"",""replica"":""7fc15fda-5103-4647-b7c4-6251ceb0ef53""}",2026-07-23T06:16:59.642282380Z
"2026-07-23T06:16:59.409Z [[34mdebug[39m] Message published {""service"":""mqtt-publisher-lite"",""topic"":""proof.mqtt/DEVICE-15/instagram"",""qos"":1,""deliveryTime"":""213ms""}",info,"{""level"":""info""}","{""project"":""90a47e04-a329-4122-9c82-2ee75a4562c2"",""environment"":""f6319bd4-2e87-40d4-8547-4ce714038bc1"",""service"":""c236b8cb-3eff-45c5-aca0-23e73e33dc8d"",""deployment"":""69394420-c732-4ebe-a5fd-54c2d5628ea7"",""replica"":""7fc15fda-5103-4647-b7c4-6251ceb0ef53""}",2026-07-23T06:16:59.642287840Z
"2026-07-23T06:16:59.507Z [[34mdebug[39m] [STIM] Device not active — skip tick {""service"":""mqtt-publisher-lite"",""deviceId"":""DEVICE-13"",""platform"":""gmb""}",info,"{""level"":""info""}","{""project"":""90a47e04-a329-4122-9c82-2ee75a4562c2"",""environment"":""f6319bd4-2e87-40d4-8547-4ce714038bc1"",""service"":""c236b8cb-3eff-45c5-aca0-23e73e33dc8d"",""deployment"":""69394420-c732-4ebe-a5fd-54c2d5628ea7"",""replica"":""7fc15fda-5103-4647-b7c4-6251ceb0ef53""}",2026-07-23T06:16:59.643139222Z
"2026-07-23T06:16:59.508Z [[32minfo[39m] ✅ PUBACK received {""service"":""mqtt-publisher-lite"",""messageId"":44606}",info,"{""level"":""info""}","{""project"":""90a47e04-a329-4122-9c82-2ee75a4562c2"",""environment"":""f6319bd4-2e87-40d4-8547-4ce714038bc1"",""service"":""c236b8cb-3eff-45c5-aca0-23e73e33dc8d"",""deployment"":""69394420-c732-4ebe-a5fd-54c2d5628ea7"",""replica"":""7fc15fda-5103-4647-b7c4-6251ceb0ef53""}",2026-07-23T06:16:59.643145692Z
"2026-07-23T06:16:59.508Z [[34mdebug[39m] Message received {""service"":""mqtt-publisher-lite"",""topic"":""proof.mqtt/DEVICE-15/gmb"",""size"":244,""retain"":false}",info,"{""level"":""info""}","{""project"":""90a47e04-a329-4122-9c82-2ee75a4562c2"",""environment"":""f6319bd4-2e87-40d4-8547-4ce714038bc1"",""service"":""c236b8cb-3eff-45c5-aca0-23e73e33dc8d"",""deployment"":""69394420-c732-4ebe-a5fd-54c2d5628ea7"",""replica"":""7fc15fda-5103-4647-b7c4-6251ceb0ef53""}",2026-07-23T06:16:59.643149932Z
"2026-07-23T06:16:59.508Z [[32minfo[39m] ✅ QoS 1 PUBACK confirmed {""service"":""mqtt-publisher-lite"",""deviceId"":""DEVICE-15"",""messageId"":44606,""deliveryTime"":""211ms"",""pendingCount"":0}",info,"{""level"":""info""}","{""project"":""90a47e04-a329-4122-9c82-2ee75a4562c2"",""environment"":""f6319bd4-2e87-40d4-8547-4ce714038bc1"",""service"":""c236b8cb-3eff-45c5-aca0-23e73e33dc8d"",""deployment"":""69394420-c732-4ebe-a5fd-54c2d5628ea7"",""replica"":""7fc15fda-5103-4647-b7c4-6251ceb0ef53""}",2026-07-23T06:16:59.643156842Z
"2026-07-23T06:16:59.508Z [[34mdebug[39m] Skipping echo message {""service"":""mqtt-publisher-lite"",""topic"":""proof.mqtt/DEVICE-15/gmb"",""age"":""0ms""}",info,"{""level"":""info""}","{""project"":""90a47e04-a329-4122-9c82-2ee75a4562c2"",""environment"":""f6319bd4-2e87-40d4-8547-4ce714038bc1"",""service"":""c236b8cb-3eff-45c5-aca0-23e73e33dc8d"",""deployment"":""69394420-c732-4ebe-a5fd-54c2d5628ea7"",""replica"":""7fc15fda-5103-4647-b7c4-6251ceb0ef53""}",2026-07-23T06:16:59.643161832Z
"2026-07-23T06:16:59.508Z [[34mdebug[39m] ✅ [LIFECYCLE:PUBACK_OK] Device confirmed message receipt {""service"":""mqtt-publisher-lite"",""deviceId"":""DEVICE-15""}",info,"{""level"":""info""}","{""project"":""90a47e04-a329-4122-9c82-2ee75a4562c2"",""environment"":""f6319bd4-2e87-40d4-8547-4ce714038bc1"",""service"":""c236b8cb-3eff-45c5-aca0-23e73e33dc8d"",""deployment"":""69394420-c732-4ebe-a5fd-54c2d5628ea7"",""replica"":""7fc15fda-5103-4647-b7c4-6251ceb0ef53""}",2026-07-23T06:16:59.643165272Z
"2026-07-23T06:16:59.508Z [[34mdebug[39m] Message published {""service"":""mqtt-publisher-lite"",""topic"":""proof.mqtt/DEVICE-15/gmb"",""qos"":1,""deliveryTime"":""211ms""}",info,"{""level"":""info""}","{""project"":""90a47e04-a329-4122-9c82-2ee75a4562c2"",""environment"":""f6319bd4-2e87-40d4-8547-4ce714038bc1"",""service"":""c236b8cb-3eff-45c5-aca0-23e73e33dc8d"",""deployment"":""69394420-c732-4ebe-a5fd-54c2d5628ea7"",""replica"":""7fc15fda-5103-4647-b7c4-6251ceb0ef53""}",2026-07-23T06:16:59.643172082Z
"2026-07-23T06:16:59.509Z [[34mdebug[39m] Screen message received {""service"":""mqtt-publisher-lite"",""topic"":""proof.mqtt/DEVICE-15/gmb"",""screen"":""gmb""}",info,"{""level"":""info""}","{""project"":""90a47e04-a329-4122-9c82-2ee75a4562c2"",""environment"":""f6319bd4-2e87-40d4-8547-4ce714038bc1"",""service"":""c236b8cb-3eff-45c5-aca0-23e73e33dc8d"",""deployment"":""69394420-c732-4ebe-a5fd-54c2d5628ea7"",""replica"":""7fc15fda-5103-4647-b7c4-6251ceb0ef53""}",2026-07-23T06:16:59.643174742Z
"2026-07-23T06:16:59.409Z [[34mdebug[39m] Message received {""service"":""mqtt-publisher-lite"",""topic"":""proof.mqtt/DEVICE-15/instagram"",""size"":226,""retain"":false}",info,"{""level"":""info""}","{""project"":""90a47e04-a329-4122-9c82-2ee75a4562c2"",""environment"":""f6319bd4-2e87-40d4-8547-4ce714038bc1"",""service"":""c236b8cb-3eff-45c5-aca0-23e73e33dc8d"",""deployment"":""69394420-c732-4ebe-a5fd-54c2d5628ea7"",""replica"":""7fc15fda-5103-4647-b7c4-6251ceb0ef53""}",2026-07-23T06:16:59.643175832Z
"2026-07-23T06:16:59.409Z [[34mdebug[39m] Skipping echo message {""service"":""mqtt-publisher-lite"",""topic"":""proof.mqtt/DEVICE-15/instagram"",""age"":""0ms""}",info,"{""level"":""info""}","{""project"":""90a47e04-a329-4122-9c82-2ee75a4562c2"",""environment"":""f6319bd4-2e87-40d4-8547-4ce714038bc1"",""service"":""c236b8cb-3eff-45c5-aca0-23e73e33dc8d"",""deployment"":""69394420-c732-4ebe-a5fd-54c2d5628ea7"",""replica"":""7fc15fda-5103-4647-b7c4-6251ceb0ef53""}",2026-07-23T06:16:59.643185932Z
"2026-07-23T06:16:59.410Z [[34mdebug[39m] Screen message received {""service"":""mqtt-publisher-lite"",""topic"":""proof.mqtt/DEVICE-15/instagram"",""screen"":""instagram""}",info,"{""level"":""info""}","{""project"":""90a47e04-a329-4122-9c82-2ee75a4562c2"",""environment"":""f6319bd4-2e87-40d4-8547-4ce714038bc1"",""service"":""c236b8cb-3eff-45c5-aca0-23e73e33dc8d"",""deployment"":""69394420-c732-4ebe-a5fd-54c2d5628ea7"",""replica"":""7fc15fda-5103-4647-b7c4-6251ceb0ef53""}",2026-07-23T06:16:59.643197812Z
"2026-07-23T06:16:59.511Z [[32minfo[39m] [STIM_IG] Published {""service"":""mqtt-publisher-lite"",""deviceId"":""DEVICE-15"",""followers"":4,""target"":500,""mode"":""synthetic"",""achievement"":5,""celebration"":""false"",""done"":false}",info,"{""level"":""info""}","{""project"":""90a47e04-a329-4122-9c82-2ee75a4562c2"",""environment"":""f6319bd4-2e87-40d4-8547-4ce714038bc1"",""service"":""c236b8cb-3eff-45c5-aca0-23e73e33dc8d"",""deployment"":""69394420-c732-4ebe-a5fd-54c2d5628ea7"",""replica"":""7fc15fda-5103-4647-b7c4-6251ceb0ef53""}",2026-07-23T06:16:59.644937777Z
"2026-07-23T06:16:59.610Z [[32minfo[39m] [STIM_GMB] Published {""service"":""mqtt-publisher-lite"",""deviceId"":""DEVICE-15"",""reviews"":2,""target"":100,""mode"":""synthetic"",""celebration"":""false"",""done"":false}",info,"{""level"":""info""}","{""project"":""90a47e04-a329-4122-9c82-2ee75a4562c2"",""environment"":""f6319bd4-2e87-40d4-8547-4ce714038bc1"",""service"":""c236b8cb-3eff-45c5-aca0-23e73e33dc8d"",""deployment"":""69394420-c732-4ebe-a5fd-54c2d5628ea7"",""replica"":""7fc15fda-5103-4647-b7c4-6251ceb0ef53""}",2026-07-23T06:16:59.644941777Z
"2026-07-23T06:17:09.103Z [[34mdebug[39m] Message received {""service"":""mqtt-publisher-lite"",""topic"":""proof.mqtt/DEVICE-19/status"",""size"":95,""retain"":false}",info,"{""level"":""info""}","{""project"":""90a47e04-a329-4122-9c82-2ee75a4562c2"",""environment"":""f6319bd4-2e87-40d4-8547-4ce714038bc1"",""service"":""c236b8cb-3eff-45c5-aca0-23e73e33dc8d"",""deployment"":""69394420-c732-4ebe-a5fd-54c2d5628ea7"",""replica"":""7fc15fda-5103-4647-b7c4-6251ceb0ef53""}",2026-07-23T06:17:09.106112335Z
"2026-07-23T06:17:09.105Z [[32minfo[39m] 📊 Device Status Update {""service"":""mqtt-publisher-lite"",""deviceId"":""DEVICE-19"",""status"":""online"",""eventType"":""status"",""uptime"":0.959204572}",info,"{""level"":""info""}","{""project"":""90a47e04-a329-4122-9c82-2ee75a4562c2"",""environment"":""f6319bd4-2e87-40d4-8547-4ce714038bc1"",""service"":""c236b8cb-3eff-45c5-aca0-23e73e33dc8d"",""deployment"":""69394420-c732-4ebe-a5fd-54c2d5628ea7"",""replica"":""7fc15fda-5103-4647-b7c4-6251ceb0ef53""}",2026-07-23T06:17:09.108051479Z
"2026-07-23T06:17:09.108Z [[34mdebug[39m] Message received {""service"":""mqtt-publisher-lite"",""topic"":""proof.mqtt/DEVICE-19/active"",""size"":238,""retain"":false}",info,"{""level"":""info""}","{""project"":""90a47e04-a329-4122-9c82-2ee75a4562c2"",""environment"":""f6319bd4-2e87-40d4-8547-4ce714038bc1"",""service"":""c236b8cb-3eff-45c5-aca0-23e73e33dc8d"",""deployment"":""69394420-c732-4ebe-a5fd-54c2d5628ea7"",""replica"":""7fc15fda-5103-4647-b7c4-6251ceb0ef53""}",2026-07-23T06:17:09.109779504Z
"2026-07-23T06:17:09.109Z [[32minfo[39m] 📱 Device Registration Received {""service"":""mqtt-publisher-lite"",""deviceId"":""DEVICE-19"",""userId"":""ESP32-ABC123"",""deviceType"":""node"",""os"":""linux"",""type"":""device_registration""}",info,"{""level"":""info""}","{""project"":""90a47e04-a329-4122-9c82-2ee75a4562c2"",""environment"":""f6319bd4-2e87-40d4-8547-4ce714038bc1"",""service"":""c236b8cb-3eff-45c5-aca0-23e73e33dc8d"",""deployment"":""69394420-c732-4ebe-a5fd-54c2d5628ea7"",""replica"":""7fc15fda-5103-4647-b7c4-6251ceb0ef53""}",2026-07-23T06:17:09.109786634Z
"2026-07-23T06:17:09.110Z [[34mdebug[39m] OTA telemetry written to InfluxDB {""service"":""mqtt-publisher-lite"",""deviceId"":""DEVICE-19"",""event"":""status""}",info,"{""level"":""info""}","{""project"":""90a47e04-a329-4122-9c82-2ee75a4562c2"",""environment"":""f6319bd4-2e87-40d4-8547-4ce714038bc1"",""service"":""c236b8cb-3eff-45c5-aca0-23e73e33dc8d"",""deployment"":""69394420-c732-4ebe-a5fd-54c2d5628ea7"",""replica"":""7fc15fda-5103-4647-b7c4-6251ceb0ef53""}",2026-07-23T06:17:09.111939406Z
"2026-07-23T06:17:09.365Z [[32minfo[39m] ✅ Existing device reconnected {""service"":""mqtt-publisher-lite"",""deviceId"":""DEVICE-19"",""fwVersion"":""1.0.0""}",info,"{""level"":""info""}","{""project"":""90a47e04-a329-4122-9c82-2ee75a4562c2"",""environment"":""f6319bd4-2e87-40d4-8547-4ce714038bc1"",""service"":""c236b8cb-3eff-45c5-aca0-23e73e33dc8d"",""deployment"":""69394420-c732-4ebe-a5fd-54c2d5628ea7"",""replica"":""7fc15fda-5103-4647-b7c4-6251ceb0ef53""}",2026-07-23T06:17:09.392563630Z
"2026-07-23T06:17:09.366Z [[32minfo[39m] 📤 QoS 1 message sent {""service"":""mqtt-publisher-lite"",""messageId"":44607,""topic"":""proof.mqtt/DEVICE-19/registration_ack"",""qos"":1}",info,"{""level"":""info""}","{""project"":""90a47e04-a329-4122-9c82-2ee75a4562c2"",""environment"":""f6319bd4-2e87-40d4-8547-4ce714038bc1"",""service"":""c236b8cb-3eff-45c5-aca0-23e73e33dc8d"",""deployment"":""69394420-c732-4ebe-a5fd-54c2d5628ea7"",""replica"":""7fc15fda-5103-4647-b7c4-6251ceb0ef53""}",2026-07-23T06:17:09.392570170Z
"2026-07-23T06:17:09.366Z [[32minfo[39m] ⏱️ Tracking QoS 1 message (30s timeout) {""service"":""mqtt-publisher-lite"",""deviceId"":""DEVICE-19"",""messageId"":44607,""topic"":""proof.mqtt/DEVICE-19/registration_ack"",""pendingCount"":1}",info,"{""level"":""info""}","{""project"":""90a47e04-a329-4122-9c82-2ee75a4562c2"",""environment"":""f6319bd4-2e87-40d4-8547-4ce714038bc1"",""service"":""c236b8cb-3eff-45c5-aca0-23e73e33dc8d"",""deployment"":""69394420-c732-4ebe-a5fd-54c2d5628ea7"",""replica"":""7fc15fda-5103-4647-b7c4-6251ceb0ef53""}",2026-07-23T06:17:09.392575650Z
"2026-07-23T06:17:09.577Z [[32minfo[39m] ✅ PUBACK received {""service"":""mqtt-publisher-lite"",""messageId"":44607}",info,"{""level"":""info""}","{""project"":""90a47e04-a329-4122-9c82-2ee75a4562c2"",""environment"":""f6319bd4-2e87-40d4-8547-4ce714038bc1"",""service"":""c236b8cb-3eff-45c5-aca0-23e73e33dc8d"",""deployment"":""69394420-c732-4ebe-a5fd-54c2d5628ea7"",""replica"":""7fc15fda-5103-4647-b7c4-6251ceb0ef53""}",2026-07-23T06:17:09.636053336Z
"2026-07-23T06:17:09.577Z [[32minfo[39m] ✅ QoS 1 PUBACK confirmed {""service"":""mqtt-publisher-lite"",""deviceId"":""DEVICE-19"",""messageId"":44607,""deliveryTime"":""211ms"",""pendingCount"":0}",info,"{""level"":""info""}","{""project"":""90a47e04-a329-4122-9c82-2ee75a4562c2"",""environment"":""f6319bd4-2e87-40d4-8547-4ce714038bc1"",""service"":""c236b8cb-3eff-45c5-aca0-23e73e33dc8d"",""deployment"":""69394420-c732-4ebe-a5fd-54c2d5628ea7"",""replica"":""7fc15fda-5103-4647-b7c4-6251ceb0ef53""}",2026-07-23T06:17:09.636057896Z
"2026-07-23T06:17:09.577Z [[34mdebug[39m] ✅ [LIFECYCLE:PUBACK_OK] Device confirmed message receipt {""service"":""mqtt-publisher-lite"",""deviceId"":""DEVICE-19""}",info,"{""level"":""info""}","{""project"":""90a47e04-a329-4122-9c82-2ee75a4562c2"",""environment"":""f6319bd4-2e87-40d4-8547-4ce714038bc1"",""service"":""c236b8cb-3eff-45c5-aca0-23e73e33dc8d"",""deployment"":""69394420-c732-4ebe-a5fd-54c2d5628ea7"",""replica"":""7fc15fda-5103-4647-b7c4-6251ceb0ef53""}",2026-07-23T06:17:09.636061686Z
"2026-07-23T06:17:09.577Z [[34mdebug[39m] Message published {""service"":""mqtt-publisher-lite"",""topic"":""proof.mqtt/DEVICE-19/registration_ack"",""qos"":1,""deliveryTime"":""211ms""}",info,"{""level"":""info""}","{""project"":""90a47e04-a329-4122-9c82-2ee75a4562c2"",""environment"":""f6319bd4-2e87-40d4-8547-4ce714038bc1"",""service"":""c236b8cb-3eff-45c5-aca0-23e73e33dc8d"",""deployment"":""69394420-c732-4ebe-a5fd-54c2d5628ea7"",""replica"":""7fc15fda-5103-4647-b7c4-6251ceb0ef53""}",2026-07-23T06:17:09.636065206Z
"2026-07-23T06:17:09.578Z [[32minfo[39m] 📤 Registration response sent {""service"":""mqtt-publisher-lite"",""deviceId"":""DEVICE-19"",""success"":true,""isNewDevice"":false}",info,"{""level"":""info""}","{""project"":""90a47e04-a329-4122-9c82-2ee75a4562c2"",""environment"":""f6319bd4-2e87-40d4-8547-4ce714038bc1"",""service"":""c236b8cb-3eff-45c5-aca0-23e73e33dc8d"",""deployment"":""69394420-c732-4ebe-a5fd-54c2d5628ea7"",""replica"":""7fc15fda-5103-4647-b7c4-6251ceb0ef53""}",2026-07-23T06:17:09.636069076Z
"2026-07-23T06:17:09.579Z [[32minfo[39m] 📋 [LIFECYCLE:REGISTER] Caching device in Redis active list {""service"":""mqtt-publisher-lite"",""deviceId"":""DEVICE-19""}",info,"{""level"":""info""}","{""project"":""90a47e04-a329-4122-9c82-2ee75a4562c2"",""environment"":""f6319bd4-2e87-40d4-8547-4ce714038bc1"",""service"":""c236b8cb-3eff-45c5-aca0-23e73e33dc8d"",""deployment"":""69394420-c732-4ebe-a5fd-54c2d5628ea7"",""replica"":""7fc15fda-5103-4647-b7c4-6251ceb0ef53""}",2026-07-23T06:17:09.636073206Z
"2026-07-23T06:17:09.579Z [[32minfo[39m] 📋 [LIFECYCLE:CACHE] Step 1/2 — Device lookup (MongoDB) {""service"":""mqtt-publisher-lite"",""deviceId"":""DEVICE-19""}",info,"{""level"":""info""}","{""project"":""90a47e04-a329-4122-9c82-2ee75a4562c2"",""environment"":""f6319bd4-2e87-40d4-8547-4ce714038bc1"",""service"":""c236b8cb-3eff-45c5-aca0-23e73e33dc8d"",""deployment"":""69394420-c732-4ebe-a5fd-54c2d5628ea7"",""replica"":""7fc15fda-5103-4647-b7c4-6251ceb0ef53""}",2026-07-23T06:17:09.636076746Z
"2026-07-23T06:17:09.717Z [[32minfo[39m] 📋 [LIFECYCLE:CACHE] Step 2/2 — Social (Instagram) for device {""service"":""mqtt-publisher-lite"",""deviceId"":""DEVICE-19"",""userId"":""68d3753f9f99d6b73ae2d991"",""deviceStatus"":""ACTIVE""}",info,"{""level"":""info""}","{""project"":""90a47e04-a329-4122-9c82-2ee75a4562c2"",""environment"":""f6319bd4-2e87-40d4-8547-4ce714038bc1"",""service"":""c236b8cb-3eff-45c5-aca0-23e73e33dc8d"",""deployment"":""69394420-c732-4ebe-a5fd-54c2d5628ea7"",""replica"":""7fc15fda-5103-4647-b7c4-6251ceb0ef53""}",2026-07-23T06:17:09.722372882Z
"2026-07-23T06:17:09.845Z [[32minfo[39m] 📋 [LIFECYCLE:CACHE] Active device record written (Mongo → file + Redis IG key) {""service"":""mqtt-publisher-lite"",""deviceId"":""DEVICE-19"",""userId"":""68d3753f9f99d6b73ae2d991"",""instagramFromSocial"":true}",info,"{""level"":""info""}","{""project"":""90a47e04-a329-4122-9c82-2ee75a4562c2"",""environment"":""f6319bd4-2e87-40d4-8547-4ce714038bc1"",""service"":""c236b8cb-3eff-45c5-aca0-23e73e33dc8d"",""deployment"":""69394420-c732-4ebe-a5fd-54c2d5628ea7"",""replica"":""7fc15fda-5103-4647-b7c4-6251ceb0ef53""}",2026-07-23T06:17:09.848642452Z
"2026-07-23T06:17:10.177Z [[32minfo[39m] 📋 [LIFECYCLE:REGISTER] Device registration complete {""service"":""mqtt-publisher-lite"",""deviceId"":""DEVICE-19""}",info,"{""level"":""info""}","{""project"":""90a47e04-a329-4122-9c82-2ee75a4562c2"",""environment"":""f6319bd4-2e87-40d4-8547-4ce714038bc1"",""service"":""c236b8cb-3eff-45c5-aca0-23e73e33dc8d"",""deployment"":""69394420-c732-4ebe-a5fd-54c2d5628ea7"",""replica"":""7fc15fda-5103-4647-b7c4-6251ceb0ef53""}",2026-07-23T06:17:10.510648506Z
"2026-07-23T06:17:10.592Z [[32minfo[39m] [STIM_SKIP] Connect refresh skipping Instagram for stim device {""service"":""mqtt-publisher-lite"",""deviceId"":""DEVICE-19""}",info,"{""level"":""info""}","{""project"":""90a47e04-a329-4122-9c82-2ee75a4562c2"",""environment"":""f6319bd4-2e87-40d4-8547-4ce714038bc1"",""service"":""c236b8cb-3eff-45c5-aca0-23e73e33dc8d"",""deployment"":""69394420-c732-4ebe-a5fd-54c2d5628ea7"",""replica"":""7fc15fda-5103-4647-b7c4-6251ceb0ef53""}",2026-07-23T06:17:10.594823970Z
"2026-07-23T06:17:10.693Z [[32minfo[39m] [USER_INTEGRATIONS] Cached {""service"":""mqtt-publisher-lite"",""userId"":""68d3753f9f99d6b73ae2d991"",""hasInstagram"":true,""hasGmb"":true,""posPlatform"":null}",info,"{""level"":""info""}","{""project"":""90a47e04-a329-4122-9c82-2ee75a4562c2"",""environment"":""f6319bd4-2e87-40d4-8547-4ce714038bc1"",""service"":""c236b8cb-3eff-45c5-aca0-23e73e33dc8d"",""deployment"":""69394420-c732-4ebe-a5fd-54c2d5628ea7"",""replica"":""7fc15fda-5103-4647-b7c4-6251ceb0ef53""}",2026-07-23T06:17:10.721181039Z
"2026-07-23T06:17:10.693Z [[32minfo[39m] [STIM_SKIP] Connect refresh skipping GMB for stim device {""service"":""mqtt-publisher-lite"",""deviceId"":""DEVICE-19""}",info,"{""level"":""info""}","{""project"":""90a47e04-a329-4122-9c82-2ee75a4562c2"",""environment"":""f6319bd4-2e87-40d4-8547-4ce714038bc1"",""service"":""c236b8cb-3eff-45c5-aca0-23e73e33dc8d"",""deployment"":""69394420-c732-4ebe-a5fd-54c2d5628ea7"",""replica"":""7fc15fda-5103-4647-b7c4-6251ceb0ef53""}",2026-07-23T06:17:10.721187419Z
"2026-07-23T06:17:10.931Z [[32minfo[39m] [PROMOTION] No running brand canvas — default canvas {""service"":""mqtt-publisher-lite"",""deviceId"":""DEVICE-19"",""userId"":""68d3753f9f99d6b73ae2d991""}",info,"{""level"":""info""}","{""project"":""90a47e04-a329-4122-9c82-2ee75a4562c2"",""environment"":""f6319bd4-2e87-40d4-8547-4ce714038bc1"",""service"":""c236b8cb-3eff-45c5-aca0-23e73e33dc8d"",""deployment"":""69394420-c732-4ebe-a5fd-54c2d5628ea7"",""replica"":""7fc15fda-5103-4647-b7c4-6251ceb0ef53""}",2026-07-23T06:17:10.943183786Z
"2026-07-23T06:17:10.932Z [[32minfo[39m] 📤 QoS 1 message sent {""service"":""mqtt-publisher-lite"",""messageId"":44608,""topic"":""proof.mqtt/DEVICE-19/promotion"",""qos"":1}",info,"{""level"":""info""}","{""project"":""90a47e04-a329-4122-9c82-2ee75a4562c2"",""environment"":""f6319bd4-2e87-40d4-8547-4ce714038bc1"",""service"":""c236b8cb-3eff-45c5-aca0-23e73e33dc8d"",""deployment"":""69394420-c732-4ebe-a5fd-54c2d5628ea7"",""replica"":""7fc15fda-5103-4647-b7c4-6251ceb0ef53""}",2026-07-23T06:17:10.943186646Z
"2026-07-23T06:17:10.932Z [[32minfo[39m] ⏱️ Tracking QoS 1 message (30s timeout) {""service"":""mqtt-publisher-lite"",""deviceId"":""DEVICE-19"",""messageId"":44608,""topic"":""proof.mqtt/DEVICE-19/promotion"",""pendingCount"":1}",info,"{""level"":""info""}","{""project"":""90a47e04-a329-4122-9c82-2ee75a4562c2"",""environment"":""f6319bd4-2e87-40d4-8547-4ce714038bc1"",""service"":""c236b8cb-3eff-45c5-aca0-23e73e33dc8d"",""deployment"":""69394420-c732-4ebe-a5fd-54c2d5628ea7"",""replica"":""7fc15fda-5103-4647-b7c4-6251ceb0ef53""}",2026-07-23T06:17:10.943189766Z
"2026-07-23T06:17:11.143Z [[32minfo[39m] ✅ PUBACK received {""service"":""mqtt-publisher-lite"",""messageId"":44608}",info,"{""level"":""info""}","{""project"":""90a47e04-a329-4122-9c82-2ee75a4562c2"",""environment"":""f6319bd4-2e87-40d4-8547-4ce714038bc1"",""service"":""c236b8cb-3eff-45c5-aca0-23e73e33dc8d"",""deployment"":""69394420-c732-4ebe-a5fd-54c2d5628ea7"",""replica"":""7fc15fda-5103-4647-b7c4-6251ceb0ef53""}",2026-07-23T06:17:11.152847407Z
"2026-07-23T06:17:11.143Z [[32minfo[39m] ✅ QoS 1 PUBACK confirmed {""service"":""mqtt-publisher-lite"",""deviceId"":""DEVICE-19"",""messageId"":44608,""deliveryTime"":""211ms"",""pendingCount"":0}",info,"{""level"":""info""}","{""project"":""90a47e04-a329-4122-9c82-2ee75a4562c2"",""environment"":""f6319bd4-2e87-40d4-8547-4ce714038bc1"",""service"":""c236b8cb-3eff-45c5-aca0-23e73e33dc8d"",""deployment"":""69394420-c732-4ebe-a5fd-54c2d5628ea7"",""replica"":""7fc15fda-5103-4647-b7c4-6251ceb0ef53""}",2026-07-23T06:17:11.152856017Z
"2026-07-23T06:17:11.143Z [[34mdebug[39m] ✅ [LIFECYCLE:PUBACK_OK] Device confirmed message receipt {""service"":""mqtt-publisher-lite"",""deviceId"":""DEVICE-19""}",info,"{""level"":""info""}","{""project"":""90a47e04-a329-4122-9c82-2ee75a4562c2"",""environment"":""f6319bd4-2e87-40d4-8547-4ce714038bc1"",""service"":""c236b8cb-3eff-45c5-aca0-23e73e33dc8d"",""deployment"":""69394420-c732-4ebe-a5fd-54c2d5628ea7"",""replica"":""7fc15fda-5103-4647-b7c4-6251ceb0ef53""}",2026-07-23T06:17:11.152860177Z
"2026-07-23T06:17:11.143Z [[34mdebug[39m] Message published {""service"":""mqtt-publisher-lite"",""topic"":""proof.mqtt/DEVICE-19/promotion"",""qos"":1,""deliveryTime"":""211ms""}",info,"{""level"":""info""}","{""project"":""90a47e04-a329-4122-9c82-2ee75a4562c2"",""environment"":""f6319bd4-2e87-40d4-8547-4ce714038bc1"",""service"":""c236b8cb-3eff-45c5-aca0-23e73e33dc8d"",""deployment"":""69394420-c732-4ebe-a5fd-54c2d5628ea7"",""replica"":""7fc15fda-5103-4647-b7c4-6251ceb0ef53""}",2026-07-23T06:17:11.152864107Z
"2026-07-23T06:17:11.144Z [[34mdebug[39m] Message received {""service"":""mqtt-publisher-lite"",""topic"":""proof.mqtt/DEVICE-19/promotion"",""size"":227,""retain"":false}",info,"{""level"":""info""}","{""project"":""90a47e04-a329-4122-9c82-2ee75a4562c2"",""environment"":""f6319bd4-2e87-40d4-8547-4ce714038bc1"",""service"":""c236b8cb-3eff-45c5-aca0-23e73e33dc8d"",""deployment"":""69394420-c732-4ebe-a5fd-54c2d5628ea7"",""replica"":""7fc15fda-5103-4647-b7c4-6251ceb0ef53""}",2026-07-23T06:17:11.152869567Z
"2026-07-23T06:17:11.144Z [[34mdebug[39m] Skipping echo message {""service"":""mqtt-publisher-lite"",""topic"":""proof.mqtt/DEVICE-19/promotion"",""age"":""1ms""}",info,"{""level"":""info""}","{""project"":""90a47e04-a329-4122-9c82-2ee75a4562c2"",""environment"":""f6319bd4-2e87-40d4-8547-4ce714038bc1"",""service"":""c236b8cb-3eff-45c5-aca0-23e73e33dc8d"",""deployment"":""69394420-c732-4ebe-a5fd-54c2d5628ea7"",""replica"":""7fc15fda-5103-4647-b7c4-6251ceb0ef53""}",2026-07-23T06:17:11.152874506Z
"2026-07-23T06:17:11.144Z [[34mdebug[39m] Screen message received {""service"":""mqtt-publisher-lite"",""topic"":""proof.mqtt/DEVICE-19/promotion"",""screen"":""promotion""}",info,"{""level"":""info""}","{""project"":""90a47e04-a329-4122-9c82-2ee75a4562c2"",""environment"":""f6319bd4-2e87-40d4-8547-4ce714038bc1"",""service"":""c236b8cb-3eff-45c5-aca0-23e73e33dc8d"",""deployment"":""69394420-c732-4ebe-a5fd-54c2d5628ea7"",""replica"":""7fc15fda-5103-4647-b7c4-6251ceb0ef53""}",2026-07-23T06:17:11.152878546Z
"2026-07-23T06:17:11.244Z [[32minfo[39m] 🎨 [DEFAULT:PUBLISHED] Empty default canvas sent {""service"":""mqtt-publisher-lite"",""deviceId"":""DEVICE-19"",""topic"":""proof.mqtt/DEVICE-19/promotion""}",info,"{""level"":""info""}","{""project"":""90a47e04-a329-4122-9c82-2ee75a4562c2"",""environment"":""f6319bd4-2e87-40d4-8547-4ce714038bc1"",""service"":""c236b8cb-3eff-45c5-aca0-23e73e33dc8d"",""deployment"":""69394420-c732-4ebe-a5fd-54c2d5628ea7"",""replica"":""7fc15fda-5103-4647-b7c4-6251ceb0ef53""}",2026-07-23T06:17:11.472208396Z
"2026-07-23T06:17:11.244Z [[32minfo[39m] [CONNECT_REFRESH] Promotion published (connect force) {""service"":""mqtt-publisher-lite"",""deviceId"":""DEVICE-19"",""clearedHashes"":0}",info,"{""level"":""info""}","{""project"":""90a47e04-a329-4122-9c82-2ee75a4562c2"",""environment"":""f6319bd4-2e87-40d4-8547-4ce714038bc1"",""service"":""c236b8cb-3eff-45c5-aca0-23e73e33dc8d"",""deployment"":""69394420-c732-4ebe-a5fd-54c2d5628ea7"",""replica"":""7fc15fda-5103-4647-b7c4-6251ceb0ef53""}",2026-07-23T06:17:11.472213306Z
"2026-07-23T06:17:11.244Z [[32minfo[39m] [DEFERRED_WORK] Drain complete {""service"":""mqtt-publisher-lite"",""processed"":1,""skippedStale"":0,""failed"":0}",info,"{""level"":""info""}","{""project"":""90a47e04-a329-4122-9c82-2ee75a4562c2"",""environment"":""f6319bd4-2e87-40d4-8547-4ce714038bc1"",""service"":""c236b8cb-3eff-45c5-aca0-23e73e33dc8d"",""deployment"":""69394420-c732-4ebe-a5fd-54c2d5628ea7"",""replica"":""7fc15fda-5103-4647-b7c4-6251ceb0ef53""}",2026-07-23T06:17:11.472218226Z
"2026-07-23T06:17:11.851Z [[32minfo[39m] 📤 QoS 2 message sent {""service"":""mqtt-publisher-lite"",""messageId"":44609,""topic"":""proof.mqtt/DEVICE-19/cmd"",""qos"":2}",info,"{""level"":""info""}","{""project"":""90a47e04-a329-4122-9c82-2ee75a4562c2"",""environment"":""f6319bd4-2e87-40d4-8547-4ce714038bc1"",""service"":""c236b8cb-3eff-45c5-aca0-23e73e33dc8d"",""deployment"":""69394420-c732-4ebe-a5fd-54c2d5628ea7"",""replica"":""7fc15fda-5103-4647-b7c4-6251ceb0ef53""}",2026-07-23T06:17:11.859298638Z
"2026-07-23T06:17:11.851Z [[32minfo[39m] ⏱️ Tracking QoS 2 message (30s timeout) {""service"":""mqtt-publisher-lite"",""deviceId"":""DEVICE-19"",""messageId"":44609,""topic"":""proof.mqtt/DEVICE-19/cmd"",""pendingCount"":1}",info,"{""level"":""info""}","{""project"":""90a47e04-a329-4122-9c82-2ee75a4562c2"",""environment"":""f6319bd4-2e87-40d4-8547-4ce714038bc1"",""service"":""c236b8cb-3eff-45c5-aca0-23e73e33dc8d"",""deployment"":""69394420-c732-4ebe-a5fd-54c2d5628ea7"",""replica"":""7fc15fda-5103-4647-b7c4-6251ceb0ef53""}",2026-07-23T06:17:11.859302938Z
"2026-07-23T06:17:11.853Z [[34mdebug[39m] PKI audit event written to InfluxDB {""service"":""mqtt-publisher-lite"",""event"":""OTA_CHECK_OFFERED"",""deviceId"":""DEVICE-19""}",info,"{""level"":""info""}","{""project"":""90a47e04-a329-4122-9c82-2ee75a4562c2"",""environment"":""f6319bd4-2e87-40d4-8547-4ce714038bc1"",""service"":""c236b8cb-3eff-45c5-aca0-23e73e33dc8d"",""deployment"":""69394420-c732-4ebe-a5fd-54c2d5628ea7"",""replica"":""7fc15fda-5103-4647-b7c4-6251ceb0ef53""}",2026-07-23T06:17:11.859307098Z
"2026-07-23T06:17:11.853Z [[34mdebug[39m] Audit event logged to InfluxDB {""service"":""mqtt-publisher-lite"",""sequence"":34,""event"":""OTA_CHECK_OFFERED"",""deviceId"":""DEVICE-19"",""hash"":""b4e8ff9f0cab25ec...""}",info,"{""level"":""info""}","{""project"":""90a47e04-a329-4122-9c82-2ee75a4562c2"",""environment"":""f6319bd4-2e87-40d4-8547-4ce714038bc1"",""service"":""c236b8cb-3eff-45c5-aca0-23e73e33dc8d"",""deployment"":""69394420-c732-4ebe-a5fd-54c2d5628ea7"",""replica"":""7fc15fda-5103-4647-b7c4-6251ceb0ef53""}",2026-07-23T06:17:11.859310858Z
"2026-07-23T06:17:12.273Z [[32minfo[39m] ✅ PUBCOMP received {""service"":""mqtt-publisher-lite"",""messageId"":44609}",info,"{""level"":""info""}","{""project"":""90a47e04-a329-4122-9c82-2ee75a4562c2"",""environment"":""f6319bd4-2e87-40d4-8547-4ce714038bc1"",""service"":""c236b8cb-3eff-45c5-aca0-23e73e33dc8d"",""deployment"":""69394420-c732-4ebe-a5fd-54c2d5628ea7"",""replica"":""7fc15fda-5103-4647-b7c4-6251ceb0ef53""}",2026-07-23T06:17:12.434446751Z
"2026-07-23T06:17:12.273Z [[32minfo[39m] ✅ QoS 2 PUBCOMP confirmed {""service"":""mqtt-publisher-lite"",""deviceId"":""DEVICE-19"",""messageId"":44609,""deliveryTime"":""422ms"",""pendingCount"":0}",info,"{""level"":""info""}","{""project"":""90a47e04-a329-4122-9c82-2ee75a4562c2"",""environment"":""f6319bd4-2e87-40d4-8547-4ce714038bc1"",""service"":""c236b8cb-3eff-45c5-aca0-23e73e33dc8d"",""deployment"":""69394420-c732-4ebe-a5fd-54c2d5628ea7"",""replica"":""7fc15fda-5103-4647-b7c4-6251ceb0ef53""}",2026-07-23T06:17:12.434450351Z
"2026-07-23T06:17:12.273Z [[34mdebug[39m] ✅ [LIFECYCLE:PUBACK_OK] Device confirmed message receipt {""service"":""mqtt-publisher-lite"",""deviceId"":""DEVICE-19""}",info,"{""level"":""info""}","{""project"":""90a47e04-a329-4122-9c82-2ee75a4562c2"",""environment"":""f6319bd4-2e87-40d4-8547-4ce714038bc1"",""service"":""c236b8cb-3eff-45c5-aca0-23e73e33dc8d"",""deployment"":""69394420-c732-4ebe-a5fd-54c2d5628ea7"",""replica"":""7fc15fda-5103-4647-b7c4-6251ceb0ef53""}",2026-07-23T06:17:12.434453441Z
"2026-07-23T06:17:12.273Z [[34mdebug[39m] Message published {""service"":""mqtt-publisher-lite"",""topic"":""proof.mqtt/DEVICE-19/cmd"",""qos"":2,""deliveryTime"":""422ms""}",info,"{""level"":""info""}","{""project"":""90a47e04-a329-4122-9c82-2ee75a4562c2"",""environment"":""f6319bd4-2e87-40d4-8547-4ce714038bc1"",""service"":""c236b8cb-3eff-45c5-aca0-23e73e33dc8d"",""deployment"":""69394420-c732-4ebe-a5fd-54c2d5628ea7"",""replica"":""7fc15fda-5103-4647-b7c4-6251ceb0ef53""}",2026-07-23T06:17:12.434456581Z
"2026-07-23T06:17:12.410Z [[32minfo[39m] [OTA] Published ota_update cmd {""service"":""mqtt-publisher-lite"",""deviceId"":""DEVICE-19"",""version"":""1.0.1"",""topic"":""proof.mqtt/DEVICE-19/cmd""}",info,"{""level"":""info""}","{""project"":""90a47e04-a329-4122-9c82-2ee75a4562c2"",""environment"":""f6319bd4-2e87-40d4-8547-4ce714038bc1"",""service"":""c236b8cb-3eff-45c5-aca0-23e73e33dc8d"",""deployment"":""69394420-c732-4ebe-a5fd-54c2d5628ea7"",""replica"":""7fc15fda-5103-4647-b7c4-6251ceb0ef53""}",2026-07-23T06:17:12.434460021Z
"2026-07-23T06:17:12.425Z [[34mdebug[39m] PKI audit event written to InfluxDB {""service"":""mqtt-publisher-lite"",""event"":""OTA_COMMAND_ISSUED"",""deviceId"":""DEVICE-19""}",info,"{""level"":""info""}","{""project"":""90a47e04-a329-4122-9c82-2ee75a4562c2"",""environment"":""f6319bd4-2e87-40d4-8547-4ce714038bc1"",""service"":""c236b8cb-3eff-45c5-aca0-23e73e33dc8d"",""deployment"":""69394420-c732-4ebe-a5fd-54c2d5628ea7"",""replica"":""7fc15fda-5103-4647-b7c4-6251ceb0ef53""}",2026-07-23T06:17:12.434464640Z
"2026-07-23T06:17:12.425Z [[34mdebug[39m] Audit event logged to InfluxDB {""service"":""mqtt-publisher-lite"",""sequence"":35,""event"":""OTA_COMMAND_ISSUED"",""deviceId"":""DEVICE-19"",""hash"":""ed60839f6aa038f5...""}",info,"{""level"":""info""}","{""project"":""90a47e04-a329-4122-9c82-2ee75a4562c2"",""environment"":""f6319bd4-2e87-40d4-8547-4ce714038bc1"",""service"":""c236b8cb-3eff-45c5-aca0-23e73e33dc8d"",""deployment"":""69394420-c732-4ebe-a5fd-54c2d5628ea7"",""replica"":""7fc15fda-5103-4647-b7c4-6251ceb0ef53""}",2026-07-23T06:17:12.434467780Z
"2026-07-23T06:17:13.060Z [[32minfo[39m] InfluxDB batch flush {""service"":""mqtt-publisher-lite"",""source"":""metrics_disk_queue_worker"",""count"":2,""lines"":[""device_ota_events,device_id=DEVICE-19,event=status,source=mqtt-publisher-lite,source_topic=status uptime_s=0i 1784787429007000000"",""device_ota_events,device_id=DEVICE-19,event=boot,source=mqtt-publisher-lite,source_topic=active fw_version=\""1.0.0\"",ip_address=\""127.0.0.1\"" 1784787429006000000""]}",info,"{""level"":""info""}","{""project"":""90a47e04-a329-4122-9c82-2ee75a4562c2"",""environment"":""f6319bd4-2e87-40d4-8547-4ce714038bc1"",""service"":""c236b8cb-3eff-45c5-aca0-23e73e33dc8d"",""deployment"":""69394420-c732-4ebe-a5fd-54c2d5628ea7"",""replica"":""7fc15fda-5103-4647-b7c4-6251ceb0ef53""}",2026-07-23T06:17:13.064705940Z
"2026-07-23T06:17:13.061Z [[32minfo[39m] InfluxDB batch flush {""service"":""mqtt-publisher-lite"",""source"":""compliance_disk_queue_worker"",""count"":2,""lines"":[""pki_audit,device_id=DEVICE-19,event=OTA_CHECK_OFFERED,source=mqtt-publisher-lite count=1i,details=\""{\\\""version\\\"":\\\""4.3.1-mvp\\\"",\\\""currentVersion\\\"":\\\""1.0.0\\\"",\\\""downloadUrl\\\"":\\\""https://ax4egmknthnr.objectstorage.ap-hyderabad-1.oci.customer-oci.com/p/b1NaKZ07RcWxEAutPMyBoaPAg3aV1Rfkp7nNch_8O-ayvnmqyG2ctCChCEzn7z0j/n/ax4egmknthnr/b/proof-firmware-ota/o/firmware/4.3.1-mvp/firmware.bin\\\""}\"",hash=\""b4e8ff9f0cab25ecfa0d577d74e9f93bbaaad540198af5885702cd29d7209fb5\"",previous_hash=\""da802b0dbfb1be9def3e2a6141ab82d97c01dc0a14335c7bd06669f22b871669\"",sequence=34i 1784787431850000000"",""pki_audit,device_id=DEVICE-19,event=OTA_COMMAND_ISSUED,source=mqtt-publisher-lite count=1i,details=\""{\\\""version\\\"":\\\""1.0.1\\\"",\\\""sha256\\\"":\\\""34a9b89edbcaa1c4a9240a0559055b64f72338b11e594f20d70fdb13f32910a6\\\"",\\\""force\\\"":false,\\\""topic\\\"":\\\""proof.mqtt/DEVICE-19/cmd\\\"",\\\""keyFingerprint\\\"":\\\""7328b5af13b95e39\\\""}\"",hash=\""ed60839f6aa038f56b02595a9f114c494bb09763d0cd23ca488641e4e1e44148\"",previous_hash=\""b4e8ff9f0cab25ecfa0d577d74e9f93bbaaad540198af5885702cd29d7209fb5\"",sequence=35i 1784787432409000000""]}",info,"{""level"":""info""}","{""project"":""90a47e04-a329-4122-9c82-2ee75a4562c2"",""environment"":""f6319bd4-2e87-40d4-8547-4ce714038bc1"",""service"":""c236b8cb-3eff-45c5-aca0-23e73e33dc8d"",""deployment"":""69394420-c732-4ebe-a5fd-54c2d5628ea7"",""replica"":""7fc15fda-5103-4647-b7c4-6251ceb0ef53""}",2026-07-23T06:17:13.064717790Z
"2026-07-23T06:17:13.283Z [[34mdebug[39m] Message received {""service"":""mqtt-publisher-lite"",""topic"":""proof.mqtt/DEVICE-19/status"",""size"":53,""retain"":false}",info,"{""level"":""info""}","{""project"":""90a47e04-a329-4122-9c82-2ee75a4562c2"",""environment"":""f6319bd4-2e87-40d4-8547-4ce714038bc1"",""service"":""c236b8cb-3eff-45c5-aca0-23e73e33dc8d"",""deployment"":""69394420-c732-4ebe-a5fd-54c2d5628ea7"",""replica"":""7fc15fda-5103-4647-b7c4-6251ceb0ef53""}",2026-07-23T06:17:13.447310949Z
"2026-07-23T06:17:13.515Z [[34mdebug[39m] [OTA] Pilot ignores progress/validation event {""service"":""mqtt-publisher-lite"",""deviceId"":""DEVICE-19"",""key"":""ota_progress""}",info,"{""level"":""info""}","{""project"":""90a47e04-a329-4122-9c82-2ee75a4562c2"",""environment"":""f6319bd4-2e87-40d4-8547-4ce714038bc1"",""service"":""c236b8cb-3eff-45c5-aca0-23e73e33dc8d"",""deployment"":""69394420-c732-4ebe-a5fd-54c2d5628ea7"",""replica"":""7fc15fda-5103-4647-b7c4-6251ceb0ef53""}",2026-07-23T06:17:13.517040124Z
"2026-07-23T06:17:13.515Z [[32minfo[39m] 📊 Device Status Update {""service"":""mqtt-publisher-lite"",""deviceId"":""DEVICE-19"",""eventType"":""ota_progress""}",info,"{""level"":""info""}","{""project"":""90a47e04-a329-4122-9c82-2ee75a4562c2"",""environment"":""f6319bd4-2e87-40d4-8547-4ce714038bc1"",""service"":""c236b8cb-3eff-45c5-aca0-23e73e33dc8d"",""deployment"":""69394420-c732-4ebe-a5fd-54c2d5628ea7"",""replica"":""7fc15fda-5103-4647-b7c4-6251ceb0ef53""}",2026-07-23T06:17:13.517046264Z
"2026-07-23T06:17:13.515Z [[34mdebug[39m] OTA telemetry written to InfluxDB {""service"":""mqtt-publisher-lite"",""deviceId"":""DEVICE-19"",""event"":""ota_progress""}",info,"{""level"":""info""}","{""project"":""90a47e04-a329-4122-9c82-2ee75a4562c2"",""environment"":""f6319bd4-2e87-40d4-8547-4ce714038bc1"",""service"":""c236b8cb-3eff-45c5-aca0-23e73e33dc8d"",""deployment"":""69394420-c732-4ebe-a5fd-54c2d5628ea7"",""replica"":""7fc15fda-5103-4647-b7c4-6251ceb0ef53""}",2026-07-23T06:17:13.517050354Z
"2026-07-23T06:17:14.204Z [[32minfo[39m] HTTP request {""service"":""mqtt-publisher-lite"",""method"":""GET"",""path"":""/ota/offer/1.0.1"",""status"":200,""duration"":""131ms""}",info,"{""level"":""info""}","{""project"":""90a47e04-a329-4122-9c82-2ee75a4562c2"",""environment"":""f6319bd4-2e87-40d4-8547-4ce714038bc1"",""service"":""c236b8cb-3eff-45c5-aca0-23e73e33dc8d"",""deployment"":""69394420-c732-4ebe-a5fd-54c2d5628ea7"",""replica"":""7fc15fda-5103-4647-b7c4-6251ceb0ef53""}",2026-07-23T06:17:14.208472171Z
"2026-07-23T06:17:14.456Z [[34mdebug[39m] Message received {""service"":""mqtt-publisher-lite"",""topic"":""proof.mqtt/DEVICE-19/status"",""size"":103,""retain"":false}",info,"{""level"":""info""}","{""project"":""90a47e04-a329-4122-9c82-2ee75a4562c2"",""environment"":""f6319bd4-2e87-40d4-8547-4ce714038bc1"",""service"":""c236b8cb-3eff-45c5-aca0-23e73e33dc8d"",""deployment"":""69394420-c732-4ebe-a5fd-54c2d5628ea7"",""replica"":""7fc15fda-5103-4647-b7c4-6251ceb0ef53""}",2026-07-23T06:17:14.458542722Z
"2026-07-23T06:17:14.681Z [[34mdebug[39m] [OTA] Ignored status event {""service"":""mqtt-publisher-lite"",""deviceId"":""DEVICE-19"",""key"":""ota_failure""}",info,"{""level"":""info""}","{""project"":""90a47e04-a329-4122-9c82-2ee75a4562c2"",""environment"":""f6319bd4-2e87-40d4-8547-4ce714038bc1"",""service"":""c236b8cb-3eff-45c5-aca0-23e73e33dc8d"",""deployment"":""69394420-c732-4ebe-a5fd-54c2d5628ea7"",""replica"":""7fc15fda-5103-4647-b7c4-6251ceb0ef53""}",2026-07-23T06:17:14.692126192Z
"2026-07-23T06:17:14.682Z [[32minfo[39m] 📊 Device Status Update {""service"":""mqtt-publisher-lite"",""deviceId"":""DEVICE-19"",""eventType"":""ota_failure""}",info,"{""level"":""info""}","{""project"":""90a47e04-a329-4122-9c82-2ee75a4562c2"",""environment"":""f6319bd4-2e87-40d4-8547-4ce714038bc1"",""service"":""c236b8cb-3eff-45c5-aca0-23e73e33dc8d"",""deployment"":""69394420-c732-4ebe-a5fd-54c2d5628ea7"",""replica"":""7fc15fda-5103-4647-b7c4-6251ceb0ef53""}",2026-07-23T06:17:14.692129642Z
"2026-07-23T06:17:14.682Z [[34mdebug[39m] OTA telemetry written to InfluxDB {""service"":""mqtt-publisher-lite"",""deviceId"":""DEVICE-19"",""event"":""ota_failure""}",info,"{""level"":""info""}","{""project"":""90a47e04-a329-4122-9c82-2ee75a4562c2"",""environment"":""f6319bd4-2e87-40d4-8547-4ce714038bc1"",""service"":""c236b8cb-3eff-45c5-aca0-23e73e33dc8d"",""deployment"":""69394420-c732-4ebe-a5fd-54c2d5628ea7"",""replica"":""7fc15fda-5103-4647-b7c4-6251ceb0ef53""}",2026-07-23T06:17:14.692132902Z
"2026-07-23T06:17:29.084Z [[32minfo[39m] 📤 [PUBLISH_CYCLE] Starting publish cycle {""service"":""mqtt-publisher-lite"",""deviceCount"":3,""source"":""redis"",""devices"":[{""id"":""DEVICE-17"",""userId"":""(none)"",""lastSeen"":""2026-07-23T06:16:28.753Z""},{""id"":""DEVICE-19"",""userId"":""68d3753f9f99d6b73ae2d991"",""lastSeen"":""2026-07-23T06:17:12.273Z""},{""id"":""DEVICE-15"",""userId"":""68d3753f9f99d6b73ae2d991"",""lastSeen"":""2026-07-23T06:16:59.508Z""}]}",info,"{""level"":""info""}","{""project"":""90a47e04-a329-4122-9c82-2ee75a4562c2"",""environment"":""f6319bd4-2e87-40d4-8547-4ce714038bc1"",""service"":""c236b8cb-3eff-45c5-aca0-23e73e33dc8d"",""deployment"":""69394420-c732-4ebe-a5fd-54c2d5628ea7"",""replica"":""7fc15fda-5103-4647-b7c4-6251ceb0ef53""}",2026-07-23T06:17:34.730215727Z
"2026-07-23T06:17:29.185Z [[32minfo[39m] 📤 QoS 1 message sent {""service"":""mqtt-publisher-lite"",""messageId"":44610,""topic"":""proof.mqtt/DEVICE-17/test-gmb"",""qos"":1}",info,"{""level"":""info""}","{""project"":""90a47e04-a329-4122-9c82-2ee75a4562c2"",""environment"":""f6319bd4-2e87-40d4-8547-4ce714038bc1"",""service"":""c236b8cb-3eff-45c5-aca0-23e73e33dc8d"",""deployment"":""69394420-c732-4ebe-a5fd-54c2d5628ea7"",""replica"":""7fc15fda-5103-4647-b7c4-6251ceb0ef53""}",2026-07-23T06:17:34.730218857Z
"2026-07-23T06:17:29.185Z [[32minfo[39m] ⏱️ Tracking QoS 1 message (30s timeout) {""service"":""mqtt-publisher-lite"",""deviceId"":""DEVICE-17"",""messageId"":44610,""topic"":""proof.mqtt/DEVICE-17/test-gmb"",""pendingCount"":1}",info,"{""level"":""info""}","{""project"":""90a47e04-a329-4122-9c82-2ee75a4562c2"",""environment"":""f6319bd4-2e87-40d4-8547-4ce714038bc1"",""service"":""c236b8cb-3eff-45c5-aca0-23e73e33dc8d"",""deployment"":""69394420-c732-4ebe-a5fd-54c2d5628ea7"",""replica"":""7fc15fda-5103-4647-b7c4-6251ceb0ef53""}",2026-07-23T06:17:34.730221597Z
"2026-07-23T06:17:29.195Z [[32minfo[39m] 📤 QoS 1 message sent {""service"":""mqtt-publisher-lite"",""messageId"":44611,""topic"":""proof.mqtt/DEVICE-15/instagram"",""qos"":1}",info,"{""level"":""info""}","{""project"":""90a47e04-a329-4122-9c82-2ee75a4562c2"",""environment"":""f6319bd4-2e87-40d4-8547-4ce714038bc1"",""service"":""c236b8cb-3eff-45c5-aca0-23e73e33dc8d"",""deployment"":""69394420-c732-4ebe-a5fd-54c2d5628ea7"",""replica"":""7fc15fda-5103-4647-b7c4-6251ceb0ef53""}",2026-07-23T06:17:34.730224687Z
"2026-07-23T06:17:29.195Z [[32minfo[39m] ⏱️ Tracking QoS 1 message (30s timeout) {""service"":""mqtt-publisher-lite"",""deviceId"":""DEVICE-15"",""messageId"":44611,""topic"":""proof.mqtt/DEVICE-15/instagram"",""pendingCount"":2}",info,"{""level"":""info""}","{""project"":""90a47e04-a329-4122-9c82-2ee75a4562c2"",""environment"":""f6319bd4-2e87-40d4-8547-4ce714038bc1"",""service"":""c236b8cb-3eff-45c5-aca0-23e73e33dc8d"",""deployment"":""69394420-c732-4ebe-a5fd-54c2d5628ea7"",""replica"":""7fc15fda-5103-4647-b7c4-6251ceb0ef53""}",2026-07-23T06:17:34.730227927Z
"2026-07-23T06:17:29.296Z [[32minfo[39m] 📤 QoS 1 message sent {""service"":""mqtt-publisher-lite"",""messageId"":44612,""topic"":""proof.mqtt/DEVICE-15/gmb"",""qos"":1}",info,"{""level"":""info""}","{""project"":""90a47e04-a329-4122-9c82-2ee75a4562c2"",""environment"":""f6319bd4-2e87-40d4-8547-4ce714038bc1"",""service"":""c236b8cb-3eff-45c5-aca0-23e73e33dc8d"",""deployment"":""69394420-c732-4ebe-a5fd-54c2d5628ea7"",""replica"":""7fc15fda-5103-4647-b7c4-6251ceb0ef53""}",2026-07-23T06:17:34.730230717Z
"2026-07-23T06:17:29.297Z [[32minfo[39m] ⏱️ Tracking QoS 1 message (30s timeout) {""service"":""mqtt-publisher-lite"",""deviceId"":""DEVICE-15"",""messageId"":44612,""topic"":""proof.mqtt/DEVICE-15/gmb"",""pendingCount"":3}",info,"{""level"":""info""}","{""project"":""90a47e04-a329-4122-9c82-2ee75a4562c2"",""environment"":""f6319bd4-2e87-40d4-8547-4ce714038bc1"",""service"":""c236b8cb-3eff-45c5-aca0-23e73e33dc8d"",""deployment"":""69394420-c732-4ebe-a5fd-54c2d5628ea7"",""replica"":""7fc15fda-5103-4647-b7c4-6251ceb0ef53""}",2026-07-23T06:17:34.730233727Z
"2026-07-23T06:17:29.396Z [[32minfo[39m] ✅ PUBACK received {""service"":""mqtt-publisher-lite"",""messageId"":44610}",info,"{""level"":""info""}","{""project"":""90a47e04-a329-4122-9c82-2ee75a4562c2"",""environment"":""f6319bd4-2e87-40d4-8547-4ce714038bc1"",""service"":""c236b8cb-3eff-45c5-aca0-23e73e33dc8d"",""deployment"":""69394420-c732-4ebe-a5fd-54c2d5628ea7"",""replica"":""7fc15fda-5103-4647-b7c4-6251ceb0ef53""}",2026-07-23T06:17:34.730236607Z
"2026-07-23T06:17:29.396Z [[32minfo[39m] ✅ QoS 1 PUBACK confirmed {""service"":""mqtt-publisher-lite"",""deviceId"":""DEVICE-17"",""messageId"":44610,""deliveryTime"":""211ms"",""pendingCount"":2}",info,"{""level"":""info""}","{""project"":""90a47e04-a329-4122-9c82-2ee75a4562c2"",""environment"":""f6319bd4-2e87-40d4-8547-4ce714038bc1"",""service"":""c236b8cb-3eff-45c5-aca0-23e73e33dc8d"",""deployment"":""69394420-c732-4ebe-a5fd-54c2d5628ea7"",""replica"":""7fc15fda-5103-4647-b7c4-6251ceb0ef53""}",2026-07-23T06:17:34.730239387Z
"2026-07-23T06:17:29.406Z [[34mdebug[39m] Message received {""service"":""mqtt-publisher-lite"",""topic"":""proof.mqtt/DEVICE-15/instagram"",""size"":252,""retain"":false}",info,"{""level"":""info""}","{""project"":""90a47e04-a329-4122-9c82-2ee75a4562c2"",""environment"":""f6319bd4-2e87-40d4-8547-4ce714038bc1"",""service"":""c236b8cb-3eff-45c5-aca0-23e73e33dc8d"",""deployment"":""69394420-c732-4ebe-a5fd-54c2d5628ea7"",""replica"":""7fc15fda-5103-4647-b7c4-6251ceb0ef53""}",2026-07-23T06:17:34.731662955Z
"2026-07-23T06:17:29.406Z [[34mdebug[39m] Skipping echo message {""service"":""mqtt-publisher-lite"",""topic"":""proof.mqtt/DEVICE-15/instagram"",""age"":""1ms""}",info,"{""level"":""info""}","{""project"":""90a47e04-a329-4122-9c82-2ee75a4562c2"",""environment"":""f6319bd4-2e87-40d4-8547-4ce714038bc1"",""service"":""c236b8cb-3eff-45c5-aca0-23e73e33dc8d"",""deployment"":""69394420-c732-4ebe-a5fd-54c2d5628ea7"",""replica"":""7fc15fda-5103-4647-b7c4-6251ceb0ef53""}",2026-07-23T06:17:34.731672025Z
"2026-07-23T06:17:29.406Z [[34mdebug[39m] Screen message received {""service"":""mqtt-publisher-lite"",""topic"":""proof.mqtt/DEVICE-15/instagram"",""screen"":""instagram""}",info,"{""level"":""info""}","{""project"":""90a47e04-a329-4122-9c82-2ee75a4562c2"",""environment"":""f6319bd4-2e87-40d4-8547-4ce714038bc1"",""service"":""c236b8cb-3eff-45c5-aca0-23e73e33dc8d"",""deployment"":""69394420-c732-4ebe-a5fd-54c2d5628ea7"",""replica"":""7fc15fda-5103-4647-b7c4-6251ceb0ef53""}",2026-07-23T06:17:34.731677485Z
"2026-07-23T06:17:29.396Z [[34mdebug[39m] ✅ [LIFECYCLE:PUBACK_OK] Device confirmed message receipt {""service"":""mqtt-publisher-lite"",""deviceId"":""DEVICE-17""}",info,"{""level"":""info""}","{""project"":""90a47e04-a329-4122-9c82-2ee75a4562c2"",""environment"":""f6319bd4-2e87-40d4-8547-4ce714038bc1"",""service"":""c236b8cb-3eff-45c5-aca0-23e73e33dc8d"",""deployment"":""69394420-c732-4ebe-a5fd-54c2d5628ea7"",""replica"":""7fc15fda-5103-4647-b7c4-6251ceb0ef53""}",2026-07-23T06:17:34.731700754Z
"2026-07-23T06:17:29.396Z [[34mdebug[39m] Message published {""service"":""mqtt-publisher-lite"",""topic"":""proof.mqtt/DEVICE-17/test-gmb"",""qos"":1,""deliveryTime"":""211ms""}",info,"{""level"":""info""}","{""project"":""90a47e04-a329-4122-9c82-2ee75a4562c2"",""environment"":""f6319bd4-2e87-40d4-8547-4ce714038bc1"",""service"":""c236b8cb-3eff-45c5-aca0-23e73e33dc8d"",""deployment"":""69394420-c732-4ebe-a5fd-54c2d5628ea7"",""replica"":""7fc15fda-5103-4647-b7c4-6251ceb0ef53""}",2026-07-23T06:17:34.731705384Z
"2026-07-23T06:17:29.396Z [[34mdebug[39m] Published test-gmb screen {""service"":""mqtt-publisher-lite"",""deviceId"":""DEVICE-17"",""reviews"":399,""milestone"":400}",info,"{""level"":""info""}","{""project"":""90a47e04-a329-4122-9c82-2ee75a4562c2"",""environment"":""f6319bd4-2e87-40d4-8547-4ce714038bc1"",""service"":""c236b8cb-3eff-45c5-aca0-23e73e33dc8d"",""deployment"":""69394420-c732-4ebe-a5fd-54c2d5628ea7"",""replica"":""7fc15fda-5103-4647-b7c4-6251ceb0ef53""}",2026-07-23T06:17:34.731709674Z
"2026-07-23T06:17:29.398Z [[34mdebug[39m] [STIM] Device not active — skip tick {""service"":""mqtt-publisher-lite"",""deviceId"":""DEVICE-13"",""platform"":""instagram""}",info,"{""level"":""info""}","{""project"":""90a47e04-a329-4122-9c82-2ee75a4562c2"",""environment"":""f6319bd4-2e87-40d4-8547-4ce714038bc1"",""service"":""c236b8cb-3eff-45c5-aca0-23e73e33dc8d"",""deployment"":""69394420-c732-4ebe-a5fd-54c2d5628ea7"",""replica"":""7fc15fda-5103-4647-b7c4-6251ceb0ef53""}",2026-07-23T06:17:34.731713764Z
"2026-07-23T06:17:29.405Z [[32minfo[39m] ✅ PUBACK received {""service"":""mqtt-publisher-lite"",""messageId"":44611}",info,"{""level"":""info""}","{""project"":""90a47e04-a329-4122-9c82-2ee75a4562c2"",""environment"":""f6319bd4-2e87-40d4-8547-4ce714038bc1"",""service"":""c236b8cb-3eff-45c5-aca0-23e73e33dc8d"",""deployment"":""69394420-c732-4ebe-a5fd-54c2d5628ea7"",""replica"":""7fc15fda-5103-4647-b7c4-6251ceb0ef53""}",2026-07-23T06:17:34.731717544Z
"2026-07-23T06:17:29.405Z [[32minfo[39m] ✅ QoS 1 PUBACK confirmed {""service"":""mqtt-publisher-lite"",""deviceId"":""DEVICE-15"",""messageId"":44611,""deliveryTime"":""210ms"",""pendingCount"":1}",info,"{""level"":""info""}","{""project"":""90a47e04-a329-4122-9c82-2ee75a4562c2"",""environment"":""f6319bd4-2e87-40d4-8547-4ce714038bc1"",""service"":""c236b8cb-3eff-45c5-aca0-23e73e33dc8d"",""deployment"":""69394420-c732-4ebe-a5fd-54c2d5628ea7"",""replica"":""7fc15fda-5103-4647-b7c4-6251ceb0ef53""}",2026-07-23T06:17:34.731721874Z
"2026-07-23T06:17:29.405Z [[34mdebug[39m] ✅ [LIFECYCLE:PUBACK_OK] Device confirmed message receipt {""service"":""mqtt-publisher-lite"",""deviceId"":""DEVICE-15""}",info,"{""level"":""info""}","{""project"":""90a47e04-a329-4122-9c82-2ee75a4562c2"",""environment"":""f6319bd4-2e87-40d4-8547-4ce714038bc1"",""service"":""c236b8cb-3eff-45c5-aca0-23e73e33dc8d"",""deployment"":""69394420-c732-4ebe-a5fd-54c2d5628ea7"",""replica"":""7fc15fda-5103-4647-b7c4-6251ceb0ef53""}",2026-07-23T06:17:34.731725564Z
"2026-07-23T06:17:29.405Z [[34mdebug[39m] Message published {""service"":""mqtt-publisher-lite"",""topic"":""proof.mqtt/DEVICE-15/instagram"",""qos"":1,""deliveryTime"":""210ms""}",info,"{""level"":""info""}","{""project"":""90a47e04-a329-4122-9c82-2ee75a4562c2"",""environment"":""f6319bd4-2e87-40d4-8547-4ce714038bc1"",""service"":""c236b8cb-3eff-45c5-aca0-23e73e33dc8d"",""deployment"":""69394420-c732-4ebe-a5fd-54c2d5628ea7"",""replica"":""7fc15fda-5103-4647-b7c4-6251ceb0ef53""}",2026-07-23T06:17:34.731729674Z
"2026-07-23T06:17:29.508Z [[34mdebug[39m] Screen message received {""service"":""mqtt-publisher-lite"",""topic"":""proof.mqtt/DEVICE-15/gmb"",""screen"":""gmb""}",info,"{""level"":""info""}","{""project"":""90a47e04-a329-4122-9c82-2ee75a4562c2"",""environment"":""f6319bd4-2e87-40d4-8547-4ce714038bc1"",""service"":""c236b8cb-3eff-45c5-aca0-23e73e33dc8d"",""deployment"":""69394420-c732-4ebe-a5fd-54c2d5628ea7"",""replica"":""7fc15fda-5103-4647-b7c4-6251ceb0ef53""}",2026-07-23T06:17:34.733247212Z
"2026-07-23T06:17:29.510Z [[34mdebug[39m] [STIM] Device not active — skip tick {""service"":""mqtt-publisher-lite"",""deviceId"":""DEVICE-13"",""platform"":""gmb""}",info,"{""level"":""info""}","{""project"":""90a47e04-a329-4122-9c82-2ee75a4562c2"",""environment"":""f6319bd4-2e87-40d4-8547-4ce714038bc1"",""service"":""c236b8cb-3eff-45c5-aca0-23e73e33dc8d"",""deployment"":""69394420-c732-4ebe-a5fd-54c2d5628ea7"",""replica"":""7fc15fda-5103-4647-b7c4-6251ceb0ef53""}",2026-07-23T06:17:34.733252591Z
"2026-07-23T06:17:29.506Z [[32minfo[39m] [STIM_IG] Published {""service"":""mqtt-publisher-lite"",""deviceId"":""DEVICE-15"",""followers"":5,""target"":500,""mode"":""synthetic"",""achievement"":10,""celebration"":""true"",""done"":false}",info,"{""level"":""info""}","{""project"":""90a47e04-a329-4122-9c82-2ee75a4562c2"",""environment"":""f6319bd4-2e87-40d4-8547-4ce714038bc1"",""service"":""c236b8cb-3eff-45c5-aca0-23e73e33dc8d"",""deployment"":""69394420-c732-4ebe-a5fd-54c2d5628ea7"",""replica"":""7fc15fda-5103-4647-b7c4-6251ceb0ef53""}",2026-07-23T06:17:34.733256271Z
"2026-07-23T06:17:29.530Z [[34mdebug[39m] 📤 [PUBLISH_CYCLE] Publishing all screens to device {""service"":""mqtt-publisher-lite"",""deviceId"":""DEVICE-17""}",info,"{""level"":""info""}","{""project"":""90a47e04-a329-4122-9c82-2ee75a4562c2"",""environment"":""f6319bd4-2e87-40d4-8547-4ce714038bc1"",""service"":""c236b8cb-3eff-45c5-aca0-23e73e33dc8d"",""deployment"":""69394420-c732-4ebe-a5fd-54c2d5628ea7"",""replica"":""7fc15fda-5103-4647-b7c4-6251ceb0ef53""}",2026-07-23T06:17:34.733257891Z
"2026-07-23T06:17:29.507Z [[32minfo[39m] ✅ PUBACK received {""service"":""mqtt-publisher-lite"",""messageId"":44612}",info,"{""level"":""info""}","{""project"":""90a47e04-a329-4122-9c82-2ee75a4562c2"",""environment"":""f6319bd4-2e87-40d4-8547-4ce714038bc1"",""service"":""c236b8cb-3eff-45c5-aca0-23e73e33dc8d"",""deployment"":""69394420-c732-4ebe-a5fd-54c2d5628ea7"",""replica"":""7fc15fda-5103-4647-b7c4-6251ceb0ef53""}",2026-07-23T06:17:34.733260741Z
"2026-07-23T06:17:29.608Z [[32minfo[39m] [STIM_GMB] Published {""service"":""mqtt-publisher-lite"",""deviceId"":""DEVICE-15"",""reviews"":3,""target"":100,""mode"":""synthetic"",""celebration"":""false"",""done"":false}",info,"{""level"":""info""}","{""project"":""90a47e04-a329-4122-9c82-2ee75a4562c2"",""environment"":""f6319bd4-2e87-40d4-8547-4ce714038bc1"",""service"":""c236b8cb-3eff-45c5-aca0-23e73e33dc8d"",""deployment"":""69394420-c732-4ebe-a5fd-54c2d5628ea7"",""replica"":""7fc15fda-5103-4647-b7c4-6251ceb0ef53""}",2026-07-23T06:17:34.733262161Z
"2026-07-23T06:17:29.507Z [[32minfo[39m] ✅ QoS 1 PUBACK confirmed {""service"":""mqtt-publisher-lite"",""deviceId"":""DEVICE-15"",""messageId"":44612,""deliveryTime"":""210ms"",""pendingCount"":0}",info,"{""level"":""info""}","{""project"":""90a47e04-a329-4122-9c82-2ee75a4562c2"",""environment"":""f6319bd4-2e87-40d4-8547-4ce714038bc1"",""service"":""c236b8cb-3eff-45c5-aca0-23e73e33dc8d"",""deployment"":""69394420-c732-4ebe-a5fd-54c2d5628ea7"",""replica"":""7fc15fda-5103-4647-b7c4-6251ceb0ef53""}",2026-07-23T06:17:34.733264761Z
"2026-07-23T06:17:29.507Z [[34mdebug[39m] ✅ [LIFECYCLE:PUBACK_OK] Device confirmed message receipt {""service"":""mqtt-publisher-lite"",""deviceId"":""DEVICE-15""}",info,"{""level"":""info""}","{""project"":""90a47e04-a329-4122-9c82-2ee75a4562c2"",""environment"":""f6319bd4-2e87-40d4-8547-4ce714038bc1"",""service"":""c236b8cb-3eff-45c5-aca0-23e73e33dc8d"",""deployment"":""69394420-c732-4ebe-a5fd-54c2d5628ea7"",""replica"":""7fc15fda-5103-4647-b7c4-6251ceb0ef53""}",2026-07-23T06:17:34.733269951Z
"2026-07-23T06:17:29.507Z [[34mdebug[39m] Message published {""service"":""mqtt-publisher-lite"",""topic"":""proof.mqtt/DEVICE-15/gmb"",""qos"":1,""deliveryTime"":""211ms""}",info,"{""level"":""info""}","{""project"":""90a47e04-a329-4122-9c82-2ee75a4562c2"",""environment"":""f6319bd4-2e87-40d4-8547-4ce714038bc1"",""service"":""c236b8cb-3eff-45c5-aca0-23e73e33dc8d"",""deployment"":""69394420-c732-4ebe-a5fd-54c2d5628ea7"",""replica"":""7fc15fda-5103-4647-b7c4-6251ceb0ef53""}",2026-07-23T06:17:34.733274131Z
"2026-07-23T06:17:29.508Z [[34mdebug[39m] Message received {""service"":""mqtt-publisher-lite"",""topic"":""proof.mqtt/DEVICE-15/gmb"",""size"":244,""retain"":false}",info,"{""level"":""info""}","{""project"":""90a47e04-a329-4122-9c82-2ee75a4562c2"",""environment"":""f6319bd4-2e87-40d4-8547-4ce714038bc1"",""service"":""c236b8cb-3eff-45c5-aca0-23e73e33dc8d"",""deployment"":""69394420-c732-4ebe-a5fd-54c2d5628ea7"",""replica"":""7fc15fda-5103-4647-b7c4-6251ceb0ef53""}",2026-07-23T06:17:34.733278621Z
"2026-07-23T06:17:29.508Z [[34mdebug[39m] Skipping echo message {""service"":""mqtt-publisher-lite"",""topic"":""proof.mqtt/DEVICE-15/gmb"",""age"":""1ms""}",info,"{""level"":""info""}","{""project"":""90a47e04-a329-4122-9c82-2ee75a4562c2"",""environment"":""f6319bd4-2e87-40d4-8547-4ce714038bc1"",""service"":""c236b8cb-3eff-45c5-aca0-23e73e33dc8d"",""deployment"":""69394420-c732-4ebe-a5fd-54c2d5628ea7"",""replica"":""7fc15fda-5103-4647-b7c4-6251ceb0ef53""}",2026-07-23T06:17:34.733282411Z
"2026-07-23T06:17:29.654Z [[32minfo[39m] [PROMOTION] Default canvas not published {""service"":""mqtt-publisher-lite"",""deviceId"":""DEVICE-17"",""topic"":""proof.mqtt/DEVICE-17/promotion"",""reason"":""unchanged""}",info,"{""level"":""info""}","{""project"":""90a47e04-a329-4122-9c82-2ee75a4562c2"",""environment"":""f6319bd4-2e87-40d4-8547-4ce714038bc1"",""service"":""c236b8cb-3eff-45c5-aca0-23e73e33dc8d"",""deployment"":""69394420-c732-4ebe-a5fd-54c2d5628ea7"",""replica"":""7fc15fda-5103-4647-b7c4-6251ceb0ef53""}",2026-07-23T06:17:34.734911088Z
"2026-07-23T06:17:29.754Z [[34mdebug[39m] [STIM_SKIP] StatsPublisher skipping stim device {""service"":""mqtt-publisher-lite"",""deviceId"":""DEVICE-19""}",info,"{""level"":""info""}","{""project"":""90a47e04-a329-4122-9c82-2ee75a4562c2"",""environment"":""f6319bd4-2e87-40d4-8547-4ce714038bc1"",""service"":""c236b8cb-3eff-45c5-aca0-23e73e33dc8d"",""deployment"":""69394420-c732-4ebe-a5fd-54c2d5628ea7"",""replica"":""7fc15fda-5103-4647-b7c4-6251ceb0ef53""}",2026-07-23T06:17:34.734915538Z
"2026-07-23T06:17:29.754Z [[34mdebug[39m] [STIM_SKIP] StatsPublisher skipping stim device {""service"":""mqtt-publisher-lite"",""deviceId"":""DEVICE-15""}",info,"{""level"":""info""}","{""project"":""90a47e04-a329-4122-9c82-2ee75a4562c2"",""environment"":""f6319bd4-2e87-40d4-8547-4ce714038bc1"",""service"":""c236b8cb-3eff-45c5-aca0-23e73e33dc8d"",""deployment"":""69394420-c732-4ebe-a5fd-54c2d5628ea7"",""replica"":""7fc15fda-5103-4647-b7c4-6251ceb0ef53""}",2026-07-23T06:17:34.734920328Z
"2026-07-23T06:17:54.251Z [[32minfo[39m] HTTP request {""service"":""mqtt-publisher-lite"",""method"":""GET"",""path"":""/ota/download/proof:1.0.1"",""status"":200,""duration"":""110ms""}",info,"{""level"":""info""}","{""project"":""90a47e04-a329-4122-9c82-2ee75a4562c2"",""environment"":""f6319bd4-2e87-40d4-8547-4ce714038bc1"",""service"":""c236b8cb-3eff-45c5-aca0-23e73e33dc8d"",""deployment"":""69394420-c732-4ebe-a5fd-54c2d5628ea7"",""replica"":""7fc15fda-5103-4647-b7c4-6251ceb0ef53""}",2026-07-23T06:17:54.597452273Z
"2026-07-23T06:17:59.195Z [[32minfo[39m] 📤 QoS 1 message sent {""service"":""mqtt-publisher-lite"",""messageId"":44613,""topic"":""proof.mqtt/DEVICE-15/instagram"",""qos"":1}",info,"{""level"":""info""}","{""project"":""90a47e04-a329-4122-9c82-2ee75a4562c2"",""environment"":""f6319bd4-2e87-40d4-8547-4ce714038bc1"",""service"":""c236b8cb-3eff-45c5-aca0-23e73e33dc8d"",""deployment"":""69394420-c732-4ebe-a5fd-54c2d5628ea7"",""replica"":""7fc15fda-5103-4647-b7c4-6251ceb0ef53""}",2026-07-23T06:17:59.197870216Z
"2026-07-23T06:17:59.195Z [[32minfo[39m] ⏱️ Tracking QoS 1 message (30s timeout) {""service"":""mqtt-publisher-lite"",""deviceId"":""DEVICE-15"",""messageId"":44613,""topic"":""proof.mqtt/DEVICE-15/instagram"",""pendingCount"":1}",info,"{""level"":""info""}","{""project"":""90a47e04-a329-4122-9c82-2ee75a4562c2"",""environment"":""f6319bd4-2e87-40d4-8547-4ce714038bc1"",""service"":""c236b8cb-3eff-45c5-aca0-23e73e33dc8d"",""deployment"":""69394420-c732-4ebe-a5fd-54c2d5628ea7"",""replica"":""7fc15fda-5103-4647-b7c4-6251ceb0ef53""}",2026-07-23T06:17:59.197877686Z
"2026-07-23T06:17:59.278Z [[34mdebug[39m] [IG_DIRECT] No Instagram credentials (Redis proof.mqtt:device:{id} or active-devices.json) {""service"":""mqtt-publisher-lite"",""deviceId"":""DEVICE-17"",""trigger"":""scheduled""}",info,"{""level"":""info""}","{""project"":""90a47e04-a329-4122-9c82-2ee75a4562c2"",""environment"":""f6319bd4-2e87-40d4-8547-4ce714038bc1"",""service"":""c236b8cb-3eff-45c5-aca0-23e73e33dc8d"",""deployment"":""69394420-c732-4ebe-a5fd-54c2d5628ea7"",""replica"":""7fc15fda-5103-4647-b7c4-6251ceb0ef53""}",2026-07-23T06:17:59.288873233Z
"2026-07-23T06:17:59.296Z [[32minfo[39m] 📤 QoS 1 message sent {""service"":""mqtt-publisher-lite"",""messageId"":44614,""topic"":""proof.mqtt/DEVICE-15/gmb"",""qos"":1}",info,"{""level"":""info""}","{""project"":""90a47e04-a329-4122-9c82-2ee75a4562c2"",""environment"":""f6319bd4-2e87-40d4-8547-4ce714038bc1"",""service"":""c236b8cb-3eff-45c5-aca0-23e73e33dc8d"",""deployment"":""69394420-c732-4ebe-a5fd-54c2d5628ea7"",""replica"":""7fc15fda-5103-4647-b7c4-6251ceb0ef53""}",2026-07-23T06:17:59.301751104Z
"2026-07-23T06:17:59.297Z [[32minfo[39m] ⏱️ Tracking QoS 1 message (30s timeout) {""service"":""mqtt-publisher-lite"",""deviceId"":""DEVICE-15"",""messageId"":44614,""topic"":""proof.mqtt/DEVICE-15/gmb"",""pendingCount"":2}",info,"{""level"":""info""}","{""project"":""90a47e04-a329-4122-9c82-2ee75a4562c2"",""environment"":""f6319bd4-2e87-40d4-8547-4ce714038bc1"",""service"":""c236b8cb-3eff-45c5-aca0-23e73e33dc8d"",""deployment"":""69394420-c732-4ebe-a5fd-54c2d5628ea7"",""replica"":""7fc15fda-5103-4647-b7c4-6251ceb0ef53""}",2026-07-23T06:17:59.301766114Z
"2026-07-23T06:17:59.379Z [[34mdebug[39m] Instagram fetch audit written to InfluxDB {""service"":""mqtt-publisher-lite"",""deviceId"":""DEVICE-17"",""success"":false}",info,"{""level"":""info""}","{""project"":""90a47e04-a329-4122-9c82-2ee75a4562c2"",""environment"":""f6319bd4-2e87-40d4-8547-4ce714038bc1"",""service"":""c236b8cb-3eff-45c5-aca0-23e73e33dc8d"",""deployment"":""69394420-c732-4ebe-a5fd-54c2d5628ea7"",""replica"":""7fc15fda-5103-4647-b7c4-6251ceb0ef53""}",2026-07-23T06:17:59.381403495Z
"2026-07-23T06:17:59.380Z [[33mwarn[39m] [IG_SCREEN] Skipping MQTT for failed fetch {""service"":""mqtt-publisher-lite"",""deviceId"":""DEVICE-17"",""error"":""no_instagram_credentials""}",info,"{""level"":""info""}","{""project"":""90a47e04-a329-4122-9c82-2ee75a4562c2"",""environment"":""f6319bd4-2e87-40d4-8547-4ce714038bc1"",""service"":""c236b8cb-3eff-45c5-aca0-23e73e33dc8d"",""deployment"":""69394420-c732-4ebe-a5fd-54c2d5628ea7"",""replica"":""7fc15fda-5103-4647-b7c4-6251ceb0ef53""}",2026-07-23T06:17:59.381409295Z
"2026-07-23T06:17:59.380Z [[32minfo[39m] InfluxDB batch flush {""service"":""mqtt-publisher-lite"",""source"":""metrics_disk_queue_worker"",""count"":1,""lines"":[""instagram_fetch_audit,device_id=DEVICE-17,success=false,trigger_type=scheduled duration_ms=0i,error_message=\""no_instagram_credentials\"",user_id_at_time=\""unknown\"" 1784787479278000000""]}",info,"{""level"":""info""}","{""project"":""90a47e04-a329-4122-9c82-2ee75a4562c2"",""environment"":""f6319bd4-2e87-40d4-8547-4ce714038bc1"",""service"":""c236b8cb-3eff-45c5-aca0-23e73e33dc8d"",""deployment"":""69394420-c732-4ebe-a5fd-54c2d5628ea7"",""replica"":""7fc15fda-5103-4647-b7c4-6251ceb0ef53""}",2026-07-23T06:17:59.388050299Z
"2026-07-23T06:17:59.412Z [[32minfo[39m] ✅ PUBACK received {""service"":""mqtt-publisher-lite"",""messageId"":44613}",info,"{""level"":""info""}","{""project"":""90a47e04-a329-4122-9c82-2ee75a4562c2"",""environment"":""f6319bd4-2e87-40d4-8547-4ce714038bc1"",""service"":""c236b8cb-3eff-45c5-aca0-23e73e33dc8d"",""deployment"":""69394420-c732-4ebe-a5fd-54c2d5628ea7"",""replica"":""7fc15fda-5103-4647-b7c4-6251ceb0ef53""}",2026-07-23T06:17:59.413812293Z
"2026-07-23T06:17:59.413Z [[32minfo[39m] ✅ QoS 1 PUBACK confirmed {""service"":""mqtt-publisher-lite"",""deviceId"":""DEVICE-15"",""messageId"":44613,""deliveryTime"":""218ms"",""pendingCount"":1}",info,"{""level"":""info""}","{""project"":""90a47e04-a329-4122-9c82-2ee75a4562c2"",""environment"":""f6319bd4-2e87-40d4-8547-4ce714038bc1"",""service"":""c236b8cb-3eff-45c5-aca0-23e73e33dc8d"",""deployment"":""69394420-c732-4ebe-a5fd-54c2d5628ea7"",""replica"":""7fc15fda-5103-4647-b7c4-6251ceb0ef53""}",2026-07-23T06:17:59.413818813Z
"2026-07-23T06:17:59.413Z [[34mdebug[39m] ✅ [LIFECYCLE:PUBACK_OK] Device confirmed message receipt {""service"":""mqtt-publisher-lite"",""deviceId"":""DEVICE-15""}",info,"{""level"":""info""}","{""project"":""90a47e04-a329-4122-9c82-2ee75a4562c2"",""environment"":""f6319bd4-2e87-40d4-8547-4ce714038bc1"",""service"":""c236b8cb-3eff-45c5-aca0-23e73e33dc8d"",""deployment"":""69394420-c732-4ebe-a5fd-54c2d5628ea7"",""replica"":""7fc15fda-5103-4647-b7c4-6251ceb0ef53""}",2026-07-23T06:17:59.413822253Z
"2026-07-23T06:17:59.413Z [[34mdebug[39m] Message published {""service"":""mqtt-publisher-lite"",""topic"":""proof.mqtt/DEVICE-15/instagram"",""qos"":1,""deliveryTime"":""218ms""}",info,"{""level"":""info""}","{""project"":""90a47e04-a329-4122-9c82-2ee75a4562c2"",""environment"":""f6319bd4-2e87-40d4-8547-4ce714038bc1"",""service"":""c236b8cb-3eff-45c5-aca0-23e73e33dc8d"",""deployment"":""69394420-c732-4ebe-a5fd-54c2d5628ea7"",""replica"":""7fc15fda-5103-4647-b7c4-6251ceb0ef53""}",2026-07-23T06:17:59.414893544Z
"2026-07-23T06:17:59.413Z [[34mdebug[39m] Message received {""service"":""mqtt-publisher-lite"",""topic"":""proof.mqtt/DEVICE-15/instagram"",""size"":227,""retain"":false}",info,"{""level"":""info""}","{""project"":""90a47e04-a329-4122-9c82-2ee75a4562c2"",""environment"":""f6319bd4-2e87-40d4-8547-4ce714038bc1"",""service"":""c236b8cb-3eff-45c5-aca0-23e73e33dc8d"",""deployment"":""69394420-c732-4ebe-a5fd-54c2d5628ea7"",""replica"":""7fc15fda-5103-4647-b7c4-6251ceb0ef53""}",2026-07-23T06:17:59.414900084Z
"2026-07-23T06:17:59.413Z [[34mdebug[39m] Skipping echo message {""service"":""mqtt-publisher-lite"",""topic"":""proof.mqtt/DEVICE-15/instagram"",""age"":""0ms""}",info,"{""level"":""info""}","{""project"":""90a47e04-a329-4122-9c82-2ee75a4562c2"",""environment"":""f6319bd4-2e87-40d4-8547-4ce714038bc1"",""service"":""c236b8cb-3eff-45c5-aca0-23e73e33dc8d"",""deployment"":""69394420-c732-4ebe-a5fd-54c2d5628ea7"",""replica"":""7fc15fda-5103-4647-b7c4-6251ceb0ef53""}",2026-07-23T06:17:59.414903654Z
"2026-07-23T06:17:59.413Z [[34mdebug[39m] Screen message received {""service"":""mqtt-publisher-lite"",""topic"":""proof.mqtt/DEVICE-15/instagram"",""screen"":""instagram""}",info,"{""level"":""info""}","{""project"":""90a47e04-a329-4122-9c82-2ee75a4562c2"",""environment"":""f6319bd4-2e87-40d4-8547-4ce714038bc1"",""service"":""c236b8cb-3eff-45c5-aca0-23e73e33dc8d"",""deployment"":""69394420-c732-4ebe-a5fd-54c2d5628ea7"",""replica"":""7fc15fda-5103-4647-b7c4-6251ceb0ef53""}",2026-07-23T06:17:59.414906794Z
"2026-07-23T06:17:59.448Z [[34mdebug[39m] [STIM] Device not active — skip tick {""service"":""mqtt-publisher-lite"",""deviceId"":""DEVICE-13"",""platform"":""instagram""}",info,"{""level"":""info""}","{""project"":""90a47e04-a329-4122-9c82-2ee75a4562c2"",""environment"":""f6319bd4-2e87-40d4-8547-4ce714038bc1"",""service"":""c236b8cb-3eff-45c5-aca0-23e73e33dc8d"",""deployment"":""69394420-c732-4ebe-a5fd-54c2d5628ea7"",""replica"":""7fc15fda-5103-4647-b7c4-6251ceb0ef53""}",2026-07-23T06:17:59.456600504Z
"2026-07-23T06:17:59.512Z [[32minfo[39m] ✅ PUBACK received {""service"":""mqtt-publisher-lite"",""messageId"":44614}",info,"{""level"":""info""}","{""project"":""90a47e04-a329-4122-9c82-2ee75a4562c2"",""environment"":""f6319bd4-2e87-40d4-8547-4ce714038bc1"",""service"":""c236b8cb-3eff-45c5-aca0-23e73e33dc8d"",""deployment"":""69394420-c732-4ebe-a5fd-54c2d5628ea7"",""replica"":""7fc15fda-5103-4647-b7c4-6251ceb0ef53""}",2026-07-23T06:17:59.515766777Z
"2026-07-23T06:17:59.512Z [[32minfo[39m] ✅ QoS 1 PUBACK confirmed {""service"":""mqtt-publisher-lite"",""deviceId"":""DEVICE-15"",""messageId"":44614,""deliveryTime"":""215ms"",""pendingCount"":0}",info,"{""level"":""info""}","{""project"":""90a47e04-a329-4122-9c82-2ee75a4562c2"",""environment"":""f6319bd4-2e87-40d4-8547-4ce714038bc1"",""service"":""c236b8cb-3eff-45c5-aca0-23e73e33dc8d"",""deployment"":""69394420-c732-4ebe-a5fd-54c2d5628ea7"",""replica"":""7fc15fda-5103-4647-b7c4-6251ceb0ef53""}",2026-07-23T06:17:59.515772407Z
"2026-07-23T06:17:59.512Z [[34mdebug[39m] ✅ [LIFECYCLE:PUBACK_OK] Device confirmed message receipt {""service"":""mqtt-publisher-lite"",""deviceId"":""DEVICE-15""}",info,"{""level"":""info""}","{""project"":""90a47e04-a329-4122-9c82-2ee75a4562c2"",""environment"":""f6319bd4-2e87-40d4-8547-4ce714038bc1"",""service"":""c236b8cb-3eff-45c5-aca0-23e73e33dc8d"",""deployment"":""69394420-c732-4ebe-a5fd-54c2d5628ea7"",""replica"":""7fc15fda-5103-4647-b7c4-6251ceb0ef53""}",2026-07-23T06:17:59.515775887Z
"2026-07-23T06:17:59.512Z [[34mdebug[39m] Message published {""service"":""mqtt-publisher-lite"",""topic"":""proof.mqtt/DEVICE-15/gmb"",""qos"":1,""deliveryTime"":""216ms""}",info,"{""level"":""info""}","{""project"":""90a47e04-a329-4122-9c82-2ee75a4562c2"",""environment"":""f6319bd4-2e87-40d4-8547-4ce714038bc1"",""service"":""c236b8cb-3eff-45c5-aca0-23e73e33dc8d"",""deployment"":""69394420-c732-4ebe-a5fd-54c2d5628ea7"",""replica"":""7fc15fda-5103-4647-b7c4-6251ceb0ef53""}",2026-07-23T06:17:59.515779767Z
"2026-07-23T06:17:59.512Z [[34mdebug[39m] Message received {""service"":""mqtt-publisher-lite"",""topic"":""proof.mqtt/DEVICE-15/gmb"",""size"":244,""retain"":false}",info,"{""level"":""info""}","{""project"":""90a47e04-a329-4122-9c82-2ee75a4562c2"",""environment"":""f6319bd4-2e87-40d4-8547-4ce714038bc1"",""service"":""c236b8cb-3eff-45c5-aca0-23e73e33dc8d"",""deployment"":""69394420-c732-4ebe-a5fd-54c2d5628ea7"",""replica"":""7fc15fda-5103-4647-b7c4-6251ceb0ef53""}",2026-07-23T06:17:59.515782857Z
"2026-07-23T06:17:59.512Z [[34mdebug[39m] Skipping echo message {""service"":""mqtt-publisher-lite"",""topic"":""proof.mqtt/DEVICE-15/gmb"",""age"":""0ms""}",info,"{""level"":""info""}","{""project"":""90a47e04-a329-4122-9c82-2ee75a4562c2"",""environment"":""f6319bd4-2e87-40d4-8547-4ce714038bc1"",""service"":""c236b8cb-3eff-45c5-aca0-23e73e33dc8d"",""deployment"":""69394420-c732-4ebe-a5fd-54c2d5628ea7"",""replica"":""7fc15fda-5103-4647-b7c4-6251ceb0ef53""}",2026-07-23T06:17:59.515786247Z
"2026-07-23T06:17:59.513Z [[34mdebug[39m] Screen message received {""service"":""mqtt-publisher-lite"",""topic"":""proof.mqtt/DEVICE-15/gmb"",""screen"":""gmb""}",info,"{""level"":""info""}","{""project"":""90a47e04-a329-4122-9c82-2ee75a4562c2"",""environment"":""f6319bd4-2e87-40d4-8547-4ce714038bc1"",""service"":""c236b8cb-3eff-45c5-aca0-23e73e33dc8d"",""deployment"":""69394420-c732-4ebe-a5fd-54c2d5628ea7"",""replica"":""7fc15fda-5103-4647-b7c4-6251ceb0ef53""}",2026-07-23T06:17:59.524905700Z
"2026-07-23T06:17:59.515Z [[34mdebug[39m] [STIM] Device not active — skip tick {""service"":""mqtt-publisher-lite"",""deviceId"":""DEVICE-13"",""platform"":""gmb""}",info,"{""level"":""info""}","{""project"":""90a47e04-a329-4122-9c82-2ee75a4562c2"",""environment"":""f6319bd4-2e87-40d4-8547-4ce714038bc1"",""service"":""c236b8cb-3eff-45c5-aca0-23e73e33dc8d"",""deployment"":""69394420-c732-4ebe-a5fd-54c2d5628ea7"",""replica"":""7fc15fda-5103-4647-b7c4-6251ceb0ef53""}",2026-07-23T06:17:59.524919630Z
"2026-07-23T06:17:59.534Z [[32minfo[39m] [STIM_IG] Published {""service"":""mqtt-publisher-lite"",""deviceId"":""DEVICE-15"",""followers"":6,""target"":500,""mode"":""synthetic"",""achievement"":10,""celebration"":""false"",""done"":false}",info,"{""level"":""info""}","{""project"":""90a47e04-a329-4122-9c82-2ee75a4562c2"",""environment"":""f6319bd4-2e87-40d4-8547-4ce714038bc1"",""service"":""c236b8cb-3eff-45c5-aca0-23e73e33dc8d"",""deployment"":""69394420-c732-4ebe-a5fd-54c2d5628ea7"",""replica"":""7fc15fda-5103-4647-b7c4-6251ceb0ef53""}",2026-07-23T06:17:59.537918651Z
"2026-07-23T06:17:59.615Z [[32minfo[39m] [STIM_GMB] Published {""service"":""mqtt-publisher-lite"",""deviceId"":""DEVICE-15"",""reviews"":4,""target"":100,""mode"":""synthetic"",""celebration"":""false"",""done"":false}",info,"{""level"":""info""}","{""project"":""90a47e04-a329-4122-9c82-2ee75a4562c2"",""environment"":""f6319bd4-2e87-40d4-8547-4ce714038bc1"",""service"":""c236b8cb-3eff-45c5-aca0-23e73e33dc8d"",""deployment"":""69394420-c732-4ebe-a5fd-54c2d5628ea7"",""replica"":""7fc15fda-5103-4647-b7c4-6251ceb0ef53""}",2026-07-23T06:17:59.619356457Z
"2026-07-23T06:18:09.672Z [[32minfo[39m] HTTP request {""service"":""mqtt-publisher-lite"",""method"":""GET"",""path"":""/ota/download/proof:1.0"",""status"":400,""duration"":""1ms""}",info,"{""level"":""info""}","{""project"":""90a47e04-a329-4122-9c82-2ee75a4562c2"",""environment"":""f6319bd4-2e87-40d4-8547-4ce714038bc1"",""service"":""c236b8cb-3eff-45c5-aca0-23e73e33dc8d"",""deployment"":""69394420-c732-4ebe-a5fd-54c2d5628ea7"",""replica"":""7fc15fda-5103-4647-b7c4-6251ceb0ef53""}",2026-07-23T06:18:19.608378756Z
"2026-07-23T06:18:10.872Z [[32minfo[39m] HTTP request {""service"":""mqtt-publisher-lite"",""method"":""GET"",""path"":""/ota/download/proof:1.0.1"",""status"":200,""duration"":""160ms""}",info,"{""level"":""info""}","{""project"":""90a47e04-a329-4122-9c82-2ee75a4562c2"",""environment"":""f6319bd4-2e87-40d4-8547-4ce714038bc1"",""service"":""c236b8cb-3eff-45c5-aca0-23e73e33dc8d"",""deployment"":""69394420-c732-4ebe-a5fd-54c2d5628ea7"",""replica"":""7fc15fda-5103-4647-b7c4-6251ceb0ef53""}",2026-07-23T06:18:19.608384125Z
"2026-07-23T06:18:29.084Z [[32minfo[39m] 📤 [PUBLISH_CYCLE] Starting publish cycle {""service"":""mqtt-publisher-lite"",""deviceCount"":3,""source"":""redis"",""devices"":[{""id"":""DEVICE-17"",""userId"":""(none)"",""lastSeen"":""2026-07-23T06:17:29.396Z""},{""id"":""DEVICE-19"",""userId"":""68d3753f9f99d6b73ae2d991"",""lastSeen"":""2026-07-23T06:17:12.273Z""},{""id"":""DEVICE-15"",""userId"":""68d3753f9f99d6b73ae2d991"",""lastSeen"":""2026-07-23T06:17:59.512Z""}]}",info,"{""level"":""info""}","{""project"":""90a47e04-a329-4122-9c82-2ee75a4562c2"",""environment"":""f6319bd4-2e87-40d4-8547-4ce714038bc1"",""service"":""c236b8cb-3eff-45c5-aca0-23e73e33dc8d"",""deployment"":""69394420-c732-4ebe-a5fd-54c2d5628ea7"",""replica"":""7fc15fda-5103-4647-b7c4-6251ceb0ef53""}",2026-07-23T06:18:29.090315302Z
"2026-07-23T06:18:29.185Z [[32minfo[39m] 📤 QoS 1 message sent {""service"":""mqtt-publisher-lite"",""messageId"":44615,""topic"":""proof.mqtt/DEVICE-17/test-gmb"",""qos"":1}",info,"{""level"":""info""}","{""project"":""90a47e04-a329-4122-9c82-2ee75a4562c2"",""environment"":""f6319bd4-2e87-40d4-8547-4ce714038bc1"",""service"":""c236b8cb-3eff-45c5-aca0-23e73e33dc8d"",""deployment"":""69394420-c732-4ebe-a5fd-54c2d5628ea7"",""replica"":""7fc15fda-5103-4647-b7c4-6251ceb0ef53""}",2026-07-23T06:18:29.202557410Z
"2026-07-23T06:18:29.185Z [[32minfo[39m] ⏱️ Tracking QoS 1 message (30s timeout) {""service"":""mqtt-publisher-lite"",""deviceId"":""DEVICE-17"",""messageId"":44615,""topic"":""proof.mqtt/DEVICE-17/test-gmb"",""pendingCount"":1}",info,"{""level"":""info""}","{""project"":""90a47e04-a329-4122-9c82-2ee75a4562c2"",""environment"":""f6319bd4-2e87-40d4-8547-4ce714038bc1"",""service"":""c236b8cb-3eff-45c5-aca0-23e73e33dc8d"",""deployment"":""69394420-c732-4ebe-a5fd-54c2d5628ea7"",""replica"":""7fc15fda-5103-4647-b7c4-6251ceb0ef53""}",2026-07-23T06:18:29.202560300Z
"2026-07-23T06:18:29.195Z [[32minfo[39m] 📤 QoS 1 message sent {""service"":""mqtt-publisher-lite"",""messageId"":44616,""topic"":""proof.mqtt/DEVICE-15/instagram"",""qos"":1}",info,"{""level"":""info""}","{""project"":""90a47e04-a329-4122-9c82-2ee75a4562c2"",""environment"":""f6319bd4-2e87-40d4-8547-4ce714038bc1"",""service"":""c236b8cb-3eff-45c5-aca0-23e73e33dc8d"",""deployment"":""69394420-c732-4ebe-a5fd-54c2d5628ea7"",""replica"":""7fc15fda-5103-4647-b7c4-6251ceb0ef53""}",2026-07-23T06:18:29.202562800Z
"2026-07-23T06:18:29.195Z [[32minfo[39m] ⏱️ Tracking QoS 1 message (30s timeout) {""service"":""mqtt-publisher-lite"",""deviceId"":""DEVICE-15"",""messageId"":44616,""topic"":""proof.mqtt/DEVICE-15/instagram"",""pendingCount"":2}",info,"{""level"":""info""}","{""project"":""90a47e04-a329-4122-9c82-2ee75a4562c2"",""environment"":""f6319bd4-2e87-40d4-8547-4ce714038bc1"",""service"":""c236b8cb-3eff-45c5-aca0-23e73e33dc8d"",""deployment"":""69394420-c732-4ebe-a5fd-54c2d5628ea7"",""replica"":""7fc15fda-5103-4647-b7c4-6251ceb0ef53""}",2026-07-23T06:18:29.202565990Z
"2026-07-23T06:18:29.296Z [[32minfo[39m] 📤 QoS 1 message sent {""service"":""mqtt-publisher-lite"",""messageId"":44617,""topic"":""proof.mqtt/DEVICE-15/gmb"",""qos"":1}",info,"{""level"":""info""}","{""project"":""90a47e04-a329-4122-9c82-2ee75a4562c2"",""environment"":""f6319bd4-2e87-40d4-8547-4ce714038bc1"",""service"":""c236b8cb-3eff-45c5-aca0-23e73e33dc8d"",""deployment"":""69394420-c732-4ebe-a5fd-54c2d5628ea7"",""replica"":""7fc15fda-5103-4647-b7c4-6251ceb0ef53""}",2026-07-23T06:18:29.298451035Z
"2026-07-23T06:18:29.296Z [[32minfo[39m] ⏱️ Tracking QoS 1 message (30s timeout) {""service"":""mqtt-publisher-lite"",""deviceId"":""DEVICE-15"",""messageId"":44617,""topic"":""proof.mqtt/DEVICE-15/gmb"",""pendingCount"":3}",info,"{""level"":""info""}","{""project"":""90a47e04-a329-4122-9c82-2ee75a4562c2"",""environment"":""f6319bd4-2e87-40d4-8547-4ce714038bc1"",""service"":""c236b8cb-3eff-45c5-aca0-23e73e33dc8d"",""deployment"":""69394420-c732-4ebe-a5fd-54c2d5628ea7"",""replica"":""7fc15fda-5103-4647-b7c4-6251ceb0ef53""}",2026-07-23T06:18:29.298469205Z
"2026-07-23T06:18:29.396Z [[32minfo[39m] ✅ PUBACK received {""service"":""mqtt-publisher-lite"",""messageId"":44615}",info,"{""level"":""info""}","{""project"":""90a47e04-a329-4122-9c82-2ee75a4562c2"",""environment"":""f6319bd4-2e87-40d4-8547-4ce714038bc1"",""service"":""c236b8cb-3eff-45c5-aca0-23e73e33dc8d"",""deployment"":""69394420-c732-4ebe-a5fd-54c2d5628ea7"",""replica"":""7fc15fda-5103-4647-b7c4-6251ceb0ef53""}",2026-07-23T06:18:29.397488714Z
"2026-07-23T06:18:29.396Z [[32minfo[39m] ✅ QoS 1 PUBACK confirmed {""service"":""mqtt-publisher-lite"",""deviceId"":""DEVICE-17"",""messageId"":44615,""deliveryTime"":""211ms"",""pendingCount"":2}",info,"{""level"":""info""}","{""project"":""90a47e04-a329-4122-9c82-2ee75a4562c2"",""environment"":""f6319bd4-2e87-40d4-8547-4ce714038bc1"",""service"":""c236b8cb-3eff-45c5-aca0-23e73e33dc8d"",""deployment"":""69394420-c732-4ebe-a5fd-54c2d5628ea7"",""replica"":""7fc15fda-5103-4647-b7c4-6251ceb0ef53""}",2026-07-23T06:18:29.397494344Z
"2026-07-23T06:18:29.397Z [[34mdebug[39m] ✅ [LIFECYCLE:PUBACK_OK] Device confirmed message receipt {""service"":""mqtt-publisher-lite"",""deviceId"":""DEVICE-17""}",info,"{""level"":""info""}","{""project"":""90a47e04-a329-4122-9c82-2ee75a4562c2"",""environment"":""f6319bd4-2e87-40d4-8547-4ce714038bc1"",""service"":""c236b8cb-3eff-45c5-aca0-23e73e33dc8d"",""deployment"":""69394420-c732-4ebe-a5fd-54c2d5628ea7"",""replica"":""7fc15fda-5103-4647-b7c4-6251ceb0ef53""}",2026-07-23T06:18:29.397498434Z
"2026-07-23T06:18:29.397Z [[34mdebug[39m] Message published {""service"":""mqtt-publisher-lite"",""topic"":""proof.mqtt/DEVICE-17/test-gmb"",""qos"":1,""deliveryTime"":""213ms""}",info,"{""level"":""info""}","{""project"":""90a47e04-a329-4122-9c82-2ee75a4562c2"",""environment"":""f6319bd4-2e87-40d4-8547-4ce714038bc1"",""service"":""c236b8cb-3eff-45c5-aca0-23e73e33dc8d"",""deployment"":""69394420-c732-4ebe-a5fd-54c2d5628ea7"",""replica"":""7fc15fda-5103-4647-b7c4-6251ceb0ef53""}",2026-07-23T06:18:29.398689363Z
"2026-07-23T06:18:29.397Z [[34mdebug[39m] Published test-gmb screen {""service"":""mqtt-publisher-lite"",""deviceId"":""DEVICE-17"",""reviews"":416,""milestone"":420}",info,"{""level"":""info""}","{""project"":""90a47e04-a329-4122-9c82-2ee75a4562c2"",""environment"":""f6319bd4-2e87-40d4-8547-4ce714038bc1"",""service"":""c236b8cb-3eff-45c5-aca0-23e73e33dc8d"",""deployment"":""69394420-c732-4ebe-a5fd-54c2d5628ea7"",""replica"":""7fc15fda-5103-4647-b7c4-6251ceb0ef53""}",2026-07-23T06:18:29.398693963Z
"2026-07-23T06:18:29.405Z [[32minfo[39m] ✅ PUBACK received {""service"":""mqtt-publisher-lite"",""messageId"":44616}",info,"{""level"":""info""}","{""project"":""90a47e04-a329-4122-9c82-2ee75a4562c2"",""environment"":""f6319bd4-2e87-40d4-8547-4ce714038bc1"",""service"":""c236b8cb-3eff-45c5-aca0-23e73e33dc8d"",""deployment"":""69394420-c732-4ebe-a5fd-54c2d5628ea7"",""replica"":""7fc15fda-5103-4647-b7c4-6251ceb0ef53""}",2026-07-23T06:18:29.407498799Z
"2026-07-23T06:18:29.405Z [[32minfo[39m] ✅ QoS 1 PUBACK confirmed {""service"":""mqtt-publisher-lite"",""deviceId"":""DEVICE-15"",""messageId"":44616,""deliveryTime"":""210ms"",""pendingCount"":1}",info,"{""level"":""info""}","{""project"":""90a47e04-a329-4122-9c82-2ee75a4562c2"",""environment"":""f6319bd4-2e87-40d4-8547-4ce714038bc1"",""service"":""c236b8cb-3eff-45c5-aca0-23e73e33dc8d"",""deployment"":""69394420-c732-4ebe-a5fd-54c2d5628ea7"",""replica"":""7fc15fda-5103-4647-b7c4-6251ceb0ef53""}",2026-07-23T06:18:29.407507599Z
"2026-07-23T06:18:29.405Z [[34mdebug[39m] ✅ [LIFECYCLE:PUBACK_OK] Device confirmed message receipt {""service"":""mqtt-publisher-lite"",""deviceId"":""DEVICE-15""}",info,"{""level"":""info""}","{""project"":""90a47e04-a329-4122-9c82-2ee75a4562c2"",""environment"":""f6319bd4-2e87-40d4-8547-4ce714038bc1"",""service"":""c236b8cb-3eff-45c5-aca0-23e73e33dc8d"",""deployment"":""69394420-c732-4ebe-a5fd-54c2d5628ea7"",""replica"":""7fc15fda-5103-4647-b7c4-6251ceb0ef53""}",2026-07-23T06:18:29.407512349Z
"2026-07-23T06:18:29.406Z [[34mdebug[39m] Message published {""service"":""mqtt-publisher-lite"",""topic"":""proof.mqtt/DEVICE-15/instagram"",""qos"":1,""deliveryTime"":""211ms""}",info,"{""level"":""info""}","{""project"":""90a47e04-a329-4122-9c82-2ee75a4562c2"",""environment"":""f6319bd4-2e87-40d4-8547-4ce714038bc1"",""service"":""c236b8cb-3eff-45c5-aca0-23e73e33dc8d"",""deployment"":""69394420-c732-4ebe-a5fd-54c2d5628ea7"",""replica"":""7fc15fda-5103-4647-b7c4-6251ceb0ef53""}",2026-07-23T06:18:29.407516349Z
"2026-07-23T06:18:29.406Z [[34mdebug[39m] Message received {""service"":""mqtt-publisher-lite"",""topic"":""proof.mqtt/DEVICE-15/instagram"",""size"":227,""retain"":false}",info,"{""level"":""info""}","{""project"":""90a47e04-a329-4122-9c82-2ee75a4562c2"",""environment"":""f6319bd4-2e87-40d4-8547-4ce714038bc1"",""service"":""c236b8cb-3eff-45c5-aca0-23e73e33dc8d"",""deployment"":""69394420-c732-4ebe-a5fd-54c2d5628ea7"",""replica"":""7fc15fda-5103-4647-b7c4-6251ceb0ef53""}",2026-07-23T06:18:29.407520389Z
"2026-07-23T06:18:29.406Z [[34mdebug[39m] Skipping echo message {""service"":""mqtt-publisher-lite"",""topic"":""proof.mqtt/DEVICE-15/instagram"",""age"":""0ms""}",info,"{""level"":""info""}","{""project"":""90a47e04-a329-4122-9c82-2ee75a4562c2"",""environment"":""f6319bd4-2e87-40d4-8547-4ce714038bc1"",""service"":""c236b8cb-3eff-45c5-aca0-23e73e33dc8d"",""deployment"":""69394420-c732-4ebe-a5fd-54c2d5628ea7"",""replica"":""7fc15fda-5103-4647-b7c4-6251ceb0ef53""}",2026-07-23T06:18:29.407523959Z
"2026-07-23T06:18:29.406Z [[34mdebug[39m] Screen message received {""service"":""mqtt-publisher-lite"",""topic"":""proof.mqtt/DEVICE-15/instagram"",""screen"":""instagram""}",info,"{""level"":""info""}","{""project"":""90a47e04-a329-4122-9c82-2ee75a4562c2"",""environment"":""f6319bd4-2e87-40d4-8547-4ce714038bc1"",""service"":""c236b8cb-3eff-45c5-aca0-23e73e33dc8d"",""deployment"":""69394420-c732-4ebe-a5fd-54c2d5628ea7"",""replica"":""7fc15fda-5103-4647-b7c4-6251ceb0ef53""}",2026-07-23T06:18:29.408670630Z
"2026-07-23T06:18:29.415Z [[34mdebug[39m] [STIM] Device not active — skip tick {""service"":""mqtt-publisher-lite"",""deviceId"":""DEVICE-13"",""platform"":""instagram""}",info,"{""level"":""info""}","{""project"":""90a47e04-a329-4122-9c82-2ee75a4562c2"",""environment"":""f6319bd4-2e87-40d4-8547-4ce714038bc1"",""service"":""c236b8cb-3eff-45c5-aca0-23e73e33dc8d"",""deployment"":""69394420-c732-4ebe-a5fd-54c2d5628ea7"",""replica"":""7fc15fda-5103-4647-b7c4-6251ceb0ef53""}",2026-07-23T06:18:29.695431482Z
"2026-07-23T06:18:29.506Z [[32minfo[39m] [STIM_IG] Published {""service"":""mqtt-publisher-lite"",""deviceId"":""DEVICE-15"",""followers"":7,""target"":500,""mode"":""synthetic"",""achievement"":10,""celebration"":""false"",""done"":false}",info,"{""level"":""info""}","{""project"":""90a47e04-a329-4122-9c82-2ee75a4562c2"",""environment"":""f6319bd4-2e87-40d4-8547-4ce714038bc1"",""service"":""c236b8cb-3eff-45c5-aca0-23e73e33dc8d"",""deployment"":""69394420-c732-4ebe-a5fd-54c2d5628ea7"",""replica"":""7fc15fda-5103-4647-b7c4-6251ceb0ef53""}",2026-07-23T06:18:29.695435302Z
"2026-07-23T06:18:29.507Z [[32minfo[39m] ✅ PUBACK received {""service"":""mqtt-publisher-lite"",""messageId"":44617}",info,"{""level"":""info""}","{""project"":""90a47e04-a329-4122-9c82-2ee75a4562c2"",""environment"":""f6319bd4-2e87-40d4-8547-4ce714038bc1"",""service"":""c236b8cb-3eff-45c5-aca0-23e73e33dc8d"",""deployment"":""69394420-c732-4ebe-a5fd-54c2d5628ea7"",""replica"":""7fc15fda-5103-4647-b7c4-6251ceb0ef53""}",2026-07-23T06:18:29.695439602Z
"2026-07-23T06:18:29.507Z [[32minfo[39m] ✅ QoS 1 PUBACK confirmed {""service"":""mqtt-publisher-lite"",""deviceId"":""DEVICE-15"",""messageId"":44617,""deliveryTime"":""211ms"",""pendingCount"":0}",info,"{""level"":""info""}","{""project"":""90a47e04-a329-4122-9c82-2ee75a4562c2"",""environment"":""f6319bd4-2e87-40d4-8547-4ce714038bc1"",""service"":""c236b8cb-3eff-45c5-aca0-23e73e33dc8d"",""deployment"":""69394420-c732-4ebe-a5fd-54c2d5628ea7"",""replica"":""7fc15fda-5103-4647-b7c4-6251ceb0ef53""}",2026-07-23T06:18:29.695443072Z
"2026-07-23T06:18:29.507Z [[34mdebug[39m] ✅ [LIFECYCLE:PUBACK_OK] Device confirmed message receipt {""service"":""mqtt-publisher-lite"",""deviceId"":""DEVICE-15""}",info,"{""level"":""info""}","{""project"":""90a47e04-a329-4122-9c82-2ee75a4562c2"",""environment"":""f6319bd4-2e87-40d4-8547-4ce714038bc1"",""service"":""c236b8cb-3eff-45c5-aca0-23e73e33dc8d"",""deployment"":""69394420-c732-4ebe-a5fd-54c2d5628ea7"",""replica"":""7fc15fda-5103-4647-b7c4-6251ceb0ef53""}",2026-07-23T06:18:29.695446862Z
"2026-07-23T06:18:29.507Z [[34mdebug[39m] Message published {""service"":""mqtt-publisher-lite"",""topic"":""proof.mqtt/DEVICE-15/gmb"",""qos"":1,""deliveryTime"":""211ms""}",info,"{""level"":""info""}","{""project"":""90a47e04-a329-4122-9c82-2ee75a4562c2"",""environment"":""f6319bd4-2e87-40d4-8547-4ce714038bc1"",""service"":""c236b8cb-3eff-45c5-aca0-23e73e33dc8d"",""deployment"":""69394420-c732-4ebe-a5fd-54c2d5628ea7"",""replica"":""7fc15fda-5103-4647-b7c4-6251ceb0ef53""}",2026-07-23T06:18:29.695450482Z
"2026-07-23T06:18:29.507Z [[34mdebug[39m] Message received {""service"":""mqtt-publisher-lite"",""topic"":""proof.mqtt/DEVICE-15/gmb"",""size"":270,""retain"":false}",info,"{""level"":""info""}","{""project"":""90a47e04-a329-4122-9c82-2ee75a4562c2"",""environment"":""f6319bd4-2e87-40d4-8547-4ce714038bc1"",""service"":""c236b8cb-3eff-45c5-aca0-23e73e33dc8d"",""deployment"":""69394420-c732-4ebe-a5fd-54c2d5628ea7"",""replica"":""7fc15fda-5103-4647-b7c4-6251ceb0ef53""}",2026-07-23T06:18:29.695454092Z
"2026-07-23T06:18:29.507Z [[34mdebug[39m] Skipping echo message {""service"":""mqtt-publisher-lite"",""topic"":""proof.mqtt/DEVICE-15/gmb"",""age"":""0ms""}",info,"{""level"":""info""}","{""project"":""90a47e04-a329-4122-9c82-2ee75a4562c2"",""environment"":""f6319bd4-2e87-40d4-8547-4ce714038bc1"",""service"":""c236b8cb-3eff-45c5-aca0-23e73e33dc8d"",""deployment"":""69394420-c732-4ebe-a5fd-54c2d5628ea7"",""replica"":""7fc15fda-5103-4647-b7c4-6251ceb0ef53""}",2026-07-23T06:18:29.695458092Z
"2026-07-23T06:18:29.508Z [[34mdebug[39m] Screen message received {""service"":""mqtt-publisher-lite"",""topic"":""proof.mqtt/DEVICE-15/gmb"",""screen"":""gmb""}",info,"{""level"":""info""}","{""project"":""90a47e04-a329-4122-9c82-2ee75a4562c2"",""environment"":""f6319bd4-2e87-40d4-8547-4ce714038bc1"",""service"":""c236b8cb-3eff-45c5-aca0-23e73e33dc8d"",""deployment"":""69394420-c732-4ebe-a5fd-54c2d5628ea7"",""replica"":""7fc15fda-5103-4647-b7c4-6251ceb0ef53""}",2026-07-23T06:18:29.695461892Z
"2026-07-23T06:18:29.514Z [[34mdebug[39m] [STIM] Device not active — skip tick {""service"":""mqtt-publisher-lite"",""deviceId"":""DEVICE-13"",""platform"":""gmb""}",info,"{""level"":""info""}","{""project"":""90a47e04-a329-4122-9c82-2ee75a4562c2"",""environment"":""f6319bd4-2e87-40d4-8547-4ce714038bc1"",""service"":""c236b8cb-3eff-45c5-aca0-23e73e33dc8d"",""deployment"":""69394420-c732-4ebe-a5fd-54c2d5628ea7"",""replica"":""7fc15fda-5103-4647-b7c4-6251ceb0ef53""}",2026-07-23T06:18:29.695465702Z
"2026-07-23T06:18:29.539Z [[34mdebug[39m] 📤 [PUBLISH_CYCLE] Publishing all screens to device {""service"":""mqtt-publisher-lite"",""deviceId"":""DEVICE-17""}",info,"{""level"":""info""}","{""project"":""90a47e04-a329-4122-9c82-2ee75a4562c2"",""environment"":""f6319bd4-2e87-40d4-8547-4ce714038bc1"",""service"":""c236b8cb-3eff-45c5-aca0-23e73e33dc8d"",""deployment"":""69394420-c732-4ebe-a5fd-54c2d5628ea7"",""replica"":""7fc15fda-5103-4647-b7c4-6251ceb0ef53""}",2026-07-23T06:18:29.695468872Z
"2026-07-23T06:18:29.607Z [[32minfo[39m] [STIM_GMB] Published {""service"":""mqtt-publisher-lite"",""deviceId"":""DEVICE-15"",""reviews"":5,""target"":100,""mode"":""synthetic"",""celebration"":""true"",""done"":false}",info,"{""level"":""info""}","{""project"":""90a47e04-a329-4122-9c82-2ee75a4562c2"",""environment"":""f6319bd4-2e87-40d4-8547-4ce714038bc1"",""service"":""c236b8cb-3eff-45c5-aca0-23e73e33dc8d"",""deployment"":""69394420-c732-4ebe-a5fd-54c2d5628ea7"",""replica"":""7fc15fda-5103-4647-b7c4-6251ceb0ef53""}",2026-07-23T06:18:29.696529483Z
"2026-07-23T06:18:29.656Z [[32minfo[39m] [PROMOTION] Default canvas not published {""service"":""mqtt-publisher-lite"",""deviceId"":""DEVICE-17"",""topic"":""proof.mqtt/DEVICE-17/promotion"",""reason"":""unchanged""}",info,"{""level"":""info""}","{""project"":""90a47e04-a329-4122-9c82-2ee75a4562c2"",""environment"":""f6319bd4-2e87-40d4-8547-4ce714038bc1"",""service"":""c236b8cb-3eff-45c5-aca0-23e73e33dc8d"",""deployment"":""69394420-c732-4ebe-a5fd-54c2d5628ea7"",""replica"":""7fc15fda-5103-4647-b7c4-6251ceb0ef53""}",2026-07-23T06:18:29.696534543Z
"2026-07-23T06:18:29.755Z [[34mdebug[39m] [STIM_SKIP] StatsPublisher skipping stim device {""service"":""mqtt-publisher-lite"",""deviceId"":""DEVICE-19""}",info,"{""level"":""info""}","{""project"":""90a47e04-a329-4122-9c82-2ee75a4562c2"",""environment"":""f6319bd4-2e87-40d4-8547-4ce714038bc1"",""service"":""c236b8cb-3eff-45c5-aca0-23e73e33dc8d"",""deployment"":""69394420-c732-4ebe-a5fd-54c2d5628ea7"",""replica"":""7fc15fda-5103-4647-b7c4-6251ceb0ef53""}",2026-07-23T06:18:29.765505984Z
"2026-07-23T06:18:29.756Z [[34mdebug[39m] [STIM_SKIP] StatsPublisher skipping stim device {""service"":""mqtt-publisher-lite"",""deviceId"":""DEVICE-15""}",info,"{""level"":""info""}","{""project"":""90a47e04-a329-4122-9c82-2ee75a4562c2"",""environment"":""f6319bd4-2e87-40d4-8547-4ce714038bc1"",""service"":""c236b8cb-3eff-45c5-aca0-23e73e33dc8d"",""deployment"":""69394420-c732-4ebe-a5fd-54c2d5628ea7"",""replica"":""7fc15fda-5103-4647-b7c4-6251ceb0ef53""}",2026-07-23T06:18:29.765511814Z
"2026-07-23T06:18:39.184Z [[32minfo[39m] HTTP request {""service"":""mqtt-publisher-lite"",""method"":""GET"",""path"":""/ota/download/proof%3A1.0.1"",""status"":200,""duration"":""238ms""}",info,"{""level"":""info""}","{""project"":""90a47e04-a329-4122-9c82-2ee75a4562c2"",""environment"":""f6319bd4-2e87-40d4-8547-4ce714038bc1"",""service"":""c236b8cb-3eff-45c5-aca0-23e73e33dc8d"",""deployment"":""69394420-c732-4ebe-a5fd-54c2d5628ea7"",""replica"":""7fc15fda-5103-4647-b7c4-6251ceb0ef53""}",2026-07-23T06:18:39.195098448Z
"2026-07-23T06:18:39.793Z [[32minfo[39m] HTTP request {""service"":""mqtt-publisher-lite"",""method"":""GET"",""path"":""/ota/download/proof:1.0.1"",""status"":200,""duration"":""128ms""}",info,"{""level"":""info""}","{""project"":""90a47e04-a329-4122-9c82-2ee75a4562c2"",""environment"":""f6319bd4-2e87-40d4-8547-4ce714038bc1"",""service"":""c236b8cb-3eff-45c5-aca0-23e73e33dc8d"",""deployment"":""69394420-c732-4ebe-a5fd-54c2d5628ea7"",""replica"":""7fc15fda-5103-4647-b7c4-6251ceb0ef53""}",2026-07-23T06:18:39.869026060Z
"2026-07-23T06:18:59.195Z [[32minfo[39m] 📤 QoS 1 message sent {""service"":""mqtt-publisher-lite"",""messageId"":44618,""topic"":""proof.mqtt/DEVICE-15/instagram"",""qos"":1}",info,"{""level"":""info""}","{""project"":""90a47e04-a329-4122-9c82-2ee75a4562c2"",""environment"":""f6319bd4-2e87-40d4-8547-4ce714038bc1"",""service"":""c236b8cb-3eff-45c5-aca0-23e73e33dc8d"",""deployment"":""69394420-c732-4ebe-a5fd-54c2d5628ea7"",""replica"":""7fc15fda-5103-4647-b7c4-6251ceb0ef53""}",2026-07-23T06:18:59.836687823Z
"2026-07-23T06:18:59.195Z [[32minfo[39m] ⏱️ Tracking QoS 1 message (30s timeout) {""service"":""mqtt-publisher-lite"",""deviceId"":""DEVICE-15"",""messageId"":44618,""topic"":""proof.mqtt/DEVICE-15/instagram"",""pendingCount"":1}",info,"{""level"":""info""}","{""project"":""90a47e04-a329-4122-9c82-2ee75a4562c2"",""environment"":""f6319bd4-2e87-40d4-8547-4ce714038bc1"",""service"":""c236b8cb-3eff-45c5-aca0-23e73e33dc8d"",""deployment"":""69394420-c732-4ebe-a5fd-54c2d5628ea7"",""replica"":""7fc15fda-5103-4647-b7c4-6251ceb0ef53""}",2026-07-23T06:18:59.836694093Z
"2026-07-23T06:18:59.296Z [[32minfo[39m] 📤 QoS 1 message sent {""service"":""mqtt-publisher-lite"",""messageId"":44619,""topic"":""proof.mqtt/DEVICE-15/gmb"",""qos"":1}",info,"{""level"":""info""}","{""project"":""90a47e04-a329-4122-9c82-2ee75a4562c2"",""environment"":""f6319bd4-2e87-40d4-8547-4ce714038bc1"",""service"":""c236b8cb-3eff-45c5-aca0-23e73e33dc8d"",""deployment"":""69394420-c732-4ebe-a5fd-54c2d5628ea7"",""replica"":""7fc15fda-5103-4647-b7c4-6251ceb0ef53""}",2026-07-23T06:18:59.836697373Z
"2026-07-23T06:18:59.296Z [[32minfo[39m] ⏱️ Tracking QoS 1 message (30s timeout) {""service"":""mqtt-publisher-lite"",""deviceId"":""DEVICE-15"",""messageId"":44619,""topic"":""proof.mqtt/DEVICE-15/gmb"",""pendingCount"":2}",info,"{""level"":""info""}","{""project"":""90a47e04-a329-4122-9c82-2ee75a4562c2"",""environment"":""f6319bd4-2e87-40d4-8547-4ce714038bc1"",""service"":""c236b8cb-3eff-45c5-aca0-23e73e33dc8d"",""deployment"":""69394420-c732-4ebe-a5fd-54c2d5628ea7"",""replica"":""7fc15fda-5103-4647-b7c4-6251ceb0ef53""}",2026-07-23T06:18:59.836700683Z
"2026-07-23T06:18:59.405Z [[32minfo[39m] ✅ PUBACK received {""service"":""mqtt-publisher-lite"",""messageId"":44618}",info,"{""level"":""info""}","{""project"":""90a47e04-a329-4122-9c82-2ee75a4562c2"",""environment"":""f6319bd4-2e87-40d4-8547-4ce714038bc1"",""service"":""c236b8cb-3eff-45c5-aca0-23e73e33dc8d"",""deployment"":""69394420-c732-4ebe-a5fd-54c2d5628ea7"",""replica"":""7fc15fda-5103-4647-b7c4-6251ceb0ef53""}",2026-07-23T06:18:59.836703253Z
"2026-07-23T06:18:59.406Z [[32minfo[39m] ✅ QoS 1 PUBACK confirmed {""service"":""mqtt-publisher-lite"",""deviceId"":""DEVICE-15"",""messageId"":44618,""deliveryTime"":""211ms"",""pendingCount"":1}",info,"{""level"":""info""}","{""project"":""90a47e04-a329-4122-9c82-2ee75a4562c2"",""environment"":""f6319bd4-2e87-40d4-8547-4ce714038bc1"",""service"":""c236b8cb-3eff-45c5-aca0-23e73e33dc8d"",""deployment"":""69394420-c732-4ebe-a5fd-54c2d5628ea7"",""replica"":""7fc15fda-5103-4647-b7c4-6251ceb0ef53""}",2026-07-23T06:18:59.836705853Z
"2026-07-23T06:18:59.406Z [[34mdebug[39m] ✅ [LIFECYCLE:PUBACK_OK] Device confirmed message receipt {""service"":""mqtt-publisher-lite"",""deviceId"":""DEVICE-15""}",info,"{""level"":""info""}","{""project"":""90a47e04-a329-4122-9c82-2ee75a4562c2"",""environment"":""f6319bd4-2e87-40d4-8547-4ce714038bc1"",""service"":""c236b8cb-3eff-45c5-aca0-23e73e33dc8d"",""deployment"":""69394420-c732-4ebe-a5fd-54c2d5628ea7"",""replica"":""7fc15fda-5103-4647-b7c4-6251ceb0ef53""}",2026-07-23T06:18:59.836708703Z
"2026-07-23T06:18:59.406Z [[34mdebug[39m] Message published {""service"":""mqtt-publisher-lite"",""topic"":""proof.mqtt/DEVICE-15/instagram"",""qos"":1,""deliveryTime"":""211ms""}",info,"{""level"":""info""}","{""project"":""90a47e04-a329-4122-9c82-2ee75a4562c2"",""environment"":""f6319bd4-2e87-40d4-8547-4ce714038bc1"",""service"":""c236b8cb-3eff-45c5-aca0-23e73e33dc8d"",""deployment"":""69394420-c732-4ebe-a5fd-54c2d5628ea7"",""replica"":""7fc15fda-5103-4647-b7c4-6251ceb0ef53""}",2026-07-23T06:18:59.836711723Z
"2026-07-23T06:18:59.407Z [[34mdebug[39m] Message received {""service"":""mqtt-publisher-lite"",""topic"":""proof.mqtt/DEVICE-15/instagram"",""size"":227,""retain"":false}",info,"{""level"":""info""}","{""project"":""90a47e04-a329-4122-9c82-2ee75a4562c2"",""environment"":""f6319bd4-2e87-40d4-8547-4ce714038bc1"",""service"":""c236b8cb-3eff-45c5-aca0-23e73e33dc8d"",""deployment"":""69394420-c732-4ebe-a5fd-54c2d5628ea7"",""replica"":""7fc15fda-5103-4647-b7c4-6251ceb0ef53""}",2026-07-23T06:18:59.836715862Z
"2026-07-23T06:18:59.407Z [[34mdebug[39m] Skipping echo message {""service"":""mqtt-publisher-lite"",""topic"":""proof.mqtt/DEVICE-15/instagram"",""age"":""1ms""}",info,"{""level"":""info""}","{""project"":""90a47e04-a329-4122-9c82-2ee75a4562c2"",""environment"":""f6319bd4-2e87-40d4-8547-4ce714038bc1"",""service"":""c236b8cb-3eff-45c5-aca0-23e73e33dc8d"",""deployment"":""69394420-c732-4ebe-a5fd-54c2d5628ea7"",""replica"":""7fc15fda-5103-4647-b7c4-6251ceb0ef53""}",2026-07-23T06:18:59.836718602Z
"2026-07-23T06:18:59.407Z [[34mdebug[39m] Screen message received {""service"":""mqtt-publisher-lite"",""topic"":""proof.mqtt/DEVICE-15/instagram"",""screen"":""instagram""}",info,"{""level"":""info""}","{""project"":""90a47e04-a329-4122-9c82-2ee75a4562c2"",""environment"":""f6319bd4-2e87-40d4-8547-4ce714038bc1"",""service"":""c236b8cb-3eff-45c5-aca0-23e73e33dc8d"",""deployment"":""69394420-c732-4ebe-a5fd-54c2d5628ea7"",""replica"":""7fc15fda-5103-4647-b7c4-6251ceb0ef53""}",2026-07-23T06:18:59.838278129Z
"2026-07-23T06:18:59.415Z [[34mdebug[39m] [STIM] Device not active — skip tick {""service"":""mqtt-publisher-lite"",""deviceId"":""DEVICE-13"",""platform"":""instagram""}",info,"{""level"":""info""}","{""project"":""90a47e04-a329-4122-9c82-2ee75a4562c2"",""environment"":""f6319bd4-2e87-40d4-8547-4ce714038bc1"",""service"":""c236b8cb-3eff-45c5-aca0-23e73e33dc8d"",""deployment"":""69394420-c732-4ebe-a5fd-54c2d5628ea7"",""replica"":""7fc15fda-5103-4647-b7c4-6251ceb0ef53""}",2026-07-23T06:18:59.838285749Z
"2026-07-23T06:18:59.507Z [[32minfo[39m] [STIM_IG] Published {""service"":""mqtt-publisher-lite"",""deviceId"":""DEVICE-15"",""followers"":8,""target"":500,""mode"":""synthetic"",""achievement"":10,""celebration"":""false"",""done"":false}",info,"{""level"":""info""}","{""project"":""90a47e04-a329-4122-9c82-2ee75a4562c2"",""environment"":""f6319bd4-2e87-40d4-8547-4ce714038bc1"",""service"":""c236b8cb-3eff-45c5-aca0-23e73e33dc8d"",""deployment"":""69394420-c732-4ebe-a5fd-54c2d5628ea7"",""replica"":""7fc15fda-5103-4647-b7c4-6251ceb0ef53""}",2026-07-23T06:18:59.838290109Z
"2026-07-23T06:18:59.507Z [[32minfo[39m] ✅ PUBACK received {""service"":""mqtt-publisher-lite"",""messageId"":44619}",info,"{""level"":""info""}","{""project"":""90a47e04-a329-4122-9c82-2ee75a4562c2"",""environment"":""f6319bd4-2e87-40d4-8547-4ce714038bc1"",""service"":""c236b8cb-3eff-45c5-aca0-23e73e33dc8d"",""deployment"":""69394420-c732-4ebe-a5fd-54c2d5628ea7"",""replica"":""7fc15fda-5103-4647-b7c4-6251ceb0ef53""}",2026-07-23T06:18:59.838293399Z
"2026-07-23T06:18:59.507Z [[32minfo[39m] ✅ QoS 1 PUBACK confirmed {""service"":""mqtt-publisher-lite"",""deviceId"":""DEVICE-15"",""messageId"":44619,""deliveryTime"":""211ms"",""pendingCount"":0}",info,"{""level"":""info""}","{""project"":""90a47e04-a329-4122-9c82-2ee75a4562c2"",""environment"":""f6319bd4-2e87-40d4-8547-4ce714038bc1"",""service"":""c236b8cb-3eff-45c5-aca0-23e73e33dc8d"",""deployment"":""69394420-c732-4ebe-a5fd-54c2d5628ea7"",""replica"":""7fc15fda-5103-4647-b7c4-6251ceb0ef53""}",2026-07-23T06:18:59.838296369Z
"2026-07-23T06:18:59.507Z [[34mdebug[39m] ✅ [LIFECYCLE:PUBACK_OK] Device confirmed message receipt {""service"":""mqtt-publisher-lite"",""deviceId"":""DEVICE-15""}",info,"{""level"":""info""}","{""project"":""90a47e04-a329-4122-9c82-2ee75a4562c2"",""environment"":""f6319bd4-2e87-40d4-8547-4ce714038bc1"",""service"":""c236b8cb-3eff-45c5-aca0-23e73e33dc8d"",""deployment"":""69394420-c732-4ebe-a5fd-54c2d5628ea7"",""replica"":""7fc15fda-5103-4647-b7c4-6251ceb0ef53""}",2026-07-23T06:18:59.838300439Z
"2026-07-23T06:18:59.507Z [[34mdebug[39m] Message published {""service"":""mqtt-publisher-lite"",""topic"":""proof.mqtt/DEVICE-15/gmb"",""qos"":1,""deliveryTime"":""211ms""}",info,"{""level"":""info""}","{""project"":""90a47e04-a329-4122-9c82-2ee75a4562c2"",""environment"":""f6319bd4-2e87-40d4-8547-4ce714038bc1"",""service"":""c236b8cb-3eff-45c5-aca0-23e73e33dc8d"",""deployment"":""69394420-c732-4ebe-a5fd-54c2d5628ea7"",""replica"":""7fc15fda-5103-4647-b7c4-6251ceb0ef53""}",2026-07-23T06:18:59.838303339Z
"2026-07-23T06:18:59.507Z [[34mdebug[39m] Message received {""service"":""mqtt-publisher-lite"",""topic"":""proof.mqtt/DEVICE-15/gmb"",""size"":245,""retain"":false}",info,"{""level"":""info""}","{""project"":""90a47e04-a329-4122-9c82-2ee75a4562c2"",""environment"":""f6319bd4-2e87-40d4-8547-4ce714038bc1"",""service"":""c236b8cb-3eff-45c5-aca0-23e73e33dc8d"",""deployment"":""69394420-c732-4ebe-a5fd-54c2d5628ea7"",""replica"":""7fc15fda-5103-4647-b7c4-6251ceb0ef53""}",2026-07-23T06:18:59.838306239Z
"2026-07-23T06:18:59.507Z [[34mdebug[39m] Skipping echo message {""service"":""mqtt-publisher-lite"",""topic"":""proof.mqtt/DEVICE-15/gmb"",""age"":""0ms""}",info,"{""level"":""info""}","{""project"":""90a47e04-a329-4122-9c82-2ee75a4562c2"",""environment"":""f6319bd4-2e87-40d4-8547-4ce714038bc1"",""service"":""c236b8cb-3eff-45c5-aca0-23e73e33dc8d"",""deployment"":""69394420-c732-4ebe-a5fd-54c2d5628ea7"",""replica"":""7fc15fda-5103-4647-b7c4-6251ceb0ef53""}",2026-07-23T06:18:59.838309249Z
"2026-07-23T06:18:59.508Z [[34mdebug[39m] Screen message received {""service"":""mqtt-publisher-lite"",""topic"":""proof.mqtt/DEVICE-15/gmb"",""screen"":""gmb""}",info,"{""level"":""info""}","{""project"":""90a47e04-a329-4122-9c82-2ee75a4562c2"",""environment"":""f6319bd4-2e87-40d4-8547-4ce714038bc1"",""service"":""c236b8cb-3eff-45c5-aca0-23e73e33dc8d"",""deployment"":""69394420-c732-4ebe-a5fd-54c2d5628ea7"",""replica"":""7fc15fda-5103-4647-b7c4-6251ceb0ef53""}",2026-07-23T06:18:59.838312309Z
"2026-07-23T06:18:59.514Z [[34mdebug[39m] [STIM] Device not active — skip tick {""service"":""mqtt-publisher-lite"",""deviceId"":""DEVICE-13"",""platform"":""gmb""}",info,"{""level"":""info""}","{""project"":""90a47e04-a329-4122-9c82-2ee75a4562c2"",""environment"":""f6319bd4-2e87-40d4-8547-4ce714038bc1"",""service"":""c236b8cb-3eff-45c5-aca0-23e73e33dc8d"",""deployment"":""69394420-c732-4ebe-a5fd-54c2d5628ea7"",""replica"":""7fc15fda-5103-4647-b7c4-6251ceb0ef53""}",2026-07-23T06:18:59.839812286Z
"2026-07-23T06:18:59.610Z [[32minfo[39m] [STIM_GMB] Published {""service"":""mqtt-publisher-lite"",""deviceId"":""DEVICE-15"",""reviews"":6,""target"":100,""mode"":""synthetic"",""celebration"":""false"",""done"":false}",info,"{""level"":""info""}","{""project"":""90a47e04-a329-4122-9c82-2ee75a4562c2"",""environment"":""f6319bd4-2e87-40d4-8547-4ce714038bc1"",""service"":""c236b8cb-3eff-45c5-aca0-23e73e33dc8d"",""deployment"":""69394420-c732-4ebe-a5fd-54c2d5628ea7"",""replica"":""7fc15fda-5103-4647-b7c4-6251ceb0ef53""}",2026-07-23T06:18:59.839819116Z
"2026-07-23T06:19:02.578Z [[32minfo[39m] HTTP request {""service"":""mqtt-publisher-lite"",""method"":""GET"",""path"":""/ota/download/proof%3A1.0.1"",""status"":200,""duration"":""101ms""}",info,"{""level"":""info""}","{""project"":""90a47e04-a329-4122-9c82-2ee75a4562c2"",""environment"":""f6319bd4-2e87-40d4-8547-4ce714038bc1"",""service"":""c236b8cb-3eff-45c5-aca0-23e73e33dc8d"",""deployment"":""69394420-c732-4ebe-a5fd-54c2d5628ea7"",""replica"":""7fc15fda-5103-4647-b7c4-6251ceb0ef53""}",2026-07-23T06:19:02.595893275Z
"2026-07-23T06:19:29.083Z [[32minfo[39m] 📤 [PUBLISH_CYCLE] Starting publish cycle {""service"":""mqtt-publisher-lite"",""deviceCount"":3,""source"":""redis"",""devices"":[{""id"":""DEVICE-17"",""userId"":""(none)"",""lastSeen"":""2026-07-23T06:18:29.397Z""},{""id"":""DEVICE-19"",""userId"":""68d3753f9f99d6b73ae2d991"",""lastSeen"":""2026-07-23T06:17:12.273Z""},{""id"":""DEVICE-15"",""userId"":""68d3753f9f99d6b73ae2d991"",""lastSeen"":""2026-07-23T06:18:59.507Z""}]}",info,"{""level"":""info""}","{""project"":""90a47e04-a329-4122-9c82-2ee75a4562c2"",""environment"":""f6319bd4-2e87-40d4-8547-4ce714038bc1"",""service"":""c236b8cb-3eff-45c5-aca0-23e73e33dc8d"",""deployment"":""69394420-c732-4ebe-a5fd-54c2d5628ea7"",""replica"":""7fc15fda-5103-4647-b7c4-6251ceb0ef53""}",2026-07-23T06:19:32.624058796Z
"2026-07-23T06:19:29.183Z [[32minfo[39m] 📤 QoS 1 message sent {""service"":""mqtt-publisher-lite"",""messageId"":44620,""topic"":""proof.mqtt/DEVICE-17/test-gmb"",""qos"":1}",info,"{""level"":""info""}","{""project"":""90a47e04-a329-4122-9c82-2ee75a4562c2"",""environment"":""f6319bd4-2e87-40d4-8547-4ce714038bc1"",""service"":""c236b8cb-3eff-45c5-aca0-23e73e33dc8d"",""deployment"":""69394420-c732-4ebe-a5fd-54c2d5628ea7"",""replica"":""7fc15fda-5103-4647-b7c4-6251ceb0ef53""}",2026-07-23T06:19:32.624067746Z
"2026-07-23T06:19:29.183Z [[32minfo[39m] ⏱️ Tracking QoS 1 message (30s timeout) {""service"":""mqtt-publisher-lite"",""deviceId"":""DEVICE-17"",""messageId"":44620,""topic"":""proof.mqtt/DEVICE-17/test-gmb"",""pendingCount"":1}",info,"{""level"":""info""}","{""project"":""90a47e04-a329-4122-9c82-2ee75a4562c2"",""environment"":""f6319bd4-2e87-40d4-8547-4ce714038bc1"",""service"":""c236b8cb-3eff-45c5-aca0-23e73e33dc8d"",""deployment"":""69394420-c732-4ebe-a5fd-54c2d5628ea7"",""replica"":""7fc15fda-5103-4647-b7c4-6251ceb0ef53""}",2026-07-23T06:19:32.624072966Z
"2026-07-23T06:19:29.197Z [[32minfo[39m] 📤 QoS 1 message sent {""service"":""mqtt-publisher-lite"",""messageId"":44621,""topic"":""proof.mqtt/DEVICE-15/instagram"",""qos"":1}",info,"{""level"":""info""}","{""project"":""90a47e04-a329-4122-9c82-2ee75a4562c2"",""environment"":""f6319bd4-2e87-40d4-8547-4ce714038bc1"",""service"":""c236b8cb-3eff-45c5-aca0-23e73e33dc8d"",""deployment"":""69394420-c732-4ebe-a5fd-54c2d5628ea7"",""replica"":""7fc15fda-5103-4647-b7c4-6251ceb0ef53""}",2026-07-23T06:19:32.624078026Z
"2026-07-23T06:19:29.198Z [[32minfo[39m] ⏱️ Tracking QoS 1 message (30s timeout) {""service"":""mqtt-publisher-lite"",""deviceId"":""DEVICE-15"",""messageId"":44621,""topic"":""proof.mqtt/DEVICE-15/instagram"",""pendingCount"":2}",info,"{""level"":""info""}","{""project"":""90a47e04-a329-4122-9c82-2ee75a4562c2"",""environment"":""f6319bd4-2e87-40d4-8547-4ce714038bc1"",""service"":""c236b8cb-3eff-45c5-aca0-23e73e33dc8d"",""deployment"":""69394420-c732-4ebe-a5fd-54c2d5628ea7"",""replica"":""7fc15fda-5103-4647-b7c4-6251ceb0ef53""}",2026-07-23T06:19:32.624082795Z
"2026-07-23T06:19:29.276Z [[34mdebug[39m] [IG_DIRECT] No Instagram credentials (Redis proof.mqtt:device:{id} or active-devices.json) {""service"":""mqtt-publisher-lite"",""deviceId"":""DEVICE-17"",""trigger"":""scheduled""}",info,"{""level"":""info""}","{""project"":""90a47e04-a329-4122-9c82-2ee75a4562c2"",""environment"":""f6319bd4-2e87-40d4-8547-4ce714038bc1"",""service"":""c236b8cb-3eff-45c5-aca0-23e73e33dc8d"",""deployment"":""69394420-c732-4ebe-a5fd-54c2d5628ea7"",""replica"":""7fc15fda-5103-4647-b7c4-6251ceb0ef53""}",2026-07-23T06:19:32.624087685Z
"2026-07-23T06:19:29.296Z [[32minfo[39m] 📤 QoS 1 message sent {""service"":""mqtt-publisher-lite"",""messageId"":44622,""topic"":""proof.mqtt/DEVICE-15/gmb"",""qos"":1}",info,"{""level"":""info""}","{""project"":""90a47e04-a329-4122-9c82-2ee75a4562c2"",""environment"":""f6319bd4-2e87-40d4-8547-4ce714038bc1"",""service"":""c236b8cb-3eff-45c5-aca0-23e73e33dc8d"",""deployment"":""69394420-c732-4ebe-a5fd-54c2d5628ea7"",""replica"":""7fc15fda-5103-4647-b7c4-6251ceb0ef53""}",2026-07-23T06:19:32.624092435Z
"2026-07-23T06:19:29.296Z [[32minfo[39m] ⏱️ Tracking QoS 1 message (30s timeout) {""service"":""mqtt-publisher-lite"",""deviceId"":""DEVICE-15"",""messageId"":44622,""topic"":""proof.mqtt/DEVICE-15/gmb"",""pendingCount"":3}",info,"{""level"":""info""}","{""project"":""90a47e04-a329-4122-9c82-2ee75a4562c2"",""environment"":""f6319bd4-2e87-40d4-8547-4ce714038bc1"",""service"":""c236b8cb-3eff-45c5-aca0-23e73e33dc8d"",""deployment"":""69394420-c732-4ebe-a5fd-54c2d5628ea7"",""replica"":""7fc15fda-5103-4647-b7c4-6251ceb0ef53""}",2026-07-23T06:19:32.624097055Z
"2026-07-23T06:19:29.377Z [[34mdebug[39m] Instagram fetch audit written to InfluxDB {""service"":""mqtt-publisher-lite"",""deviceId"":""DEVICE-17"",""success"":false}",info,"{""level"":""info""}","{""project"":""90a47e04-a329-4122-9c82-2ee75a4562c2"",""environment"":""f6319bd4-2e87-40d4-8547-4ce714038bc1"",""service"":""c236b8cb-3eff-45c5-aca0-23e73e33dc8d"",""deployment"":""69394420-c732-4ebe-a5fd-54c2d5628ea7"",""replica"":""7fc15fda-5103-4647-b7c4-6251ceb0ef53""}",2026-07-23T06:19:32.625228396Z
"2026-07-23T06:19:29.377Z [[33mwarn[39m] [IG_SCREEN] Skipping MQTT for failed fetch {""service"":""mqtt-publisher-lite"",""deviceId"":""DEVICE-17"",""error"":""no_instagram_credentials""}",info,"{""level"":""info""}","{""project"":""90a47e04-a329-4122-9c82-2ee75a4562c2"",""environment"":""f6319bd4-2e87-40d4-8547-4ce714038bc1"",""service"":""c236b8cb-3eff-45c5-aca0-23e73e33dc8d"",""deployment"":""69394420-c732-4ebe-a5fd-54c2d5628ea7"",""replica"":""7fc15fda-5103-4647-b7c4-6251ceb0ef53""}",2026-07-23T06:19:32.625238676Z
"2026-07-23T06:19:29.378Z [[32minfo[39m] InfluxDB batch flush {""service"":""mqtt-publisher-lite"",""source"":""metrics_disk_queue_worker"",""count"":1,""lines"":[""instagram_fetch_audit,device_id=DEVICE-17,success=false,trigger_type=scheduled duration_ms=0i,error_message=\""no_instagram_credentials\"",user_id_at_time=\""unknown\"" 1784787569276000000""]}",info,"{""level"":""info""}","{""project"":""90a47e04-a329-4122-9c82-2ee75a4562c2"",""environment"":""f6319bd4-2e87-40d4-8547-4ce714038bc1"",""service"":""c236b8cb-3eff-45c5-aca0-23e73e33dc8d"",""deployment"":""69394420-c732-4ebe-a5fd-54c2d5628ea7"",""replica"":""7fc15fda-5103-4647-b7c4-6251ceb0ef53""}",2026-07-23T06:19:32.625244016Z
"2026-07-23T06:19:29.409Z [[32minfo[39m] ✅ PUBACK received {""service"":""mqtt-publisher-lite"",""messageId"":44620}",info,"{""level"":""info""}","{""project"":""90a47e04-a329-4122-9c82-2ee75a4562c2"",""environment"":""f6319bd4-2e87-40d4-8547-4ce714038bc1"",""service"":""c236b8cb-3eff-45c5-aca0-23e73e33dc8d"",""deployment"":""69394420-c732-4ebe-a5fd-54c2d5628ea7"",""replica"":""7fc15fda-5103-4647-b7c4-6251ceb0ef53""}",2026-07-23T06:19:32.625248046Z
"2026-07-23T06:19:29.409Z [[32minfo[39m] ✅ QoS 1 PUBACK confirmed {""service"":""mqtt-publisher-lite"",""deviceId"":""DEVICE-17"",""messageId"":44620,""deliveryTime"":""226ms"",""pendingCount"":2}",info,"{""level"":""info""}","{""project"":""90a47e04-a329-4122-9c82-2ee75a4562c2"",""environment"":""f6319bd4-2e87-40d4-8547-4ce714038bc1"",""service"":""c236b8cb-3eff-45c5-aca0-23e73e33dc8d"",""deployment"":""69394420-c732-4ebe-a5fd-54c2d5628ea7"",""replica"":""7fc15fda-5103-4647-b7c4-6251ceb0ef53""}",2026-07-23T06:19:32.625252816Z
"2026-07-23T06:19:29.409Z [[34mdebug[39m] ✅ [LIFECYCLE:PUBACK_OK] Device confirmed message receipt {""service"":""mqtt-publisher-lite"",""deviceId"":""DEVICE-17""}",info,"{""level"":""info""}","{""project"":""90a47e04-a329-4122-9c82-2ee75a4562c2"",""environment"":""f6319bd4-2e87-40d4-8547-4ce714038bc1"",""service"":""c236b8cb-3eff-45c5-aca0-23e73e33dc8d"",""deployment"":""69394420-c732-4ebe-a5fd-54c2d5628ea7"",""replica"":""7fc15fda-5103-4647-b7c4-6251ceb0ef53""}",2026-07-23T06:19:32.625257636Z
"2026-07-23T06:19:29.409Z [[34mdebug[39m] Message published {""service"":""mqtt-publisher-lite"",""topic"":""proof.mqtt/DEVICE-17/test-gmb"",""qos"":1,""deliveryTime"":""226ms""}",info,"{""level"":""info""}","{""project"":""90a47e04-a329-4122-9c82-2ee75a4562c2"",""environment"":""f6319bd4-2e87-40d4-8547-4ce714038bc1"",""service"":""c236b8cb-3eff-45c5-aca0-23e73e33dc8d"",""deployment"":""69394420-c732-4ebe-a5fd-54c2d5628ea7"",""replica"":""7fc15fda-5103-4647-b7c4-6251ceb0ef53""}",2026-07-23T06:19:32.625262565Z
"2026-07-23T06:19:29.409Z [[32minfo[39m] ✅ PUBACK received {""service"":""mqtt-publisher-lite"",""messageId"":44621}",info,"{""level"":""info""}","{""project"":""90a47e04-a329-4122-9c82-2ee75a4562c2"",""environment"":""f6319bd4-2e87-40d4-8547-4ce714038bc1"",""service"":""c236b8cb-3eff-45c5-aca0-23e73e33dc8d"",""deployment"":""69394420-c732-4ebe-a5fd-54c2d5628ea7"",""replica"":""7fc15fda-5103-4647-b7c4-6251ceb0ef53""}",2026-07-23T06:19:32.625266225Z
"2026-07-23T06:19:29.409Z [[32minfo[39m] ✅ QoS 1 PUBACK confirmed {""service"":""mqtt-publisher-lite"",""deviceId"":""DEVICE-15"",""messageId"":44621,""deliveryTime"":""211ms"",""pendingCount"":1}",info,"{""level"":""info""}","{""project"":""90a47e04-a329-4122-9c82-2ee75a4562c2"",""environment"":""f6319bd4-2e87-40d4-8547-4ce714038bc1"",""service"":""c236b8cb-3eff-45c5-aca0-23e73e33dc8d"",""deployment"":""69394420-c732-4ebe-a5fd-54c2d5628ea7"",""replica"":""7fc15fda-5103-4647-b7c4-6251ceb0ef53""}",2026-07-23T06:19:32.625270235Z
"2026-07-23T06:19:29.409Z [[34mdebug[39m] ✅ [LIFECYCLE:PUBACK_OK] Device confirmed message receipt {""service"":""mqtt-publisher-lite"",""deviceId"":""DEVICE-15""}",info,"{""level"":""info""}","{""project"":""90a47e04-a329-4122-9c82-2ee75a4562c2"",""environment"":""f6319bd4-2e87-40d4-8547-4ce714038bc1"",""service"":""c236b8cb-3eff-45c5-aca0-23e73e33dc8d"",""deployment"":""69394420-c732-4ebe-a5fd-54c2d5628ea7"",""replica"":""7fc15fda-5103-4647-b7c4-6251ceb0ef53""}",2026-07-23T06:19:32.625274175Z
"2026-07-23T06:19:29.409Z [[34mdebug[39m] Message published {""service"":""mqtt-publisher-lite"",""topic"":""proof.mqtt/DEVICE-15/instagram"",""qos"":1,""deliveryTime"":""212ms""}",info,"{""level"":""info""}","{""project"":""90a47e04-a329-4122-9c82-2ee75a4562c2"",""environment"":""f6319bd4-2e87-40d4-8547-4ce714038bc1"",""service"":""c236b8cb-3eff-45c5-aca0-23e73e33dc8d"",""deployment"":""69394420-c732-4ebe-a5fd-54c2d5628ea7"",""replica"":""7fc15fda-5103-4647-b7c4-6251ceb0ef53""}",2026-07-23T06:19:32.626769503Z
"2026-07-23T06:19:29.409Z [[34mdebug[39m] Message received {""service"":""mqtt-publisher-lite"",""topic"":""proof.mqtt/DEVICE-15/instagram"",""size"":227,""retain"":false}",info,"{""level"":""info""}","{""project"":""90a47e04-a329-4122-9c82-2ee75a4562c2"",""environment"":""f6319bd4-2e87-40d4-8547-4ce714038bc1"",""service"":""c236b8cb-3eff-45c5-aca0-23e73e33dc8d"",""deployment"":""69394420-c732-4ebe-a5fd-54c2d5628ea7"",""replica"":""7fc15fda-5103-4647-b7c4-6251ceb0ef53""}",2026-07-23T06:19:32.626775613Z
"2026-07-23T06:19:29.410Z [[34mdebug[39m] Skipping echo message {""service"":""mqtt-publisher-lite"",""topic"":""proof.mqtt/DEVICE-15/instagram"",""age"":""1ms""}",info,"{""level"":""info""}","{""project"":""90a47e04-a329-4122-9c82-2ee75a4562c2"",""environment"":""f6319bd4-2e87-40d4-8547-4ce714038bc1"",""service"":""c236b8cb-3eff-45c5-aca0-23e73e33dc8d"",""deployment"":""69394420-c732-4ebe-a5fd-54c2d5628ea7"",""replica"":""7fc15fda-5103-4647-b7c4-6251ceb0ef53""}",2026-07-23T06:19:32.626779263Z
"2026-07-23T06:19:29.410Z [[34mdebug[39m] Screen message received {""service"":""mqtt-publisher-lite"",""topic"":""proof.mqtt/DEVICE-15/instagram"",""screen"":""instagram""}",info,"{""level"":""info""}","{""project"":""90a47e04-a329-4122-9c82-2ee75a4562c2"",""environment"":""f6319bd4-2e87-40d4-8547-4ce714038bc1"",""service"":""c236b8cb-3eff-45c5-aca0-23e73e33dc8d"",""deployment"":""69394420-c732-4ebe-a5fd-54c2d5628ea7"",""replica"":""7fc15fda-5103-4647-b7c4-6251ceb0ef53""}",2026-07-23T06:19:32.626782533Z
"2026-07-23T06:19:29.410Z [[34mdebug[39m] Published test-gmb screen {""service"":""mqtt-publisher-lite"",""deviceId"":""DEVICE-17"",""reviews"":421,""milestone"":425}",info,"{""level"":""info""}","{""project"":""90a47e04-a329-4122-9c82-2ee75a4562c2"",""environment"":""f6319bd4-2e87-40d4-8547-4ce714038bc1"",""service"":""c236b8cb-3eff-45c5-aca0-23e73e33dc8d"",""deployment"":""69394420-c732-4ebe-a5fd-54c2d5628ea7"",""replica"":""7fc15fda-5103-4647-b7c4-6251ceb0ef53""}",2026-07-23T06:19:32.626786193Z
"2026-07-23T06:19:29.446Z [[34mdebug[39m] [STIM] Device not active — skip tick {""service"":""mqtt-publisher-lite"",""deviceId"":""DEVICE-13"",""platform"":""instagram""}",info,"{""level"":""info""}","{""project"":""90a47e04-a329-4122-9c82-2ee75a4562c2"",""environment"":""f6319bd4-2e87-40d4-8547-4ce714038bc1"",""service"":""c236b8cb-3eff-45c5-aca0-23e73e33dc8d"",""deployment"":""69394420-c732-4ebe-a5fd-54c2d5628ea7"",""replica"":""7fc15fda-5103-4647-b7c4-6251ceb0ef53""}",2026-07-23T06:19:32.626789563Z
"2026-07-23T06:19:29.509Z [[32minfo[39m] ✅ PUBACK received {""service"":""mqtt-publisher-lite"",""messageId"":44622}",info,"{""level"":""info""}","{""project"":""90a47e04-a329-4122-9c82-2ee75a4562c2"",""environment"":""f6319bd4-2e87-40d4-8547-4ce714038bc1"",""service"":""c236b8cb-3eff-45c5-aca0-23e73e33dc8d"",""deployment"":""69394420-c732-4ebe-a5fd-54c2d5628ea7"",""replica"":""7fc15fda-5103-4647-b7c4-6251ceb0ef53""}",2026-07-23T06:19:32.626792413Z
"2026-07-23T06:19:29.510Z [[32minfo[39m] ✅ QoS 1 PUBACK confirmed {""service"":""mqtt-publisher-lite"",""deviceId"":""DEVICE-15"",""messageId"":44622,""deliveryTime"":""214ms"",""pendingCount"":0}",info,"{""level"":""info""}","{""project"":""90a47e04-a329-4122-9c82-2ee75a4562c2"",""environment"":""f6319bd4-2e87-40d4-8547-4ce714038bc1"",""service"":""c236b8cb-3eff-45c5-aca0-23e73e33dc8d"",""deployment"":""69394420-c732-4ebe-a5fd-54c2d5628ea7"",""replica"":""7fc15fda-5103-4647-b7c4-6251ceb0ef53""}",2026-07-23T06:19:32.626795373Z
"2026-07-23T06:19:29.510Z [[34mdebug[39m] ✅ [LIFECYCLE:PUBACK_OK] Device confirmed message receipt {""service"":""mqtt-publisher-lite"",""deviceId"":""DEVICE-15""}",info,"{""level"":""info""}","{""project"":""90a47e04-a329-4122-9c82-2ee75a4562c2"",""environment"":""f6319bd4-2e87-40d4-8547-4ce714038bc1"",""service"":""c236b8cb-3eff-45c5-aca0-23e73e33dc8d"",""deployment"":""69394420-c732-4ebe-a5fd-54c2d5628ea7"",""replica"":""7fc15fda-5103-4647-b7c4-6251ceb0ef53""}",2026-07-23T06:19:32.626798882Z
"2026-07-23T06:19:29.510Z [[34mdebug[39m] Message published {""service"":""mqtt-publisher-lite"",""topic"":""proof.mqtt/DEVICE-15/gmb"",""qos"":1,""deliveryTime"":""214ms""}",info,"{""level"":""info""}","{""project"":""90a47e04-a329-4122-9c82-2ee75a4562c2"",""environment"":""f6319bd4-2e87-40d4-8547-4ce714038bc1"",""service"":""c236b8cb-3eff-45c5-aca0-23e73e33dc8d"",""deployment"":""69394420-c732-4ebe-a5fd-54c2d5628ea7"",""replica"":""7fc15fda-5103-4647-b7c4-6251ceb0ef53""}",2026-07-23T06:19:32.626803092Z
"2026-07-23T06:19:29.510Z [[34mdebug[39m] Message received {""service"":""mqtt-publisher-lite"",""topic"":""proof.mqtt/DEVICE-15/gmb"",""size"":245,""retain"":false}",info,"{""level"":""info""}","{""project"":""90a47e04-a329-4122-9c82-2ee75a4562c2"",""environment"":""f6319bd4-2e87-40d4-8547-4ce714038bc1"",""service"":""c236b8cb-3eff-45c5-aca0-23e73e33dc8d"",""deployment"":""69394420-c732-4ebe-a5fd-54c2d5628ea7"",""replica"":""7fc15fda-5103-4647-b7c4-6251ceb0ef53""}",2026-07-23T06:19:32.626806792Z
"2026-07-23T06:19:29.510Z [[34mdebug[39m] Skipping echo message {""service"":""mqtt-publisher-lite"",""topic"":""proof.mqtt/DEVICE-15/gmb"",""age"":""0ms""}",info,"{""level"":""info""}","{""project"":""90a47e04-a329-4122-9c82-2ee75a4562c2"",""environment"":""f6319bd4-2e87-40d4-8547-4ce714038bc1"",""service"":""c236b8cb-3eff-45c5-aca0-23e73e33dc8d"",""deployment"":""69394420-c732-4ebe-a5fd-54c2d5628ea7"",""replica"":""7fc15fda-5103-4647-b7c4-6251ceb0ef53""}",2026-07-23T06:19:32.628712046Z
"2026-07-23T06:19:29.510Z [[34mdebug[39m] Screen message received {""service"":""mqtt-publisher-lite"",""topic"":""proof.mqtt/DEVICE-15/gmb"",""screen"":""gmb""}",info,"{""level"":""info""}","{""project"":""90a47e04-a329-4122-9c82-2ee75a4562c2"",""environment"":""f6319bd4-2e87-40d4-8547-4ce714038bc1"",""service"":""c236b8cb-3eff-45c5-aca0-23e73e33dc8d"",""deployment"":""69394420-c732-4ebe-a5fd-54c2d5628ea7"",""replica"":""7fc15fda-5103-4647-b7c4-6251ceb0ef53""}",2026-07-23T06:19:32.628717456Z
"2026-07-23T06:19:29.513Z [[32minfo[39m] [STIM_IG] Published {""service"":""mqtt-publisher-lite"",""deviceId"":""DEVICE-15"",""followers"":9,""target"":500,""mode"":""synthetic"",""achievement"":10,""celebration"":""false"",""done"":false}",info,"{""level"":""info""}","{""project"":""90a47e04-a329-4122-9c82-2ee75a4562c2"",""environment"":""f6319bd4-2e87-40d4-8547-4ce714038bc1"",""service"":""c236b8cb-3eff-45c5-aca0-23e73e33dc8d"",""deployment"":""69394420-c732-4ebe-a5fd-54c2d5628ea7"",""replica"":""7fc15fda-5103-4647-b7c4-6251ceb0ef53""}",2026-07-23T06:19:32.628721476Z
"2026-07-23T06:19:29.514Z [[34mdebug[39m] [STIM] Device not active — skip tick {""service"":""mqtt-publisher-lite"",""deviceId"":""DEVICE-13"",""platform"":""gmb""}",info,"{""level"":""info""}","{""project"":""90a47e04-a329-4122-9c82-2ee75a4562c2"",""environment"":""f6319bd4-2e87-40d4-8547-4ce714038bc1"",""service"":""c236b8cb-3eff-45c5-aca0-23e73e33dc8d"",""deployment"":""69394420-c732-4ebe-a5fd-54c2d5628ea7"",""replica"":""7fc15fda-5103-4647-b7c4-6251ceb0ef53""}",2026-07-23T06:19:32.628724716Z
"2026-07-23T06:19:29.551Z [[34mdebug[39m] 📤 [PUBLISH_CYCLE] Publishing all screens to device {""service"":""mqtt-publisher-lite"",""deviceId"":""DEVICE-17""}",info,"{""level"":""info""}","{""project"":""90a47e04-a329-4122-9c82-2ee75a4562c2"",""environment"":""f6319bd4-2e87-40d4-8547-4ce714038bc1"",""service"":""c236b8cb-3eff-45c5-aca0-23e73e33dc8d"",""deployment"":""69394420-c732-4ebe-a5fd-54c2d5628ea7"",""replica"":""7fc15fda-5103-4647-b7c4-6251ceb0ef53""}",2026-07-23T06:19:32.628728256Z
"2026-07-23T06:19:29.614Z [[32minfo[39m] [STIM_GMB] Published {""service"":""mqtt-publisher-lite"",""deviceId"":""DEVICE-15"",""reviews"":7,""target"":100,""mode"":""synthetic"",""celebration"":""false"",""done"":false}",info,"{""level"":""info""}","{""project"":""90a47e04-a329-4122-9c82-2ee75a4562c2"",""environment"":""f6319bd4-2e87-40d4-8547-4ce714038bc1"",""service"":""c236b8cb-3eff-45c5-aca0-23e73e33dc8d"",""deployment"":""69394420-c732-4ebe-a5fd-54c2d5628ea7"",""replica"":""7fc15fda-5103-4647-b7c4-6251ceb0ef53""}",2026-07-23T06:19:32.628732026Z
"2026-07-23T06:19:29.678Z [[32minfo[39m] [PROMOTION] Default canvas not published {""service"":""mqtt-publisher-lite"",""deviceId"":""DEVICE-17"",""topic"":""proof.mqtt/DEVICE-17/promotion"",""reason"":""unchanged""}",info,"{""level"":""info""}","{""project"":""90a47e04-a329-4122-9c82-2ee75a4562c2"",""environment"":""f6319bd4-2e87-40d4-8547-4ce714038bc1"",""service"":""c236b8cb-3eff-45c5-aca0-23e73e33dc8d"",""deployment"":""69394420-c732-4ebe-a5fd-54c2d5628ea7"",""replica"":""7fc15fda-5103-4647-b7c4-6251ceb0ef53""}",2026-07-23T06:19:32.628735026Z
"2026-07-23T06:19:29.778Z [[34mdebug[39m] [STIM_SKIP] StatsPublisher skipping stim device {""service"":""mqtt-publisher-lite"",""deviceId"":""DEVICE-19""}",info,"{""level"":""info""}","{""project"":""90a47e04-a329-4122-9c82-2ee75a4562c2"",""environment"":""f6319bd4-2e87-40d4-8547-4ce714038bc1"",""service"":""c236b8cb-3eff-45c5-aca0-23e73e33dc8d"",""deployment"":""69394420-c732-4ebe-a5fd-54c2d5628ea7"",""replica"":""7fc15fda-5103-4647-b7c4-6251ceb0ef53""}",2026-07-23T06:19:32.628738126Z
"2026-07-23T06:19:29.778Z [[34mdebug[39m] [STIM_SKIP] StatsPublisher skipping stim device {""service"":""mqtt-publisher-lite"",""deviceId"":""DEVICE-15""}",info,"{""level"":""info""}","{""project"":""90a47e04-a329-4122-9c82-2ee75a4562c2"",""environment"":""f6319bd4-2e87-40d4-8547-4ce714038bc1"",""service"":""c236b8cb-3eff-45c5-aca0-23e73e33dc8d"",""deployment"":""69394420-c732-4ebe-a5fd-54c2d5628ea7"",""replica"":""7fc15fda-5103-4647-b7c4-6251ceb0ef53""}",2026-07-23T06:19:32.628741226Z
"2026-07-23T06:19:30.956Z [[34mdebug[39m] Message received {""service"":""mqtt-publisher-lite"",""topic"":""proof.mqtt/DEVICE-13/active"",""size"":214,""retain"":false}",info,"{""level"":""info""}","{""project"":""90a47e04-a329-4122-9c82-2ee75a4562c2"",""environment"":""f6319bd4-2e87-40d4-8547-4ce714038bc1"",""service"":""c236b8cb-3eff-45c5-aca0-23e73e33dc8d"",""deployment"":""69394420-c732-4ebe-a5fd-54c2d5628ea7"",""replica"":""7fc15fda-5103-4647-b7c4-6251ceb0ef53""}",2026-07-23T06:19:32.628744056Z
"2026-07-23T06:19:30.956Z [[32minfo[39m] 📱 Device Registration Received {""service"":""mqtt-publisher-lite"",""deviceId"":""DEVICE-13"",""type"":""device_registration""}",info,"{""level"":""info""}","{""project"":""90a47e04-a329-4122-9c82-2ee75a4562c2"",""environment"":""f6319bd4-2e87-40d4-8547-4ce714038bc1"",""service"":""c236b8cb-3eff-45c5-aca0-23e73e33dc8d"",""deployment"":""69394420-c732-4ebe-a5fd-54c2d5628ea7"",""replica"":""7fc15fda-5103-4647-b7c4-6251ceb0ef53""}",2026-07-23T06:19:32.630231714Z
"2026-07-23T06:19:31.085Z [[32minfo[39m] ✅ Existing device reconnected {""service"":""mqtt-publisher-lite"",""deviceId"":""DEVICE-13""}",info,"{""level"":""info""}","{""project"":""90a47e04-a329-4122-9c82-2ee75a4562c2"",""environment"":""f6319bd4-2e87-40d4-8547-4ce714038bc1"",""service"":""c236b8cb-3eff-45c5-aca0-23e73e33dc8d"",""deployment"":""69394420-c732-4ebe-a5fd-54c2d5628ea7"",""replica"":""7fc15fda-5103-4647-b7c4-6251ceb0ef53""}",2026-07-23T06:19:32.630239344Z
"2026-07-23T06:19:31.085Z [[32minfo[39m] 📤 QoS 1 message sent {""service"":""mqtt-publisher-lite"",""messageId"":44623,""topic"":""proof.mqtt/DEVICE-13/registration_ack"",""qos"":1}",info,"{""level"":""info""}","{""project"":""90a47e04-a329-4122-9c82-2ee75a4562c2"",""environment"":""f6319bd4-2e87-40d4-8547-4ce714038bc1"",""service"":""c236b8cb-3eff-45c5-aca0-23e73e33dc8d"",""deployment"":""69394420-c732-4ebe-a5fd-54c2d5628ea7"",""replica"":""7fc15fda-5103-4647-b7c4-6251ceb0ef53""}",2026-07-23T06:19:32.630245504Z
"2026-07-23T06:19:31.086Z [[32minfo[39m] ⏱️ Tracking QoS 1 message (30s timeout) {""service"":""mqtt-publisher-lite"",""deviceId"":""DEVICE-13"",""messageId"":44623,""topic"":""proof.mqtt/DEVICE-13/registration_ack"",""pendingCount"":1}",info,"{""level"":""info""}","{""project"":""90a47e04-a329-4122-9c82-2ee75a4562c2"",""environment"":""f6319bd4-2e87-40d4-8547-4ce714038bc1"",""service"":""c236b8cb-3eff-45c5-aca0-23e73e33dc8d"",""deployment"":""69394420-c732-4ebe-a5fd-54c2d5628ea7"",""replica"":""7fc15fda-5103-4647-b7c4-6251ceb0ef53""}",2026-07-23T06:19:32.630250274Z
"2026-07-23T06:19:31.297Z [[32minfo[39m] ✅ PUBACK received {""service"":""mqtt-publisher-lite"",""messageId"":44623}",info,"{""level"":""info""}","{""project"":""90a47e04-a329-4122-9c82-2ee75a4562c2"",""environment"":""f6319bd4-2e87-40d4-8547-4ce714038bc1"",""service"":""c236b8cb-3eff-45c5-aca0-23e73e33dc8d"",""deployment"":""69394420-c732-4ebe-a5fd-54c2d5628ea7"",""replica"":""7fc15fda-5103-4647-b7c4-6251ceb0ef53""}",2026-07-23T06:19:32.630255184Z
"2026-07-23T06:19:31.298Z [[32minfo[39m] ✅ QoS 1 PUBACK confirmed {""service"":""mqtt-publisher-lite"",""deviceId"":""DEVICE-13"",""messageId"":44623,""deliveryTime"":""212ms"",""pendingCount"":0}",info,"{""level"":""info""}","{""project"":""90a47e04-a329-4122-9c82-2ee75a4562c2"",""environment"":""f6319bd4-2e87-40d4-8547-4ce714038bc1"",""service"":""c236b8cb-3eff-45c5-aca0-23e73e33dc8d"",""deployment"":""69394420-c732-4ebe-a5fd-54c2d5628ea7"",""replica"":""7fc15fda-5103-4647-b7c4-6251ceb0ef53""}",2026-07-23T06:19:32.630259844Z
"2026-07-23T06:19:31.298Z [[34mdebug[39m] ✅ [LIFECYCLE:PUBACK_OK] Device confirmed message receipt {""service"":""mqtt-publisher-lite"",""deviceId"":""DEVICE-13""}",info,"{""level"":""info""}","{""project"":""90a47e04-a329-4122-9c82-2ee75a4562c2"",""environment"":""f6319bd4-2e87-40d4-8547-4ce714038bc1"",""service"":""c236b8cb-3eff-45c5-aca0-23e73e33dc8d"",""deployment"":""69394420-c732-4ebe-a5fd-54c2d5628ea7"",""replica"":""7fc15fda-5103-4647-b7c4-6251ceb0ef53""}",2026-07-23T06:19:32.630264764Z
"2026-07-23T06:19:31.298Z [[34mdebug[39m] Message published {""service"":""mqtt-publisher-lite"",""topic"":""proof.mqtt/DEVICE-13/registration_ack"",""qos"":1,""deliveryTime"":""213ms""}",info,"{""level"":""info""}","{""project"":""90a47e04-a329-4122-9c82-2ee75a4562c2"",""environment"":""f6319bd4-2e87-40d4-8547-4ce714038bc1"",""service"":""c236b8cb-3eff-45c5-aca0-23e73e33dc8d"",""deployment"":""69394420-c732-4ebe-a5fd-54c2d5628ea7"",""replica"":""7fc15fda-5103-4647-b7c4-6251ceb0ef53""}",2026-07-23T06:19:32.630269523Z
"2026-07-23T06:19:31.298Z [[32minfo[39m] 📤 Registration response sent {""service"":""mqtt-publisher-lite"",""deviceId"":""DEVICE-13"",""success"":true,""isNewDevice"":false}",info,"{""level"":""info""}","{""project"":""90a47e04-a329-4122-9c82-2ee75a4562c2"",""environment"":""f6319bd4-2e87-40d4-8547-4ce714038bc1"",""service"":""c236b8cb-3eff-45c5-aca0-23e73e33dc8d"",""deployment"":""69394420-c732-4ebe-a5fd-54c2d5628ea7"",""replica"":""7fc15fda-5103-4647-b7c4-6251ceb0ef53""}",2026-07-23T06:19:32.630274203Z
"2026-07-23T06:19:31.298Z [[32minfo[39m] 📋 [LIFECYCLE:REGISTER] Caching device in Redis active list {""service"":""mqtt-publisher-lite"",""deviceId"":""DEVICE-13""}",info,"{""level"":""info""}","{""project"":""90a47e04-a329-4122-9c82-2ee75a4562c2"",""environment"":""f6319bd4-2e87-40d4-8547-4ce714038bc1"",""service"":""c236b8cb-3eff-45c5-aca0-23e73e33dc8d"",""deployment"":""69394420-c732-4ebe-a5fd-54c2d5628ea7"",""replica"":""7fc15fda-5103-4647-b7c4-6251ceb0ef53""}",2026-07-23T06:19:32.630279273Z
"2026-07-23T06:19:31.298Z [[32minfo[39m] 📋 [LIFECYCLE:CACHE] Step 1/2 — Device lookup (MongoDB) {""service"":""mqtt-publisher-lite"",""deviceId"":""DEVICE-13""}",info,"{""level"":""info""}","{""project"":""90a47e04-a329-4122-9c82-2ee75a4562c2"",""environment"":""f6319bd4-2e87-40d4-8547-4ce714038bc1"",""service"":""c236b8cb-3eff-45c5-aca0-23e73e33dc8d"",""deployment"":""69394420-c732-4ebe-a5fd-54c2d5628ea7"",""replica"":""7fc15fda-5103-4647-b7c4-6251ceb0ef53""}",2026-07-23T06:19:32.631424294Z
"2026-07-23T06:19:31.434Z [[32minfo[39m] 📋 [LIFECYCLE:CACHE] Step 2/2 — Social (Instagram) for device {""service"":""mqtt-publisher-lite"",""deviceId"":""DEVICE-13"",""userId"":""6937af58f950f0f5356a1599"",""deviceStatus"":""ACTIVE""}",info,"{""level"":""info""}","{""project"":""90a47e04-a329-4122-9c82-2ee75a4562c2"",""environment"":""f6319bd4-2e87-40d4-8547-4ce714038bc1"",""service"":""c236b8cb-3eff-45c5-aca0-23e73e33dc8d"",""deployment"":""69394420-c732-4ebe-a5fd-54c2d5628ea7"",""replica"":""7fc15fda-5103-4647-b7c4-6251ceb0ef53""}",2026-07-23T06:19:32.631428834Z
"2026-07-23T06:19:31.560Z [[33mwarn[39m] 📋 [LIFECYCLE:CACHE] No INSTAGRAM `Social` row for owner — add Instagram for this user in the web app {""service"":""mqtt-publisher-lite"",""deviceId"":""DEVICE-13"",""userId"":""6937af58f950f0f5356a1599""}",info,"{""level"":""info""}","{""project"":""90a47e04-a329-4122-9c82-2ee75a4562c2"",""environment"":""f6319bd4-2e87-40d4-8547-4ce714038bc1"",""service"":""c236b8cb-3eff-45c5-aca0-23e73e33dc8d"",""deployment"":""69394420-c732-4ebe-a5fd-54c2d5628ea7"",""replica"":""7fc15fda-5103-4647-b7c4-6251ceb0ef53""}",2026-07-23T06:19:32.631432514Z
"2026-07-23T06:19:31.561Z [[32minfo[39m] 📋 [LIFECYCLE:CACHE] Active device record written (Mongo → file + Redis IG key) {""service"":""mqtt-publisher-lite"",""deviceId"":""DEVICE-13"",""userId"":""6937af58f950f0f5356a1599"",""instagramFromSocial"":false}",info,"{""level"":""info""}","{""project"":""90a47e04-a329-4122-9c82-2ee75a4562c2"",""environment"":""f6319bd4-2e87-40d4-8547-4ce714038bc1"",""service"":""c236b8cb-3eff-45c5-aca0-23e73e33dc8d"",""deployment"":""69394420-c732-4ebe-a5fd-54c2d5628ea7"",""replica"":""7fc15fda-5103-4647-b7c4-6251ceb0ef53""}",2026-07-23T06:19:32.631435864Z
"2026-07-23T06:19:31.891Z [[32minfo[39m] [STIM] /active — cache expired or missing, resetting ramp from scratch {""service"":""mqtt-publisher-lite"",""deviceId"":""DEVICE-13""}",info,"{""level"":""info""}","{""project"":""90a47e04-a329-4122-9c82-2ee75a4562c2"",""environment"":""f6319bd4-2e87-40d4-8547-4ce714038bc1"",""service"":""c236b8cb-3eff-45c5-aca0-23e73e33dc8d"",""deployment"":""69394420-c732-4ebe-a5fd-54c2d5628ea7"",""replica"":""7fc15fda-5103-4647-b7c4-6251ceb0ef53""}",2026-07-23T06:19:32.631439264Z
"2026-07-23T06:19:31.891Z [[32minfo[39m] 📋 [LIFECYCLE:REGISTER] Device registration complete {""service"":""mqtt-publisher-lite"",""deviceId"":""DEVICE-13""}",info,"{""level"":""info""}","{""project"":""90a47e04-a329-4122-9c82-2ee75a4562c2"",""environment"":""f6319bd4-2e87-40d4-8547-4ce714038bc1"",""service"":""c236b8cb-3eff-45c5-aca0-23e73e33dc8d"",""deployment"":""69394420-c732-4ebe-a5fd-54c2d5628ea7"",""replica"":""7fc15fda-5103-4647-b7c4-6251ceb0ef53""}",2026-07-23T06:19:32.631442434Z
"2026-07-23T06:19:31.994Z [[32minfo[39m] 📤 QoS 1 message sent {""service"":""mqtt-publisher-lite"",""messageId"":44624,""topic"":""proof.mqtt/DEVICE-13/instagram"",""qos"":1}",info,"{""level"":""info""}","{""project"":""90a47e04-a329-4122-9c82-2ee75a4562c2"",""environment"":""f6319bd4-2e87-40d4-8547-4ce714038bc1"",""service"":""c236b8cb-3eff-45c5-aca0-23e73e33dc8d"",""deployment"":""69394420-c732-4ebe-a5fd-54c2d5628ea7"",""replica"":""7fc15fda-5103-4647-b7c4-6251ceb0ef53""}",2026-07-23T06:19:32.631445364Z
"2026-07-23T06:19:31.994Z [[32minfo[39m] ⏱️ Tracking QoS 1 message (30s timeout) {""service"":""mqtt-publisher-lite"",""deviceId"":""DEVICE-13"",""messageId"":44624,""topic"":""proof.mqtt/DEVICE-13/instagram"",""pendingCount"":1}",info,"{""level"":""info""}","{""project"":""90a47e04-a329-4122-9c82-2ee75a4562c2"",""environment"":""f6319bd4-2e87-40d4-8547-4ce714038bc1"",""service"":""c236b8cb-3eff-45c5-aca0-23e73e33dc8d"",""deployment"":""69394420-c732-4ebe-a5fd-54c2d5628ea7"",""replica"":""7fc15fda-5103-4647-b7c4-6251ceb0ef53""}",2026-07-23T06:19:32.631448364Z
"2026-07-23T06:19:32.095Z [[32minfo[39m] 📤 QoS 1 message sent {""service"":""mqtt-publisher-lite"",""messageId"":44625,""topic"":""proof.mqtt/DEVICE-13/gmb"",""qos"":1}",info,"{""level"":""info""}","{""project"":""90a47e04-a329-4122-9c82-2ee75a4562c2"",""environment"":""f6319bd4-2e87-40d4-8547-4ce714038bc1"",""service"":""c236b8cb-3eff-45c5-aca0-23e73e33dc8d"",""deployment"":""69394420-c732-4ebe-a5fd-54c2d5628ea7"",""replica"":""7fc15fda-5103-4647-b7c4-6251ceb0ef53""}",2026-07-23T06:19:32.631453804Z
"2026-07-23T06:19:32.095Z [[32minfo[39m] ⏱️ Tracking QoS 1 message (30s timeout) {""service"":""mqtt-publisher-lite"",""deviceId"":""DEVICE-13"",""messageId"":44625,""topic"":""proof.mqtt/DEVICE-13/gmb"",""pendingCount"":2}",info,"{""level"":""info""}","{""project"":""90a47e04-a329-4122-9c82-2ee75a4562c2"",""environment"":""f6319bd4-2e87-40d4-8547-4ce714038bc1"",""service"":""c236b8cb-3eff-45c5-aca0-23e73e33dc8d"",""deployment"":""69394420-c732-4ebe-a5fd-54c2d5628ea7"",""replica"":""7fc15fda-5103-4647-b7c4-6251ceb0ef53""}",2026-07-23T06:19:32.632746803Z
"2026-07-23T06:19:32.125Z [[32minfo[39m] [USER_INTEGRATIONS] Cached {""service"":""mqtt-publisher-lite"",""userId"":""6937af58f950f0f5356a1599"",""hasInstagram"":false,""hasGmb"":false,""posPlatform"":null}",info,"{""level"":""info""}","{""project"":""90a47e04-a329-4122-9c82-2ee75a4562c2"",""environment"":""f6319bd4-2e87-40d4-8547-4ce714038bc1"",""service"":""c236b8cb-3eff-45c5-aca0-23e73e33dc8d"",""deployment"":""69394420-c732-4ebe-a5fd-54c2d5628ea7"",""replica"":""7fc15fda-5103-4647-b7c4-6251ceb0ef53""}",2026-07-23T06:19:32.632752043Z
"2026-07-23T06:19:32.204Z [[32minfo[39m] ✅ PUBACK received {""service"":""mqtt-publisher-lite"",""messageId"":44624}",info,"{""level"":""info""}","{""project"":""90a47e04-a329-4122-9c82-2ee75a4562c2"",""environment"":""f6319bd4-2e87-40d4-8547-4ce714038bc1"",""service"":""c236b8cb-3eff-45c5-aca0-23e73e33dc8d"",""deployment"":""69394420-c732-4ebe-a5fd-54c2d5628ea7"",""replica"":""7fc15fda-5103-4647-b7c4-6251ceb0ef53""}",2026-07-23T06:19:32.632756083Z
"2026-07-23T06:19:32.204Z [[32minfo[39m] ✅ QoS 1 PUBACK confirmed {""service"":""mqtt-publisher-lite"",""deviceId"":""DEVICE-13"",""messageId"":44624,""deliveryTime"":""210ms"",""pendingCount"":1}",info,"{""level"":""info""}","{""project"":""90a47e04-a329-4122-9c82-2ee75a4562c2"",""environment"":""f6319bd4-2e87-40d4-8547-4ce714038bc1"",""service"":""c236b8cb-3eff-45c5-aca0-23e73e33dc8d"",""deployment"":""69394420-c732-4ebe-a5fd-54c2d5628ea7"",""replica"":""7fc15fda-5103-4647-b7c4-6251ceb0ef53""}",2026-07-23T06:19:32.632760143Z
"2026-07-23T06:19:32.204Z [[34mdebug[39m] ✅ [LIFECYCLE:PUBACK_OK] Device confirmed message receipt {""service"":""mqtt-publisher-lite"",""deviceId"":""DEVICE-13""}",info,"{""level"":""info""}","{""project"":""90a47e04-a329-4122-9c82-2ee75a4562c2"",""environment"":""f6319bd4-2e87-40d4-8547-4ce714038bc1"",""service"":""c236b8cb-3eff-45c5-aca0-23e73e33dc8d"",""deployment"":""69394420-c732-4ebe-a5fd-54c2d5628ea7"",""replica"":""7fc15fda-5103-4647-b7c4-6251ceb0ef53""}",2026-07-23T06:19:32.632764143Z
"2026-07-23T06:19:32.204Z [[34mdebug[39m] Message published {""service"":""mqtt-publisher-lite"",""topic"":""proof.mqtt/DEVICE-13/instagram"",""qos"":1,""deliveryTime"":""211ms""}",info,"{""level"":""info""}","{""project"":""90a47e04-a329-4122-9c82-2ee75a4562c2"",""environment"":""f6319bd4-2e87-40d4-8547-4ce714038bc1"",""service"":""c236b8cb-3eff-45c5-aca0-23e73e33dc8d"",""deployment"":""69394420-c732-4ebe-a5fd-54c2d5628ea7"",""replica"":""7fc15fda-5103-4647-b7c4-6251ceb0ef53""}",2026-07-23T06:19:32.632767973Z
"2026-07-23T06:19:32.205Z [[34mdebug[39m] Message received {""service"":""mqtt-publisher-lite"",""topic"":""proof.mqtt/DEVICE-13/instagram"",""size"":226,""retain"":false}",info,"{""level"":""info""}","{""project"":""90a47e04-a329-4122-9c82-2ee75a4562c2"",""environment"":""f6319bd4-2e87-40d4-8547-4ce714038bc1"",""service"":""c236b8cb-3eff-45c5-aca0-23e73e33dc8d"",""deployment"":""69394420-c732-4ebe-a5fd-54c2d5628ea7"",""replica"":""7fc15fda-5103-4647-b7c4-6251ceb0ef53""}",2026-07-23T06:19:32.632771903Z
"2026-07-23T06:19:32.205Z [[34mdebug[39m] Skipping echo message {""service"":""mqtt-publisher-lite"",""topic"":""proof.mqtt/DEVICE-13/instagram"",""age"":""1ms""}",info,"{""level"":""info""}","{""project"":""90a47e04-a329-4122-9c82-2ee75a4562c2"",""environment"":""f6319bd4-2e87-40d4-8547-4ce714038bc1"",""service"":""c236b8cb-3eff-45c5-aca0-23e73e33dc8d"",""deployment"":""69394420-c732-4ebe-a5fd-54c2d5628ea7"",""replica"":""7fc15fda-5103-4647-b7c4-6251ceb0ef53""}",2026-07-23T06:19:32.632776173Z
"2026-07-23T06:19:32.205Z [[34mdebug[39m] Screen message received {""service"":""mqtt-publisher-lite"",""topic"":""proof.mqtt/DEVICE-13/instagram"",""screen"":""instagram""}",info,"{""level"":""info""}","{""project"":""90a47e04-a329-4122-9c82-2ee75a4562c2"",""environment"":""f6319bd4-2e87-40d4-8547-4ce714038bc1"",""service"":""c236b8cb-3eff-45c5-aca0-23e73e33dc8d"",""deployment"":""69394420-c732-4ebe-a5fd-54c2d5628ea7"",""replica"":""7fc15fda-5103-4647-b7c4-6251ceb0ef53""}",2026-07-23T06:19:32.632780713Z
"2026-07-23T06:19:32.305Z [[32minfo[39m] [STIM_IG] Published {""service"":""mqtt-publisher-lite"",""deviceId"":""DEVICE-13"",""followers"":3,""target"":500,""mode"":""synthetic"",""achievement"":5,""celebration"":""false"",""done"":false}",info,"{""level"":""info""}","{""project"":""90a47e04-a329-4122-9c82-2ee75a4562c2"",""environment"":""f6319bd4-2e87-40d4-8547-4ce714038bc1"",""service"":""c236b8cb-3eff-45c5-aca0-23e73e33dc8d"",""deployment"":""69394420-c732-4ebe-a5fd-54c2d5628ea7"",""replica"":""7fc15fda-5103-4647-b7c4-6251ceb0ef53""}",2026-07-23T06:19:32.632784783Z
"2026-07-23T06:19:32.305Z [[32minfo[39m] ✅ PUBACK received {""service"":""mqtt-publisher-lite"",""messageId"":44625}",info,"{""level"":""info""}","{""project"":""90a47e04-a329-4122-9c82-2ee75a4562c2"",""environment"":""f6319bd4-2e87-40d4-8547-4ce714038bc1"",""service"":""c236b8cb-3eff-45c5-aca0-23e73e33dc8d"",""deployment"":""69394420-c732-4ebe-a5fd-54c2d5628ea7"",""replica"":""7fc15fda-5103-4647-b7c4-6251ceb0ef53""}",2026-07-23T06:19:32.634161651Z
"2026-07-23T06:19:32.306Z [[32minfo[39m] ✅ QoS 1 PUBACK confirmed {""service"":""mqtt-publisher-lite"",""deviceId"":""DEVICE-13"",""messageId"":44625,""deliveryTime"":""211ms"",""pendingCount"":0}",info,"{""level"":""info""}","{""project"":""90a47e04-a329-4122-9c82-2ee75a4562c2"",""environment"":""f6319bd4-2e87-40d4-8547-4ce714038bc1"",""service"":""c236b8cb-3eff-45c5-aca0-23e73e33dc8d"",""deployment"":""69394420-c732-4ebe-a5fd-54c2d5628ea7"",""replica"":""7fc15fda-5103-4647-b7c4-6251ceb0ef53""}",2026-07-23T06:19:32.634169001Z
"2026-07-23T06:19:32.306Z [[34mdebug[39m] ✅ [LIFECYCLE:PUBACK_OK] Device confirmed message receipt {""service"":""mqtt-publisher-lite"",""deviceId"":""DEVICE-13""}",info,"{""level"":""info""}","{""project"":""90a47e04-a329-4122-9c82-2ee75a4562c2"",""environment"":""f6319bd4-2e87-40d4-8547-4ce714038bc1"",""service"":""c236b8cb-3eff-45c5-aca0-23e73e33dc8d"",""deployment"":""69394420-c732-4ebe-a5fd-54c2d5628ea7"",""replica"":""7fc15fda-5103-4647-b7c4-6251ceb0ef53""}",2026-07-23T06:19:32.634174551Z
"2026-07-23T06:19:32.306Z [[34mdebug[39m] Message published {""service"":""mqtt-publisher-lite"",""topic"":""proof.mqtt/DEVICE-13/gmb"",""qos"":1,""deliveryTime"":""211ms""}",info,"{""level"":""info""}","{""project"":""90a47e04-a329-4122-9c82-2ee75a4562c2"",""environment"":""f6319bd4-2e87-40d4-8547-4ce714038bc1"",""service"":""c236b8cb-3eff-45c5-aca0-23e73e33dc8d"",""deployment"":""69394420-c732-4ebe-a5fd-54c2d5628ea7"",""replica"":""7fc15fda-5103-4647-b7c4-6251ceb0ef53""}",2026-07-23T06:19:32.634180741Z
"2026-07-23T06:19:32.306Z [[34mdebug[39m] Message received {""service"":""mqtt-publisher-lite"",""topic"":""proof.mqtt/DEVICE-13/gmb"",""size"":244,""retain"":false}",info,"{""level"":""info""}","{""project"":""90a47e04-a329-4122-9c82-2ee75a4562c2"",""environment"":""f6319bd4-2e87-40d4-8547-4ce714038bc1"",""service"":""c236b8cb-3eff-45c5-aca0-23e73e33dc8d"",""deployment"":""69394420-c732-4ebe-a5fd-54c2d5628ea7"",""replica"":""7fc15fda-5103-4647-b7c4-6251ceb0ef53""}",2026-07-23T06:19:32.634186241Z
"2026-07-23T06:19:32.306Z [[34mdebug[39m] Skipping echo message {""service"":""mqtt-publisher-lite"",""topic"":""proof.mqtt/DEVICE-13/gmb"",""age"":""0ms""}",info,"{""level"":""info""}","{""project"":""90a47e04-a329-4122-9c82-2ee75a4562c2"",""environment"":""f6319bd4-2e87-40d4-8547-4ce714038bc1"",""service"":""c236b8cb-3eff-45c5-aca0-23e73e33dc8d"",""deployment"":""69394420-c732-4ebe-a5fd-54c2d5628ea7"",""replica"":""7fc15fda-5103-4647-b7c4-6251ceb0ef53""}",2026-07-23T06:19:32.634191691Z
"2026-07-23T06:19:32.307Z [[34mdebug[39m] Screen message received {""service"":""mqtt-publisher-lite"",""topic"":""proof.mqtt/DEVICE-13/gmb"",""screen"":""gmb""}",info,"{""level"":""info""}","{""project"":""90a47e04-a329-4122-9c82-2ee75a4562c2"",""environment"":""f6319bd4-2e87-40d4-8547-4ce714038bc1"",""service"":""c236b8cb-3eff-45c5-aca0-23e73e33dc8d"",""deployment"":""69394420-c732-4ebe-a5fd-54c2d5628ea7"",""replica"":""7fc15fda-5103-4647-b7c4-6251ceb0ef53""}",2026-07-23T06:19:32.634196631Z
"2026-07-23T06:19:32.406Z [[32minfo[39m] [STIM_GMB] Published {""service"":""mqtt-publisher-lite"",""deviceId"":""DEVICE-13"",""reviews"":1,""target"":100,""mode"":""synthetic"",""celebration"":""false"",""done"":false}",info,"{""level"":""info""}","{""project"":""90a47e04-a329-4122-9c82-2ee75a4562c2"",""environment"":""f6319bd4-2e87-40d4-8547-4ce714038bc1"",""service"":""c236b8cb-3eff-45c5-aca0-23e73e33dc8d"",""deployment"":""69394420-c732-4ebe-a5fd-54c2d5628ea7"",""replica"":""7fc15fda-5103-4647-b7c4-6251ceb0ef53""}",2026-07-23T06:19:32.634201961Z
"2026-07-23T06:19:32.420Z [[32minfo[39m] [PROMOTION] No running brand canvas — default canvas {""service"":""mqtt-publisher-lite"",""deviceId"":""DEVICE-13"",""userId"":""6937af58f950f0f5356a1599""}",info,"{""level"":""info""}","{""project"":""90a47e04-a329-4122-9c82-2ee75a4562c2"",""environment"":""f6319bd4-2e87-40d4-8547-4ce714038bc1"",""service"":""c236b8cb-3eff-45c5-aca0-23e73e33dc8d"",""deployment"":""69394420-c732-4ebe-a5fd-54c2d5628ea7"",""replica"":""7fc15fda-5103-4647-b7c4-6251ceb0ef53""}",2026-07-23T06:19:32.634207131Z
"2026-07-23T06:19:32.420Z [[32minfo[39m] 📤 QoS 1 message sent {""service"":""mqtt-publisher-lite"",""messageId"":44626,""topic"":""proof.mqtt/DEVICE-13/promotion"",""qos"":1}",info,"{""level"":""info""}","{""project"":""90a47e04-a329-4122-9c82-2ee75a4562c2"",""environment"":""f6319bd4-2e87-40d4-8547-4ce714038bc1"",""service"":""c236b8cb-3eff-45c5-aca0-23e73e33dc8d"",""deployment"":""69394420-c732-4ebe-a5fd-54c2d5628ea7"",""replica"":""7fc15fda-5103-4647-b7c4-6251ceb0ef53""}",2026-07-23T06:19:32.634212921Z
"2026-07-23T06:19:32.420Z [[32minfo[39m] ⏱️ Tracking QoS 1 message (30s timeout) {""service"":""mqtt-publisher-lite"",""deviceId"":""DEVICE-13"",""messageId"":44626,""topic"":""proof.mqtt/DEVICE-13/promotion"",""pendingCount"":1}",info,"{""level"":""info""}","{""project"":""90a47e04-a329-4122-9c82-2ee75a4562c2"",""environment"":""f6319bd4-2e87-40d4-8547-4ce714038bc1"",""service"":""c236b8cb-3eff-45c5-aca0-23e73e33dc8d"",""deployment"":""69394420-c732-4ebe-a5fd-54c2d5628ea7"",""replica"":""7fc15fda-5103-4647-b7c4-6251ceb0ef53""}",2026-07-23T06:19:32.635674018Z
"2026-07-23T06:19:32.630Z [[32minfo[39m] ✅ PUBACK received {""service"":""mqtt-publisher-lite"",""messageId"":44626}",info,"{""level"":""info""}","{""project"":""90a47e04-a329-4122-9c82-2ee75a4562c2"",""environment"":""f6319bd4-2e87-40d4-8547-4ce714038bc1"",""service"":""c236b8cb-3eff-45c5-aca0-23e73e33dc8d"",""deployment"":""69394420-c732-4ebe-a5fd-54c2d5628ea7"",""replica"":""7fc15fda-5103-4647-b7c4-6251ceb0ef53""}",2026-07-23T06:19:32.635678618Z
"2026-07-23T06:19:32.631Z [[32minfo[39m] ✅ QoS 1 PUBACK confirmed {""service"":""mqtt-publisher-lite"",""deviceId"":""DEVICE-13"",""messageId"":44626,""deliveryTime"":""211ms"",""pendingCount"":0}",info,"{""level"":""info""}","{""project"":""90a47e04-a329-4122-9c82-2ee75a4562c2"",""environment"":""f6319bd4-2e87-40d4-8547-4ce714038bc1"",""service"":""c236b8cb-3eff-45c5-aca0-23e73e33dc8d"",""deployment"":""69394420-c732-4ebe-a5fd-54c2d5628ea7"",""replica"":""7fc15fda-5103-4647-b7c4-6251ceb0ef53""}",2026-07-23T06:19:32.635682738Z
"2026-07-23T06:19:32.631Z [[34mdebug[39m] ✅ [LIFECYCLE:PUBACK_OK] Device confirmed message receipt {""service"":""mqtt-publisher-lite"",""deviceId"":""DEVICE-13""}",info,"{""level"":""info""}","{""project"":""90a47e04-a329-4122-9c82-2ee75a4562c2"",""environment"":""f6319bd4-2e87-40d4-8547-4ce714038bc1"",""service"":""c236b8cb-3eff-45c5-aca0-23e73e33dc8d"",""deployment"":""69394420-c732-4ebe-a5fd-54c2d5628ea7"",""replica"":""7fc15fda-5103-4647-b7c4-6251ceb0ef53""}",2026-07-23T06:19:32.635686248Z
"2026-07-23T06:19:32.631Z [[34mdebug[39m] Message published {""service"":""mqtt-publisher-lite"",""topic"":""proof.mqtt/DEVICE-13/promotion"",""qos"":1,""deliveryTime"":""211ms""}",info,"{""level"":""info""}","{""project"":""90a47e04-a329-4122-9c82-2ee75a4562c2"",""environment"":""f6319bd4-2e87-40d4-8547-4ce714038bc1"",""service"":""c236b8cb-3eff-45c5-aca0-23e73e33dc8d"",""deployment"":""69394420-c732-4ebe-a5fd-54c2d5628ea7"",""replica"":""7fc15fda-5103-4647-b7c4-6251ceb0ef53""}",2026-07-23T06:19:32.635689598Z
"2026-07-23T06:19:32.631Z [[34mdebug[39m] Message received {""service"":""mqtt-publisher-lite"",""topic"":""proof.mqtt/DEVICE-13/promotion"",""size"":227,""retain"":false}",info,"{""level"":""info""}","{""project"":""90a47e04-a329-4122-9c82-2ee75a4562c2"",""environment"":""f6319bd4-2e87-40d4-8547-4ce714038bc1"",""service"":""c236b8cb-3eff-45c5-aca0-23e73e33dc8d"",""deployment"":""69394420-c732-4ebe-a5fd-54c2d5628ea7"",""replica"":""7fc15fda-5103-4647-b7c4-6251ceb0ef53""}",2026-07-23T06:19:32.635694098Z
"2026-07-23T06:19:32.632Z [[34mdebug[39m] Skipping echo message {""service"":""mqtt-publisher-lite"",""topic"":""proof.mqtt/DEVICE-13/promotion"",""age"":""1ms""}",info,"{""level"":""info""}","{""project"":""90a47e04-a329-4122-9c82-2ee75a4562c2"",""environment"":""f6319bd4-2e87-40d4-8547-4ce714038bc1"",""service"":""c236b8cb-3eff-45c5-aca0-23e73e33dc8d"",""deployment"":""69394420-c732-4ebe-a5fd-54c2d5628ea7"",""replica"":""7fc15fda-5103-4647-b7c4-6251ceb0ef53""}",2026-07-23T06:19:32.635698048Z
"2026-07-23T06:19:32.632Z [[34mdebug[39m] Screen message received {""service"":""mqtt-publisher-lite"",""topic"":""proof.mqtt/DEVICE-13/promotion"",""screen"":""promotion""}",info,"{""level"":""info""}","{""project"":""90a47e04-a329-4122-9c82-2ee75a4562c2"",""environment"":""f6319bd4-2e87-40d4-8547-4ce714038bc1"",""service"":""c236b8cb-3eff-45c5-aca0-23e73e33dc8d"",""deployment"":""69394420-c732-4ebe-a5fd-54c2d5628ea7"",""replica"":""7fc15fda-5103-4647-b7c4-6251ceb0ef53""}",2026-07-23T06:19:32.635701778Z
"2026-07-23T06:19:32.732Z [[32minfo[39m] 🎨 [DEFAULT:PUBLISHED] Empty default canvas sent {""service"":""mqtt-publisher-lite"",""deviceId"":""DEVICE-13"",""topic"":""proof.mqtt/DEVICE-13/promotion""}",info,"{""level"":""info""}","{""project"":""90a47e04-a329-4122-9c82-2ee75a4562c2"",""environment"":""f6319bd4-2e87-40d4-8547-4ce714038bc1"",""service"":""c236b8cb-3eff-45c5-aca0-23e73e33dc8d"",""deployment"":""69394420-c732-4ebe-a5fd-54c2d5628ea7"",""replica"":""7fc15fda-5103-4647-b7c4-6251ceb0ef53""}",2026-07-23T06:19:32.779898247Z
"2026-07-23T06:19:32.732Z [[32minfo[39m] [CONNECT_REFRESH] Promotion published (connect force) {""service"":""mqtt-publisher-lite"",""deviceId"":""DEVICE-13"",""clearedHashes"":0}",info,"{""level"":""info""}","{""project"":""90a47e04-a329-4122-9c82-2ee75a4562c2"",""environment"":""f6319bd4-2e87-40d4-8547-4ce714038bc1"",""service"":""c236b8cb-3eff-45c5-aca0-23e73e33dc8d"",""deployment"":""69394420-c732-4ebe-a5fd-54c2d5628ea7"",""replica"":""7fc15fda-5103-4647-b7c4-6251ceb0ef53""}",2026-07-23T06:19:32.779901607Z
"2026-07-23T06:19:32.732Z [[32minfo[39m] [DEFERRED_WORK] Drain complete {""service"":""mqtt-publisher-lite"",""processed"":1,""skippedStale"":0,""failed"":0}",info,"{""level"":""info""}","{""project"":""90a47e04-a329-4122-9c82-2ee75a4562c2"",""environment"":""f6319bd4-2e87-40d4-8547-4ce714038bc1"",""service"":""c236b8cb-3eff-45c5-aca0-23e73e33dc8d"",""deployment"":""69394420-c732-4ebe-a5fd-54c2d5628ea7"",""replica"":""7fc15fda-5103-4647-b7c4-6251ceb0ef53""}",2026-07-23T06:19:32.779904837Z
"2026-07-23T06:19:33.075Z [[32minfo[39m] InfluxDB batch flush {""service"":""mqtt-publisher-lite"",""source"":""metrics_disk_queue_worker"",""count"":1,""lines"":[""device_ota_events,device_id=DEVICE-13,event=boot,source=mqtt-publisher-lite,source_topic=active ip_address=\""127.0.0.1\"" 1784787571298000000""]}",info,"{""level"":""info""}","{""project"":""90a47e04-a329-4122-9c82-2ee75a4562c2"",""environment"":""f6319bd4-2e87-40d4-8547-4ce714038bc1"",""service"":""c236b8cb-3eff-45c5-aca0-23e73e33dc8d"",""deployment"":""69394420-c732-4ebe-a5fd-54c2d5628ea7"",""replica"":""7fc15fda-5103-4647-b7c4-6251ceb0ef53""}",2026-07-23T06:19:33.091726729Z
"2026-07-23T06:19:59.194Z [[32minfo[39m] 📤 QoS 1 message sent {""service"":""mqtt-publisher-lite"",""messageId"":44627,""topic"":""proof.mqtt/DEVICE-15/instagram"",""qos"":1}",info,"{""level"":""info""}","{""project"":""90a47e04-a329-4122-9c82-2ee75a4562c2"",""environment"":""f6319bd4-2e87-40d4-8547-4ce714038bc1"",""service"":""c236b8cb-3eff-45c5-aca0-23e73e33dc8d"",""deployment"":""69394420-c732-4ebe-a5fd-54c2d5628ea7"",""replica"":""7fc15fda-5103-4647-b7c4-6251ceb0ef53""}",2026-07-23T06:20:03.104635684Z
"2026-07-23T06:19:59.195Z [[32minfo[39m] ⏱️ Tracking QoS 1 message (30s timeout) {""service"":""mqtt-publisher-lite"",""deviceId"":""DEVICE-15"",""messageId"":44627,""topic"":""proof.mqtt/DEVICE-15/instagram"",""pendingCount"":1}",info,"{""level"":""info""}","{""project"":""90a47e04-a329-4122-9c82-2ee75a4562c2"",""environment"":""f6319bd4-2e87-40d4-8547-4ce714038bc1"",""service"":""c236b8cb-3eff-45c5-aca0-23e73e33dc8d"",""deployment"":""69394420-c732-4ebe-a5fd-54c2d5628ea7"",""replica"":""7fc15fda-5103-4647-b7c4-6251ceb0ef53""}",2026-07-23T06:20:03.104643633Z
"2026-07-23T06:19:59.296Z [[32minfo[39m] 📤 QoS 1 message sent {""service"":""mqtt-publisher-lite"",""messageId"":44628,""topic"":""proof.mqtt/DEVICE-15/gmb"",""qos"":1}",info,"{""level"":""info""}","{""project"":""90a47e04-a329-4122-9c82-2ee75a4562c2"",""environment"":""f6319bd4-2e87-40d4-8547-4ce714038bc1"",""service"":""c236b8cb-3eff-45c5-aca0-23e73e33dc8d"",""deployment"":""69394420-c732-4ebe-a5fd-54c2d5628ea7"",""replica"":""7fc15fda-5103-4647-b7c4-6251ceb0ef53""}",2026-07-23T06:20:03.104653733Z
"2026-07-23T06:19:59.296Z [[32minfo[39m] ⏱️ Tracking QoS 1 message (30s timeout) {""service"":""mqtt-publisher-lite"",""deviceId"":""DEVICE-15"",""messageId"":44628,""topic"":""proof.mqtt/DEVICE-15/gmb"",""pendingCount"":2}",info,"{""level"":""info""}","{""project"":""90a47e04-a329-4122-9c82-2ee75a4562c2"",""environment"":""f6319bd4-2e87-40d4-8547-4ce714038bc1"",""service"":""c236b8cb-3eff-45c5-aca0-23e73e33dc8d"",""deployment"":""69394420-c732-4ebe-a5fd-54c2d5628ea7"",""replica"":""7fc15fda-5103-4647-b7c4-6251ceb0ef53""}",2026-07-23T06:20:03.104657863Z
"2026-07-23T06:19:59.407Z [[32minfo[39m] ✅ PUBACK received {""service"":""mqtt-publisher-lite"",""messageId"":44627}",info,"{""level"":""info""}","{""project"":""90a47e04-a329-4122-9c82-2ee75a4562c2"",""environment"":""f6319bd4-2e87-40d4-8547-4ce714038bc1"",""service"":""c236b8cb-3eff-45c5-aca0-23e73e33dc8d"",""deployment"":""69394420-c732-4ebe-a5fd-54c2d5628ea7"",""replica"":""7fc15fda-5103-4647-b7c4-6251ceb0ef53""}",2026-07-23T06:20:03.104661763Z
"2026-07-23T06:19:59.407Z [[32minfo[39m] ✅ QoS 1 PUBACK confirmed {""service"":""mqtt-publisher-lite"",""deviceId"":""DEVICE-15"",""messageId"":44627,""deliveryTime"":""212ms"",""pendingCount"":1}",info,"{""level"":""info""}","{""project"":""90a47e04-a329-4122-9c82-2ee75a4562c2"",""environment"":""f6319bd4-2e87-40d4-8547-4ce714038bc1"",""service"":""c236b8cb-3eff-45c5-aca0-23e73e33dc8d"",""deployment"":""69394420-c732-4ebe-a5fd-54c2d5628ea7"",""replica"":""7fc15fda-5103-4647-b7c4-6251ceb0ef53""}",2026-07-23T06:20:03.104665473Z
"2026-07-23T06:19:59.407Z [[34mdebug[39m] ✅ [LIFECYCLE:PUBACK_OK] Device confirmed message receipt {""service"":""mqtt-publisher-lite"",""deviceId"":""DEVICE-15""}",info,"{""level"":""info""}","{""project"":""90a47e04-a329-4122-9c82-2ee75a4562c2"",""environment"":""f6319bd4-2e87-40d4-8547-4ce714038bc1"",""service"":""c236b8cb-3eff-45c5-aca0-23e73e33dc8d"",""deployment"":""69394420-c732-4ebe-a5fd-54c2d5628ea7"",""replica"":""7fc15fda-5103-4647-b7c4-6251ceb0ef53""}",2026-07-23T06:20:03.104669253Z
"2026-07-23T06:19:59.407Z [[34mdebug[39m] Message published {""service"":""mqtt-publisher-lite"",""topic"":""proof.mqtt/DEVICE-15/instagram"",""qos"":1,""deliveryTime"":""213ms""}",info,"{""level"":""info""}","{""project"":""90a47e04-a329-4122-9c82-2ee75a4562c2"",""environment"":""f6319bd4-2e87-40d4-8547-4ce714038bc1"",""service"":""c236b8cb-3eff-45c5-aca0-23e73e33dc8d"",""deployment"":""69394420-c732-4ebe-a5fd-54c2d5628ea7"",""replica"":""7fc15fda-5103-4647-b7c4-6251ceb0ef53""}",2026-07-23T06:20:03.104672723Z
"2026-07-23T06:19:59.408Z [[34mdebug[39m] Message received {""service"":""mqtt-publisher-lite"",""topic"":""proof.mqtt/DEVICE-15/instagram"",""size"":254,""retain"":false}",info,"{""level"":""info""}","{""project"":""90a47e04-a329-4122-9c82-2ee75a4562c2"",""environment"":""f6319bd4-2e87-40d4-8547-4ce714038bc1"",""service"":""c236b8cb-3eff-45c5-aca0-23e73e33dc8d"",""deployment"":""69394420-c732-4ebe-a5fd-54c2d5628ea7"",""replica"":""7fc15fda-5103-4647-b7c4-6251ceb0ef53""}",2026-07-23T06:20:03.104676643Z
"2026-07-23T06:19:59.408Z [[34mdebug[39m] Skipping echo message {""service"":""mqtt-publisher-lite"",""topic"":""proof.mqtt/DEVICE-15/instagram"",""age"":""1ms""}",info,"{""level"":""info""}","{""project"":""90a47e04-a329-4122-9c82-2ee75a4562c2"",""environment"":""f6319bd4-2e87-40d4-8547-4ce714038bc1"",""service"":""c236b8cb-3eff-45c5-aca0-23e73e33dc8d"",""deployment"":""69394420-c732-4ebe-a5fd-54c2d5628ea7"",""replica"":""7fc15fda-5103-4647-b7c4-6251ceb0ef53""}",2026-07-23T06:20:03.104680473Z
"2026-07-23T06:19:59.408Z [[34mdebug[39m] Screen message received {""service"":""mqtt-publisher-lite"",""topic"":""proof.mqtt/DEVICE-15/instagram"",""screen"":""instagram""}",info,"{""level"":""info""}","{""project"":""90a47e04-a329-4122-9c82-2ee75a4562c2"",""environment"":""f6319bd4-2e87-40d4-8547-4ce714038bc1"",""service"":""c236b8cb-3eff-45c5-aca0-23e73e33dc8d"",""deployment"":""69394420-c732-4ebe-a5fd-54c2d5628ea7"",""replica"":""7fc15fda-5103-4647-b7c4-6251ceb0ef53""}",2026-07-23T06:20:03.106280980Z
"2026-07-23T06:19:59.507Z [[32minfo[39m] ✅ PUBACK received {""service"":""mqtt-publisher-lite"",""messageId"":44628}",info,"{""level"":""info""}","{""project"":""90a47e04-a329-4122-9c82-2ee75a4562c2"",""environment"":""f6319bd4-2e87-40d4-8547-4ce714038bc1"",""service"":""c236b8cb-3eff-45c5-aca0-23e73e33dc8d"",""deployment"":""69394420-c732-4ebe-a5fd-54c2d5628ea7"",""replica"":""7fc15fda-5103-4647-b7c4-6251ceb0ef53""}",2026-07-23T06:20:03.106290240Z
"2026-07-23T06:19:59.507Z [[32minfo[39m] ✅ QoS 1 PUBACK confirmed {""service"":""mqtt-publisher-lite"",""deviceId"":""DEVICE-15"",""messageId"":44628,""deliveryTime"":""211ms"",""pendingCount"":0}",info,"{""level"":""info""}","{""project"":""90a47e04-a329-4122-9c82-2ee75a4562c2"",""environment"":""f6319bd4-2e87-40d4-8547-4ce714038bc1"",""service"":""c236b8cb-3eff-45c5-aca0-23e73e33dc8d"",""deployment"":""69394420-c732-4ebe-a5fd-54c2d5628ea7"",""replica"":""7fc15fda-5103-4647-b7c4-6251ceb0ef53""}",2026-07-23T06:20:03.106295609Z
"2026-07-23T06:19:59.507Z [[34mdebug[39m] ✅ [LIFECYCLE:PUBACK_OK] Device confirmed message receipt {""service"":""mqtt-publisher-lite"",""deviceId"":""DEVICE-15""}",info,"{""level"":""info""}","{""project"":""90a47e04-a329-4122-9c82-2ee75a4562c2"",""environment"":""f6319bd4-2e87-40d4-8547-4ce714038bc1"",""service"":""c236b8cb-3eff-45c5-aca0-23e73e33dc8d"",""deployment"":""69394420-c732-4ebe-a5fd-54c2d5628ea7"",""replica"":""7fc15fda-5103-4647-b7c4-6251ceb0ef53""}",2026-07-23T06:20:03.106300609Z
"2026-07-23T06:19:59.507Z [[34mdebug[39m] Message published {""service"":""mqtt-publisher-lite"",""topic"":""proof.mqtt/DEVICE-15/gmb"",""qos"":1,""deliveryTime"":""211ms""}",info,"{""level"":""info""}","{""project"":""90a47e04-a329-4122-9c82-2ee75a4562c2"",""environment"":""f6319bd4-2e87-40d4-8547-4ce714038bc1"",""service"":""c236b8cb-3eff-45c5-aca0-23e73e33dc8d"",""deployment"":""69394420-c732-4ebe-a5fd-54c2d5628ea7"",""replica"":""7fc15fda-5103-4647-b7c4-6251ceb0ef53""}",2026-07-23T06:20:03.106305609Z
"2026-07-23T06:19:59.507Z [[34mdebug[39m] Message received {""service"":""mqtt-publisher-lite"",""topic"":""proof.mqtt/DEVICE-15/gmb"",""size"":245,""retain"":false}",info,"{""level"":""info""}","{""project"":""90a47e04-a329-4122-9c82-2ee75a4562c2"",""environment"":""f6319bd4-2e87-40d4-8547-4ce714038bc1"",""service"":""c236b8cb-3eff-45c5-aca0-23e73e33dc8d"",""deployment"":""69394420-c732-4ebe-a5fd-54c2d5628ea7"",""replica"":""7fc15fda-5103-4647-b7c4-6251ceb0ef53""}",2026-07-23T06:20:03.106312159Z
"2026-07-23T06:19:59.508Z [[34mdebug[39m] Skipping echo message {""service"":""mqtt-publisher-lite"",""topic"":""proof.mqtt/DEVICE-15/gmb"",""age"":""1ms""}",info,"{""level"":""info""}","{""project"":""90a47e04-a329-4122-9c82-2ee75a4562c2"",""environment"":""f6319bd4-2e87-40d4-8547-4ce714038bc1"",""service"":""c236b8cb-3eff-45c5-aca0-23e73e33dc8d"",""deployment"":""69394420-c732-4ebe-a5fd-54c2d5628ea7"",""replica"":""7fc15fda-5103-4647-b7c4-6251ceb0ef53""}",2026-07-23T06:20:03.106316839Z
"2026-07-23T06:19:59.508Z [[34mdebug[39m] Screen message received {""service"":""mqtt-publisher-lite"",""topic"":""proof.mqtt/DEVICE-15/gmb"",""screen"":""gmb""}",info,"{""level"":""info""}","{""project"":""90a47e04-a329-4122-9c82-2ee75a4562c2"",""environment"":""f6319bd4-2e87-40d4-8547-4ce714038bc1"",""service"":""c236b8cb-3eff-45c5-aca0-23e73e33dc8d"",""deployment"":""69394420-c732-4ebe-a5fd-54c2d5628ea7"",""replica"":""7fc15fda-5103-4647-b7c4-6251ceb0ef53""}",2026-07-23T06:20:03.106321439Z
"2026-07-23T06:19:59.509Z [[32minfo[39m] [STIM_IG] Published {""service"":""mqtt-publisher-lite"",""deviceId"":""DEVICE-15"",""followers"":10,""target"":500,""mode"":""synthetic"",""achievement"":15,""celebration"":""true"",""done"":false}",info,"{""level"":""info""}","{""project"":""90a47e04-a329-4122-9c82-2ee75a4562c2"",""environment"":""f6319bd4-2e87-40d4-8547-4ce714038bc1"",""service"":""c236b8cb-3eff-45c5-aca0-23e73e33dc8d"",""deployment"":""69394420-c732-4ebe-a5fd-54c2d5628ea7"",""replica"":""7fc15fda-5103-4647-b7c4-6251ceb0ef53""}",2026-07-23T06:20:03.106325739Z
"2026-07-23T06:19:59.606Z [[32minfo[39m] [STIM_GMB] Published {""service"":""mqtt-publisher-lite"",""deviceId"":""DEVICE-15"",""reviews"":8,""target"":100,""mode"":""synthetic"",""celebration"":""false"",""done"":false}",info,"{""level"":""info""}","{""project"":""90a47e04-a329-4122-9c82-2ee75a4562c2"",""environment"":""f6319bd4-2e87-40d4-8547-4ce714038bc1"",""service"":""c236b8cb-3eff-45c5-aca0-23e73e33dc8d"",""deployment"":""69394420-c732-4ebe-a5fd-54c2d5628ea7"",""replica"":""7fc15fda-5103-4647-b7c4-6251ceb0ef53""}",2026-07-23T06:20:03.106330019Z
"2026-07-23T06:20:01.994Z [[32minfo[39m] 📤 QoS 1 message sent {""service"":""mqtt-publisher-lite"",""messageId"":44629,""topic"":""proof.mqtt/DEVICE-13/instagram"",""qos"":1}",info,"{""level"":""info""}","{""project"":""90a47e04-a329-4122-9c82-2ee75a4562c2"",""environment"":""f6319bd4-2e87-40d4-8547-4ce714038bc1"",""service"":""c236b8cb-3eff-45c5-aca0-23e73e33dc8d"",""deployment"":""69394420-c732-4ebe-a5fd-54c2d5628ea7"",""replica"":""7fc15fda-5103-4647-b7c4-6251ceb0ef53""}",2026-07-23T06:20:03.107984455Z
"2026-07-23T06:20:01.994Z [[32minfo[39m] ⏱️ Tracking QoS 1 message (30s timeout) {""service"":""mqtt-publisher-lite"",""deviceId"":""DEVICE-13"",""messageId"":44629,""topic"":""proof.mqtt/DEVICE-13/instagram"",""pendingCount"":1}",info,"{""level"":""info""}","{""project"":""90a47e04-a329-4122-9c82-2ee75a4562c2"",""environment"":""f6319bd4-2e87-40d4-8547-4ce714038bc1"",""service"":""c236b8cb-3eff-45c5-aca0-23e73e33dc8d"",""deployment"":""69394420-c732-4ebe-a5fd-54c2d5628ea7"",""replica"":""7fc15fda-5103-4647-b7c4-6251ceb0ef53""}",2026-07-23T06:20:03.107990055Z
"2026-07-23T06:20:02.095Z [[32minfo[39m] 📤 QoS 1 message sent {""service"":""mqtt-publisher-lite"",""messageId"":44630,""topic"":""proof.mqtt/DEVICE-13/gmb"",""qos"":1}",info,"{""level"":""info""}","{""project"":""90a47e04-a329-4122-9c82-2ee75a4562c2"",""environment"":""f6319bd4-2e87-40d4-8547-4ce714038bc1"",""service"":""c236b8cb-3eff-45c5-aca0-23e73e33dc8d"",""deployment"":""69394420-c732-4ebe-a5fd-54c2d5628ea7"",""replica"":""7fc15fda-5103-4647-b7c4-6251ceb0ef53""}",2026-07-23T06:20:03.107994055Z
"2026-07-23T06:20:02.095Z [[32minfo[39m] ⏱️ Tracking QoS 1 message (30s timeout) {""service"":""mqtt-publisher-lite"",""deviceId"":""DEVICE-13"",""messageId"":44630,""topic"":""proof.mqtt/DEVICE-13/gmb"",""pendingCount"":2}",info,"{""level"":""info""}","{""project"":""90a47e04-a329-4122-9c82-2ee75a4562c2"",""environment"":""f6319bd4-2e87-40d4-8547-4ce714038bc1"",""service"":""c236b8cb-3eff-45c5-aca0-23e73e33dc8d"",""deployment"":""69394420-c732-4ebe-a5fd-54c2d5628ea7"",""replica"":""7fc15fda-5103-4647-b7c4-6251ceb0ef53""}",2026-07-23T06:20:03.107998245Z
"2026-07-23T06:20:02.205Z [[32minfo[39m] ✅ PUBACK received {""service"":""mqtt-publisher-lite"",""messageId"":44629}",info,"{""level"":""info""}","{""project"":""90a47e04-a329-4122-9c82-2ee75a4562c2"",""environment"":""f6319bd4-2e87-40d4-8547-4ce714038bc1"",""service"":""c236b8cb-3eff-45c5-aca0-23e73e33dc8d"",""deployment"":""69394420-c732-4ebe-a5fd-54c2d5628ea7"",""replica"":""7fc15fda-5103-4647-b7c4-6251ceb0ef53""}",2026-07-23T06:20:03.108002085Z
"2026-07-23T06:20:02.205Z [[32minfo[39m] ✅ QoS 1 PUBACK confirmed {""service"":""mqtt-publisher-lite"",""deviceId"":""DEVICE-13"",""messageId"":44629,""deliveryTime"":""211ms"",""pendingCount"":1}",info,"{""level"":""info""}","{""project"":""90a47e04-a329-4122-9c82-2ee75a4562c2"",""environment"":""f6319bd4-2e87-40d4-8547-4ce714038bc1"",""service"":""c236b8cb-3eff-45c5-aca0-23e73e33dc8d"",""deployment"":""69394420-c732-4ebe-a5fd-54c2d5628ea7"",""replica"":""7fc15fda-5103-4647-b7c4-6251ceb0ef53""}",2026-07-23T06:20:03.108006625Z
"2026-07-23T06:20:02.205Z [[34mdebug[39m] ✅ [LIFECYCLE:PUBACK_OK] Device confirmed message receipt {""service"":""mqtt-publisher-lite"",""deviceId"":""DEVICE-13""}",info,"{""level"":""info""}","{""project"":""90a47e04-a329-4122-9c82-2ee75a4562c2"",""environment"":""f6319bd4-2e87-40d4-8547-4ce714038bc1"",""service"":""c236b8cb-3eff-45c5-aca0-23e73e33dc8d"",""deployment"":""69394420-c732-4ebe-a5fd-54c2d5628ea7"",""replica"":""7fc15fda-5103-4647-b7c4-6251ceb0ef53""}",2026-07-23T06:20:03.108011055Z
"2026-07-23T06:20:02.206Z [[34mdebug[39m] Message published {""service"":""mqtt-publisher-lite"",""topic"":""proof.mqtt/DEVICE-13/instagram"",""qos"":1,""deliveryTime"":""212ms""}",info,"{""level"":""info""}","{""project"":""90a47e04-a329-4122-9c82-2ee75a4562c2"",""environment"":""f6319bd4-2e87-40d4-8547-4ce714038bc1"",""service"":""c236b8cb-3eff-45c5-aca0-23e73e33dc8d"",""deployment"":""69394420-c732-4ebe-a5fd-54c2d5628ea7"",""replica"":""7fc15fda-5103-4647-b7c4-6251ceb0ef53""}",2026-07-23T06:20:03.108015635Z
"2026-07-23T06:20:02.206Z [[34mdebug[39m] Message received {""service"":""mqtt-publisher-lite"",""topic"":""proof.mqtt/DEVICE-13/instagram"",""size"":226,""retain"":false}",info,"{""level"":""info""}","{""project"":""90a47e04-a329-4122-9c82-2ee75a4562c2"",""environment"":""f6319bd4-2e87-40d4-8547-4ce714038bc1"",""service"":""c236b8cb-3eff-45c5-aca0-23e73e33dc8d"",""deployment"":""69394420-c732-4ebe-a5fd-54c2d5628ea7"",""replica"":""7fc15fda-5103-4647-b7c4-6251ceb0ef53""}",2026-07-23T06:20:03.108019335Z
"2026-07-23T06:20:02.206Z [[34mdebug[39m] Skipping echo message {""service"":""mqtt-publisher-lite"",""topic"":""proof.mqtt/DEVICE-13/instagram"",""age"":""0ms""}",info,"{""level"":""info""}","{""project"":""90a47e04-a329-4122-9c82-2ee75a4562c2"",""environment"":""f6319bd4-2e87-40d4-8547-4ce714038bc1"",""service"":""c236b8cb-3eff-45c5-aca0-23e73e33dc8d"",""deployment"":""69394420-c732-4ebe-a5fd-54c2d5628ea7"",""replica"":""7fc15fda-5103-4647-b7c4-6251ceb0ef53""}",2026-07-23T06:20:03.108022705Z
"2026-07-23T06:20:02.207Z [[34mdebug[39m] Screen message received {""service"":""mqtt-publisher-lite"",""topic"":""proof.mqtt/DEVICE-13/instagram"",""screen"":""instagram""}",info,"{""level"":""info""}","{""project"":""90a47e04-a329-4122-9c82-2ee75a4562c2"",""environment"":""f6319bd4-2e87-40d4-8547-4ce714038bc1"",""service"":""c236b8cb-3eff-45c5-aca0-23e73e33dc8d"",""deployment"":""69394420-c732-4ebe-a5fd-54c2d5628ea7"",""replica"":""7fc15fda-5103-4647-b7c4-6251ceb0ef53""}",2026-07-23T06:20:03.109598072Z
"2026-07-23T06:20:02.305Z [[32minfo[39m] [STIM_IG] Published {""service"":""mqtt-publisher-lite"",""deviceId"":""DEVICE-13"",""followers"":4,""target"":500,""mode"":""synthetic"",""achievement"":5,""celebration"":""false"",""done"":false}",info,"{""level"":""info""}","{""project"":""90a47e04-a329-4122-9c82-2ee75a4562c2"",""environment"":""f6319bd4-2e87-40d4-8547-4ce714038bc1"",""service"":""c236b8cb-3eff-45c5-aca0-23e73e33dc8d"",""deployment"":""69394420-c732-4ebe-a5fd-54c2d5628ea7"",""replica"":""7fc15fda-5103-4647-b7c4-6251ceb0ef53""}",2026-07-23T06:20:03.109604492Z
"2026-07-23T06:20:02.306Z [[32minfo[39m] ✅ PUBACK received {""service"":""mqtt-publisher-lite"",""messageId"":44630}",info,"{""level"":""info""}","{""project"":""90a47e04-a329-4122-9c82-2ee75a4562c2"",""environment"":""f6319bd4-2e87-40d4-8547-4ce714038bc1"",""service"":""c236b8cb-3eff-45c5-aca0-23e73e33dc8d"",""deployment"":""69394420-c732-4ebe-a5fd-54c2d5628ea7"",""replica"":""7fc15fda-5103-4647-b7c4-6251ceb0ef53""}",2026-07-23T06:20:03.109609252Z
"2026-07-23T06:20:02.306Z [[32minfo[39m] ✅ QoS 1 PUBACK confirmed {""service"":""mqtt-publisher-lite"",""deviceId"":""DEVICE-13"",""messageId"":44630,""deliveryTime"":""211ms"",""pendingCount"":0}",info,"{""level"":""info""}","{""project"":""90a47e04-a329-4122-9c82-2ee75a4562c2"",""environment"":""f6319bd4-2e87-40d4-8547-4ce714038bc1"",""service"":""c236b8cb-3eff-45c5-aca0-23e73e33dc8d"",""deployment"":""69394420-c732-4ebe-a5fd-54c2d5628ea7"",""replica"":""7fc15fda-5103-4647-b7c4-6251ceb0ef53""}",2026-07-23T06:20:03.109613072Z
"2026-07-23T06:20:02.306Z [[34mdebug[39m] ✅ [LIFECYCLE:PUBACK_OK] Device confirmed message receipt {""service"":""mqtt-publisher-lite"",""deviceId"":""DEVICE-13""}",info,"{""level"":""info""}","{""project"":""90a47e04-a329-4122-9c82-2ee75a4562c2"",""environment"":""f6319bd4-2e87-40d4-8547-4ce714038bc1"",""service"":""c236b8cb-3eff-45c5-aca0-23e73e33dc8d"",""deployment"":""69394420-c732-4ebe-a5fd-54c2d5628ea7"",""replica"":""7fc15fda-5103-4647-b7c4-6251ceb0ef53""}",2026-07-23T06:20:03.109616352Z
"2026-07-23T06:20:02.306Z [[34mdebug[39m] Message published {""service"":""mqtt-publisher-lite"",""topic"":""proof.mqtt/DEVICE-13/gmb"",""qos"":1,""deliveryTime"":""212ms""}",info,"{""level"":""info""}","{""project"":""90a47e04-a329-4122-9c82-2ee75a4562c2"",""environment"":""f6319bd4-2e87-40d4-8547-4ce714038bc1"",""service"":""c236b8cb-3eff-45c5-aca0-23e73e33dc8d"",""deployment"":""69394420-c732-4ebe-a5fd-54c2d5628ea7"",""replica"":""7fc15fda-5103-4647-b7c4-6251ceb0ef53""}",2026-07-23T06:20:03.109619702Z
"2026-07-23T06:20:02.306Z [[34mdebug[39m] Message received {""service"":""mqtt-publisher-lite"",""topic"":""proof.mqtt/DEVICE-13/gmb"",""size"":244,""retain"":false}",info,"{""level"":""info""}","{""project"":""90a47e04-a329-4122-9c82-2ee75a4562c2"",""environment"":""f6319bd4-2e87-40d4-8547-4ce714038bc1"",""service"":""c236b8cb-3eff-45c5-aca0-23e73e33dc8d"",""deployment"":""69394420-c732-4ebe-a5fd-54c2d5628ea7"",""replica"":""7fc15fda-5103-4647-b7c4-6251ceb0ef53""}",2026-07-23T06:20:03.109622722Z
"2026-07-23T06:20:02.306Z [[34mdebug[39m] Skipping echo message {""service"":""mqtt-publisher-lite"",""topic"":""proof.mqtt/DEVICE-13/gmb"",""age"":""0ms""}",info,"{""level"":""info""}","{""project"":""90a47e04-a329-4122-9c82-2ee75a4562c2"",""environment"":""f6319bd4-2e87-40d4-8547-4ce714038bc1"",""service"":""c236b8cb-3eff-45c5-aca0-23e73e33dc8d"",""deployment"":""69394420-c732-4ebe-a5fd-54c2d5628ea7"",""replica"":""7fc15fda-5103-4647-b7c4-6251ceb0ef53""}",2026-07-23T06:20:03.109625722Z
"2026-07-23T06:20:02.306Z [[34mdebug[39m] Screen message received {""service"":""mqtt-publisher-lite"",""topic"":""proof.mqtt/DEVICE-13/gmb"",""screen"":""gmb""}",info,"{""level"":""info""}","{""project"":""90a47e04-a329-4122-9c82-2ee75a4562c2"",""environment"":""f6319bd4-2e87-40d4-8547-4ce714038bc1"",""service"":""c236b8cb-3eff-45c5-aca0-23e73e33dc8d"",""deployment"":""69394420-c732-4ebe-a5fd-54c2d5628ea7"",""replica"":""7fc15fda-5103-4647-b7c4-6251ceb0ef53""}",2026-07-23T06:20:03.109628992Z
"2026-07-23T06:20:02.407Z [[32minfo[39m] [STIM_GMB] Published {""service"":""mqtt-publisher-lite"",""deviceId"":""DEVICE-13"",""reviews"":2,""target"":100,""mode"":""synthetic"",""celebration"":""false"",""done"":false}",info,"{""level"":""info""}","{""project"":""90a47e04-a329-4122-9c82-2ee75a4562c2"",""environment"":""f6319bd4-2e87-40d4-8547-4ce714038bc1"",""service"":""c236b8cb-3eff-45c5-aca0-23e73e33dc8d"",""deployment"":""69394420-c732-4ebe-a5fd-54c2d5628ea7"",""replica"":""7fc15fda-5103-4647-b7c4-6251ceb0ef53""}",2026-07-23T06:20:03.109631972Z
"2026-07-23T06:20:06.953Z [[32minfo[39m] HTTP request {""service"":""mqtt-publisher-lite"",""method"":""GET"",""path"":""/ota/download/proof:1.0.1"",""status"":200,""duration"":""376ms""}",info,"{""level"":""info""}","{""project"":""90a47e04-a329-4122-9c82-2ee75a4562c2"",""environment"":""f6319bd4-2e87-40d4-8547-4ce714038bc1"",""service"":""c236b8cb-3eff-45c5-aca0-23e73e33dc8d"",""deployment"":""69394420-c732-4ebe-a5fd-54c2d5628ea7"",""replica"":""7fc15fda-5103-4647-b7c4-6251ceb0ef53""}",2026-07-23T06:20:07.148422044Z
"2026-07-23T06:20:29.083Z [[32minfo[39m] 📤 [PUBLISH_CYCLE] Starting publish cycle {""service"":""mqtt-publisher-lite"",""deviceCount"":4,""source"":""redis"",""devices"":[{""id"":""DEVICE-17"",""userId"":""(none)"",""lastSeen"":""2026-07-23T06:18:29.397Z""},{""id"":""DEVICE-19"",""userId"":""68d3753f9f99d6b73ae2d991"",""lastSeen"":""2026-07-23T06:17:12.273Z""},{""id"":""DEVICE-15"",""userId"":""68d3753f9f99d6b73ae2d991"",""lastSeen"":""2026-07-23T06:19:59.507Z""},{""id"":""DEVICE-13"",""userId"":""6937af58f950f0f5356a1599"",""lastSeen"":""2026-07-23T06:20:02.306Z""}]}",info,"{""level"":""info""}","{""project"":""90a47e04-a329-4122-9c82-2ee75a4562c2"",""environment"":""f6319bd4-2e87-40d4-8547-4ce714038bc1"",""service"":""c236b8cb-3eff-45c5-aca0-23e73e33dc8d"",""deployment"":""69394420-c732-4ebe-a5fd-54c2d5628ea7"",""replica"":""7fc15fda-5103-4647-b7c4-6251ceb0ef53""}",2026-07-23T06:20:36.981842239Z
"2026-07-23T06:20:29.182Z [[32minfo[39m] 📤 QoS 1 message sent {""service"":""mqtt-publisher-lite"",""messageId"":44631,""topic"":""proof.mqtt/DEVICE-17/test-gmb"",""qos"":1}",info,"{""level"":""info""}","{""project"":""90a47e04-a329-4122-9c82-2ee75a4562c2"",""environment"":""f6319bd4-2e87-40d4-8547-4ce714038bc1"",""service"":""c236b8cb-3eff-45c5-aca0-23e73e33dc8d"",""deployment"":""69394420-c732-4ebe-a5fd-54c2d5628ea7"",""replica"":""7fc15fda-5103-4647-b7c4-6251ceb0ef53""}",2026-07-23T06:20:36.981849629Z
"2026-07-23T06:20:29.182Z [[32minfo[39m] ⏱️ Tracking QoS 1 message (30s timeout) {""service"":""mqtt-publisher-lite"",""deviceId"":""DEVICE-17"",""messageId"":44631,""topic"":""proof.mqtt/DEVICE-17/test-gmb"",""pendingCount"":1}",info,"{""level"":""info""}","{""project"":""90a47e04-a329-4122-9c82-2ee75a4562c2"",""environment"":""f6319bd4-2e87-40d4-8547-4ce714038bc1"",""service"":""c236b8cb-3eff-45c5-aca0-23e73e33dc8d"",""deployment"":""69394420-c732-4ebe-a5fd-54c2d5628ea7"",""replica"":""7fc15fda-5103-4647-b7c4-6251ceb0ef53""}",2026-07-23T06:20:36.981854039Z
"2026-07-23T06:20:29.194Z [[32minfo[39m] 📤 QoS 1 message sent {""service"":""mqtt-publisher-lite"",""messageId"":44632,""topic"":""proof.mqtt/DEVICE-15/instagram"",""qos"":1}",info,"{""level"":""info""}","{""project"":""90a47e04-a329-4122-9c82-2ee75a4562c2"",""environment"":""f6319bd4-2e87-40d4-8547-4ce714038bc1"",""service"":""c236b8cb-3eff-45c5-aca0-23e73e33dc8d"",""deployment"":""69394420-c732-4ebe-a5fd-54c2d5628ea7"",""replica"":""7fc15fda-5103-4647-b7c4-6251ceb0ef53""}",2026-07-23T06:20:36.981857609Z
"2026-07-23T06:20:29.194Z [[32minfo[39m] ⏱️ Tracking QoS 1 message (30s timeout) {""service"":""mqtt-publisher-lite"",""deviceId"":""DEVICE-15"",""messageId"":44632,""topic"":""proof.mqtt/DEVICE-15/instagram"",""pendingCount"":2}",info,"{""level"":""info""}","{""project"":""90a47e04-a329-4122-9c82-2ee75a4562c2"",""environment"":""f6319bd4-2e87-40d4-8547-4ce714038bc1"",""service"":""c236b8cb-3eff-45c5-aca0-23e73e33dc8d"",""deployment"":""69394420-c732-4ebe-a5fd-54c2d5628ea7"",""replica"":""7fc15fda-5103-4647-b7c4-6251ceb0ef53""}",2026-07-23T06:20:36.981861559Z
"2026-07-23T06:20:29.295Z [[32minfo[39m] 📤 QoS 1 message sent {""service"":""mqtt-publisher-lite"",""messageId"":44633,""topic"":""proof.mqtt/DEVICE-15/gmb"",""qos"":1}",info,"{""level"":""info""}","{""project"":""90a47e04-a329-4122-9c82-2ee75a4562c2"",""environment"":""f6319bd4-2e87-40d4-8547-4ce714038bc1"",""service"":""c236b8cb-3eff-45c5-aca0-23e73e33dc8d"",""deployment"":""69394420-c732-4ebe-a5fd-54c2d5628ea7"",""replica"":""7fc15fda-5103-4647-b7c4-6251ceb0ef53""}",2026-07-23T06:20:36.981866859Z
"2026-07-23T06:20:29.296Z [[32minfo[39m] ⏱️ Tracking QoS 1 message (30s timeout) {""service"":""mqtt-publisher-lite"",""deviceId"":""DEVICE-15"",""messageId"":44633,""topic"":""proof.mqtt/DEVICE-15/gmb"",""pendingCount"":3}",info,"{""level"":""info""}","{""project"":""90a47e04-a329-4122-9c82-2ee75a4562c2"",""environment"":""f6319bd4-2e87-40d4-8547-4ce714038bc1"",""service"":""c236b8cb-3eff-45c5-aca0-23e73e33dc8d"",""deployment"":""69394420-c732-4ebe-a5fd-54c2d5628ea7"",""replica"":""7fc15fda-5103-4647-b7c4-6251ceb0ef53""}",2026-07-23T06:20:36.981870959Z
"2026-07-23T06:20:29.393Z [[32minfo[39m] ✅ PUBACK received {""service"":""mqtt-publisher-lite"",""messageId"":44631}",info,"{""level"":""info""}","{""project"":""90a47e04-a329-4122-9c82-2ee75a4562c2"",""environment"":""f6319bd4-2e87-40d4-8547-4ce714038bc1"",""service"":""c236b8cb-3eff-45c5-aca0-23e73e33dc8d"",""deployment"":""69394420-c732-4ebe-a5fd-54c2d5628ea7"",""replica"":""7fc15fda-5103-4647-b7c4-6251ceb0ef53""}",2026-07-23T06:20:36.981875199Z
"2026-07-23T06:20:29.393Z [[32minfo[39m] ✅ QoS 1 PUBACK confirmed {""service"":""mqtt-publisher-lite"",""deviceId"":""DEVICE-17"",""messageId"":44631,""deliveryTime"":""211ms"",""pendingCount"":2}",info,"{""level"":""info""}","{""project"":""90a47e04-a329-4122-9c82-2ee75a4562c2"",""environment"":""f6319bd4-2e87-40d4-8547-4ce714038bc1"",""service"":""c236b8cb-3eff-45c5-aca0-23e73e33dc8d"",""deployment"":""69394420-c732-4ebe-a5fd-54c2d5628ea7"",""replica"":""7fc15fda-5103-4647-b7c4-6251ceb0ef53""}",2026-07-23T06:20:36.983251367Z
"2026-07-23T06:20:29.393Z [[34mdebug[39m] ✅ [LIFECYCLE:PUBACK_OK] Device confirmed message receipt {""service"":""mqtt-publisher-lite"",""deviceId"":""DEVICE-17""}",info,"{""level"":""info""}","{""project"":""90a47e04-a329-4122-9c82-2ee75a4562c2"",""environment"":""f6319bd4-2e87-40d4-8547-4ce714038bc1"",""service"":""c236b8cb-3eff-45c5-aca0-23e73e33dc8d"",""deployment"":""69394420-c732-4ebe-a5fd-54c2d5628ea7"",""replica"":""7fc15fda-5103-4647-b7c4-6251ceb0ef53""}",2026-07-23T06:20:36.983257497Z
"2026-07-23T06:20:29.393Z [[34mdebug[39m] Message published {""service"":""mqtt-publisher-lite"",""topic"":""proof.mqtt/DEVICE-17/test-gmb"",""qos"":1,""deliveryTime"":""211ms""}",info,"{""level"":""info""}","{""project"":""90a47e04-a329-4122-9c82-2ee75a4562c2"",""environment"":""f6319bd4-2e87-40d4-8547-4ce714038bc1"",""service"":""c236b8cb-3eff-45c5-aca0-23e73e33dc8d"",""deployment"":""69394420-c732-4ebe-a5fd-54c2d5628ea7"",""replica"":""7fc15fda-5103-4647-b7c4-6251ceb0ef53""}",2026-07-23T06:20:36.983263017Z
"2026-07-23T06:20:29.394Z [[34mdebug[39m] Published test-gmb screen {""service"":""mqtt-publisher-lite"",""deviceId"":""DEVICE-17"",""reviews"":437,""milestone"":440}",info,"{""level"":""info""}","{""project"":""90a47e04-a329-4122-9c82-2ee75a4562c2"",""environment"":""f6319bd4-2e87-40d4-8547-4ce714038bc1"",""service"":""c236b8cb-3eff-45c5-aca0-23e73e33dc8d"",""deployment"":""69394420-c732-4ebe-a5fd-54c2d5628ea7"",""replica"":""7fc15fda-5103-4647-b7c4-6251ceb0ef53""}",2026-07-23T06:20:36.983268027Z
"2026-07-23T06:20:29.405Z [[32minfo[39m] ✅ PUBACK received {""service"":""mqtt-publisher-lite"",""messageId"":44632}",info,"{""level"":""info""}","{""project"":""90a47e04-a329-4122-9c82-2ee75a4562c2"",""environment"":""f6319bd4-2e87-40d4-8547-4ce714038bc1"",""service"":""c236b8cb-3eff-45c5-aca0-23e73e33dc8d"",""deployment"":""69394420-c732-4ebe-a5fd-54c2d5628ea7"",""replica"":""7fc15fda-5103-4647-b7c4-6251ceb0ef53""}",2026-07-23T06:20:36.983273567Z
"2026-07-23T06:20:29.405Z [[32minfo[39m] ✅ QoS 1 PUBACK confirmed {""service"":""mqtt-publisher-lite"",""deviceId"":""DEVICE-15"",""messageId"":44632,""deliveryTime"":""211ms"",""pendingCount"":1}",info,"{""level"":""info""}","{""project"":""90a47e04-a329-4122-9c82-2ee75a4562c2"",""environment"":""f6319bd4-2e87-40d4-8547-4ce714038bc1"",""service"":""c236b8cb-3eff-45c5-aca0-23e73e33dc8d"",""deployment"":""69394420-c732-4ebe-a5fd-54c2d5628ea7"",""replica"":""7fc15fda-5103-4647-b7c4-6251ceb0ef53""}",2026-07-23T06:20:36.983279357Z
"2026-07-23T06:20:29.405Z [[34mdebug[39m] ✅ [LIFECYCLE:PUBACK_OK] Device confirmed message receipt {""service"":""mqtt-publisher-lite"",""deviceId"":""DEVICE-15""}",info,"{""level"":""info""}","{""project"":""90a47e04-a329-4122-9c82-2ee75a4562c2"",""environment"":""f6319bd4-2e87-40d4-8547-4ce714038bc1"",""service"":""c236b8cb-3eff-45c5-aca0-23e73e33dc8d"",""deployment"":""69394420-c732-4ebe-a5fd-54c2d5628ea7"",""replica"":""7fc15fda-5103-4647-b7c4-6251ceb0ef53""}",2026-07-23T06:20:36.983285347Z
"2026-07-23T06:20:29.405Z [[34mdebug[39m] Message published {""service"":""mqtt-publisher-lite"",""topic"":""proof.mqtt/DEVICE-15/instagram"",""qos"":1,""deliveryTime"":""211ms""}",info,"{""level"":""info""}","{""project"":""90a47e04-a329-4122-9c82-2ee75a4562c2"",""environment"":""f6319bd4-2e87-40d4-8547-4ce714038bc1"",""service"":""c236b8cb-3eff-45c5-aca0-23e73e33dc8d"",""deployment"":""69394420-c732-4ebe-a5fd-54c2d5628ea7"",""replica"":""7fc15fda-5103-4647-b7c4-6251ceb0ef53""}",2026-07-23T06:20:36.983290397Z
"2026-07-23T06:20:29.406Z [[34mdebug[39m] Message received {""service"":""mqtt-publisher-lite"",""topic"":""proof.mqtt/DEVICE-15/instagram"",""size"":228,""retain"":false}",info,"{""level"":""info""}","{""project"":""90a47e04-a329-4122-9c82-2ee75a4562c2"",""environment"":""f6319bd4-2e87-40d4-8547-4ce714038bc1"",""service"":""c236b8cb-3eff-45c5-aca0-23e73e33dc8d"",""deployment"":""69394420-c732-4ebe-a5fd-54c2d5628ea7"",""replica"":""7fc15fda-5103-4647-b7c4-6251ceb0ef53""}",2026-07-23T06:20:36.983295997Z
"2026-07-23T06:20:29.406Z [[34mdebug[39m] Skipping echo message {""service"":""mqtt-publisher-lite"",""topic"":""proof.mqtt/DEVICE-15/instagram"",""age"":""1ms""}",info,"{""level"":""info""}","{""project"":""90a47e04-a329-4122-9c82-2ee75a4562c2"",""environment"":""f6319bd4-2e87-40d4-8547-4ce714038bc1"",""service"":""c236b8cb-3eff-45c5-aca0-23e73e33dc8d"",""deployment"":""69394420-c732-4ebe-a5fd-54c2d5628ea7"",""replica"":""7fc15fda-5103-4647-b7c4-6251ceb0ef53""}",2026-07-23T06:20:36.983301137Z
"2026-07-23T06:20:29.407Z [[34mdebug[39m] Screen message received {""service"":""mqtt-publisher-lite"",""topic"":""proof.mqtt/DEVICE-15/instagram"",""screen"":""instagram""}",info,"{""level"":""info""}","{""project"":""90a47e04-a329-4122-9c82-2ee75a4562c2"",""environment"":""f6319bd4-2e87-40d4-8547-4ce714038bc1"",""service"":""c236b8cb-3eff-45c5-aca0-23e73e33dc8d"",""deployment"":""69394420-c732-4ebe-a5fd-54c2d5628ea7"",""replica"":""7fc15fda-5103-4647-b7c4-6251ceb0ef53""}",2026-07-23T06:20:36.983305827Z
"2026-07-23T06:20:29.505Z [[32minfo[39m] [STIM_IG] Published {""service"":""mqtt-publisher-lite"",""deviceId"":""DEVICE-15"",""followers"":11,""target"":500,""mode"":""synthetic"",""achievement"":15,""celebration"":""false"",""done"":false}",info,"{""level"":""info""}","{""project"":""90a47e04-a329-4122-9c82-2ee75a4562c2"",""environment"":""f6319bd4-2e87-40d4-8547-4ce714038bc1"",""service"":""c236b8cb-3eff-45c5-aca0-23e73e33dc8d"",""deployment"":""69394420-c732-4ebe-a5fd-54c2d5628ea7"",""replica"":""7fc15fda-5103-4647-b7c4-6251ceb0ef53""}",2026-07-23T06:20:36.984325389Z
"2026-07-23T06:20:29.506Z [[32minfo[39m] ✅ PUBACK received {""service"":""mqtt-publisher-lite"",""messageId"":44633}",info,"{""level"":""info""}","{""project"":""90a47e04-a329-4122-9c82-2ee75a4562c2"",""environment"":""f6319bd4-2e87-40d4-8547-4ce714038bc1"",""service"":""c236b8cb-3eff-45c5-aca0-23e73e33dc8d"",""deployment"":""69394420-c732-4ebe-a5fd-54c2d5628ea7"",""replica"":""7fc15fda-5103-4647-b7c4-6251ceb0ef53""}",2026-07-23T06:20:36.984330578Z
"2026-07-23T06:20:29.506Z [[32minfo[39m] ✅ QoS 1 PUBACK confirmed {""service"":""mqtt-publisher-lite"",""deviceId"":""DEVICE-15"",""messageId"":44633,""deliveryTime"":""210ms"",""pendingCount"":0}",info,"{""level"":""info""}","{""project"":""90a47e04-a329-4122-9c82-2ee75a4562c2"",""environment"":""f6319bd4-2e87-40d4-8547-4ce714038bc1"",""service"":""c236b8cb-3eff-45c5-aca0-23e73e33dc8d"",""deployment"":""69394420-c732-4ebe-a5fd-54c2d5628ea7"",""replica"":""7fc15fda-5103-4647-b7c4-6251ceb0ef53""}",2026-07-23T06:20:36.984333898Z
"2026-07-23T06:20:29.506Z [[34mdebug[39m] ✅ [LIFECYCLE:PUBACK_OK] Device confirmed message receipt {""service"":""mqtt-publisher-lite"",""deviceId"":""DEVICE-15""}",info,"{""level"":""info""}","{""project"":""90a47e04-a329-4122-9c82-2ee75a4562c2"",""environment"":""f6319bd4-2e87-40d4-8547-4ce714038bc1"",""service"":""c236b8cb-3eff-45c5-aca0-23e73e33dc8d"",""deployment"":""69394420-c732-4ebe-a5fd-54c2d5628ea7"",""replica"":""7fc15fda-5103-4647-b7c4-6251ceb0ef53""}",2026-07-23T06:20:36.984336538Z
"2026-07-23T06:20:29.506Z [[34mdebug[39m] Message published {""service"":""mqtt-publisher-lite"",""topic"":""proof.mqtt/DEVICE-15/gmb"",""qos"":1,""deliveryTime"":""211ms""}",info,"{""level"":""info""}","{""project"":""90a47e04-a329-4122-9c82-2ee75a4562c2"",""environment"":""f6319bd4-2e87-40d4-8547-4ce714038bc1"",""service"":""c236b8cb-3eff-45c5-aca0-23e73e33dc8d"",""deployment"":""69394420-c732-4ebe-a5fd-54c2d5628ea7"",""replica"":""7fc15fda-5103-4647-b7c4-6251ceb0ef53""}",2026-07-23T06:20:36.984339558Z
"2026-07-23T06:20:29.506Z [[34mdebug[39m] Message received {""service"":""mqtt-publisher-lite"",""topic"":""proof.mqtt/DEVICE-15/gmb"",""size"":245,""retain"":false}",info,"{""level"":""info""}","{""project"":""90a47e04-a329-4122-9c82-2ee75a4562c2"",""environment"":""f6319bd4-2e87-40d4-8547-4ce714038bc1"",""service"":""c236b8cb-3eff-45c5-aca0-23e73e33dc8d"",""deployment"":""69394420-c732-4ebe-a5fd-54c2d5628ea7"",""replica"":""7fc15fda-5103-4647-b7c4-6251ceb0ef53""}",2026-07-23T06:20:36.984343398Z
"2026-07-23T06:20:29.506Z [[34mdebug[39m] Skipping echo message {""service"":""mqtt-publisher-lite"",""topic"":""proof.mqtt/DEVICE-15/gmb"",""age"":""0ms""}",info,"{""level"":""info""}","{""project"":""90a47e04-a329-4122-9c82-2ee75a4562c2"",""environment"":""f6319bd4-2e87-40d4-8547-4ce714038bc1"",""service"":""c236b8cb-3eff-45c5-aca0-23e73e33dc8d"",""deployment"":""69394420-c732-4ebe-a5fd-54c2d5628ea7"",""replica"":""7fc15fda-5103-4647-b7c4-6251ceb0ef53""}",2026-07-23T06:20:36.984347228Z
"2026-07-23T06:20:29.507Z [[34mdebug[39m] Screen message received {""service"":""mqtt-publisher-lite"",""topic"":""proof.mqtt/DEVICE-15/gmb"",""screen"":""gmb""}",info,"{""level"":""info""}","{""project"":""90a47e04-a329-4122-9c82-2ee75a4562c2"",""environment"":""f6319bd4-2e87-40d4-8547-4ce714038bc1"",""service"":""c236b8cb-3eff-45c5-aca0-23e73e33dc8d"",""deployment"":""69394420-c732-4ebe-a5fd-54c2d5628ea7"",""replica"":""7fc15fda-5103-4647-b7c4-6251ceb0ef53""}",2026-07-23T06:20:36.984350548Z
"2026-07-23T06:20:29.535Z [[34mdebug[39m] 📤 [PUBLISH_CYCLE] Publishing all screens to device {""service"":""mqtt-publisher-lite"",""deviceId"":""DEVICE-17""}",info,"{""level"":""info""}","{""project"":""90a47e04-a329-4122-9c82-2ee75a4562c2"",""environment"":""f6319bd4-2e87-40d4-8547-4ce714038bc1"",""service"":""c236b8cb-3eff-45c5-aca0-23e73e33dc8d"",""deployment"":""69394420-c732-4ebe-a5fd-54c2d5628ea7"",""replica"":""7fc15fda-5103-4647-b7c4-6251ceb0ef53""}",2026-07-23T06:20:36.984354088Z
"2026-07-23T06:20:29.616Z [[32minfo[39m] [STIM_GMB] Published {""service"":""mqtt-publisher-lite"",""deviceId"":""DEVICE-15"",""reviews"":9,""target"":100,""mode"":""synthetic"",""celebration"":""false"",""done"":false}",info,"{""level"":""info""}","{""project"":""90a47e04-a329-4122-9c82-2ee75a4562c2"",""environment"":""f6319bd4-2e87-40d4-8547-4ce714038bc1"",""service"":""c236b8cb-3eff-45c5-aca0-23e73e33dc8d"",""deployment"":""69394420-c732-4ebe-a5fd-54c2d5628ea7"",""replica"":""7fc15fda-5103-4647-b7c4-6251ceb0ef53""}",2026-07-23T06:20:36.984357168Z
"2026-07-23T06:20:29.681Z [[32minfo[39m] [PROMOTION] Default canvas not published {""service"":""mqtt-publisher-lite"",""deviceId"":""DEVICE-17"",""topic"":""proof.mqtt/DEVICE-17/promotion"",""reason"":""unchanged""}",info,"{""level"":""info""}","{""project"":""90a47e04-a329-4122-9c82-2ee75a4562c2"",""environment"":""f6319bd4-2e87-40d4-8547-4ce714038bc1"",""service"":""c236b8cb-3eff-45c5-aca0-23e73e33dc8d"",""deployment"":""69394420-c732-4ebe-a5fd-54c2d5628ea7"",""replica"":""7fc15fda-5103-4647-b7c4-6251ceb0ef53""}",2026-07-23T06:20:36.985368380Z
"2026-07-23T06:20:29.797Z [[34mdebug[39m] [STIM_SKIP] StatsPublisher skipping stim device {""service"":""mqtt-publisher-lite"",""deviceId"":""DEVICE-19""}",info,"{""level"":""info""}","{""project"":""90a47e04-a329-4122-9c82-2ee75a4562c2"",""environment"":""f6319bd4-2e87-40d4-8547-4ce714038bc1"",""service"":""c236b8cb-3eff-45c5-aca0-23e73e33dc8d"",""deployment"":""69394420-c732-4ebe-a5fd-54c2d5628ea7"",""replica"":""7fc15fda-5103-4647-b7c4-6251ceb0ef53""}",2026-07-23T06:20:36.985371520Z
"2026-07-23T06:20:29.797Z [[34mdebug[39m] [STIM_SKIP] StatsPublisher skipping stim device {""service"":""mqtt-publisher-lite"",""deviceId"":""DEVICE-15""}",info,"{""level"":""info""}","{""project"":""90a47e04-a329-4122-9c82-2ee75a4562c2"",""environment"":""f6319bd4-2e87-40d4-8547-4ce714038bc1"",""service"":""c236b8cb-3eff-45c5-aca0-23e73e33dc8d"",""deployment"":""69394420-c732-4ebe-a5fd-54c2d5628ea7"",""replica"":""7fc15fda-5103-4647-b7c4-6251ceb0ef53""}",2026-07-23T06:20:36.985374580Z
"2026-07-23T06:20:29.797Z [[34mdebug[39m] [STIM_SKIP] StatsPublisher skipping stim device {""service"":""mqtt-publisher-lite"",""deviceId"":""DEVICE-13""}",info,"{""level"":""info""}","{""project"":""90a47e04-a329-4122-9c82-2ee75a4562c2"",""environment"":""f6319bd4-2e87-40d4-8547-4ce714038bc1"",""service"":""c236b8cb-3eff-45c5-aca0-23e73e33dc8d"",""deployment"":""69394420-c732-4ebe-a5fd-54c2d5628ea7"",""replica"":""7fc15fda-5103-4647-b7c4-6251ceb0ef53""}",2026-07-23T06:20:36.985377380Z
"2026-07-23T06:20:31.993Z [[32minfo[39m] 📤 QoS 1 message sent {""service"":""mqtt-publisher-lite"",""messageId"":44634,""topic"":""proof.mqtt/DEVICE-13/instagram"",""qos"":1}",info,"{""level"":""info""}","{""project"":""90a47e04-a329-4122-9c82-2ee75a4562c2"",""environment"":""f6319bd4-2e87-40d4-8547-4ce714038bc1"",""service"":""c236b8cb-3eff-45c5-aca0-23e73e33dc8d"",""deployment"":""69394420-c732-4ebe-a5fd-54c2d5628ea7"",""replica"":""7fc15fda-5103-4647-b7c4-6251ceb0ef53""}",2026-07-23T06:20:36.985379940Z
"2026-07-23T06:20:31.994Z [[32minfo[39m] ⏱️ Tracking QoS 1 message (30s timeout) {""service"":""mqtt-publisher-lite"",""deviceId"":""DEVICE-13"",""messageId"":44634,""topic"":""proof.mqtt/DEVICE-13/instagram"",""pendingCount"":1}",info,"{""level"":""info""}","{""project"":""90a47e04-a329-4122-9c82-2ee75a4562c2"",""environment"":""f6319bd4-2e87-40d4-8547-4ce714038bc1"",""service"":""c236b8cb-3eff-45c5-aca0-23e73e33dc8d"",""deployment"":""69394420-c732-4ebe-a5fd-54c2d5628ea7"",""replica"":""7fc15fda-5103-4647-b7c4-6251ceb0ef53""}",2026-07-23T06:20:36.985382730Z
"2026-07-23T06:20:32.094Z [[32minfo[39m] 📤 QoS 1 message sent {""service"":""mqtt-publisher-lite"",""messageId"":44635,""topic"":""proof.mqtt/DEVICE-13/gmb"",""qos"":1}",info,"{""level"":""info""}","{""project"":""90a47e04-a329-4122-9c82-2ee75a4562c2"",""environment"":""f6319bd4-2e87-40d4-8547-4ce714038bc1"",""service"":""c236b8cb-3eff-45c5-aca0-23e73e33dc8d"",""deployment"":""69394420-c732-4ebe-a5fd-54c2d5628ea7"",""replica"":""7fc15fda-5103-4647-b7c4-6251ceb0ef53""}",2026-07-23T06:20:36.985386350Z
"2026-07-23T06:20:32.095Z [[32minfo[39m] ⏱️ Tracking QoS 1 message (30s timeout) {""service"":""mqtt-publisher-lite"",""deviceId"":""DEVICE-13"",""messageId"":44635,""topic"":""proof.mqtt/DEVICE-13/gmb"",""pendingCount"":2}",info,"{""level"":""info""}","{""project"":""90a47e04-a329-4122-9c82-2ee75a4562c2"",""environment"":""f6319bd4-2e87-40d4-8547-4ce714038bc1"",""service"":""c236b8cb-3eff-45c5-aca0-23e73e33dc8d"",""deployment"":""69394420-c732-4ebe-a5fd-54c2d5628ea7"",""replica"":""7fc15fda-5103-4647-b7c4-6251ceb0ef53""}",2026-07-23T06:20:36.985389620Z
"2026-07-23T06:20:32.204Z [[32minfo[39m] ✅ PUBACK received {""service"":""mqtt-publisher-lite"",""messageId"":44634}",info,"{""level"":""info""}","{""project"":""90a47e04-a329-4122-9c82-2ee75a4562c2"",""environment"":""f6319bd4-2e87-40d4-8547-4ce714038bc1"",""service"":""c236b8cb-3eff-45c5-aca0-23e73e33dc8d"",""deployment"":""69394420-c732-4ebe-a5fd-54c2d5628ea7"",""replica"":""7fc15fda-5103-4647-b7c4-6251ceb0ef53""}",2026-07-23T06:20:36.985392600Z
"2026-07-23T06:20:32.204Z [[32minfo[39m] ✅ QoS 1 PUBACK confirmed {""service"":""mqtt-publisher-lite"",""deviceId"":""DEVICE-13"",""messageId"":44634,""deliveryTime"":""210ms"",""pendingCount"":1}",info,"{""level"":""info""}","{""project"":""90a47e04-a329-4122-9c82-2ee75a4562c2"",""environment"":""f6319bd4-2e87-40d4-8547-4ce714038bc1"",""service"":""c236b8cb-3eff-45c5-aca0-23e73e33dc8d"",""deployment"":""69394420-c732-4ebe-a5fd-54c2d5628ea7"",""replica"":""7fc15fda-5103-4647-b7c4-6251ceb0ef53""}",2026-07-23T06:20:36.985396800Z
"2026-07-23T06:20:32.204Z [[34mdebug[39m] ✅ [LIFECYCLE:PUBACK_OK] Device confirmed message receipt {""service"":""mqtt-publisher-lite"",""deviceId"":""DEVICE-13""}",info,"{""level"":""info""}","{""project"":""90a47e04-a329-4122-9c82-2ee75a4562c2"",""environment"":""f6319bd4-2e87-40d4-8547-4ce714038bc1"",""service"":""c236b8cb-3eff-45c5-aca0-23e73e33dc8d"",""deployment"":""69394420-c732-4ebe-a5fd-54c2d5628ea7"",""replica"":""7fc15fda-5103-4647-b7c4-6251ceb0ef53""}",2026-07-23T06:20:36.986901147Z
"2026-07-23T06:20:32.205Z [[34mdebug[39m] Message published {""service"":""mqtt-publisher-lite"",""topic"":""proof.mqtt/DEVICE-13/instagram"",""qos"":1,""deliveryTime"":""212ms""}",info,"{""level"":""info""}","{""project"":""90a47e04-a329-4122-9c82-2ee75a4562c2"",""environment"":""f6319bd4-2e87-40d4-8547-4ce714038bc1"",""service"":""c236b8cb-3eff-45c5-aca0-23e73e33dc8d"",""deployment"":""69394420-c732-4ebe-a5fd-54c2d5628ea7"",""replica"":""7fc15fda-5103-4647-b7c4-6251ceb0ef53""}",2026-07-23T06:20:36.986908457Z
"2026-07-23T06:20:32.205Z [[34mdebug[39m] Message received {""service"":""mqtt-publisher-lite"",""topic"":""proof.mqtt/DEVICE-13/instagram"",""size"":252,""retain"":false}",info,"{""level"":""info""}","{""project"":""90a47e04-a329-4122-9c82-2ee75a4562c2"",""environment"":""f6319bd4-2e87-40d4-8547-4ce714038bc1"",""service"":""c236b8cb-3eff-45c5-aca0-23e73e33dc8d"",""deployment"":""69394420-c732-4ebe-a5fd-54c2d5628ea7"",""replica"":""7fc15fda-5103-4647-b7c4-6251ceb0ef53""}",2026-07-23T06:20:36.986914097Z
"2026-07-23T06:20:32.205Z [[34mdebug[39m] Skipping echo message {""service"":""mqtt-publisher-lite"",""topic"":""proof.mqtt/DEVICE-13/instagram"",""age"":""0ms""}",info,"{""level"":""info""}","{""project"":""90a47e04-a329-4122-9c82-2ee75a4562c2"",""environment"":""f6319bd4-2e87-40d4-8547-4ce714038bc1"",""service"":""c236b8cb-3eff-45c5-aca0-23e73e33dc8d"",""deployment"":""69394420-c732-4ebe-a5fd-54c2d5628ea7"",""replica"":""7fc15fda-5103-4647-b7c4-6251ceb0ef53""}",2026-07-23T06:20:36.986919457Z
"2026-07-23T06:20:32.206Z [[34mdebug[39m] Screen message received {""service"":""mqtt-publisher-lite"",""topic"":""proof.mqtt/DEVICE-13/instagram"",""screen"":""instagram""}",info,"{""level"":""info""}","{""project"":""90a47e04-a329-4122-9c82-2ee75a4562c2"",""environment"":""f6319bd4-2e87-40d4-8547-4ce714038bc1"",""service"":""c236b8cb-3eff-45c5-aca0-23e73e33dc8d"",""deployment"":""69394420-c732-4ebe-a5fd-54c2d5628ea7"",""replica"":""7fc15fda-5103-4647-b7c4-6251ceb0ef53""}",2026-07-23T06:20:36.986924437Z
"2026-07-23T06:20:32.304Z [[32minfo[39m] [STIM_IG] Published {""service"":""mqtt-publisher-lite"",""deviceId"":""DEVICE-13"",""followers"":5,""target"":500,""mode"":""synthetic"",""achievement"":10,""celebration"":""true"",""done"":false}",info,"{""level"":""info""}","{""project"":""90a47e04-a329-4122-9c82-2ee75a4562c2"",""environment"":""f6319bd4-2e87-40d4-8547-4ce714038bc1"",""service"":""c236b8cb-3eff-45c5-aca0-23e73e33dc8d"",""deployment"":""69394420-c732-4ebe-a5fd-54c2d5628ea7"",""replica"":""7fc15fda-5103-4647-b7c4-6251ceb0ef53""}",2026-07-23T06:20:36.986929897Z
"2026-07-23T06:20:32.305Z [[32minfo[39m] ✅ PUBACK received {""service"":""mqtt-publisher-lite"",""messageId"":44635}",info,"{""level"":""info""}","{""project"":""90a47e04-a329-4122-9c82-2ee75a4562c2"",""environment"":""f6319bd4-2e87-40d4-8547-4ce714038bc1"",""service"":""c236b8cb-3eff-45c5-aca0-23e73e33dc8d"",""deployment"":""69394420-c732-4ebe-a5fd-54c2d5628ea7"",""replica"":""7fc15fda-5103-4647-b7c4-6251ceb0ef53""}",2026-07-23T06:20:36.986934597Z
"2026-07-23T06:20:32.305Z [[32minfo[39m] ✅ QoS 1 PUBACK confirmed {""service"":""mqtt-publisher-lite"",""deviceId"":""DEVICE-13"",""messageId"":44635,""deliveryTime"":""210ms"",""pendingCount"":0}",info,"{""level"":""info""}","{""project"":""90a47e04-a329-4122-9c82-2ee75a4562c2"",""environment"":""f6319bd4-2e87-40d4-8547-4ce714038bc1"",""service"":""c236b8cb-3eff-45c5-aca0-23e73e33dc8d"",""deployment"":""69394420-c732-4ebe-a5fd-54c2d5628ea7"",""replica"":""7fc15fda-5103-4647-b7c4-6251ceb0ef53""}",2026-07-23T06:20:36.986940247Z
"2026-07-23T06:20:32.305Z [[34mdebug[39m] ✅ [LIFECYCLE:PUBACK_OK] Device confirmed message receipt {""service"":""mqtt-publisher-lite"",""deviceId"":""DEVICE-13""}",info,"{""level"":""info""}","{""project"":""90a47e04-a329-4122-9c82-2ee75a4562c2"",""environment"":""f6319bd4-2e87-40d4-8547-4ce714038bc1"",""service"":""c236b8cb-3eff-45c5-aca0-23e73e33dc8d"",""deployment"":""69394420-c732-4ebe-a5fd-54c2d5628ea7"",""replica"":""7fc15fda-5103-4647-b7c4-6251ceb0ef53""}",2026-07-23T06:20:36.986946217Z
"2026-07-23T06:20:32.305Z [[34mdebug[39m] Message published {""service"":""mqtt-publisher-lite"",""topic"":""proof.mqtt/DEVICE-13/gmb"",""qos"":1,""deliveryTime"":""211ms""}",info,"{""level"":""info""}","{""project"":""90a47e04-a329-4122-9c82-2ee75a4562c2"",""environment"":""f6319bd4-2e87-40d4-8547-4ce714038bc1"",""service"":""c236b8cb-3eff-45c5-aca0-23e73e33dc8d"",""deployment"":""69394420-c732-4ebe-a5fd-54c2d5628ea7"",""replica"":""7fc15fda-5103-4647-b7c4-6251ceb0ef53""}",2026-07-23T06:20:36.986961927Z
"2026-07-23T06:20:32.306Z [[34mdebug[39m] Message received {""service"":""mqtt-publisher-lite"",""topic"":""proof.mqtt/DEVICE-13/gmb"",""size"":244,""retain"":false}",info,"{""level"":""info""}","{""project"":""90a47e04-a329-4122-9c82-2ee75a4562c2"",""environment"":""f6319bd4-2e87-40d4-8547-4ce714038bc1"",""service"":""c236b8cb-3eff-45c5-aca0-23e73e33dc8d"",""deployment"":""69394420-c732-4ebe-a5fd-54c2d5628ea7"",""replica"":""7fc15fda-5103-4647-b7c4-6251ceb0ef53""}",2026-07-23T06:20:36.988263446Z
"2026-07-23T06:20:32.306Z [[34mdebug[39m] Skipping echo message {""service"":""mqtt-publisher-lite"",""topic"":""proof.mqtt/DEVICE-13/gmb"",""age"":""1ms""}",info,"{""level"":""info""}","{""project"":""90a47e04-a329-4122-9c82-2ee75a4562c2"",""environment"":""f6319bd4-2e87-40d4-8547-4ce714038bc1"",""service"":""c236b8cb-3eff-45c5-aca0-23e73e33dc8d"",""deployment"":""69394420-c732-4ebe-a5fd-54c2d5628ea7"",""replica"":""7fc15fda-5103-4647-b7c4-6251ceb0ef53""}",2026-07-23T06:20:36.988269385Z
"2026-07-23T06:20:32.306Z [[34mdebug[39m] Screen message received {""service"":""mqtt-publisher-lite"",""topic"":""proof.mqtt/DEVICE-13/gmb"",""screen"":""gmb""}",info,"{""level"":""info""}","{""project"":""90a47e04-a329-4122-9c82-2ee75a4562c2"",""environment"":""f6319bd4-2e87-40d4-8547-4ce714038bc1"",""service"":""c236b8cb-3eff-45c5-aca0-23e73e33dc8d"",""deployment"":""69394420-c732-4ebe-a5fd-54c2d5628ea7"",""replica"":""7fc15fda-5103-4647-b7c4-6251ceb0ef53""}",2026-07-23T06:20:36.988272695Z
"2026-07-23T06:20:32.405Z [[32minfo[39m] [STIM_GMB] Published {""service"":""mqtt-publisher-lite"",""deviceId"":""DEVICE-13"",""reviews"":3,""target"":100,""mode"":""synthetic"",""celebration"":""false"",""done"":false}",info,"{""level"":""info""}","{""project"":""90a47e04-a329-4122-9c82-2ee75a4562c2"",""environment"":""f6319bd4-2e87-40d4-8547-4ce714038bc1"",""service"":""c236b8cb-3eff-45c5-aca0-23e73e33dc8d"",""deployment"":""69394420-c732-4ebe-a5fd-54c2d5628ea7"",""replica"":""7fc15fda-5103-4647-b7c4-6251ceb0ef53""}",2026-07-23T06:20:36.988277805Z
"2026-07-23T06:20:59.194Z [[32minfo[39m] 📤 QoS 1 message sent {""service"":""mqtt-publisher-lite"",""messageId"":44636,""topic"":""proof.mqtt/DEVICE-15/instagram"",""qos"":1}",info,"{""level"":""info""}","{""project"":""90a47e04-a329-4122-9c82-2ee75a4562c2"",""environment"":""f6319bd4-2e87-40d4-8547-4ce714038bc1"",""service"":""c236b8cb-3eff-45c5-aca0-23e73e33dc8d"",""deployment"":""69394420-c732-4ebe-a5fd-54c2d5628ea7"",""replica"":""7fc15fda-5103-4647-b7c4-6251ceb0ef53""}",2026-07-23T06:21:07.008349113Z
"2026-07-23T06:20:59.194Z [[32minfo[39m] ⏱️ Tracking QoS 1 message (30s timeout) {""service"":""mqtt-publisher-lite"",""deviceId"":""DEVICE-15"",""messageId"":44636,""topic"":""proof.mqtt/DEVICE-15/instagram"",""pendingCount"":1}",info,"{""level"":""info""}","{""project"":""90a47e04-a329-4122-9c82-2ee75a4562c2"",""environment"":""f6319bd4-2e87-40d4-8547-4ce714038bc1"",""service"":""c236b8cb-3eff-45c5-aca0-23e73e33dc8d"",""deployment"":""69394420-c732-4ebe-a5fd-54c2d5628ea7"",""replica"":""7fc15fda-5103-4647-b7c4-6251ceb0ef53""}",2026-07-23T06:21:07.008354163Z
"2026-07-23T06:20:59.278Z [[34mdebug[39m] [IG_DIRECT] No Instagram credentials (Redis proof.mqtt:device:{id} or active-devices.json) {""service"":""mqtt-publisher-lite"",""deviceId"":""DEVICE-17"",""trigger"":""scheduled""}",info,"{""level"":""info""}","{""project"":""90a47e04-a329-4122-9c82-2ee75a4562c2"",""environment"":""f6319bd4-2e87-40d4-8547-4ce714038bc1"",""service"":""c236b8cb-3eff-45c5-aca0-23e73e33dc8d"",""deployment"":""69394420-c732-4ebe-a5fd-54c2d5628ea7"",""replica"":""7fc15fda-5103-4647-b7c4-6251ceb0ef53""}",2026-07-23T06:21:07.008359533Z
"2026-07-23T06:20:59.296Z [[32minfo[39m] 📤 QoS 1 message sent {""service"":""mqtt-publisher-lite"",""messageId"":44637,""topic"":""proof.mqtt/DEVICE-15/gmb"",""qos"":1}",info,"{""level"":""info""}","{""project"":""90a47e04-a329-4122-9c82-2ee75a4562c2"",""environment"":""f6319bd4-2e87-40d4-8547-4ce714038bc1"",""service"":""c236b8cb-3eff-45c5-aca0-23e73e33dc8d"",""deployment"":""69394420-c732-4ebe-a5fd-54c2d5628ea7"",""replica"":""7fc15fda-5103-4647-b7c4-6251ceb0ef53""}",2026-07-23T06:21:07.008364403Z
"2026-07-23T06:20:59.297Z [[32minfo[39m] ⏱️ Tracking QoS 1 message (30s timeout) {""service"":""mqtt-publisher-lite"",""deviceId"":""DEVICE-15"",""messageId"":44637,""topic"":""proof.mqtt/DEVICE-15/gmb"",""pendingCount"":2}",info,"{""level"":""info""}","{""project"":""90a47e04-a329-4122-9c82-2ee75a4562c2"",""environment"":""f6319bd4-2e87-40d4-8547-4ce714038bc1"",""service"":""c236b8cb-3eff-45c5-aca0-23e73e33dc8d"",""deployment"":""69394420-c732-4ebe-a5fd-54c2d5628ea7"",""replica"":""7fc15fda-5103-4647-b7c4-6251ceb0ef53""}",2026-07-23T06:21:07.008369343Z
"2026-07-23T06:20:59.378Z [[34mdebug[39m] Instagram fetch audit written to InfluxDB {""service"":""mqtt-publisher-lite"",""deviceId"":""DEVICE-17"",""success"":false}",info,"{""level"":""info""}","{""project"":""90a47e04-a329-4122-9c82-2ee75a4562c2"",""environment"":""f6319bd4-2e87-40d4-8547-4ce714038bc1"",""service"":""c236b8cb-3eff-45c5-aca0-23e73e33dc8d"",""deployment"":""69394420-c732-4ebe-a5fd-54c2d5628ea7"",""replica"":""7fc15fda-5103-4647-b7c4-6251ceb0ef53""}",2026-07-23T06:21:07.008374293Z
"2026-07-23T06:20:59.378Z [[33mwarn[39m] [IG_SCREEN] Skipping MQTT for failed fetch {""service"":""mqtt-publisher-lite"",""deviceId"":""DEVICE-17"",""error"":""no_instagram_credentials""}",info,"{""level"":""info""}","{""project"":""90a47e04-a329-4122-9c82-2ee75a4562c2"",""environment"":""f6319bd4-2e87-40d4-8547-4ce714038bc1"",""service"":""c236b8cb-3eff-45c5-aca0-23e73e33dc8d"",""deployment"":""69394420-c732-4ebe-a5fd-54c2d5628ea7"",""replica"":""7fc15fda-5103-4647-b7c4-6251ceb0ef53""}",2026-07-23T06:21:07.008379543Z
"2026-07-23T06:20:59.379Z [[32minfo[39m] InfluxDB batch flush {""service"":""mqtt-publisher-lite"",""source"":""metrics_disk_queue_worker"",""count"":1,""lines"":[""instagram_fetch_audit,device_id=DEVICE-17,success=false,trigger_type=scheduled duration_ms=0i,error_message=\""no_instagram_credentials\"",user_id_at_time=\""unknown\"" 1784787659278000000""]}",info,"{""level"":""info""}","{""project"":""90a47e04-a329-4122-9c82-2ee75a4562c2"",""environment"":""f6319bd4-2e87-40d4-8547-4ce714038bc1"",""service"":""c236b8cb-3eff-45c5-aca0-23e73e33dc8d"",""deployment"":""69394420-c732-4ebe-a5fd-54c2d5628ea7"",""replica"":""7fc15fda-5103-4647-b7c4-6251ceb0ef53""}",2026-07-23T06:21:07.008384483Z
"2026-07-23T06:20:59.408Z [[32minfo[39m] ✅ PUBACK received {""service"":""mqtt-publisher-lite"",""messageId"":44636}",info,"{""level"":""info""}","{""project"":""90a47e04-a329-4122-9c82-2ee75a4562c2"",""environment"":""f6319bd4-2e87-40d4-8547-4ce714038bc1"",""service"":""c236b8cb-3eff-45c5-aca0-23e73e33dc8d"",""deployment"":""69394420-c732-4ebe-a5fd-54c2d5628ea7"",""replica"":""7fc15fda-5103-4647-b7c4-6251ceb0ef53""}",2026-07-23T06:21:07.008389513Z
"2026-07-23T06:20:59.409Z [[32minfo[39m] ✅ QoS 1 PUBACK confirmed {""service"":""mqtt-publisher-lite"",""deviceId"":""DEVICE-15"",""messageId"":44636,""deliveryTime"":""215ms"",""pendingCount"":1}",info,"{""level"":""info""}","{""project"":""90a47e04-a329-4122-9c82-2ee75a4562c2"",""environment"":""f6319bd4-2e87-40d4-8547-4ce714038bc1"",""service"":""c236b8cb-3eff-45c5-aca0-23e73e33dc8d"",""deployment"":""69394420-c732-4ebe-a5fd-54c2d5628ea7"",""replica"":""7fc15fda-5103-4647-b7c4-6251ceb0ef53""}",2026-07-23T06:21:07.009741291Z
"2026-07-23T06:20:59.409Z [[34mdebug[39m] ✅ [LIFECYCLE:PUBACK_OK] Device confirmed message receipt {""service"":""mqtt-publisher-lite"",""deviceId"":""DEVICE-15""}",info,"{""level"":""info""}","{""project"":""90a47e04-a329-4122-9c82-2ee75a4562c2"",""environment"":""f6319bd4-2e87-40d4-8547-4ce714038bc1"",""service"":""c236b8cb-3eff-45c5-aca0-23e73e33dc8d"",""deployment"":""69394420-c732-4ebe-a5fd-54c2d5628ea7"",""replica"":""7fc15fda-5103-4647-b7c4-6251ceb0ef53""}",2026-07-23T06:21:07.009753131Z
"2026-07-23T06:20:59.409Z [[34mdebug[39m] Message published {""service"":""mqtt-publisher-lite"",""topic"":""proof.mqtt/DEVICE-15/instagram"",""qos"":1,""deliveryTime"":""215ms""}",info,"{""level"":""info""}","{""project"":""90a47e04-a329-4122-9c82-2ee75a4562c2"",""environment"":""f6319bd4-2e87-40d4-8547-4ce714038bc1"",""service"":""c236b8cb-3eff-45c5-aca0-23e73e33dc8d"",""deployment"":""69394420-c732-4ebe-a5fd-54c2d5628ea7"",""replica"":""7fc15fda-5103-4647-b7c4-6251ceb0ef53""}",2026-07-23T06:21:07.009759861Z
"2026-07-23T06:20:59.409Z [[34mdebug[39m] Message received {""service"":""mqtt-publisher-lite"",""topic"":""proof.mqtt/DEVICE-15/instagram"",""size"":228,""retain"":false}",info,"{""level"":""info""}","{""project"":""90a47e04-a329-4122-9c82-2ee75a4562c2"",""environment"":""f6319bd4-2e87-40d4-8547-4ce714038bc1"",""service"":""c236b8cb-3eff-45c5-aca0-23e73e33dc8d"",""deployment"":""69394420-c732-4ebe-a5fd-54c2d5628ea7"",""replica"":""7fc15fda-5103-4647-b7c4-6251ceb0ef53""}",2026-07-23T06:21:07.009766291Z
"2026-07-23T06:20:59.409Z [[34mdebug[39m] Skipping echo message {""service"":""mqtt-publisher-lite"",""topic"":""proof.mqtt/DEVICE-15/instagram"",""age"":""0ms""}",info,"{""level"":""info""}","{""project"":""90a47e04-a329-4122-9c82-2ee75a4562c2"",""environment"":""f6319bd4-2e87-40d4-8547-4ce714038bc1"",""service"":""c236b8cb-3eff-45c5-aca0-23e73e33dc8d"",""deployment"":""69394420-c732-4ebe-a5fd-54c2d5628ea7"",""replica"":""7fc15fda-5103-4647-b7c4-6251ceb0ef53""}",2026-07-23T06:21:07.009771881Z
"2026-07-23T06:20:59.409Z [[34mdebug[39m] Screen message received {""service"":""mqtt-publisher-lite"",""topic"":""proof.mqtt/DEVICE-15/instagram"",""screen"":""instagram""}",info,"{""level"":""info""}","{""project"":""90a47e04-a329-4122-9c82-2ee75a4562c2"",""environment"":""f6319bd4-2e87-40d4-8547-4ce714038bc1"",""service"":""c236b8cb-3eff-45c5-aca0-23e73e33dc8d"",""deployment"":""69394420-c732-4ebe-a5fd-54c2d5628ea7"",""replica"":""7fc15fda-5103-4647-b7c4-6251ceb0ef53""}",2026-07-23T06:21:07.009778981Z
"2026-07-23T06:20:59.507Z [[32minfo[39m] ✅ PUBACK received {""service"":""mqtt-publisher-lite"",""messageId"":44637}",info,"{""level"":""info""}","{""project"":""90a47e04-a329-4122-9c82-2ee75a4562c2"",""environment"":""f6319bd4-2e87-40d4-8547-4ce714038bc1"",""service"":""c236b8cb-3eff-45c5-aca0-23e73e33dc8d"",""deployment"":""69394420-c732-4ebe-a5fd-54c2d5628ea7"",""replica"":""7fc15fda-5103-4647-b7c4-6251ceb0ef53""}",2026-07-23T06:21:07.009784611Z
"2026-07-23T06:20:59.507Z [[32minfo[39m] ✅ QoS 1 PUBACK confirmed {""service"":""mqtt-publisher-lite"",""deviceId"":""DEVICE-15"",""messageId"":44637,""deliveryTime"":""210ms"",""pendingCount"":0}",info,"{""level"":""info""}","{""project"":""90a47e04-a329-4122-9c82-2ee75a4562c2"",""environment"":""f6319bd4-2e87-40d4-8547-4ce714038bc1"",""service"":""c236b8cb-3eff-45c5-aca0-23e73e33dc8d"",""deployment"":""69394420-c732-4ebe-a5fd-54c2d5628ea7"",""replica"":""7fc15fda-5103-4647-b7c4-6251ceb0ef53""}",2026-07-23T06:21:07.009790821Z
"2026-07-23T06:20:59.508Z [[34mdebug[39m] ✅ [LIFECYCLE:PUBACK_OK] Device confirmed message receipt {""service"":""mqtt-publisher-lite"",""deviceId"":""DEVICE-15""}",info,"{""level"":""info""}","{""project"":""90a47e04-a329-4122-9c82-2ee75a4562c2"",""environment"":""f6319bd4-2e87-40d4-8547-4ce714038bc1"",""service"":""c236b8cb-3eff-45c5-aca0-23e73e33dc8d"",""deployment"":""69394420-c732-4ebe-a5fd-54c2d5628ea7"",""replica"":""7fc15fda-5103-4647-b7c4-6251ceb0ef53""}",2026-07-23T06:21:07.009796261Z
"2026-07-23T06:20:59.508Z [[34mdebug[39m] Message published {""service"":""mqtt-publisher-lite"",""topic"":""proof.mqtt/DEVICE-15/gmb"",""qos"":1,""deliveryTime"":""212ms""}",info,"{""level"":""info""}","{""project"":""90a47e04-a329-4122-9c82-2ee75a4562c2"",""environment"":""f6319bd4-2e87-40d4-8547-4ce714038bc1"",""service"":""c236b8cb-3eff-45c5-aca0-23e73e33dc8d"",""deployment"":""69394420-c732-4ebe-a5fd-54c2d5628ea7"",""replica"":""7fc15fda-5103-4647-b7c4-6251ceb0ef53""}",2026-07-23T06:21:07.009801961Z
"2026-07-23T06:20:59.508Z [[34mdebug[39m] Message received {""service"":""mqtt-publisher-lite"",""topic"":""proof.mqtt/DEVICE-15/gmb"",""size"":272,""retain"":false}",info,"{""level"":""info""}","{""project"":""90a47e04-a329-4122-9c82-2ee75a4562c2"",""environment"":""f6319bd4-2e87-40d4-8547-4ce714038bc1"",""service"":""c236b8cb-3eff-45c5-aca0-23e73e33dc8d"",""deployment"":""69394420-c732-4ebe-a5fd-54c2d5628ea7"",""replica"":""7fc15fda-5103-4647-b7c4-6251ceb0ef53""}",2026-07-23T06:21:07.009807751Z
"2026-07-23T06:20:59.508Z [[34mdebug[39m] Skipping echo message {""service"":""mqtt-publisher-lite"",""topic"":""proof.mqtt/DEVICE-15/gmb"",""age"":""0ms""}",info,"{""level"":""info""}","{""project"":""90a47e04-a329-4122-9c82-2ee75a4562c2"",""environment"":""f6319bd4-2e87-40d4-8547-4ce714038bc1"",""service"":""c236b8cb-3eff-45c5-aca0-23e73e33dc8d"",""deployment"":""69394420-c732-4ebe-a5fd-54c2d5628ea7"",""replica"":""7fc15fda-5103-4647-b7c4-6251ceb0ef53""}",2026-07-23T06:21:07.011085500Z
"2026-07-23T06:20:59.508Z [[34mdebug[39m] Screen message received {""service"":""mqtt-publisher-lite"",""topic"":""proof.mqtt/DEVICE-15/gmb"",""screen"":""gmb""}",info,"{""level"":""info""}","{""project"":""90a47e04-a329-4122-9c82-2ee75a4562c2"",""environment"":""f6319bd4-2e87-40d4-8547-4ce714038bc1"",""service"":""c236b8cb-3eff-45c5-aca0-23e73e33dc8d"",""deployment"":""69394420-c732-4ebe-a5fd-54c2d5628ea7"",""replica"":""7fc15fda-5103-4647-b7c4-6251ceb0ef53""}",2026-07-23T06:21:07.011091390Z
"2026-07-23T06:20:59.510Z [[32minfo[39m] [STIM_IG] Published {""service"":""mqtt-publisher-lite"",""deviceId"":""DEVICE-15"",""followers"":12,""target"":500,""mode"":""synthetic"",""achievement"":15,""celebration"":""false"",""done"":false}",info,"{""level"":""info""}","{""project"":""90a47e04-a329-4122-9c82-2ee75a4562c2"",""environment"":""f6319bd4-2e87-40d4-8547-4ce714038bc1"",""service"":""c236b8cb-3eff-45c5-aca0-23e73e33dc8d"",""deployment"":""69394420-c732-4ebe-a5fd-54c2d5628ea7"",""replica"":""7fc15fda-5103-4647-b7c4-6251ceb0ef53""}",2026-07-23T06:21:07.011094680Z
"2026-07-23T06:20:59.608Z [[32minfo[39m] [STIM_GMB] Published {""service"":""mqtt-publisher-lite"",""deviceId"":""DEVICE-15"",""reviews"":10,""target"":100,""mode"":""synthetic"",""celebration"":""true"",""done"":false}",info,"{""level"":""info""}","{""project"":""90a47e04-a329-4122-9c82-2ee75a4562c2"",""environment"":""f6319bd4-2e87-40d4-8547-4ce714038bc1"",""service"":""c236b8cb-3eff-45c5-aca0-23e73e33dc8d"",""deployment"":""69394420-c732-4ebe-a5fd-54c2d5628ea7"",""replica"":""7fc15fda-5103-4647-b7c4-6251ceb0ef53""}",2026-07-23T06:21:07.011097550Z
"2026-07-23T06:21:01.993Z [[32minfo[39m] 📤 QoS 1 message sent {""service"":""mqtt-publisher-lite"",""messageId"":44638,""topic"":""proof.mqtt/DEVICE-13/instagram"",""qos"":1}",info,"{""level"":""info""}","{""project"":""90a47e04-a329-4122-9c82-2ee75a4562c2"",""environment"":""f6319bd4-2e87-40d4-8547-4ce714038bc1"",""service"":""c236b8cb-3eff-45c5-aca0-23e73e33dc8d"",""deployment"":""69394420-c732-4ebe-a5fd-54c2d5628ea7"",""replica"":""7fc15fda-5103-4647-b7c4-6251ceb0ef53""}",2026-07-23T06:21:07.011101310Z
"2026-07-23T06:21:01.994Z [[32minfo[39m] ⏱️ Tracking QoS 1 message (30s timeout) {""service"":""mqtt-publisher-lite"",""deviceId"":""DEVICE-13"",""messageId"":44638,""topic"":""proof.mqtt/DEVICE-13/instagram"",""pendingCount"":1}",info,"{""level"":""info""}","{""project"":""90a47e04-a329-4122-9c82-2ee75a4562c2"",""environment"":""f6319bd4-2e87-40d4-8547-4ce714038bc1"",""service"":""c236b8cb-3eff-45c5-aca0-23e73e33dc8d"",""deployment"":""69394420-c732-4ebe-a5fd-54c2d5628ea7"",""replica"":""7fc15fda-5103-4647-b7c4-6251ceb0ef53""}",2026-07-23T06:21:07.011104500Z
"2026-07-23T06:21:02.094Z [[32minfo[39m] 📤 QoS 1 message sent {""service"":""mqtt-publisher-lite"",""messageId"":44639,""topic"":""proof.mqtt/DEVICE-13/gmb"",""qos"":1}",info,"{""level"":""info""}","{""project"":""90a47e04-a329-4122-9c82-2ee75a4562c2"",""environment"":""f6319bd4-2e87-40d4-8547-4ce714038bc1"",""service"":""c236b8cb-3eff-45c5-aca0-23e73e33dc8d"",""deployment"":""69394420-c732-4ebe-a5fd-54c2d5628ea7"",""replica"":""7fc15fda-5103-4647-b7c4-6251ceb0ef53""}",2026-07-23T06:21:07.011107450Z
"2026-07-23T06:21:02.095Z [[32minfo[39m] ⏱️ Tracking QoS 1 message (30s timeout) {""service"":""mqtt-publisher-lite"",""deviceId"":""DEVICE-13"",""messageId"":44639,""topic"":""proof.mqtt/DEVICE-13/gmb"",""pendingCount"":2}",info,"{""level"":""info""}","{""project"":""90a47e04-a329-4122-9c82-2ee75a4562c2"",""environment"":""f6319bd4-2e87-40d4-8547-4ce714038bc1"",""service"":""c236b8cb-3eff-45c5-aca0-23e73e33dc8d"",""deployment"":""69394420-c732-4ebe-a5fd-54c2d5628ea7"",""replica"":""7fc15fda-5103-4647-b7c4-6251ceb0ef53""}",2026-07-23T06:21:07.011111420Z
"2026-07-23T06:21:02.204Z [[32minfo[39m] ✅ PUBACK received {""service"":""mqtt-publisher-lite"",""messageId"":44638}",info,"{""level"":""info""}","{""project"":""90a47e04-a329-4122-9c82-2ee75a4562c2"",""environment"":""f6319bd4-2e87-40d4-8547-4ce714038bc1"",""service"":""c236b8cb-3eff-45c5-aca0-23e73e33dc8d"",""deployment"":""69394420-c732-4ebe-a5fd-54c2d5628ea7"",""replica"":""7fc15fda-5103-4647-b7c4-6251ceb0ef53""}",2026-07-23T06:21:07.011114580Z
"2026-07-23T06:21:02.205Z [[32minfo[39m] ✅ QoS 1 PUBACK confirmed {""service"":""mqtt-publisher-lite"",""deviceId"":""DEVICE-13"",""messageId"":44638,""deliveryTime"":""211ms"",""pendingCount"":1}",info,"{""level"":""info""}","{""project"":""90a47e04-a329-4122-9c82-2ee75a4562c2"",""environment"":""f6319bd4-2e87-40d4-8547-4ce714038bc1"",""service"":""c236b8cb-3eff-45c5-aca0-23e73e33dc8d"",""deployment"":""69394420-c732-4ebe-a5fd-54c2d5628ea7"",""replica"":""7fc15fda-5103-4647-b7c4-6251ceb0ef53""}",2026-07-23T06:21:07.011117420Z
"2026-07-23T06:21:02.205Z [[34mdebug[39m] ✅ [LIFECYCLE:PUBACK_OK] Device confirmed message receipt {""service"":""mqtt-publisher-lite"",""deviceId"":""DEVICE-13""}",info,"{""level"":""info""}","{""project"":""90a47e04-a329-4122-9c82-2ee75a4562c2"",""environment"":""f6319bd4-2e87-40d4-8547-4ce714038bc1"",""service"":""c236b8cb-3eff-45c5-aca0-23e73e33dc8d"",""deployment"":""69394420-c732-4ebe-a5fd-54c2d5628ea7"",""replica"":""7fc15fda-5103-4647-b7c4-6251ceb0ef53""}",2026-07-23T06:21:07.012626107Z
"2026-07-23T06:21:02.205Z [[34mdebug[39m] Message published {""service"":""mqtt-publisher-lite"",""topic"":""proof.mqtt/DEVICE-13/instagram"",""qos"":1,""deliveryTime"":""212ms""}",info,"{""level"":""info""}","{""project"":""90a47e04-a329-4122-9c82-2ee75a4562c2"",""environment"":""f6319bd4-2e87-40d4-8547-4ce714038bc1"",""service"":""c236b8cb-3eff-45c5-aca0-23e73e33dc8d"",""deployment"":""69394420-c732-4ebe-a5fd-54c2d5628ea7"",""replica"":""7fc15fda-5103-4647-b7c4-6251ceb0ef53""}",2026-07-23T06:21:07.012642657Z
"2026-07-23T06:21:02.205Z [[34mdebug[39m] Message received {""service"":""mqtt-publisher-lite"",""topic"":""proof.mqtt/DEVICE-13/instagram"",""size"":227,""retain"":false}",info,"{""level"":""info""}","{""project"":""90a47e04-a329-4122-9c82-2ee75a4562c2"",""environment"":""f6319bd4-2e87-40d4-8547-4ce714038bc1"",""service"":""c236b8cb-3eff-45c5-aca0-23e73e33dc8d"",""deployment"":""69394420-c732-4ebe-a5fd-54c2d5628ea7"",""replica"":""7fc15fda-5103-4647-b7c4-6251ceb0ef53""}",2026-07-23T06:21:07.012647917Z
"2026-07-23T06:21:02.206Z [[34mdebug[39m] Skipping echo message {""service"":""mqtt-publisher-lite"",""topic"":""proof.mqtt/DEVICE-13/instagram"",""age"":""1ms""}",info,"{""level"":""info""}","{""project"":""90a47e04-a329-4122-9c82-2ee75a4562c2"",""environment"":""f6319bd4-2e87-40d4-8547-4ce714038bc1"",""service"":""c236b8cb-3eff-45c5-aca0-23e73e33dc8d"",""deployment"":""69394420-c732-4ebe-a5fd-54c2d5628ea7"",""replica"":""7fc15fda-5103-4647-b7c4-6251ceb0ef53""}",2026-07-23T06:21:07.012652397Z
"2026-07-23T06:21:02.206Z [[34mdebug[39m] Screen message received {""service"":""mqtt-publisher-lite"",""topic"":""proof.mqtt/DEVICE-13/instagram"",""screen"":""instagram""}",info,"{""level"":""info""}","{""project"":""90a47e04-a329-4122-9c82-2ee75a4562c2"",""environment"":""f6319bd4-2e87-40d4-8547-4ce714038bc1"",""service"":""c236b8cb-3eff-45c5-aca0-23e73e33dc8d"",""deployment"":""69394420-c732-4ebe-a5fd-54c2d5628ea7"",""replica"":""7fc15fda-5103-4647-b7c4-6251ceb0ef53""}",2026-07-23T06:21:07.012656477Z
"2026-07-23T06:21:02.305Z [[32minfo[39m] [STIM_IG] Published {""service"":""mqtt-publisher-lite"",""deviceId"":""DEVICE-13"",""followers"":6,""target"":500,""mode"":""synthetic"",""achievement"":10,""celebration"":""false"",""done"":false}",info,"{""level"":""info""}","{""project"":""90a47e04-a329-4122-9c82-2ee75a4562c2"",""environment"":""f6319bd4-2e87-40d4-8547-4ce714038bc1"",""service"":""c236b8cb-3eff-45c5-aca0-23e73e33dc8d"",""deployment"":""69394420-c732-4ebe-a5fd-54c2d5628ea7"",""replica"":""7fc15fda-5103-4647-b7c4-6251ceb0ef53""}",2026-07-23T06:21:07.012660717Z
"2026-07-23T06:21:02.305Z [[32minfo[39m] ✅ PUBACK received {""service"":""mqtt-publisher-lite"",""messageId"":44639}",info,"{""level"":""info""}","{""project"":""90a47e04-a329-4122-9c82-2ee75a4562c2"",""environment"":""f6319bd4-2e87-40d4-8547-4ce714038bc1"",""service"":""c236b8cb-3eff-45c5-aca0-23e73e33dc8d"",""deployment"":""69394420-c732-4ebe-a5fd-54c2d5628ea7"",""replica"":""7fc15fda-5103-4647-b7c4-6251ceb0ef53""}",2026-07-23T06:21:07.012664487Z
"2026-07-23T06:21:02.305Z [[32minfo[39m] ✅ QoS 1 PUBACK confirmed {""service"":""mqtt-publisher-lite"",""deviceId"":""DEVICE-13"",""messageId"":44639,""deliveryTime"":""210ms"",""pendingCount"":0}",info,"{""level"":""info""}","{""project"":""90a47e04-a329-4122-9c82-2ee75a4562c2"",""environment"":""f6319bd4-2e87-40d4-8547-4ce714038bc1"",""service"":""c236b8cb-3eff-45c5-aca0-23e73e33dc8d"",""deployment"":""69394420-c732-4ebe-a5fd-54c2d5628ea7"",""replica"":""7fc15fda-5103-4647-b7c4-6251ceb0ef53""}",2026-07-23T06:21:07.012720786Z
"2026-07-23T06:21:02.305Z [[34mdebug[39m] ✅ [LIFECYCLE:PUBACK_OK] Device confirmed message receipt {""service"":""mqtt-publisher-lite"",""deviceId"":""DEVICE-13""}",info,"{""level"":""info""}","{""project"":""90a47e04-a329-4122-9c82-2ee75a4562c2"",""environment"":""f6319bd4-2e87-40d4-8547-4ce714038bc1"",""service"":""c236b8cb-3eff-45c5-aca0-23e73e33dc8d"",""deployment"":""69394420-c732-4ebe-a5fd-54c2d5628ea7"",""replica"":""7fc15fda-5103-4647-b7c4-6251ceb0ef53""}",2026-07-23T06:21:07.012725466Z
"2026-07-23T06:21:02.306Z [[34mdebug[39m] Message published {""service"":""mqtt-publisher-lite"",""topic"":""proof.mqtt/DEVICE-13/gmb"",""qos"":1,""deliveryTime"":""212ms""}",info,"{""level"":""info""}","{""project"":""90a47e04-a329-4122-9c82-2ee75a4562c2"",""environment"":""f6319bd4-2e87-40d4-8547-4ce714038bc1"",""service"":""c236b8cb-3eff-45c5-aca0-23e73e33dc8d"",""deployment"":""69394420-c732-4ebe-a5fd-54c2d5628ea7"",""replica"":""7fc15fda-5103-4647-b7c4-6251ceb0ef53""}",2026-07-23T06:21:07.012730376Z
"2026-07-23T06:21:02.306Z [[34mdebug[39m] Message received {""service"":""mqtt-publisher-lite"",""topic"":""proof.mqtt/DEVICE-13/gmb"",""size"":244,""retain"":false}",info,"{""level"":""info""}","{""project"":""90a47e04-a329-4122-9c82-2ee75a4562c2"",""environment"":""f6319bd4-2e87-40d4-8547-4ce714038bc1"",""service"":""c236b8cb-3eff-45c5-aca0-23e73e33dc8d"",""deployment"":""69394420-c732-4ebe-a5fd-54c2d5628ea7"",""replica"":""7fc15fda-5103-4647-b7c4-6251ceb0ef53""}",2026-07-23T06:21:07.013834077Z
"2026-07-23T06:21:02.306Z [[34mdebug[39m] Skipping echo message {""service"":""mqtt-publisher-lite"",""topic"":""proof.mqtt/DEVICE-13/gmb"",""age"":""0ms""}",info,"{""level"":""info""}","{""project"":""90a47e04-a329-4122-9c82-2ee75a4562c2"",""environment"":""f6319bd4-2e87-40d4-8547-4ce714038bc1"",""service"":""c236b8cb-3eff-45c5-aca0-23e73e33dc8d"",""deployment"":""69394420-c732-4ebe-a5fd-54c2d5628ea7"",""replica"":""7fc15fda-5103-4647-b7c4-6251ceb0ef53""}",2026-07-23T06:21:07.013840797Z
"2026-07-23T06:21:02.306Z [[34mdebug[39m] Screen message received {""service"":""mqtt-publisher-lite"",""topic"":""proof.mqtt/DEVICE-13/gmb"",""screen"":""gmb""}",info,"{""level"":""info""}","{""project"":""90a47e04-a329-4122-9c82-2ee75a4562c2"",""environment"":""f6319bd4-2e87-40d4-8547-4ce714038bc1"",""service"":""c236b8cb-3eff-45c5-aca0-23e73e33dc8d"",""deployment"":""69394420-c732-4ebe-a5fd-54c2d5628ea7"",""replica"":""7fc15fda-5103-4647-b7c4-6251ceb0ef53""}",2026-07-23T06:21:07.013860757Z
"2026-07-23T06:21:02.408Z [[32minfo[39m] [STIM_GMB] Published {""service"":""mqtt-publisher-lite"",""deviceId"":""DEVICE-13"",""reviews"":4,""target"":100,""mode"":""synthetic"",""celebration"":""false"",""done"":false}",info,"{""level"":""info""}","{""project"":""90a47e04-a329-4122-9c82-2ee75a4562c2"",""environment"":""f6319bd4-2e87-40d4-8547-4ce714038bc1"",""service"":""c236b8cb-3eff-45c5-aca0-23e73e33dc8d"",""deployment"":""69394420-c732-4ebe-a5fd-54c2d5628ea7"",""replica"":""7fc15fda-5103-4647-b7c4-6251ceb0ef53""}",2026-07-23T06:21:07.013866087Z
"2026-07-23T06:21:29.194Z [[32minfo[39m] 📤 QoS 1 message sent {""service"":""mqtt-publisher-lite"",""messageId"":44641,""topic"":""proof.mqtt/DEVICE-15/instagram"",""qos"":1}",info,"{""level"":""info""}","{""project"":""90a47e04-a329-4122-9c82-2ee75a4562c2"",""environment"":""f6319bd4-2e87-40d4-8547-4ce714038bc1"",""service"":""c236b8cb-3eff-45c5-aca0-23e73e33dc8d"",""deployment"":""69394420-c732-4ebe-a5fd-54c2d5628ea7"",""replica"":""7fc15fda-5103-4647-b7c4-6251ceb0ef53""}",2026-07-23T06:21:37.149733181Z
"2026-07-23T06:21:29.194Z [[32minfo[39m] ⏱️ Tracking QoS 1 message (30s timeout) {""service"":""mqtt-publisher-lite"",""deviceId"":""DEVICE-15"",""messageId"":44641,""topic"":""proof.mqtt/DEVICE-15/instagram"",""pendingCount"":2}",info,"{""level"":""info""}","{""project"":""90a47e04-a329-4122-9c82-2ee75a4562c2"",""environment"":""f6319bd4-2e87-40d4-8547-4ce714038bc1"",""service"":""c236b8cb-3eff-45c5-aca0-23e73e33dc8d"",""deployment"":""69394420-c732-4ebe-a5fd-54c2d5628ea7"",""replica"":""7fc15fda-5103-4647-b7c4-6251ceb0ef53""}",2026-07-23T06:21:37.149739731Z
"2026-07-23T06:21:29.295Z [[32minfo[39m] 📤 QoS 1 message sent {""service"":""mqtt-publisher-lite"",""messageId"":44642,""topic"":""proof.mqtt/DEVICE-15/gmb"",""qos"":1}",info,"{""level"":""info""}","{""project"":""90a47e04-a329-4122-9c82-2ee75a4562c2"",""environment"":""f6319bd4-2e87-40d4-8547-4ce714038bc1"",""service"":""c236b8cb-3eff-45c5-aca0-23e73e33dc8d"",""deployment"":""69394420-c732-4ebe-a5fd-54c2d5628ea7"",""replica"":""7fc15fda-5103-4647-b7c4-6251ceb0ef53""}",2026-07-23T06:21:37.149743741Z
"2026-07-23T06:21:29.296Z [[32minfo[39m] ⏱️ Tracking QoS 1 message (30s timeout) {""service"":""mqtt-publisher-lite"",""deviceId"":""DEVICE-15"",""messageId"":44642,""topic"":""proof.mqtt/DEVICE-15/gmb"",""pendingCount"":3}",info,"{""level"":""info""}","{""project"":""90a47e04-a329-4122-9c82-2ee75a4562c2"",""environment"":""f6319bd4-2e87-40d4-8547-4ce714038bc1"",""service"":""c236b8cb-3eff-45c5-aca0-23e73e33dc8d"",""deployment"":""69394420-c732-4ebe-a5fd-54c2d5628ea7"",""replica"":""7fc15fda-5103-4647-b7c4-6251ceb0ef53""}",2026-07-23T06:21:37.149747861Z
"2026-07-23T06:21:29.393Z [[32minfo[39m] ✅ PUBACK received {""service"":""mqtt-publisher-lite"",""messageId"":44640}",info,"{""level"":""info""}","{""project"":""90a47e04-a329-4122-9c82-2ee75a4562c2"",""environment"":""f6319bd4-2e87-40d4-8547-4ce714038bc1"",""service"":""c236b8cb-3eff-45c5-aca0-23e73e33dc8d"",""deployment"":""69394420-c732-4ebe-a5fd-54c2d5628ea7"",""replica"":""7fc15fda-5103-4647-b7c4-6251ceb0ef53""}",2026-07-23T06:21:37.149750741Z
"2026-07-23T06:21:29.083Z [[32minfo[39m] 📤 [PUBLISH_CYCLE] Starting publish cycle {""service"":""mqtt-publisher-lite"",""deviceCount"":4,""source"":""redis"",""devices"":[{""id"":""DEVICE-17"",""userId"":""(none)"",""lastSeen"":""2026-07-23T06:20:29.393Z""},{""id"":""DEVICE-19"",""userId"":""68d3753f9f99d6b73ae2d991"",""lastSeen"":""2026-07-23T06:17:12.273Z""},{""id"":""DEVICE-15"",""userId"":""68d3753f9f99d6b73ae2d991"",""lastSeen"":""2026-07-23T06:20:59.508Z""},{""id"":""DEVICE-13"",""userId"":""6937af58f950f0f5356a1599"",""lastSeen"":""2026-07-23T06:21:02.305Z""}]}",info,"{""level"":""info""}","{""project"":""90a47e04-a329-4122-9c82-2ee75a4562c2"",""environment"":""f6319bd4-2e87-40d4-8547-4ce714038bc1"",""service"":""c236b8cb-3eff-45c5-aca0-23e73e33dc8d"",""deployment"":""69394420-c732-4ebe-a5fd-54c2d5628ea7"",""replica"":""7fc15fda-5103-4647-b7c4-6251ceb0ef53""}",2026-07-23T06:21:37.149777841Z
"2026-07-23T06:21:29.182Z [[32minfo[39m] 📤 QoS 1 message sent {""service"":""mqtt-publisher-lite"",""messageId"":44640,""topic"":""proof.mqtt/DEVICE-17/test-gmb"",""qos"":1}",info,"{""level"":""info""}","{""project"":""90a47e04-a329-4122-9c82-2ee75a4562c2"",""environment"":""f6319bd4-2e87-40d4-8547-4ce714038bc1"",""service"":""c236b8cb-3eff-45c5-aca0-23e73e33dc8d"",""deployment"":""69394420-c732-4ebe-a5fd-54c2d5628ea7"",""replica"":""7fc15fda-5103-4647-b7c4-6251ceb0ef53""}",2026-07-23T06:21:37.149780521Z
"2026-07-23T06:21:29.183Z [[32minfo[39m] ⏱️ Tracking QoS 1 message (30s timeout) {""service"":""mqtt-publisher-lite"",""deviceId"":""DEVICE-17"",""messageId"":44640,""topic"":""proof.mqtt/DEVICE-17/test-gmb"",""pendingCount"":1}",info,"{""level"":""info""}","{""project"":""90a47e04-a329-4122-9c82-2ee75a4562c2"",""environment"":""f6319bd4-2e87-40d4-8547-4ce714038bc1"",""service"":""c236b8cb-3eff-45c5-aca0-23e73e33dc8d"",""deployment"":""69394420-c732-4ebe-a5fd-54c2d5628ea7"",""replica"":""7fc15fda-5103-4647-b7c4-6251ceb0ef53""}",2026-07-23T06:21:37.149783661Z
"2026-07-23T06:21:29.393Z [[32minfo[39m] ✅ QoS 1 PUBACK confirmed {""service"":""mqtt-publisher-lite"",""deviceId"":""DEVICE-17"",""messageId"":44640,""deliveryTime"":""210ms"",""pendingCount"":2}",info,"{""level"":""info""}","{""project"":""90a47e04-a329-4122-9c82-2ee75a4562c2"",""environment"":""f6319bd4-2e87-40d4-8547-4ce714038bc1"",""service"":""c236b8cb-3eff-45c5-aca0-23e73e33dc8d"",""deployment"":""69394420-c732-4ebe-a5fd-54c2d5628ea7"",""replica"":""7fc15fda-5103-4647-b7c4-6251ceb0ef53""}",2026-07-23T06:21:37.152248480Z
"2026-07-23T06:21:29.393Z [[34mdebug[39m] ✅ [LIFECYCLE:PUBACK_OK] Device confirmed message receipt {""service"":""mqtt-publisher-lite"",""deviceId"":""DEVICE-17""}",info,"{""level"":""info""}","{""project"":""90a47e04-a329-4122-9c82-2ee75a4562c2"",""environment"":""f6319bd4-2e87-40d4-8547-4ce714038bc1"",""service"":""c236b8cb-3eff-45c5-aca0-23e73e33dc8d"",""deployment"":""69394420-c732-4ebe-a5fd-54c2d5628ea7"",""replica"":""7fc15fda-5103-4647-b7c4-6251ceb0ef53""}",2026-07-23T06:21:37.152251340Z
"2026-07-23T06:21:29.393Z [[34mdebug[39m] Message published {""service"":""mqtt-publisher-lite"",""topic"":""proof.mqtt/DEVICE-17/test-gmb"",""qos"":1,""deliveryTime"":""211ms""}",info,"{""level"":""info""}","{""project"":""90a47e04-a329-4122-9c82-2ee75a4562c2"",""environment"":""f6319bd4-2e87-40d4-8547-4ce714038bc1"",""service"":""c236b8cb-3eff-45c5-aca0-23e73e33dc8d"",""deployment"":""69394420-c732-4ebe-a5fd-54c2d5628ea7"",""replica"":""7fc15fda-5103-4647-b7c4-6251ceb0ef53""}",2026-07-23T06:21:37.152254930Z
"2026-07-23T06:21:29.393Z [[34mdebug[39m] Published test-gmb screen {""service"":""mqtt-publisher-lite"",""deviceId"":""DEVICE-17"",""reviews"":448,""milestone"":450}",info,"{""level"":""info""}","{""project"":""90a47e04-a329-4122-9c82-2ee75a4562c2"",""environment"":""f6319bd4-2e87-40d4-8547-4ce714038bc1"",""service"":""c236b8cb-3eff-45c5-aca0-23e73e33dc8d"",""deployment"":""69394420-c732-4ebe-a5fd-54c2d5628ea7"",""replica"":""7fc15fda-5103-4647-b7c4-6251ceb0ef53""}",2026-07-23T06:21:37.152258200Z
"2026-07-23T06:21:29.404Z [[32minfo[39m] ✅ PUBACK received {""service"":""mqtt-publisher-lite"",""messageId"":44641}",info,"{""level"":""info""}","{""project"":""90a47e04-a329-4122-9c82-2ee75a4562c2"",""environment"":""f6319bd4-2e87-40d4-8547-4ce714038bc1"",""service"":""c236b8cb-3eff-45c5-aca0-23e73e33dc8d"",""deployment"":""69394420-c732-4ebe-a5fd-54c2d5628ea7"",""replica"":""7fc15fda-5103-4647-b7c4-6251ceb0ef53""}",2026-07-23T06:21:37.152261050Z
"2026-07-23T06:21:29.404Z [[32minfo[39m] ✅ QoS 1 PUBACK confirmed {""service"":""mqtt-publisher-lite"",""deviceId"":""DEVICE-15"",""messageId"":44641,""deliveryTime"":""210ms"",""pendingCount"":1}",info,"{""level"":""info""}","{""project"":""90a47e04-a329-4122-9c82-2ee75a4562c2"",""environment"":""f6319bd4-2e87-40d4-8547-4ce714038bc1"",""service"":""c236b8cb-3eff-45c5-aca0-23e73e33dc8d"",""deployment"":""69394420-c732-4ebe-a5fd-54c2d5628ea7"",""replica"":""7fc15fda-5103-4647-b7c4-6251ceb0ef53""}",2026-07-23T06:21:37.152263850Z
"2026-07-23T06:21:29.404Z [[34mdebug[39m] ✅ [LIFECYCLE:PUBACK_OK] Device confirmed message receipt {""service"":""mqtt-publisher-lite"",""deviceId"":""DEVICE-15""}",info,"{""level"":""info""}","{""project"":""90a47e04-a329-4122-9c82-2ee75a4562c2"",""environment"":""f6319bd4-2e87-40d4-8547-4ce714038bc1"",""service"":""c236b8cb-3eff-45c5-aca0-23e73e33dc8d"",""deployment"":""69394420-c732-4ebe-a5fd-54c2d5628ea7"",""replica"":""7fc15fda-5103-4647-b7c4-6251ceb0ef53""}",2026-07-23T06:21:37.152266530Z
"2026-07-23T06:21:29.404Z [[34mdebug[39m] Message published {""service"":""mqtt-publisher-lite"",""topic"":""proof.mqtt/DEVICE-15/instagram"",""qos"":1,""deliveryTime"":""211ms""}",info,"{""level"":""info""}","{""project"":""90a47e04-a329-4122-9c82-2ee75a4562c2"",""environment"":""f6319bd4-2e87-40d4-8547-4ce714038bc1"",""service"":""c236b8cb-3eff-45c5-aca0-23e73e33dc8d"",""deployment"":""69394420-c732-4ebe-a5fd-54c2d5628ea7"",""replica"":""7fc15fda-5103-4647-b7c4-6251ceb0ef53""}",2026-07-23T06:21:37.152269030Z
"2026-07-23T06:21:29.404Z [[34mdebug[39m] Message received {""service"":""mqtt-publisher-lite"",""topic"":""proof.mqtt/DEVICE-15/instagram"",""size"":228,""retain"":false}",info,"{""level"":""info""}","{""project"":""90a47e04-a329-4122-9c82-2ee75a4562c2"",""environment"":""f6319bd4-2e87-40d4-8547-4ce714038bc1"",""service"":""c236b8cb-3eff-45c5-aca0-23e73e33dc8d"",""deployment"":""69394420-c732-4ebe-a5fd-54c2d5628ea7"",""replica"":""7fc15fda-5103-4647-b7c4-6251ceb0ef53""}",2026-07-23T06:21:37.152271440Z
"2026-07-23T06:21:29.404Z [[34mdebug[39m] Skipping echo message {""service"":""mqtt-publisher-lite"",""topic"":""proof.mqtt/DEVICE-15/instagram"",""age"":""0ms""}",info,"{""level"":""info""}","{""project"":""90a47e04-a329-4122-9c82-2ee75a4562c2"",""environment"":""f6319bd4-2e87-40d4-8547-4ce714038bc1"",""service"":""c236b8cb-3eff-45c5-aca0-23e73e33dc8d"",""deployment"":""69394420-c732-4ebe-a5fd-54c2d5628ea7"",""replica"":""7fc15fda-5103-4647-b7c4-6251ceb0ef53""}",2026-07-23T06:21:37.152274570Z
"2026-07-23T06:21:29.405Z [[34mdebug[39m] Screen message received {""service"":""mqtt-publisher-lite"",""topic"":""proof.mqtt/DEVICE-15/instagram"",""screen"":""instagram""}",info,"{""level"":""info""}","{""project"":""90a47e04-a329-4122-9c82-2ee75a4562c2"",""environment"":""f6319bd4-2e87-40d4-8547-4ce714038bc1"",""service"":""c236b8cb-3eff-45c5-aca0-23e73e33dc8d"",""deployment"":""69394420-c732-4ebe-a5fd-54c2d5628ea7"",""replica"":""7fc15fda-5103-4647-b7c4-6251ceb0ef53""}",2026-07-23T06:21:37.152278280Z
"2026-07-23T06:21:29.504Z [[32minfo[39m] [STIM_IG] Published {""service"":""mqtt-publisher-lite"",""deviceId"":""DEVICE-15"",""followers"":13,""target"":500,""mode"":""synthetic"",""achievement"":15,""celebration"":""false"",""done"":false}",info,"{""level"":""info""}","{""project"":""90a47e04-a329-4122-9c82-2ee75a4562c2"",""environment"":""f6319bd4-2e87-40d4-8547-4ce714038bc1"",""service"":""c236b8cb-3eff-45c5-aca0-23e73e33dc8d"",""deployment"":""69394420-c732-4ebe-a5fd-54c2d5628ea7"",""replica"":""7fc15fda-5103-4647-b7c4-6251ceb0ef53""}",2026-07-23T06:21:37.154152894Z
"2026-07-23T06:21:29.506Z [[32minfo[39m] ✅ PUBACK received {""service"":""mqtt-publisher-lite"",""messageId"":44642}",info,"{""level"":""info""}","{""project"":""90a47e04-a329-4122-9c82-2ee75a4562c2"",""environment"":""f6319bd4-2e87-40d4-8547-4ce714038bc1"",""service"":""c236b8cb-3eff-45c5-aca0-23e73e33dc8d"",""deployment"":""69394420-c732-4ebe-a5fd-54c2d5628ea7"",""replica"":""7fc15fda-5103-4647-b7c4-6251ceb0ef53""}",2026-07-23T06:21:37.154165714Z
"2026-07-23T06:21:29.506Z [[32minfo[39m] ✅ QoS 1 PUBACK confirmed {""service"":""mqtt-publisher-lite"",""deviceId"":""DEVICE-15"",""messageId"":44642,""deliveryTime"":""210ms"",""pendingCount"":0}",info,"{""level"":""info""}","{""project"":""90a47e04-a329-4122-9c82-2ee75a4562c2"",""environment"":""f6319bd4-2e87-40d4-8547-4ce714038bc1"",""service"":""c236b8cb-3eff-45c5-aca0-23e73e33dc8d"",""deployment"":""69394420-c732-4ebe-a5fd-54c2d5628ea7"",""replica"":""7fc15fda-5103-4647-b7c4-6251ceb0ef53""}",2026-07-23T06:21:37.154173124Z
"2026-07-23T06:21:29.506Z [[34mdebug[39m] ✅ [LIFECYCLE:PUBACK_OK] Device confirmed message receipt {""service"":""mqtt-publisher-lite"",""deviceId"":""DEVICE-15""}",info,"{""level"":""info""}","{""project"":""90a47e04-a329-4122-9c82-2ee75a4562c2"",""environment"":""f6319bd4-2e87-40d4-8547-4ce714038bc1"",""service"":""c236b8cb-3eff-45c5-aca0-23e73e33dc8d"",""deployment"":""69394420-c732-4ebe-a5fd-54c2d5628ea7"",""replica"":""7fc15fda-5103-4647-b7c4-6251ceb0ef53""}",2026-07-23T06:21:37.154181684Z
"2026-07-23T06:21:29.506Z [[34mdebug[39m] Message published {""service"":""mqtt-publisher-lite"",""topic"":""proof.mqtt/DEVICE-15/gmb"",""qos"":1,""deliveryTime"":""211ms""}",info,"{""level"":""info""}","{""project"":""90a47e04-a329-4122-9c82-2ee75a4562c2"",""environment"":""f6319bd4-2e87-40d4-8547-4ce714038bc1"",""service"":""c236b8cb-3eff-45c5-aca0-23e73e33dc8d"",""deployment"":""69394420-c732-4ebe-a5fd-54c2d5628ea7"",""replica"":""7fc15fda-5103-4647-b7c4-6251ceb0ef53""}",2026-07-23T06:21:37.154187354Z
"2026-07-23T06:21:29.507Z [[34mdebug[39m] Message received {""service"":""mqtt-publisher-lite"",""topic"":""proof.mqtt/DEVICE-15/gmb"",""size"":246,""retain"":false}",info,"{""level"":""info""}","{""project"":""90a47e04-a329-4122-9c82-2ee75a4562c2"",""environment"":""f6319bd4-2e87-40d4-8547-4ce714038bc1"",""service"":""c236b8cb-3eff-45c5-aca0-23e73e33dc8d"",""deployment"":""69394420-c732-4ebe-a5fd-54c2d5628ea7"",""replica"":""7fc15fda-5103-4647-b7c4-6251ceb0ef53""}",2026-07-23T06:21:37.154193654Z
"2026-07-23T06:21:29.507Z [[34mdebug[39m] Skipping echo message {""service"":""mqtt-publisher-lite"",""topic"":""proof.mqtt/DEVICE-15/gmb"",""age"":""1ms""}",info,"{""level"":""info""}","{""project"":""90a47e04-a329-4122-9c82-2ee75a4562c2"",""environment"":""f6319bd4-2e87-40d4-8547-4ce714038bc1"",""service"":""c236b8cb-3eff-45c5-aca0-23e73e33dc8d"",""deployment"":""69394420-c732-4ebe-a5fd-54c2d5628ea7"",""replica"":""7fc15fda-5103-4647-b7c4-6251ceb0ef53""}",2026-07-23T06:21:37.154199254Z
"2026-07-23T06:21:29.507Z [[34mdebug[39m] Screen message received {""service"":""mqtt-publisher-lite"",""topic"":""proof.mqtt/DEVICE-15/gmb"",""screen"":""gmb""}",info,"{""level"":""info""}","{""project"":""90a47e04-a329-4122-9c82-2ee75a4562c2"",""environment"":""f6319bd4-2e87-40d4-8547-4ce714038bc1"",""service"":""c236b8cb-3eff-45c5-aca0-23e73e33dc8d"",""deployment"":""69394420-c732-4ebe-a5fd-54c2d5628ea7"",""replica"":""7fc15fda-5103-4647-b7c4-6251ceb0ef53""}",2026-07-23T06:21:37.154203914Z
"2026-07-23T06:21:29.533Z [[34mdebug[39m] 📤 [PUBLISH_CYCLE] Publishing all screens to device {""service"":""mqtt-publisher-lite"",""deviceId"":""DEVICE-17""}",info,"{""level"":""info""}","{""project"":""90a47e04-a329-4122-9c82-2ee75a4562c2"",""environment"":""f6319bd4-2e87-40d4-8547-4ce714038bc1"",""service"":""c236b8cb-3eff-45c5-aca0-23e73e33dc8d"",""deployment"":""69394420-c732-4ebe-a5fd-54c2d5628ea7"",""replica"":""7fc15fda-5103-4647-b7c4-6251ceb0ef53""}",2026-07-23T06:21:37.154207963Z
"2026-07-23T06:21:29.606Z [[32minfo[39m] [STIM_GMB] Published {""service"":""mqtt-publisher-lite"",""deviceId"":""DEVICE-15"",""reviews"":11,""target"":100,""mode"":""synthetic"",""celebration"":""false"",""done"":false}",info,"{""level"":""info""}","{""project"":""90a47e04-a329-4122-9c82-2ee75a4562c2"",""environment"":""f6319bd4-2e87-40d4-8547-4ce714038bc1"",""service"":""c236b8cb-3eff-45c5-aca0-23e73e33dc8d"",""deployment"":""69394420-c732-4ebe-a5fd-54c2d5628ea7"",""replica"":""7fc15fda-5103-4647-b7c4-6251ceb0ef53""}",2026-07-23T06:21:37.154212303Z
"2026-07-23T06:21:29.653Z [[32minfo[39m] [PROMOTION] Default canvas not published {""service"":""mqtt-publisher-lite"",""deviceId"":""DEVICE-17"",""topic"":""proof.mqtt/DEVICE-17/promotion"",""reason"":""unchanged""}",info,"{""level"":""info""}","{""project"":""90a47e04-a329-4122-9c82-2ee75a4562c2"",""environment"":""f6319bd4-2e87-40d4-8547-4ce714038bc1"",""service"":""c236b8cb-3eff-45c5-aca0-23e73e33dc8d"",""deployment"":""69394420-c732-4ebe-a5fd-54c2d5628ea7"",""replica"":""7fc15fda-5103-4647-b7c4-6251ceb0ef53""}",2026-07-23T06:21:37.155520142Z
"2026-07-23T06:21:29.752Z [[34mdebug[39m] [STIM_SKIP] StatsPublisher skipping stim device {""service"":""mqtt-publisher-lite"",""deviceId"":""DEVICE-19""}",info,"{""level"":""info""}","{""project"":""90a47e04-a329-4122-9c82-2ee75a4562c2"",""environment"":""f6319bd4-2e87-40d4-8547-4ce714038bc1"",""service"":""c236b8cb-3eff-45c5-aca0-23e73e33dc8d"",""deployment"":""69394420-c732-4ebe-a5fd-54c2d5628ea7"",""replica"":""7fc15fda-5103-4647-b7c4-6251ceb0ef53""}",2026-07-23T06:21:37.155525412Z
"2026-07-23T06:21:29.752Z [[34mdebug[39m] [STIM_SKIP] StatsPublisher skipping stim device {""service"":""mqtt-publisher-lite"",""deviceId"":""DEVICE-15""}",info,"{""level"":""info""}","{""project"":""90a47e04-a329-4122-9c82-2ee75a4562c2"",""environment"":""f6319bd4-2e87-40d4-8547-4ce714038bc1"",""service"":""c236b8cb-3eff-45c5-aca0-23e73e33dc8d"",""deployment"":""69394420-c732-4ebe-a5fd-54c2d5628ea7"",""replica"":""7fc15fda-5103-4647-b7c4-6251ceb0ef53""}",2026-07-23T06:21:37.155528802Z
"2026-07-23T06:21:29.752Z [[34mdebug[39m] [STIM_SKIP] StatsPublisher skipping stim device {""service"":""mqtt-publisher-lite"",""deviceId"":""DEVICE-13""}",info,"{""level"":""info""}","{""project"":""90a47e04-a329-4122-9c82-2ee75a4562c2"",""environment"":""f6319bd4-2e87-40d4-8547-4ce714038bc1"",""service"":""c236b8cb-3eff-45c5-aca0-23e73e33dc8d"",""deployment"":""69394420-c732-4ebe-a5fd-54c2d5628ea7"",""replica"":""7fc15fda-5103-4647-b7c4-6251ceb0ef53""}",2026-07-23T06:21:37.155531892Z
"2026-07-23T06:21:31.993Z [[32minfo[39m] 📤 QoS 1 message sent {""service"":""mqtt-publisher-lite"",""messageId"":44643,""topic"":""proof.mqtt/DEVICE-13/instagram"",""qos"":1}",info,"{""level"":""info""}","{""project"":""90a47e04-a329-4122-9c82-2ee75a4562c2"",""environment"":""f6319bd4-2e87-40d4-8547-4ce714038bc1"",""service"":""c236b8cb-3eff-45c5-aca0-23e73e33dc8d"",""deployment"":""69394420-c732-4ebe-a5fd-54c2d5628ea7"",""replica"":""7fc15fda-5103-4647-b7c4-6251ceb0ef53""}",2026-07-23T06:21:37.155534692Z
"2026-07-23T06:21:31.993Z [[32minfo[39m] ⏱️ Tracking QoS 1 message (30s timeout) {""service"":""mqtt-publisher-lite"",""deviceId"":""DEVICE-13"",""messageId"":44643,""topic"":""proof.mqtt/DEVICE-13/instagram"",""pendingCount"":1}",info,"{""level"":""info""}","{""project"":""90a47e04-a329-4122-9c82-2ee75a4562c2"",""environment"":""f6319bd4-2e87-40d4-8547-4ce714038bc1"",""service"":""c236b8cb-3eff-45c5-aca0-23e73e33dc8d"",""deployment"":""69394420-c732-4ebe-a5fd-54c2d5628ea7"",""replica"":""7fc15fda-5103-4647-b7c4-6251ceb0ef53""}",2026-07-23T06:21:37.155537482Z
"2026-07-23T06:21:32.095Z [[32minfo[39m] 📤 QoS 1 message sent {""service"":""mqtt-publisher-lite"",""messageId"":44644,""topic"":""proof.mqtt/DEVICE-13/gmb"",""qos"":1}",info,"{""level"":""info""}","{""project"":""90a47e04-a329-4122-9c82-2ee75a4562c2"",""environment"":""f6319bd4-2e87-40d4-8547-4ce714038bc1"",""service"":""c236b8cb-3eff-45c5-aca0-23e73e33dc8d"",""deployment"":""69394420-c732-4ebe-a5fd-54c2d5628ea7"",""replica"":""7fc15fda-5103-4647-b7c4-6251ceb0ef53""}",2026-07-23T06:21:37.155540642Z
"2026-07-23T06:21:32.095Z [[32minfo[39m] ⏱️ Tracking QoS 1 message (30s timeout) {""service"":""mqtt-publisher-lite"",""deviceId"":""DEVICE-13"",""messageId"":44644,""topic"":""proof.mqtt/DEVICE-13/gmb"",""pendingCount"":2}",info,"{""level"":""info""}","{""project"":""90a47e04-a329-4122-9c82-2ee75a4562c2"",""environment"":""f6319bd4-2e87-40d4-8547-4ce714038bc1"",""service"":""c236b8cb-3eff-45c5-aca0-23e73e33dc8d"",""deployment"":""69394420-c732-4ebe-a5fd-54c2d5628ea7"",""replica"":""7fc15fda-5103-4647-b7c4-6251ceb0ef53""}",2026-07-23T06:21:37.155543422Z
"2026-07-23T06:21:32.204Z [[32minfo[39m] ✅ PUBACK received {""service"":""mqtt-publisher-lite"",""messageId"":44643}",info,"{""level"":""info""}","{""project"":""90a47e04-a329-4122-9c82-2ee75a4562c2"",""environment"":""f6319bd4-2e87-40d4-8547-4ce714038bc1"",""service"":""c236b8cb-3eff-45c5-aca0-23e73e33dc8d"",""deployment"":""69394420-c732-4ebe-a5fd-54c2d5628ea7"",""replica"":""7fc15fda-5103-4647-b7c4-6251ceb0ef53""}",2026-07-23T06:21:37.155547862Z
"2026-07-23T06:21:32.204Z [[32minfo[39m] ✅ QoS 1 PUBACK confirmed {""service"":""mqtt-publisher-lite"",""deviceId"":""DEVICE-13"",""messageId"":44643,""deliveryTime"":""211ms"",""pendingCount"":1}",info,"{""level"":""info""}","{""project"":""90a47e04-a329-4122-9c82-2ee75a4562c2"",""environment"":""f6319bd4-2e87-40d4-8547-4ce714038bc1"",""service"":""c236b8cb-3eff-45c5-aca0-23e73e33dc8d"",""deployment"":""69394420-c732-4ebe-a5fd-54c2d5628ea7"",""replica"":""7fc15fda-5103-4647-b7c4-6251ceb0ef53""}",2026-07-23T06:21:37.155551302Z
"2026-07-23T06:21:32.204Z [[34mdebug[39m] ✅ [LIFECYCLE:PUBACK_OK] Device confirmed message receipt {""service"":""mqtt-publisher-lite"",""deviceId"":""DEVICE-13""}",info,"{""level"":""info""}","{""project"":""90a47e04-a329-4122-9c82-2ee75a4562c2"",""environment"":""f6319bd4-2e87-40d4-8547-4ce714038bc1"",""service"":""c236b8cb-3eff-45c5-aca0-23e73e33dc8d"",""deployment"":""69394420-c732-4ebe-a5fd-54c2d5628ea7"",""replica"":""7fc15fda-5103-4647-b7c4-6251ceb0ef53""}",2026-07-23T06:21:37.157310487Z
"2026-07-23T06:21:32.204Z [[34mdebug[39m] Message published {""service"":""mqtt-publisher-lite"",""topic"":""proof.mqtt/DEVICE-13/instagram"",""qos"":1,""deliveryTime"":""211ms""}",info,"{""level"":""info""}","{""project"":""90a47e04-a329-4122-9c82-2ee75a4562c2"",""environment"":""f6319bd4-2e87-40d4-8547-4ce714038bc1"",""service"":""c236b8cb-3eff-45c5-aca0-23e73e33dc8d"",""deployment"":""69394420-c732-4ebe-a5fd-54c2d5628ea7"",""replica"":""7fc15fda-5103-4647-b7c4-6251ceb0ef53""}",2026-07-23T06:21:37.157317937Z
"2026-07-23T06:21:32.204Z [[34mdebug[39m] Message received {""service"":""mqtt-publisher-lite"",""topic"":""proof.mqtt/DEVICE-13/instagram"",""size"":227,""retain"":false}",info,"{""level"":""info""}","{""project"":""90a47e04-a329-4122-9c82-2ee75a4562c2"",""environment"":""f6319bd4-2e87-40d4-8547-4ce714038bc1"",""service"":""c236b8cb-3eff-45c5-aca0-23e73e33dc8d"",""deployment"":""69394420-c732-4ebe-a5fd-54c2d5628ea7"",""replica"":""7fc15fda-5103-4647-b7c4-6251ceb0ef53""}",2026-07-23T06:21:37.157322777Z
"2026-07-23T06:21:32.204Z [[34mdebug[39m] Skipping echo message {""service"":""mqtt-publisher-lite"",""topic"":""proof.mqtt/DEVICE-13/instagram"",""age"":""0ms""}",info,"{""level"":""info""}","{""project"":""90a47e04-a329-4122-9c82-2ee75a4562c2"",""environment"":""f6319bd4-2e87-40d4-8547-4ce714038bc1"",""service"":""c236b8cb-3eff-45c5-aca0-23e73e33dc8d"",""deployment"":""69394420-c732-4ebe-a5fd-54c2d5628ea7"",""replica"":""7fc15fda-5103-4647-b7c4-6251ceb0ef53""}",2026-07-23T06:21:37.157327087Z
"2026-07-23T06:21:32.205Z [[34mdebug[39m] Screen message received {""service"":""mqtt-publisher-lite"",""topic"":""proof.mqtt/DEVICE-13/instagram"",""screen"":""instagram""}",info,"{""level"":""info""}","{""project"":""90a47e04-a329-4122-9c82-2ee75a4562c2"",""environment"":""f6319bd4-2e87-40d4-8547-4ce714038bc1"",""service"":""c236b8cb-3eff-45c5-aca0-23e73e33dc8d"",""deployment"":""69394420-c732-4ebe-a5fd-54c2d5628ea7"",""replica"":""7fc15fda-5103-4647-b7c4-6251ceb0ef53""}",2026-07-23T06:21:37.157331257Z
"2026-07-23T06:21:32.304Z [[32minfo[39m] [STIM_IG] Published {""service"":""mqtt-publisher-lite"",""deviceId"":""DEVICE-13"",""followers"":7,""target"":500,""mode"":""synthetic"",""achievement"":10,""celebration"":""false"",""done"":false}",info,"{""level"":""info""}","{""project"":""90a47e04-a329-4122-9c82-2ee75a4562c2"",""environment"":""f6319bd4-2e87-40d4-8547-4ce714038bc1"",""service"":""c236b8cb-3eff-45c5-aca0-23e73e33dc8d"",""deployment"":""69394420-c732-4ebe-a5fd-54c2d5628ea7"",""replica"":""7fc15fda-5103-4647-b7c4-6251ceb0ef53""}",2026-07-23T06:21:37.157335727Z
"2026-07-23T06:21:32.305Z [[32minfo[39m] ✅ PUBACK received {""service"":""mqtt-publisher-lite"",""messageId"":44644}",info,"{""level"":""info""}","{""project"":""90a47e04-a329-4122-9c82-2ee75a4562c2"",""environment"":""f6319bd4-2e87-40d4-8547-4ce714038bc1"",""service"":""c236b8cb-3eff-45c5-aca0-23e73e33dc8d"",""deployment"":""69394420-c732-4ebe-a5fd-54c2d5628ea7"",""replica"":""7fc15fda-5103-4647-b7c4-6251ceb0ef53""}",2026-07-23T06:21:37.157342567Z
"2026-07-23T06:21:32.305Z [[32minfo[39m] ✅ QoS 1 PUBACK confirmed {""service"":""mqtt-publisher-lite"",""deviceId"":""DEVICE-13"",""messageId"":44644,""deliveryTime"":""210ms"",""pendingCount"":0}",info,"{""level"":""info""}","{""project"":""90a47e04-a329-4122-9c82-2ee75a4562c2"",""environment"":""f6319bd4-2e87-40d4-8547-4ce714038bc1"",""service"":""c236b8cb-3eff-45c5-aca0-23e73e33dc8d"",""deployment"":""69394420-c732-4ebe-a5fd-54c2d5628ea7"",""replica"":""7fc15fda-5103-4647-b7c4-6251ceb0ef53""}",2026-07-23T06:21:37.157346767Z
"2026-07-23T06:21:32.305Z [[34mdebug[39m] ✅ [LIFECYCLE:PUBACK_OK] Device confirmed message receipt {""service"":""mqtt-publisher-lite"",""deviceId"":""DEVICE-13""}",info,"{""level"":""info""}","{""project"":""90a47e04-a329-4122-9c82-2ee75a4562c2"",""environment"":""f6319bd4-2e87-40d4-8547-4ce714038bc1"",""service"":""c236b8cb-3eff-45c5-aca0-23e73e33dc8d"",""deployment"":""69394420-c732-4ebe-a5fd-54c2d5628ea7"",""replica"":""7fc15fda-5103-4647-b7c4-6251ceb0ef53""}",2026-07-23T06:21:37.157350657Z
"2026-07-23T06:21:32.305Z [[34mdebug[39m] Message published {""service"":""mqtt-publisher-lite"",""topic"":""proof.mqtt/DEVICE-13/gmb"",""qos"":1,""deliveryTime"":""211ms""}",info,"{""level"":""info""}","{""project"":""90a47e04-a329-4122-9c82-2ee75a4562c2"",""environment"":""f6319bd4-2e87-40d4-8547-4ce714038bc1"",""service"":""c236b8cb-3eff-45c5-aca0-23e73e33dc8d"",""deployment"":""69394420-c732-4ebe-a5fd-54c2d5628ea7"",""replica"":""7fc15fda-5103-4647-b7c4-6251ceb0ef53""}",2026-07-23T06:21:37.157354087Z
"2026-07-23T06:21:32.306Z [[34mdebug[39m] Message received {""service"":""mqtt-publisher-lite"",""topic"":""proof.mqtt/DEVICE-13/gmb"",""size"":270,""retain"":false}",info,"{""level"":""info""}","{""project"":""90a47e04-a329-4122-9c82-2ee75a4562c2"",""environment"":""f6319bd4-2e87-40d4-8547-4ce714038bc1"",""service"":""c236b8cb-3eff-45c5-aca0-23e73e33dc8d"",""deployment"":""69394420-c732-4ebe-a5fd-54c2d5628ea7"",""replica"":""7fc15fda-5103-4647-b7c4-6251ceb0ef53""}",2026-07-23T06:21:37.158578957Z
"2026-07-23T06:21:32.306Z [[34mdebug[39m] Skipping echo message {""service"":""mqtt-publisher-lite"",""topic"":""proof.mqtt/DEVICE-13/gmb"",""age"":""1ms""}",info,"{""level"":""info""}","{""project"":""90a47e04-a329-4122-9c82-2ee75a4562c2"",""environment"":""f6319bd4-2e87-40d4-8547-4ce714038bc1"",""service"":""c236b8cb-3eff-45c5-aca0-23e73e33dc8d"",""deployment"":""69394420-c732-4ebe-a5fd-54c2d5628ea7"",""replica"":""7fc15fda-5103-4647-b7c4-6251ceb0ef53""}",2026-07-23T06:21:37.158583187Z
"2026-07-23T06:21:32.306Z [[34mdebug[39m] Screen message received {""service"":""mqtt-publisher-lite"",""topic"":""proof.mqtt/DEVICE-13/gmb"",""screen"":""gmb""}",info,"{""level"":""info""}","{""project"":""90a47e04-a329-4122-9c82-2ee75a4562c2"",""environment"":""f6319bd4-2e87-40d4-8547-4ce714038bc1"",""service"":""c236b8cb-3eff-45c5-aca0-23e73e33dc8d"",""deployment"":""69394420-c732-4ebe-a5fd-54c2d5628ea7"",""replica"":""7fc15fda-5103-4647-b7c4-6251ceb0ef53""}",2026-07-23T06:21:37.158586087Z
"2026-07-23T06:21:32.405Z [[32minfo[39m] [STIM_GMB] Published {""service"":""mqtt-publisher-lite"",""deviceId"":""DEVICE-13"",""reviews"":5,""target"":100,""mode"":""synthetic"",""celebration"":""true"",""done"":false}",info,"{""level"":""info""}","{""project"":""90a47e04-a329-4122-9c82-2ee75a4562c2"",""environment"":""f6319bd4-2e87-40d4-8547-4ce714038bc1"",""service"":""c236b8cb-3eff-45c5-aca0-23e73e33dc8d"",""deployment"":""69394420-c732-4ebe-a5fd-54c2d5628ea7"",""replica"":""7fc15fda-5103-4647-b7c4-6251ceb0ef53""}",2026-07-23T06:21:37.158589416Z
"2026-07-23T06:21:59.194Z [[32minfo[39m] 📤 QoS 1 message sent {""service"":""mqtt-publisher-lite"",""messageId"":44645,""topic"":""proof.mqtt/DEVICE-15/instagram"",""qos"":1}",info,"{""level"":""info""}","{""project"":""90a47e04-a329-4122-9c82-2ee75a4562c2"",""environment"":""f6319bd4-2e87-40d4-8547-4ce714038bc1"",""service"":""c236b8cb-3eff-45c5-aca0-23e73e33dc8d"",""deployment"":""69394420-c732-4ebe-a5fd-54c2d5628ea7"",""replica"":""7fc15fda-5103-4647-b7c4-6251ceb0ef53""}",2026-07-23T06:22:07.084123438Z
"2026-07-23T06:21:59.194Z [[32minfo[39m] ⏱️ Tracking QoS 1 message (30s timeout) {""service"":""mqtt-publisher-lite"",""deviceId"":""DEVICE-15"",""messageId"":44645,""topic"":""proof.mqtt/DEVICE-15/instagram"",""pendingCount"":1}",info,"{""level"":""info""}","{""project"":""90a47e04-a329-4122-9c82-2ee75a4562c2"",""environment"":""f6319bd4-2e87-40d4-8547-4ce714038bc1"",""service"":""c236b8cb-3eff-45c5-aca0-23e73e33dc8d"",""deployment"":""69394420-c732-4ebe-a5fd-54c2d5628ea7"",""replica"":""7fc15fda-5103-4647-b7c4-6251ceb0ef53""}",2026-07-23T06:22:07.084132968Z
"2026-07-23T06:21:59.295Z [[32minfo[39m] 📤 QoS 1 message sent {""service"":""mqtt-publisher-lite"",""messageId"":44646,""topic"":""proof.mqtt/DEVICE-15/gmb"",""qos"":1}",info,"{""level"":""info""}","{""project"":""90a47e04-a329-4122-9c82-2ee75a4562c2"",""environment"":""f6319bd4-2e87-40d4-8547-4ce714038bc1"",""service"":""c236b8cb-3eff-45c5-aca0-23e73e33dc8d"",""deployment"":""69394420-c732-4ebe-a5fd-54c2d5628ea7"",""replica"":""7fc15fda-5103-4647-b7c4-6251ceb0ef53""}",2026-07-23T06:22:07.084136748Z
"2026-07-23T06:21:59.296Z [[32minfo[39m] ⏱️ Tracking QoS 1 message (30s timeout) {""service"":""mqtt-publisher-lite"",""deviceId"":""DEVICE-15"",""messageId"":44646,""topic"":""proof.mqtt/DEVICE-15/gmb"",""pendingCount"":2}",info,"{""level"":""info""}","{""project"":""90a47e04-a329-4122-9c82-2ee75a4562c2"",""environment"":""f6319bd4-2e87-40d4-8547-4ce714038bc1"",""service"":""c236b8cb-3eff-45c5-aca0-23e73e33dc8d"",""deployment"":""69394420-c732-4ebe-a5fd-54c2d5628ea7"",""replica"":""7fc15fda-5103-4647-b7c4-6251ceb0ef53""}",2026-07-23T06:22:07.084140118Z
"2026-07-23T06:21:59.405Z [[32minfo[39m] ✅ PUBACK received {""service"":""mqtt-publisher-lite"",""messageId"":44645}",info,"{""level"":""info""}","{""project"":""90a47e04-a329-4122-9c82-2ee75a4562c2"",""environment"":""f6319bd4-2e87-40d4-8547-4ce714038bc1"",""service"":""c236b8cb-3eff-45c5-aca0-23e73e33dc8d"",""deployment"":""69394420-c732-4ebe-a5fd-54c2d5628ea7"",""replica"":""7fc15fda-5103-4647-b7c4-6251ceb0ef53""}",2026-07-23T06:22:07.084143508Z
"2026-07-23T06:21:59.405Z [[32minfo[39m] ✅ QoS 1 PUBACK confirmed {""service"":""mqtt-publisher-lite"",""deviceId"":""DEVICE-15"",""messageId"":44645,""deliveryTime"":""211ms"",""pendingCount"":1}",info,"{""level"":""info""}","{""project"":""90a47e04-a329-4122-9c82-2ee75a4562c2"",""environment"":""f6319bd4-2e87-40d4-8547-4ce714038bc1"",""service"":""c236b8cb-3eff-45c5-aca0-23e73e33dc8d"",""deployment"":""69394420-c732-4ebe-a5fd-54c2d5628ea7"",""replica"":""7fc15fda-5103-4647-b7c4-6251ceb0ef53""}",2026-07-23T06:22:07.084146608Z
"2026-07-23T06:21:59.405Z [[34mdebug[39m] ✅ [LIFECYCLE:PUBACK_OK] Device confirmed message receipt {""service"":""mqtt-publisher-lite"",""deviceId"":""DEVICE-15""}",info,"{""level"":""info""}","{""project"":""90a47e04-a329-4122-9c82-2ee75a4562c2"",""environment"":""f6319bd4-2e87-40d4-8547-4ce714038bc1"",""service"":""c236b8cb-3eff-45c5-aca0-23e73e33dc8d"",""deployment"":""69394420-c732-4ebe-a5fd-54c2d5628ea7"",""replica"":""7fc15fda-5103-4647-b7c4-6251ceb0ef53""}",2026-07-23T06:22:07.084149718Z
"2026-07-23T06:21:59.405Z [[34mdebug[39m] Message published {""service"":""mqtt-publisher-lite"",""topic"":""proof.mqtt/DEVICE-15/instagram"",""qos"":1,""deliveryTime"":""211ms""}",info,"{""level"":""info""}","{""project"":""90a47e04-a329-4122-9c82-2ee75a4562c2"",""environment"":""f6319bd4-2e87-40d4-8547-4ce714038bc1"",""service"":""c236b8cb-3eff-45c5-aca0-23e73e33dc8d"",""deployment"":""69394420-c732-4ebe-a5fd-54c2d5628ea7"",""replica"":""7fc15fda-5103-4647-b7c4-6251ceb0ef53""}",2026-07-23T06:22:07.084154048Z
"2026-07-23T06:21:59.405Z [[34mdebug[39m] Message received {""service"":""mqtt-publisher-lite"",""topic"":""proof.mqtt/DEVICE-15/instagram"",""size"":228,""retain"":false}",info,"{""level"":""info""}","{""project"":""90a47e04-a329-4122-9c82-2ee75a4562c2"",""environment"":""f6319bd4-2e87-40d4-8547-4ce714038bc1"",""service"":""c236b8cb-3eff-45c5-aca0-23e73e33dc8d"",""deployment"":""69394420-c732-4ebe-a5fd-54c2d5628ea7"",""replica"":""7fc15fda-5103-4647-b7c4-6251ceb0ef53""}",2026-07-23T06:22:07.084157468Z
"2026-07-23T06:21:59.406Z [[34mdebug[39m] Skipping echo message {""service"":""mqtt-publisher-lite"",""topic"":""proof.mqtt/DEVICE-15/instagram"",""age"":""0ms""}",info,"{""level"":""info""}","{""project"":""90a47e04-a329-4122-9c82-2ee75a4562c2"",""environment"":""f6319bd4-2e87-40d4-8547-4ce714038bc1"",""service"":""c236b8cb-3eff-45c5-aca0-23e73e33dc8d"",""deployment"":""69394420-c732-4ebe-a5fd-54c2d5628ea7"",""replica"":""7fc15fda-5103-4647-b7c4-6251ceb0ef53""}",2026-07-23T06:22:07.084160648Z
"2026-07-23T06:21:59.406Z [[34mdebug[39m] Screen message received {""service"":""mqtt-publisher-lite"",""topic"":""proof.mqtt/DEVICE-15/instagram"",""screen"":""instagram""}",info,"{""level"":""info""}","{""project"":""90a47e04-a329-4122-9c82-2ee75a4562c2"",""environment"":""f6319bd4-2e87-40d4-8547-4ce714038bc1"",""service"":""c236b8cb-3eff-45c5-aca0-23e73e33dc8d"",""deployment"":""69394420-c732-4ebe-a5fd-54c2d5628ea7"",""replica"":""7fc15fda-5103-4647-b7c4-6251ceb0ef53""}",2026-07-23T06:22:07.085165129Z
"2026-07-23T06:21:59.506Z [[32minfo[39m] ✅ PUBACK received {""service"":""mqtt-publisher-lite"",""messageId"":44646}",info,"{""level"":""info""}","{""project"":""90a47e04-a329-4122-9c82-2ee75a4562c2"",""environment"":""f6319bd4-2e87-40d4-8547-4ce714038bc1"",""service"":""c236b8cb-3eff-45c5-aca0-23e73e33dc8d"",""deployment"":""69394420-c732-4ebe-a5fd-54c2d5628ea7"",""replica"":""7fc15fda-5103-4647-b7c4-6251ceb0ef53""}",2026-07-23T06:22:07.085173889Z
"2026-07-23T06:21:59.506Z [[32minfo[39m] ✅ QoS 1 PUBACK confirmed {""service"":""mqtt-publisher-lite"",""deviceId"":""DEVICE-15"",""messageId"":44646,""deliveryTime"":""210ms"",""pendingCount"":0}",info,"{""level"":""info""}","{""project"":""90a47e04-a329-4122-9c82-2ee75a4562c2"",""environment"":""f6319bd4-2e87-40d4-8547-4ce714038bc1"",""service"":""c236b8cb-3eff-45c5-aca0-23e73e33dc8d"",""deployment"":""69394420-c732-4ebe-a5fd-54c2d5628ea7"",""replica"":""7fc15fda-5103-4647-b7c4-6251ceb0ef53""}",2026-07-23T06:22:07.085179599Z
"2026-07-23T06:21:59.506Z [[34mdebug[39m] ✅ [LIFECYCLE:PUBACK_OK] Device confirmed message receipt {""service"":""mqtt-publisher-lite"",""deviceId"":""DEVICE-15""}",info,"{""level"":""info""}","{""project"":""90a47e04-a329-4122-9c82-2ee75a4562c2"",""environment"":""f6319bd4-2e87-40d4-8547-4ce714038bc1"",""service"":""c236b8cb-3eff-45c5-aca0-23e73e33dc8d"",""deployment"":""69394420-c732-4ebe-a5fd-54c2d5628ea7"",""replica"":""7fc15fda-5103-4647-b7c4-6251ceb0ef53""}",2026-07-23T06:22:07.085185629Z
"2026-07-23T06:21:59.507Z [[34mdebug[39m] Message published {""service"":""mqtt-publisher-lite"",""topic"":""proof.mqtt/DEVICE-15/gmb"",""qos"":1,""deliveryTime"":""212ms""}",info,"{""level"":""info""}","{""project"":""90a47e04-a329-4122-9c82-2ee75a4562c2"",""environment"":""f6319bd4-2e87-40d4-8547-4ce714038bc1"",""service"":""c236b8cb-3eff-45c5-aca0-23e73e33dc8d"",""deployment"":""69394420-c732-4ebe-a5fd-54c2d5628ea7"",""replica"":""7fc15fda-5103-4647-b7c4-6251ceb0ef53""}",2026-07-23T06:22:07.085191609Z
"2026-07-23T06:21:59.507Z [[34mdebug[39m] Message received {""service"":""mqtt-publisher-lite"",""topic"":""proof.mqtt/DEVICE-15/gmb"",""size"":246,""retain"":false}",info,"{""level"":""info""}","{""project"":""90a47e04-a329-4122-9c82-2ee75a4562c2"",""environment"":""f6319bd4-2e87-40d4-8547-4ce714038bc1"",""service"":""c236b8cb-3eff-45c5-aca0-23e73e33dc8d"",""deployment"":""69394420-c732-4ebe-a5fd-54c2d5628ea7"",""replica"":""7fc15fda-5103-4647-b7c4-6251ceb0ef53""}",2026-07-23T06:22:07.085197649Z
"2026-07-23T06:21:59.507Z [[34mdebug[39m] Skipping echo message {""service"":""mqtt-publisher-lite"",""topic"":""proof.mqtt/DEVICE-15/gmb"",""age"":""0ms""}",info,"{""level"":""info""}","{""project"":""90a47e04-a329-4122-9c82-2ee75a4562c2"",""environment"":""f6319bd4-2e87-40d4-8547-4ce714038bc1"",""service"":""c236b8cb-3eff-45c5-aca0-23e73e33dc8d"",""deployment"":""69394420-c732-4ebe-a5fd-54c2d5628ea7"",""replica"":""7fc15fda-5103-4647-b7c4-6251ceb0ef53""}",2026-07-23T06:22:07.085202889Z
"2026-07-23T06:21:59.507Z [[34mdebug[39m] Screen message received {""service"":""mqtt-publisher-lite"",""topic"":""proof.mqtt/DEVICE-15/gmb"",""screen"":""gmb""}",info,"{""level"":""info""}","{""project"":""90a47e04-a329-4122-9c82-2ee75a4562c2"",""environment"":""f6319bd4-2e87-40d4-8547-4ce714038bc1"",""service"":""c236b8cb-3eff-45c5-aca0-23e73e33dc8d"",""deployment"":""69394420-c732-4ebe-a5fd-54c2d5628ea7"",""replica"":""7fc15fda-5103-4647-b7c4-6251ceb0ef53""}",2026-07-23T06:22:07.085208829Z
"2026-07-23T06:21:59.509Z [[32minfo[39m] [STIM_IG] Published {""service"":""mqtt-publisher-lite"",""deviceId"":""DEVICE-15"",""followers"":14,""target"":500,""mode"":""synthetic"",""achievement"":15,""celebration"":""false"",""done"":false}",info,"{""level"":""info""}","{""project"":""90a47e04-a329-4122-9c82-2ee75a4562c2"",""environment"":""f6319bd4-2e87-40d4-8547-4ce714038bc1"",""service"":""c236b8cb-3eff-45c5-aca0-23e73e33dc8d"",""deployment"":""69394420-c732-4ebe-a5fd-54c2d5628ea7"",""replica"":""7fc15fda-5103-4647-b7c4-6251ceb0ef53""}",2026-07-23T06:22:07.085214409Z
"2026-07-23T06:21:59.607Z [[32minfo[39m] [STIM_GMB] Published {""service"":""mqtt-publisher-lite"",""deviceId"":""DEVICE-15"",""reviews"":12,""target"":100,""mode"":""synthetic"",""celebration"":""false"",""done"":false}",info,"{""level"":""info""}","{""project"":""90a47e04-a329-4122-9c82-2ee75a4562c2"",""environment"":""f6319bd4-2e87-40d4-8547-4ce714038bc1"",""service"":""c236b8cb-3eff-45c5-aca0-23e73e33dc8d"",""deployment"":""69394420-c732-4ebe-a5fd-54c2d5628ea7"",""replica"":""7fc15fda-5103-4647-b7c4-6251ceb0ef53""}",2026-07-23T06:22:07.085220189Z
"2026-07-23T06:22:01.993Z [[32minfo[39m] 📤 QoS 1 message sent {""service"":""mqtt-publisher-lite"",""messageId"":44647,""topic"":""proof.mqtt/DEVICE-13/instagram"",""qos"":1}",info,"{""level"":""info""}","{""project"":""90a47e04-a329-4122-9c82-2ee75a4562c2"",""environment"":""f6319bd4-2e87-40d4-8547-4ce714038bc1"",""service"":""c236b8cb-3eff-45c5-aca0-23e73e33dc8d"",""deployment"":""69394420-c732-4ebe-a5fd-54c2d5628ea7"",""replica"":""7fc15fda-5103-4647-b7c4-6251ceb0ef53""}",2026-07-23T06:22:07.086721616Z
"2026-07-23T06:22:01.993Z [[32minfo[39m] ⏱️ Tracking QoS 1 message (30s timeout) {""service"":""mqtt-publisher-lite"",""deviceId"":""DEVICE-13"",""messageId"":44647,""topic"":""proof.mqtt/DEVICE-13/instagram"",""pendingCount"":1}",info,"{""level"":""info""}","{""project"":""90a47e04-a329-4122-9c82-2ee75a4562c2"",""environment"":""f6319bd4-2e87-40d4-8547-4ce714038bc1"",""service"":""c236b8cb-3eff-45c5-aca0-23e73e33dc8d"",""deployment"":""69394420-c732-4ebe-a5fd-54c2d5628ea7"",""replica"":""7fc15fda-5103-4647-b7c4-6251ceb0ef53""}",2026-07-23T06:22:07.086727996Z
"2026-07-23T06:22:02.094Z [[32minfo[39m] 📤 QoS 1 message sent {""service"":""mqtt-publisher-lite"",""messageId"":44648,""topic"":""proof.mqtt/DEVICE-13/gmb"",""qos"":1}",info,"{""level"":""info""}","{""project"":""90a47e04-a329-4122-9c82-2ee75a4562c2"",""environment"":""f6319bd4-2e87-40d4-8547-4ce714038bc1"",""service"":""c236b8cb-3eff-45c5-aca0-23e73e33dc8d"",""deployment"":""69394420-c732-4ebe-a5fd-54c2d5628ea7"",""replica"":""7fc15fda-5103-4647-b7c4-6251ceb0ef53""}",2026-07-23T06:22:07.086732126Z
"2026-07-23T06:22:02.094Z [[32minfo[39m] ⏱️ Tracking QoS 1 message (30s timeout) {""service"":""mqtt-publisher-lite"",""deviceId"":""DEVICE-13"",""messageId"":44648,""topic"":""proof.mqtt/DEVICE-13/gmb"",""pendingCount"":2}",info,"{""level"":""info""}","{""project"":""90a47e04-a329-4122-9c82-2ee75a4562c2"",""environment"":""f6319bd4-2e87-40d4-8547-4ce714038bc1"",""service"":""c236b8cb-3eff-45c5-aca0-23e73e33dc8d"",""deployment"":""69394420-c732-4ebe-a5fd-54c2d5628ea7"",""replica"":""7fc15fda-5103-4647-b7c4-6251ceb0ef53""}",2026-07-23T06:22:07.086735286Z
"2026-07-23T06:22:02.204Z [[32minfo[39m] ✅ PUBACK received {""service"":""mqtt-publisher-lite"",""messageId"":44647}",info,"{""level"":""info""}","{""project"":""90a47e04-a329-4122-9c82-2ee75a4562c2"",""environment"":""f6319bd4-2e87-40d4-8547-4ce714038bc1"",""service"":""c236b8cb-3eff-45c5-aca0-23e73e33dc8d"",""deployment"":""69394420-c732-4ebe-a5fd-54c2d5628ea7"",""replica"":""7fc15fda-5103-4647-b7c4-6251ceb0ef53""}",2026-07-23T06:22:07.086738466Z
"2026-07-23T06:22:02.204Z [[32minfo[39m] ✅ QoS 1 PUBACK confirmed {""service"":""mqtt-publisher-lite"",""deviceId"":""DEVICE-13"",""messageId"":44647,""deliveryTime"":""211ms"",""pendingCount"":1}",info,"{""level"":""info""}","{""project"":""90a47e04-a329-4122-9c82-2ee75a4562c2"",""environment"":""f6319bd4-2e87-40d4-8547-4ce714038bc1"",""service"":""c236b8cb-3eff-45c5-aca0-23e73e33dc8d"",""deployment"":""69394420-c732-4ebe-a5fd-54c2d5628ea7"",""replica"":""7fc15fda-5103-4647-b7c4-6251ceb0ef53""}",2026-07-23T06:22:07.086741726Z
"2026-07-23T06:22:02.204Z [[34mdebug[39m] ✅ [LIFECYCLE:PUBACK_OK] Device confirmed message receipt {""service"":""mqtt-publisher-lite"",""deviceId"":""DEVICE-13""}",info,"{""level"":""info""}","{""project"":""90a47e04-a329-4122-9c82-2ee75a4562c2"",""environment"":""f6319bd4-2e87-40d4-8547-4ce714038bc1"",""service"":""c236b8cb-3eff-45c5-aca0-23e73e33dc8d"",""deployment"":""69394420-c732-4ebe-a5fd-54c2d5628ea7"",""replica"":""7fc15fda-5103-4647-b7c4-6251ceb0ef53""}",2026-07-23T06:22:07.086745226Z
"2026-07-23T06:22:02.204Z [[34mdebug[39m] Message published {""service"":""mqtt-publisher-lite"",""topic"":""proof.mqtt/DEVICE-13/instagram"",""qos"":1,""deliveryTime"":""211ms""}",info,"{""level"":""info""}","{""project"":""90a47e04-a329-4122-9c82-2ee75a4562c2"",""environment"":""f6319bd4-2e87-40d4-8547-4ce714038bc1"",""service"":""c236b8cb-3eff-45c5-aca0-23e73e33dc8d"",""deployment"":""69394420-c732-4ebe-a5fd-54c2d5628ea7"",""replica"":""7fc15fda-5103-4647-b7c4-6251ceb0ef53""}",2026-07-23T06:22:07.086748906Z
"2026-07-23T06:22:02.205Z [[34mdebug[39m] Message received {""service"":""mqtt-publisher-lite"",""topic"":""proof.mqtt/DEVICE-13/instagram"",""size"":227,""retain"":false}",info,"{""level"":""info""}","{""project"":""90a47e04-a329-4122-9c82-2ee75a4562c2"",""environment"":""f6319bd4-2e87-40d4-8547-4ce714038bc1"",""service"":""c236b8cb-3eff-45c5-aca0-23e73e33dc8d"",""deployment"":""69394420-c732-4ebe-a5fd-54c2d5628ea7"",""replica"":""7fc15fda-5103-4647-b7c4-6251ceb0ef53""}",2026-07-23T06:22:07.086751506Z
"2026-07-23T06:22:02.206Z [[34mdebug[39m] Skipping echo message {""service"":""mqtt-publisher-lite"",""topic"":""proof.mqtt/DEVICE-13/instagram"",""age"":""2ms""}",info,"{""level"":""info""}","{""project"":""90a47e04-a329-4122-9c82-2ee75a4562c2"",""environment"":""f6319bd4-2e87-40d4-8547-4ce714038bc1"",""service"":""c236b8cb-3eff-45c5-aca0-23e73e33dc8d"",""deployment"":""69394420-c732-4ebe-a5fd-54c2d5628ea7"",""replica"":""7fc15fda-5103-4647-b7c4-6251ceb0ef53""}",2026-07-23T06:22:07.086754436Z
"2026-07-23T06:22:02.206Z [[34mdebug[39m] Screen message received {""service"":""mqtt-publisher-lite"",""topic"":""proof.mqtt/DEVICE-13/instagram"",""screen"":""instagram""}",info,"{""level"":""info""}","{""project"":""90a47e04-a329-4122-9c82-2ee75a4562c2"",""environment"":""f6319bd4-2e87-40d4-8547-4ce714038bc1"",""service"":""c236b8cb-3eff-45c5-aca0-23e73e33dc8d"",""deployment"":""69394420-c732-4ebe-a5fd-54c2d5628ea7"",""replica"":""7fc15fda-5103-4647-b7c4-6251ceb0ef53""}",2026-07-23T06:22:07.087978316Z
"2026-07-23T06:22:02.304Z [[32minfo[39m] ✅ PUBACK received {""service"":""mqtt-publisher-lite"",""messageId"":44648}",info,"{""level"":""info""}","{""project"":""90a47e04-a329-4122-9c82-2ee75a4562c2"",""environment"":""f6319bd4-2e87-40d4-8547-4ce714038bc1"",""service"":""c236b8cb-3eff-45c5-aca0-23e73e33dc8d"",""deployment"":""69394420-c732-4ebe-a5fd-54c2d5628ea7"",""replica"":""7fc15fda-5103-4647-b7c4-6251ceb0ef53""}",2026-07-23T06:22:07.087983906Z
"2026-07-23T06:22:02.305Z [[32minfo[39m] ✅ QoS 1 PUBACK confirmed {""service"":""mqtt-publisher-lite"",""deviceId"":""DEVICE-13"",""messageId"":44648,""deliveryTime"":""211ms"",""pendingCount"":0}",info,"{""level"":""info""}","{""project"":""90a47e04-a329-4122-9c82-2ee75a4562c2"",""environment"":""f6319bd4-2e87-40d4-8547-4ce714038bc1"",""service"":""c236b8cb-3eff-45c5-aca0-23e73e33dc8d"",""deployment"":""69394420-c732-4ebe-a5fd-54c2d5628ea7"",""replica"":""7fc15fda-5103-4647-b7c4-6251ceb0ef53""}",2026-07-23T06:22:07.087988956Z
"2026-07-23T06:22:02.305Z [[34mdebug[39m] ✅ [LIFECYCLE:PUBACK_OK] Device confirmed message receipt {""service"":""mqtt-publisher-lite"",""deviceId"":""DEVICE-13""}",info,"{""level"":""info""}","{""project"":""90a47e04-a329-4122-9c82-2ee75a4562c2"",""environment"":""f6319bd4-2e87-40d4-8547-4ce714038bc1"",""service"":""c236b8cb-3eff-45c5-aca0-23e73e33dc8d"",""deployment"":""69394420-c732-4ebe-a5fd-54c2d5628ea7"",""replica"":""7fc15fda-5103-4647-b7c4-6251ceb0ef53""}",2026-07-23T06:22:07.087994486Z
"2026-07-23T06:22:02.305Z [[34mdebug[39m] Message published {""service"":""mqtt-publisher-lite"",""topic"":""proof.mqtt/DEVICE-13/gmb"",""qos"":1,""deliveryTime"":""211ms""}",info,"{""level"":""info""}","{""project"":""90a47e04-a329-4122-9c82-2ee75a4562c2"",""environment"":""f6319bd4-2e87-40d4-8547-4ce714038bc1"",""service"":""c236b8cb-3eff-45c5-aca0-23e73e33dc8d"",""deployment"":""69394420-c732-4ebe-a5fd-54c2d5628ea7"",""replica"":""7fc15fda-5103-4647-b7c4-6251ceb0ef53""}",2026-07-23T06:22:07.087998355Z
"2026-07-23T06:22:02.305Z [[34mdebug[39m] Message received {""service"":""mqtt-publisher-lite"",""topic"":""proof.mqtt/DEVICE-13/gmb"",""size"":245,""retain"":false}",info,"{""level"":""info""}","{""project"":""90a47e04-a329-4122-9c82-2ee75a4562c2"",""environment"":""f6319bd4-2e87-40d4-8547-4ce714038bc1"",""service"":""c236b8cb-3eff-45c5-aca0-23e73e33dc8d"",""deployment"":""69394420-c732-4ebe-a5fd-54c2d5628ea7"",""replica"":""7fc15fda-5103-4647-b7c4-6251ceb0ef53""}",2026-07-23T06:22:07.088002865Z
"2026-07-23T06:22:02.306Z [[34mdebug[39m] Skipping echo message {""service"":""mqtt-publisher-lite"",""topic"":""proof.mqtt/DEVICE-13/gmb"",""age"":""0ms""}",info,"{""level"":""info""}","{""project"":""90a47e04-a329-4122-9c82-2ee75a4562c2"",""environment"":""f6319bd4-2e87-40d4-8547-4ce714038bc1"",""service"":""c236b8cb-3eff-45c5-aca0-23e73e33dc8d"",""deployment"":""69394420-c732-4ebe-a5fd-54c2d5628ea7"",""replica"":""7fc15fda-5103-4647-b7c4-6251ceb0ef53""}",2026-07-23T06:22:07.088008485Z
"2026-07-23T06:22:02.306Z [[34mdebug[39m] Screen message received {""service"":""mqtt-publisher-lite"",""topic"":""proof.mqtt/DEVICE-13/gmb"",""screen"":""gmb""}",info,"{""level"":""info""}","{""project"":""90a47e04-a329-4122-9c82-2ee75a4562c2"",""environment"":""f6319bd4-2e87-40d4-8547-4ce714038bc1"",""service"":""c236b8cb-3eff-45c5-aca0-23e73e33dc8d"",""deployment"":""69394420-c732-4ebe-a5fd-54c2d5628ea7"",""replica"":""7fc15fda-5103-4647-b7c4-6251ceb0ef53""}",2026-07-23T06:22:07.088012695Z
"2026-07-23T06:22:02.307Z [[32minfo[39m] [STIM_IG] Published {""service"":""mqtt-publisher-lite"",""deviceId"":""DEVICE-13"",""followers"":8,""target"":500,""mode"":""synthetic"",""achievement"":10,""celebration"":""false"",""done"":false}",info,"{""level"":""info""}","{""project"":""90a47e04-a329-4122-9c82-2ee75a4562c2"",""environment"":""f6319bd4-2e87-40d4-8547-4ce714038bc1"",""service"":""c236b8cb-3eff-45c5-aca0-23e73e33dc8d"",""deployment"":""69394420-c732-4ebe-a5fd-54c2d5628ea7"",""replica"":""7fc15fda-5103-4647-b7c4-6251ceb0ef53""}",2026-07-23T06:22:07.088016565Z
"2026-07-23T06:22:02.405Z [[32minfo[39m] [STIM_GMB] Published {""service"":""mqtt-publisher-lite"",""deviceId"":""DEVICE-13"",""reviews"":6,""target"":100,""mode"":""synthetic"",""celebration"":""false"",""done"":false}",info,"{""level"":""info""}","{""project"":""90a47e04-a329-4122-9c82-2ee75a4562c2"",""environment"":""f6319bd4-2e87-40d4-8547-4ce714038bc1"",""service"":""c236b8cb-3eff-45c5-aca0-23e73e33dc8d"",""deployment"":""69394420-c732-4ebe-a5fd-54c2d5628ea7"",""replica"":""7fc15fda-5103-4647-b7c4-6251ceb0ef53""}",2026-07-23T06:22:07.088020565Z
"2026-07-23T06:22:12.907Z [[34mdebug[39m] Message received {""service"":""mqtt-publisher-lite"",""topic"":""proof.mqtt/DEVICE-13/lwt"",""size"":69,""retain"":false}",info,"{""level"":""info""}","{""project"":""90a47e04-a329-4122-9c82-2ee75a4562c2"",""environment"":""f6319bd4-2e87-40d4-8547-4ce714038bc1"",""service"":""c236b8cb-3eff-45c5-aca0-23e73e33dc8d"",""deployment"":""69394420-c732-4ebe-a5fd-54c2d5628ea7"",""replica"":""7fc15fda-5103-4647-b7c4-6251ceb0ef53""}",2026-07-23T06:22:12.912884642Z
"2026-07-23T06:22:12.908Z [[32minfo[39m] 📨 Broker-generated LWT message detected {""service"":""mqtt-publisher-lite"",""topic"":""proof.mqtt/DEVICE-13/lwt""}",info,"{""level"":""info""}","{""project"":""90a47e04-a329-4122-9c82-2ee75a4562c2"",""environment"":""f6319bd4-2e87-40d4-8547-4ce714038bc1"",""service"":""c236b8cb-3eff-45c5-aca0-23e73e33dc8d"",""deployment"":""69394420-c732-4ebe-a5fd-54c2d5628ea7"",""replica"":""7fc15fda-5103-4647-b7c4-6251ceb0ef53""}",2026-07-23T06:22:12.912893062Z
"2026-07-23T06:22:12.908Z [[32minfo[39m] 💀 LWT: Device Disconnected (Broker-Generated) {""service"":""mqtt-publisher-lite"",""deviceId"":""DEVICE-13"",""clientId"":""DEVICE-13"",""topic"":""/lwt"",""reason"":""Client disconnected (all types: graceful, crash, power cut, etc.)"",""source"":""broker"",""mechanism"":""Last Will and Testament""}",info,"{""level"":""info""}","{""project"":""90a47e04-a329-4122-9c82-2ee75a4562c2"",""environment"":""f6319bd4-2e87-40d4-8547-4ce714038bc1"",""service"":""c236b8cb-3eff-45c5-aca0-23e73e33dc8d"",""deployment"":""69394420-c732-4ebe-a5fd-54c2d5628ea7"",""replica"":""7fc15fda-5103-4647-b7c4-6251ceb0ef53""}",2026-07-23T06:22:12.912898112Z
"2026-07-23T06:22:12.908Z [[32minfo[39m] 💀 [LIFECYCLE:LWT] Removing device from Redis active cache {""service"":""mqtt-publisher-lite"",""deviceId"":""DEVICE-13""}",info,"{""level"":""info""}","{""project"":""90a47e04-a329-4122-9c82-2ee75a4562c2"",""environment"":""f6319bd4-2e87-40d4-8547-4ce714038bc1"",""service"":""c236b8cb-3eff-45c5-aca0-23e73e33dc8d"",""deployment"":""69394420-c732-4ebe-a5fd-54c2d5628ea7"",""replica"":""7fc15fda-5103-4647-b7c4-6251ceb0ef53""}",2026-07-23T06:22:12.912902662Z
"2026-07-23T06:22:13.232Z [[32minfo[39m] 💀 [LIFECYCLE:LWT] Cleared MQTT publish dedupe hashes {""service"":""mqtt-publisher-lite"",""deviceId"":""DEVICE-13"",""clearedPublishHashes"":1}",info,"{""level"":""info""}","{""project"":""90a47e04-a329-4122-9c82-2ee75a4562c2"",""environment"":""f6319bd4-2e87-40d4-8547-4ce714038bc1"",""service"":""c236b8cb-3eff-45c5-aca0-23e73e33dc8d"",""deployment"":""69394420-c732-4ebe-a5fd-54c2d5628ea7"",""replica"":""7fc15fda-5103-4647-b7c4-6251ceb0ef53""}",2026-07-23T06:22:13.235798040Z
"2026-07-23T06:22:13.233Z [[32minfo[39m] [STIM] /lwt — device disconnected, stopping loops (cache preserved with TTL) {""service"":""mqtt-publisher-lite"",""deviceId"":""DEVICE-13""}",info,"{""level"":""info""}","{""project"":""90a47e04-a329-4122-9c82-2ee75a4562c2"",""environment"":""f6319bd4-2e87-40d4-8547-4ce714038bc1"",""service"":""c236b8cb-3eff-45c5-aca0-23e73e33dc8d"",""deployment"":""69394420-c732-4ebe-a5fd-54c2d5628ea7"",""replica"":""7fc15fda-5103-4647-b7c4-6251ceb0ef53""}",2026-07-23T06:22:13.235803899Z
"2026-07-23T06:22:13.233Z [[32minfo[39m] 💀 [LIFECYCLE:LWT] Device disconnect processed {""service"":""mqtt-publisher-lite"",""deviceId"":""DEVICE-13"",""removedFromRedis"":true}",info,"{""level"":""info""}","{""project"":""90a47e04-a329-4122-9c82-2ee75a4562c2"",""environment"":""f6319bd4-2e87-40d4-8547-4ce714038bc1"",""service"":""c236b8cb-3eff-45c5-aca0-23e73e33dc8d"",""deployment"":""69394420-c732-4ebe-a5fd-54c2d5628ea7"",""replica"":""7fc15fda-5103-4647-b7c4-6251ceb0ef53""}",2026-07-23T06:22:13.235808209Z
"2026-07-23T06:22:14.937Z [[34mdebug[39m] Message received {""service"":""mqtt-publisher-lite"",""topic"":""proof.mqtt/DEVICE-19/lwt"",""size"":88,""retain"":false}",info,"{""level"":""info""}","{""project"":""90a47e04-a329-4122-9c82-2ee75a4562c2"",""environment"":""f6319bd4-2e87-40d4-8547-4ce714038bc1"",""service"":""c236b8cb-3eff-45c5-aca0-23e73e33dc8d"",""deployment"":""69394420-c732-4ebe-a5fd-54c2d5628ea7"",""replica"":""7fc15fda-5103-4647-b7c4-6251ceb0ef53""}",2026-07-23T06:22:14.943741241Z
"2026-07-23T06:22:14.938Z [[32minfo[39m] 📨 Broker-generated LWT message detected {""service"":""mqtt-publisher-lite"",""topic"":""proof.mqtt/DEVICE-19/lwt""}",info,"{""level"":""info""}","{""project"":""90a47e04-a329-4122-9c82-2ee75a4562c2"",""environment"":""f6319bd4-2e87-40d4-8547-4ce714038bc1"",""service"":""c236b8cb-3eff-45c5-aca0-23e73e33dc8d"",""deployment"":""69394420-c732-4ebe-a5fd-54c2d5628ea7"",""replica"":""7fc15fda-5103-4647-b7c4-6251ceb0ef53""}",2026-07-23T06:22:14.943746361Z
"2026-07-23T06:22:14.938Z [[32minfo[39m] 💀 LWT: Device Disconnected (Broker-Generated) {""service"":""mqtt-publisher-lite"",""deviceId"":""DEVICE-19"",""clientId"":""DEVICE-19"",""topic"":""/lwt"",""reason"":""Client disconnected (all types: graceful, crash, power cut, etc.)"",""source"":""broker"",""mechanism"":""Last Will and Testament""}",info,"{""level"":""info""}","{""project"":""90a47e04-a329-4122-9c82-2ee75a4562c2"",""environment"":""f6319bd4-2e87-40d4-8547-4ce714038bc1"",""service"":""c236b8cb-3eff-45c5-aca0-23e73e33dc8d"",""deployment"":""69394420-c732-4ebe-a5fd-54c2d5628ea7"",""replica"":""7fc15fda-5103-4647-b7c4-6251ceb0ef53""}",2026-07-23T06:22:14.943751621Z
"2026-07-23T06:22:14.938Z [[32minfo[39m] 💀 [LIFECYCLE:LWT] Removing device from Redis active cache {""service"":""mqtt-publisher-lite"",""deviceId"":""DEVICE-19""}",info,"{""level"":""info""}","{""project"":""90a47e04-a329-4122-9c82-2ee75a4562c2"",""environment"":""f6319bd4-2e87-40d4-8547-4ce714038bc1"",""service"":""c236b8cb-3eff-45c5-aca0-23e73e33dc8d"",""deployment"":""69394420-c732-4ebe-a5fd-54c2d5628ea7"",""replica"":""7fc15fda-5103-4647-b7c4-6251ceb0ef53""}",2026-07-23T06:22:14.943756191Z
"2026-07-23T06:22:15.239Z [[32minfo[39m] 💀 [LIFECYCLE:LWT] Cleared MQTT publish dedupe hashes {""service"":""mqtt-publisher-lite"",""deviceId"":""DEVICE-19"",""clearedPublishHashes"":1}",info,"{""level"":""info""}","{""project"":""90a47e04-a329-4122-9c82-2ee75a4562c2"",""environment"":""f6319bd4-2e87-40d4-8547-4ce714038bc1"",""service"":""c236b8cb-3eff-45c5-aca0-23e73e33dc8d"",""deployment"":""69394420-c732-4ebe-a5fd-54c2d5628ea7"",""replica"":""7fc15fda-5103-4647-b7c4-6251ceb0ef53""}",2026-07-23T06:22:15.246384089Z
"2026-07-23T06:22:15.239Z [[32minfo[39m] 💀 [LIFECYCLE:LWT] Device disconnect processed {""service"":""mqtt-publisher-lite"",""deviceId"":""DEVICE-19"",""removedFromRedis"":true}",info,"{""level"":""info""}","{""project"":""90a47e04-a329-4122-9c82-2ee75a4562c2"",""environment"":""f6319bd4-2e87-40d4-8547-4ce714038bc1"",""service"":""c236b8cb-3eff-45c5-aca0-23e73e33dc8d"",""deployment"":""69394420-c732-4ebe-a5fd-54c2d5628ea7"",""replica"":""7fc15fda-5103-4647-b7c4-6251ceb0ef53""}",2026-07-23T06:22:15.246390389Z
"2026-07-23T06:22:16.082Z [[34mdebug[39m] Message received {""service"":""mqtt-publisher-lite"",""topic"":""proof.mqtt/DEVICE-13/active"",""size"":229,""retain"":false}",info,"{""level"":""info""}","{""project"":""90a47e04-a329-4122-9c82-2ee75a4562c2"",""environment"":""f6319bd4-2e87-40d4-8547-4ce714038bc1"",""service"":""c236b8cb-3eff-45c5-aca0-23e73e33dc8d"",""deployment"":""69394420-c732-4ebe-a5fd-54c2d5628ea7"",""replica"":""7fc15fda-5103-4647-b7c4-6251ceb0ef53""}",2026-07-23T06:22:16.086589240Z
"2026-07-23T06:22:16.083Z [[32minfo[39m] 📱 Device Registration Received {""service"":""mqtt-publisher-lite"",""deviceId"":""DEVICE-13"",""type"":""device_registration""}",info,"{""level"":""info""}","{""project"":""90a47e04-a329-4122-9c82-2ee75a4562c2"",""environment"":""f6319bd4-2e87-40d4-8547-4ce714038bc1"",""service"":""c236b8cb-3eff-45c5-aca0-23e73e33dc8d"",""deployment"":""69394420-c732-4ebe-a5fd-54c2d5628ea7"",""replica"":""7fc15fda-5103-4647-b7c4-6251ceb0ef53""}",2026-07-23T06:22:16.086595070Z
"2026-07-23T06:22:16.209Z [[32minfo[39m] ✅ Existing device reconnected {""service"":""mqtt-publisher-lite"",""deviceId"":""DEVICE-13""}",info,"{""level"":""info""}","{""project"":""90a47e04-a329-4122-9c82-2ee75a4562c2"",""environment"":""f6319bd4-2e87-40d4-8547-4ce714038bc1"",""service"":""c236b8cb-3eff-45c5-aca0-23e73e33dc8d"",""deployment"":""69394420-c732-4ebe-a5fd-54c2d5628ea7"",""replica"":""7fc15fda-5103-4647-b7c4-6251ceb0ef53""}",2026-07-23T06:22:16.216543979Z
"2026-07-23T06:22:16.210Z [[32minfo[39m] 📤 QoS 1 message sent {""service"":""mqtt-publisher-lite"",""messageId"":44649,""topic"":""proof.mqtt/DEVICE-13/registration_ack"",""qos"":1}",info,"{""level"":""info""}","{""project"":""90a47e04-a329-4122-9c82-2ee75a4562c2"",""environment"":""f6319bd4-2e87-40d4-8547-4ce714038bc1"",""service"":""c236b8cb-3eff-45c5-aca0-23e73e33dc8d"",""deployment"":""69394420-c732-4ebe-a5fd-54c2d5628ea7"",""replica"":""7fc15fda-5103-4647-b7c4-6251ceb0ef53""}",2026-07-23T06:22:16.216548189Z
"2026-07-23T06:22:16.210Z [[32minfo[39m] ⏱️ Tracking QoS 1 message (30s timeout) {""service"":""mqtt-publisher-lite"",""deviceId"":""DEVICE-13"",""messageId"":44649,""topic"":""proof.mqtt/DEVICE-13/registration_ack"",""pendingCount"":1}",info,"{""level"":""info""}","{""project"":""90a47e04-a329-4122-9c82-2ee75a4562c2"",""environment"":""f6319bd4-2e87-40d4-8547-4ce714038bc1"",""service"":""c236b8cb-3eff-45c5-aca0-23e73e33dc8d"",""deployment"":""69394420-c732-4ebe-a5fd-54c2d5628ea7"",""replica"":""7fc15fda-5103-4647-b7c4-6251ceb0ef53""}",2026-07-23T06:22:16.216552349Z
"2026-07-23T06:22:16.420Z [[32minfo[39m] ✅ PUBACK received {""service"":""mqtt-publisher-lite"",""messageId"":44649}",info,"{""level"":""info""}","{""project"":""90a47e04-a329-4122-9c82-2ee75a4562c2"",""environment"":""f6319bd4-2e87-40d4-8547-4ce714038bc1"",""service"":""c236b8cb-3eff-45c5-aca0-23e73e33dc8d"",""deployment"":""69394420-c732-4ebe-a5fd-54c2d5628ea7"",""replica"":""7fc15fda-5103-4647-b7c4-6251ceb0ef53""}",2026-07-23T06:22:16.615710385Z
"2026-07-23T06:22:16.420Z [[32minfo[39m] ✅ QoS 1 PUBACK confirmed {""service"":""mqtt-publisher-lite"",""deviceId"":""DEVICE-13"",""messageId"":44649,""deliveryTime"":""210ms"",""pendingCount"":0}",info,"{""level"":""info""}","{""project"":""90a47e04-a329-4122-9c82-2ee75a4562c2"",""environment"":""f6319bd4-2e87-40d4-8547-4ce714038bc1"",""service"":""c236b8cb-3eff-45c5-aca0-23e73e33dc8d"",""deployment"":""69394420-c732-4ebe-a5fd-54c2d5628ea7"",""replica"":""7fc15fda-5103-4647-b7c4-6251ceb0ef53""}",2026-07-23T06:22:16.615714585Z
"2026-07-23T06:22:16.420Z [[34mdebug[39m] ✅ [LIFECYCLE:PUBACK_OK] Device confirmed message receipt {""service"":""mqtt-publisher-lite"",""deviceId"":""DEVICE-13""}",info,"{""level"":""info""}","{""project"":""90a47e04-a329-4122-9c82-2ee75a4562c2"",""environment"":""f6319bd4-2e87-40d4-8547-4ce714038bc1"",""service"":""c236b8cb-3eff-45c5-aca0-23e73e33dc8d"",""deployment"":""69394420-c732-4ebe-a5fd-54c2d5628ea7"",""replica"":""7fc15fda-5103-4647-b7c4-6251ceb0ef53""}",2026-07-23T06:22:16.615719105Z
"2026-07-23T06:22:16.421Z [[34mdebug[39m] Message published {""service"":""mqtt-publisher-lite"",""topic"":""proof.mqtt/DEVICE-13/registration_ack"",""qos"":1,""deliveryTime"":""211ms""}",info,"{""level"":""info""}","{""project"":""90a47e04-a329-4122-9c82-2ee75a4562c2"",""environment"":""f6319bd4-2e87-40d4-8547-4ce714038bc1"",""service"":""c236b8cb-3eff-45c5-aca0-23e73e33dc8d"",""deployment"":""69394420-c732-4ebe-a5fd-54c2d5628ea7"",""replica"":""7fc15fda-5103-4647-b7c4-6251ceb0ef53""}",2026-07-23T06:22:16.615723875Z
"2026-07-23T06:22:16.421Z [[32minfo[39m] 📤 Registration response sent {""service"":""mqtt-publisher-lite"",""deviceId"":""DEVICE-13"",""success"":true,""isNewDevice"":false}",info,"{""level"":""info""}","{""project"":""90a47e04-a329-4122-9c82-2ee75a4562c2"",""environment"":""f6319bd4-2e87-40d4-8547-4ce714038bc1"",""service"":""c236b8cb-3eff-45c5-aca0-23e73e33dc8d"",""deployment"":""69394420-c732-4ebe-a5fd-54c2d5628ea7"",""replica"":""7fc15fda-5103-4647-b7c4-6251ceb0ef53""}",2026-07-23T06:22:16.615728315Z
"2026-07-23T06:22:16.421Z [[32minfo[39m] 📋 [LIFECYCLE:REGISTER] Caching device in Redis active list {""service"":""mqtt-publisher-lite"",""deviceId"":""DEVICE-13""}",info,"{""level"":""info""}","{""project"":""90a47e04-a329-4122-9c82-2ee75a4562c2"",""environment"":""f6319bd4-2e87-40d4-8547-4ce714038bc1"",""service"":""c236b8cb-3eff-45c5-aca0-23e73e33dc8d"",""deployment"":""69394420-c732-4ebe-a5fd-54c2d5628ea7"",""replica"":""7fc15fda-5103-4647-b7c4-6251ceb0ef53""}",2026-07-23T06:22:16.615732205Z
"2026-07-23T06:22:16.421Z [[32minfo[39m] 📋 [LIFECYCLE:CACHE] Step 1/2 — Device lookup (MongoDB) {""service"":""mqtt-publisher-lite"",""deviceId"":""DEVICE-13""}",info,"{""level"":""info""}","{""project"":""90a47e04-a329-4122-9c82-2ee75a4562c2"",""environment"":""f6319bd4-2e87-40d4-8547-4ce714038bc1"",""service"":""c236b8cb-3eff-45c5-aca0-23e73e33dc8d"",""deployment"":""69394420-c732-4ebe-a5fd-54c2d5628ea7"",""replica"":""7fc15fda-5103-4647-b7c4-6251ceb0ef53""}",2026-07-23T06:22:16.615736665Z
"2026-07-23T06:22:16.424Z [[34mdebug[39m] Message received {""service"":""mqtt-publisher-lite"",""topic"":""proof.mqtt/DEVICE-19/status"",""size"":95,""retain"":false}",info,"{""level"":""info""}","{""project"":""90a47e04-a329-4122-9c82-2ee75a4562c2"",""environment"":""f6319bd4-2e87-40d4-8547-4ce714038bc1"",""service"":""c236b8cb-3eff-45c5-aca0-23e73e33dc8d"",""deployment"":""69394420-c732-4ebe-a5fd-54c2d5628ea7"",""replica"":""7fc15fda-5103-4647-b7c4-6251ceb0ef53""}",2026-07-23T06:22:16.615741055Z
"2026-07-23T06:22:16.425Z [[32minfo[39m] 📊 Device Status Update {""service"":""mqtt-publisher-lite"",""deviceId"":""DEVICE-19"",""status"":""online"",""eventType"":""status"",""uptime"":0.503135261}",info,"{""level"":""info""}","{""project"":""90a47e04-a329-4122-9c82-2ee75a4562c2"",""environment"":""f6319bd4-2e87-40d4-8547-4ce714038bc1"",""service"":""c236b8cb-3eff-45c5-aca0-23e73e33dc8d"",""deployment"":""69394420-c732-4ebe-a5fd-54c2d5628ea7"",""replica"":""7fc15fda-5103-4647-b7c4-6251ceb0ef53""}",2026-07-23T06:22:16.615745295Z
"2026-07-23T06:22:16.425Z [[34mdebug[39m] Message received {""service"":""mqtt-publisher-lite"",""topic"":""proof.mqtt/DEVICE-19/active"",""size"":238,""retain"":false}",info,"{""level"":""info""}","{""project"":""90a47e04-a329-4122-9c82-2ee75a4562c2"",""environment"":""f6319bd4-2e87-40d4-8547-4ce714038bc1"",""service"":""c236b8cb-3eff-45c5-aca0-23e73e33dc8d"",""deployment"":""69394420-c732-4ebe-a5fd-54c2d5628ea7"",""replica"":""7fc15fda-5103-4647-b7c4-6251ceb0ef53""}",2026-07-23T06:22:16.615749715Z
"2026-07-23T06:22:16.426Z [[32minfo[39m] 📱 Device Registration Received {""service"":""mqtt-publisher-lite"",""deviceId"":""DEVICE-19"",""userId"":""ESP32-ABC123"",""deviceType"":""node"",""os"":""linux"",""type"":""device_registration""}",info,"{""level"":""info""}","{""project"":""90a47e04-a329-4122-9c82-2ee75a4562c2"",""environment"":""f6319bd4-2e87-40d4-8547-4ce714038bc1"",""service"":""c236b8cb-3eff-45c5-aca0-23e73e33dc8d"",""deployment"":""69394420-c732-4ebe-a5fd-54c2d5628ea7"",""replica"":""7fc15fda-5103-4647-b7c4-6251ceb0ef53""}",2026-07-23T06:22:16.616148722Z
"2026-07-23T06:22:16.426Z [[34mdebug[39m] OTA telemetry written to InfluxDB {""service"":""mqtt-publisher-lite"",""deviceId"":""DEVICE-19"",""event"":""status""}",info,"{""level"":""info""}","{""project"":""90a47e04-a329-4122-9c82-2ee75a4562c2"",""environment"":""f6319bd4-2e87-40d4-8547-4ce714038bc1"",""service"":""c236b8cb-3eff-45c5-aca0-23e73e33dc8d"",""deployment"":""69394420-c732-4ebe-a5fd-54c2d5628ea7"",""replica"":""7fc15fda-5103-4647-b7c4-6251ceb0ef53""}",2026-07-23T06:22:16.616158382Z
"2026-07-23T06:22:16.554Z [[32minfo[39m] 📋 [LIFECYCLE:CACHE] Step 2/2 — Social (Instagram) for device {""service"":""mqtt-publisher-lite"",""deviceId"":""DEVICE-13"",""userId"":""6937af58f950f0f5356a1599"",""deviceStatus"":""ACTIVE""}",info,"{""level"":""info""}","{""project"":""90a47e04-a329-4122-9c82-2ee75a4562c2"",""environment"":""f6319bd4-2e87-40d4-8547-4ce714038bc1"",""service"":""c236b8cb-3eff-45c5-aca0-23e73e33dc8d"",""deployment"":""69394420-c732-4ebe-a5fd-54c2d5628ea7"",""replica"":""7fc15fda-5103-4647-b7c4-6251ceb0ef53""}",2026-07-23T06:22:16.616163311Z
"2026-07-23T06:22:16.679Z [[33mwarn[39m] 📋 [LIFECYCLE:CACHE] No INSTAGRAM `Social` row for owner — add Instagram for this user in the web app {""service"":""mqtt-publisher-lite"",""deviceId"":""DEVICE-13"",""userId"":""6937af58f950f0f5356a1599""}",info,"{""level"":""info""}","{""project"":""90a47e04-a329-4122-9c82-2ee75a4562c2"",""environment"":""f6319bd4-2e87-40d4-8547-4ce714038bc1"",""service"":""c236b8cb-3eff-45c5-aca0-23e73e33dc8d"",""deployment"":""69394420-c732-4ebe-a5fd-54c2d5628ea7"",""replica"":""7fc15fda-5103-4647-b7c4-6251ceb0ef53""}",2026-07-23T06:22:16.721162920Z
"2026-07-23T06:22:16.680Z [[32minfo[39m] ✅ Existing device reconnected {""service"":""mqtt-publisher-lite"",""deviceId"":""DEVICE-19"",""fwVersion"":""1.0.0""}",info,"{""level"":""info""}","{""project"":""90a47e04-a329-4122-9c82-2ee75a4562c2"",""environment"":""f6319bd4-2e87-40d4-8547-4ce714038bc1"",""service"":""c236b8cb-3eff-45c5-aca0-23e73e33dc8d"",""deployment"":""69394420-c732-4ebe-a5fd-54c2d5628ea7"",""replica"":""7fc15fda-5103-4647-b7c4-6251ceb0ef53""}",2026-07-23T06:22:16.721166530Z
"2026-07-23T06:22:16.681Z [[32minfo[39m] 📤 QoS 1 message sent {""service"":""mqtt-publisher-lite"",""messageId"":44650,""topic"":""proof.mqtt/DEVICE-19/registration_ack"",""qos"":1}",info,"{""level"":""info""}","{""project"":""90a47e04-a329-4122-9c82-2ee75a4562c2"",""environment"":""f6319bd4-2e87-40d4-8547-4ce714038bc1"",""service"":""c236b8cb-3eff-45c5-aca0-23e73e33dc8d"",""deployment"":""69394420-c732-4ebe-a5fd-54c2d5628ea7"",""replica"":""7fc15fda-5103-4647-b7c4-6251ceb0ef53""}",2026-07-23T06:22:16.721169809Z
"2026-07-23T06:22:16.681Z [[32minfo[39m] ⏱️ Tracking QoS 1 message (30s timeout) {""service"":""mqtt-publisher-lite"",""deviceId"":""DEVICE-19"",""messageId"":44650,""topic"":""proof.mqtt/DEVICE-19/registration_ack"",""pendingCount"":1}",info,"{""level"":""info""}","{""project"":""90a47e04-a329-4122-9c82-2ee75a4562c2"",""environment"":""f6319bd4-2e87-40d4-8547-4ce714038bc1"",""service"":""c236b8cb-3eff-45c5-aca0-23e73e33dc8d"",""deployment"":""69394420-c732-4ebe-a5fd-54c2d5628ea7"",""replica"":""7fc15fda-5103-4647-b7c4-6251ceb0ef53""}",2026-07-23T06:22:16.721173059Z
"2026-07-23T06:22:16.681Z [[32minfo[39m] 📋 [LIFECYCLE:CACHE] Active device record written (Mongo → file + Redis IG key) {""service"":""mqtt-publisher-lite"",""deviceId"":""DEVICE-13"",""userId"":""6937af58f950f0f5356a1599"",""instagramFromSocial"":false}",info,"{""level"":""info""}","{""project"":""90a47e04-a329-4122-9c82-2ee75a4562c2"",""environment"":""f6319bd4-2e87-40d4-8547-4ce714038bc1"",""service"":""c236b8cb-3eff-45c5-aca0-23e73e33dc8d"",""deployment"":""69394420-c732-4ebe-a5fd-54c2d5628ea7"",""replica"":""7fc15fda-5103-4647-b7c4-6251ceb0ef53""}",2026-07-23T06:22:16.721175909Z
"2026-07-23T06:22:16.891Z [[32minfo[39m] ✅ PUBACK received {""service"":""mqtt-publisher-lite"",""messageId"":44650}",info,"{""level"":""info""}","{""project"":""90a47e04-a329-4122-9c82-2ee75a4562c2"",""environment"":""f6319bd4-2e87-40d4-8547-4ce714038bc1"",""service"":""c236b8cb-3eff-45c5-aca0-23e73e33dc8d"",""deployment"":""69394420-c732-4ebe-a5fd-54c2d5628ea7"",""replica"":""7fc15fda-5103-4647-b7c4-6251ceb0ef53""}",2026-07-23T06:22:16.894809791Z
"2026-07-23T06:22:16.891Z [[32minfo[39m] ✅ QoS 1 PUBACK confirmed {""service"":""mqtt-publisher-lite"",""deviceId"":""DEVICE-19"",""messageId"":44650,""deliveryTime"":""210ms"",""pendingCount"":0}",info,"{""level"":""info""}","{""project"":""90a47e04-a329-4122-9c82-2ee75a4562c2"",""environment"":""f6319bd4-2e87-40d4-8547-4ce714038bc1"",""service"":""c236b8cb-3eff-45c5-aca0-23e73e33dc8d"",""deployment"":""69394420-c732-4ebe-a5fd-54c2d5628ea7"",""replica"":""7fc15fda-5103-4647-b7c4-6251ceb0ef53""}",2026-07-23T06:22:16.894815580Z
"2026-07-23T06:22:16.891Z [[34mdebug[39m] ✅ [LIFECYCLE:PUBACK_OK] Device confirmed message receipt {""service"":""mqtt-publisher-lite"",""deviceId"":""DEVICE-19""}",info,"{""level"":""info""}","{""project"":""90a47e04-a329-4122-9c82-2ee75a4562c2"",""environment"":""f6319bd4-2e87-40d4-8547-4ce714038bc1"",""service"":""c236b8cb-3eff-45c5-aca0-23e73e33dc8d"",""deployment"":""69394420-c732-4ebe-a5fd-54c2d5628ea7"",""replica"":""7fc15fda-5103-4647-b7c4-6251ceb0ef53""}",2026-07-23T06:22:16.894819820Z
"2026-07-23T06:22:16.891Z [[34mdebug[39m] Message published {""service"":""mqtt-publisher-lite"",""topic"":""proof.mqtt/DEVICE-19/registration_ack"",""qos"":1,""deliveryTime"":""211ms""}",info,"{""level"":""info""}","{""project"":""90a47e04-a329-4122-9c82-2ee75a4562c2"",""environment"":""f6319bd4-2e87-40d4-8547-4ce714038bc1"",""service"":""c236b8cb-3eff-45c5-aca0-23e73e33dc8d"",""deployment"":""69394420-c732-4ebe-a5fd-54c2d5628ea7"",""replica"":""7fc15fda-5103-4647-b7c4-6251ceb0ef53""}",2026-07-23T06:22:16.894825260Z
"2026-07-23T06:22:16.891Z [[32minfo[39m] 📤 Registration response sent {""service"":""mqtt-publisher-lite"",""deviceId"":""DEVICE-19"",""success"":true,""isNewDevice"":false}",info,"{""level"":""info""}","{""project"":""90a47e04-a329-4122-9c82-2ee75a4562c2"",""environment"":""f6319bd4-2e87-40d4-8547-4ce714038bc1"",""service"":""c236b8cb-3eff-45c5-aca0-23e73e33dc8d"",""deployment"":""69394420-c732-4ebe-a5fd-54c2d5628ea7"",""replica"":""7fc15fda-5103-4647-b7c4-6251ceb0ef53""}",2026-07-23T06:22:16.894829520Z
"2026-07-23T06:22:16.892Z [[32minfo[39m] 📋 [LIFECYCLE:REGISTER] Caching device in Redis active list {""service"":""mqtt-publisher-lite"",""deviceId"":""DEVICE-19""}",info,"{""level"":""info""}","{""project"":""90a47e04-a329-4122-9c82-2ee75a4562c2"",""environment"":""f6319bd4-2e87-40d4-8547-4ce714038bc1"",""service"":""c236b8cb-3eff-45c5-aca0-23e73e33dc8d"",""deployment"":""69394420-c732-4ebe-a5fd-54c2d5628ea7"",""replica"":""7fc15fda-5103-4647-b7c4-6251ceb0ef53""}",2026-07-23T06:22:16.894833220Z
"2026-07-23T06:22:16.892Z [[32minfo[39m] 📋 [LIFECYCLE:CACHE] Step 1/2 — Device lookup (MongoDB) {""service"":""mqtt-publisher-lite"",""deviceId"":""DEVICE-19""}",info,"{""level"":""info""}","{""project"":""90a47e04-a329-4122-9c82-2ee75a4562c2"",""environment"":""f6319bd4-2e87-40d4-8547-4ce714038bc1"",""service"":""c236b8cb-3eff-45c5-aca0-23e73e33dc8d"",""deployment"":""69394420-c732-4ebe-a5fd-54c2d5628ea7"",""replica"":""7fc15fda-5103-4647-b7c4-6251ceb0ef53""}",2026-07-23T06:22:16.894836950Z
"2026-07-23T06:22:17.006Z [[32minfo[39m] [STIM] /active — cache valid within TTL, resuming ramp {""service"":""mqtt-publisher-lite"",""deviceId"":""DEVICE-13""}",info,"{""level"":""info""}","{""project"":""90a47e04-a329-4122-9c82-2ee75a4562c2"",""environment"":""f6319bd4-2e87-40d4-8547-4ce714038bc1"",""service"":""c236b8cb-3eff-45c5-aca0-23e73e33dc8d"",""deployment"":""69394420-c732-4ebe-a5fd-54c2d5628ea7"",""replica"":""7fc15fda-5103-4647-b7c4-6251ceb0ef53""}",2026-07-23T06:22:17.007692502Z
"2026-07-23T06:22:17.006Z [[32minfo[39m] 📋 [LIFECYCLE:REGISTER] Device registration complete {""service"":""mqtt-publisher-lite"",""deviceId"":""DEVICE-13""}",info,"{""level"":""info""}","{""project"":""90a47e04-a329-4122-9c82-2ee75a4562c2"",""environment"":""f6319bd4-2e87-40d4-8547-4ce714038bc1"",""service"":""c236b8cb-3eff-45c5-aca0-23e73e33dc8d"",""deployment"":""69394420-c732-4ebe-a5fd-54c2d5628ea7"",""replica"":""7fc15fda-5103-4647-b7c4-6251ceb0ef53""}",2026-07-23T06:22:17.007700702Z
"2026-07-23T06:22:17.039Z [[32minfo[39m] 📋 [LIFECYCLE:CACHE] Step 2/2 — Social (Instagram) for device {""service"":""mqtt-publisher-lite"",""deviceId"":""DEVICE-19"",""userId"":""68d3753f9f99d6b73ae2d991"",""deviceStatus"":""ACTIVE""}",info,"{""level"":""info""}","{""project"":""90a47e04-a329-4122-9c82-2ee75a4562c2"",""environment"":""f6319bd4-2e87-40d4-8547-4ce714038bc1"",""service"":""c236b8cb-3eff-45c5-aca0-23e73e33dc8d"",""deployment"":""69394420-c732-4ebe-a5fd-54c2d5628ea7"",""replica"":""7fc15fda-5103-4647-b7c4-6251ceb0ef53""}",2026-07-23T06:22:17.044579472Z
"2026-07-23T06:22:17.108Z [[32minfo[39m] 📤 QoS 1 message sent {""service"":""mqtt-publisher-lite"",""messageId"":44651,""topic"":""proof.mqtt/DEVICE-13/instagram"",""qos"":1}",info,"{""level"":""info""}","{""project"":""90a47e04-a329-4122-9c82-2ee75a4562c2"",""environment"":""f6319bd4-2e87-40d4-8547-4ce714038bc1"",""service"":""c236b8cb-3eff-45c5-aca0-23e73e33dc8d"",""deployment"":""69394420-c732-4ebe-a5fd-54c2d5628ea7"",""replica"":""7fc15fda-5103-4647-b7c4-6251ceb0ef53""}",2026-07-23T06:22:17.112831398Z
"2026-07-23T06:22:17.108Z [[32minfo[39m] ⏱️ Tracking QoS 1 message (30s timeout) {""service"":""mqtt-publisher-lite"",""deviceId"":""DEVICE-13"",""messageId"":44651,""topic"":""proof.mqtt/DEVICE-13/instagram"",""pendingCount"":1}",info,"{""level"":""info""}","{""project"":""90a47e04-a329-4122-9c82-2ee75a4562c2"",""environment"":""f6319bd4-2e87-40d4-8547-4ce714038bc1"",""service"":""c236b8cb-3eff-45c5-aca0-23e73e33dc8d"",""deployment"":""69394420-c732-4ebe-a5fd-54c2d5628ea7"",""replica"":""7fc15fda-5103-4647-b7c4-6251ceb0ef53""}",2026-07-23T06:22:17.112837198Z
"2026-07-23T06:22:17.187Z [[32minfo[39m] 📋 [LIFECYCLE:CACHE] Active device record written (Mongo → file + Redis IG key) {""service"":""mqtt-publisher-lite"",""deviceId"":""DEVICE-19"",""userId"":""68d3753f9f99d6b73ae2d991"",""instagramFromSocial"":true}",info,"{""level"":""info""}","{""project"":""90a47e04-a329-4122-9c82-2ee75a4562c2"",""environment"":""f6319bd4-2e87-40d4-8547-4ce714038bc1"",""service"":""c236b8cb-3eff-45c5-aca0-23e73e33dc8d"",""deployment"":""69394420-c732-4ebe-a5fd-54c2d5628ea7"",""replica"":""7fc15fda-5103-4647-b7c4-6251ceb0ef53""}",2026-07-23T06:22:17.197094970Z
"2026-07-23T06:22:17.219Z [[32minfo[39m] 📤 QoS 1 message sent {""service"":""mqtt-publisher-lite"",""messageId"":44652,""topic"":""proof.mqtt/DEVICE-13/gmb"",""qos"":1}",info,"{""level"":""info""}","{""project"":""90a47e04-a329-4122-9c82-2ee75a4562c2"",""environment"":""f6319bd4-2e87-40d4-8547-4ce714038bc1"",""service"":""c236b8cb-3eff-45c5-aca0-23e73e33dc8d"",""deployment"":""69394420-c732-4ebe-a5fd-54c2d5628ea7"",""replica"":""7fc15fda-5103-4647-b7c4-6251ceb0ef53""}",2026-07-23T06:22:17.222483287Z
"2026-07-23T06:22:17.219Z [[32minfo[39m] ⏱️ Tracking QoS 1 message (30s timeout) {""service"":""mqtt-publisher-lite"",""deviceId"":""DEVICE-13"",""messageId"":44652,""topic"":""proof.mqtt/DEVICE-13/gmb"",""pendingCount"":2}",info,"{""level"":""info""}","{""project"":""90a47e04-a329-4122-9c82-2ee75a4562c2"",""environment"":""f6319bd4-2e87-40d4-8547-4ce714038bc1"",""service"":""c236b8cb-3eff-45c5-aca0-23e73e33dc8d"",""deployment"":""69394420-c732-4ebe-a5fd-54c2d5628ea7"",""replica"":""7fc15fda-5103-4647-b7c4-6251ceb0ef53""}",2026-07-23T06:22:17.222491447Z
"2026-07-23T06:22:17.249Z [[32minfo[39m] [USER_INTEGRATIONS] Cached {""service"":""mqtt-publisher-lite"",""userId"":""6937af58f950f0f5356a1599"",""hasInstagram"":false,""hasGmb"":false,""posPlatform"":null}",info,"{""level"":""info""}","{""project"":""90a47e04-a329-4122-9c82-2ee75a4562c2"",""environment"":""f6319bd4-2e87-40d4-8547-4ce714038bc1"",""service"":""c236b8cb-3eff-45c5-aca0-23e73e33dc8d"",""deployment"":""69394420-c732-4ebe-a5fd-54c2d5628ea7"",""replica"":""7fc15fda-5103-4647-b7c4-6251ceb0ef53""}",2026-07-23T06:22:17.265184848Z
"2026-07-23T06:22:17.327Z [[32minfo[39m] ✅ PUBACK received {""service"":""mqtt-publisher-lite"",""messageId"":44651}",info,"{""level"":""info""}","{""project"":""90a47e04-a329-4122-9c82-2ee75a4562c2"",""environment"":""f6319bd4-2e87-40d4-8547-4ce714038bc1"",""service"":""c236b8cb-3eff-45c5-aca0-23e73e33dc8d"",""deployment"":""69394420-c732-4ebe-a5fd-54c2d5628ea7"",""replica"":""7fc15fda-5103-4647-b7c4-6251ceb0ef53""}",2026-07-23T06:22:17.329694856Z
"2026-07-23T06:22:17.328Z [[32minfo[39m] ✅ QoS 1 PUBACK confirmed {""service"":""mqtt-publisher-lite"",""deviceId"":""DEVICE-13"",""messageId"":44651,""deliveryTime"":""220ms"",""pendingCount"":1}",info,"{""level"":""info""}","{""project"":""90a47e04-a329-4122-9c82-2ee75a4562c2"",""environment"":""f6319bd4-2e87-40d4-8547-4ce714038bc1"",""service"":""c236b8cb-3eff-45c5-aca0-23e73e33dc8d"",""deployment"":""69394420-c732-4ebe-a5fd-54c2d5628ea7"",""replica"":""7fc15fda-5103-4647-b7c4-6251ceb0ef53""}",2026-07-23T06:22:17.329698526Z
"2026-07-23T06:22:17.328Z [[34mdebug[39m] ✅ [LIFECYCLE:PUBACK_OK] Device confirmed message receipt {""service"":""mqtt-publisher-lite"",""deviceId"":""DEVICE-13""}",info,"{""level"":""info""}","{""project"":""90a47e04-a329-4122-9c82-2ee75a4562c2"",""environment"":""f6319bd4-2e87-40d4-8547-4ce714038bc1"",""service"":""c236b8cb-3eff-45c5-aca0-23e73e33dc8d"",""deployment"":""69394420-c732-4ebe-a5fd-54c2d5628ea7"",""replica"":""7fc15fda-5103-4647-b7c4-6251ceb0ef53""}",2026-07-23T06:22:17.329702426Z
"2026-07-23T06:22:17.328Z [[34mdebug[39m] Message published {""service"":""mqtt-publisher-lite"",""topic"":""proof.mqtt/DEVICE-13/instagram"",""qos"":1,""deliveryTime"":""220ms""}",info,"{""level"":""info""}","{""project"":""90a47e04-a329-4122-9c82-2ee75a4562c2"",""environment"":""f6319bd4-2e87-40d4-8547-4ce714038bc1"",""service"":""c236b8cb-3eff-45c5-aca0-23e73e33dc8d"",""deployment"":""69394420-c732-4ebe-a5fd-54c2d5628ea7"",""replica"":""7fc15fda-5103-4647-b7c4-6251ceb0ef53""}",2026-07-23T06:22:17.329707046Z
"2026-07-23T06:22:17.328Z [[34mdebug[39m] Message received {""service"":""mqtt-publisher-lite"",""topic"":""proof.mqtt/DEVICE-13/instagram"",""size"":227,""retain"":false}",info,"{""level"":""info""}","{""project"":""90a47e04-a329-4122-9c82-2ee75a4562c2"",""environment"":""f6319bd4-2e87-40d4-8547-4ce714038bc1"",""service"":""c236b8cb-3eff-45c5-aca0-23e73e33dc8d"",""deployment"":""69394420-c732-4ebe-a5fd-54c2d5628ea7"",""replica"":""7fc15fda-5103-4647-b7c4-6251ceb0ef53""}",2026-07-23T06:22:17.329710366Z
"2026-07-23T06:22:17.328Z [[34mdebug[39m] Skipping echo message {""service"":""mqtt-publisher-lite"",""topic"":""proof.mqtt/DEVICE-13/instagram"",""age"":""0ms""}",info,"{""level"":""info""}","{""project"":""90a47e04-a329-4122-9c82-2ee75a4562c2"",""environment"":""f6319bd4-2e87-40d4-8547-4ce714038bc1"",""service"":""c236b8cb-3eff-45c5-aca0-23e73e33dc8d"",""deployment"":""69394420-c732-4ebe-a5fd-54c2d5628ea7"",""replica"":""7fc15fda-5103-4647-b7c4-6251ceb0ef53""}",2026-07-23T06:22:17.329713516Z
"2026-07-23T06:22:17.328Z [[34mdebug[39m] Screen message received {""service"":""mqtt-publisher-lite"",""topic"":""proof.mqtt/DEVICE-13/instagram"",""screen"":""instagram""}",info,"{""level"":""info""}","{""project"":""90a47e04-a329-4122-9c82-2ee75a4562c2"",""environment"":""f6319bd4-2e87-40d4-8547-4ce714038bc1"",""service"":""c236b8cb-3eff-45c5-aca0-23e73e33dc8d"",""deployment"":""69394420-c732-4ebe-a5fd-54c2d5628ea7"",""replica"":""7fc15fda-5103-4647-b7c4-6251ceb0ef53""}",2026-07-23T06:22:17.329717536Z
"2026-07-23T06:22:17.444Z [[32minfo[39m] ✅ PUBACK received {""service"":""mqtt-publisher-lite"",""messageId"":44652}",info,"{""level"":""info""}","{""project"":""90a47e04-a329-4122-9c82-2ee75a4562c2"",""environment"":""f6319bd4-2e87-40d4-8547-4ce714038bc1"",""service"":""c236b8cb-3eff-45c5-aca0-23e73e33dc8d"",""deployment"":""69394420-c732-4ebe-a5fd-54c2d5628ea7"",""replica"":""7fc15fda-5103-4647-b7c4-6251ceb0ef53""}",2026-07-23T06:22:17.501296085Z
"2026-07-23T06:22:17.445Z [[32minfo[39m] ✅ QoS 1 PUBACK confirmed {""service"":""mqtt-publisher-lite"",""deviceId"":""DEVICE-13"",""messageId"":44652,""deliveryTime"":""226ms"",""pendingCount"":0}",info,"{""level"":""info""}","{""project"":""90a47e04-a329-4122-9c82-2ee75a4562c2"",""environment"":""f6319bd4-2e87-40d4-8547-4ce714038bc1"",""service"":""c236b8cb-3eff-45c5-aca0-23e73e33dc8d"",""deployment"":""69394420-c732-4ebe-a5fd-54c2d5628ea7"",""replica"":""7fc15fda-5103-4647-b7c4-6251ceb0ef53""}",2026-07-23T06:22:17.501301245Z
"2026-07-23T06:22:17.445Z [[34mdebug[39m] ✅ [LIFECYCLE:PUBACK_OK] Device confirmed message receipt {""service"":""mqtt-publisher-lite"",""deviceId"":""DEVICE-13""}",info,"{""level"":""info""}","{""project"":""90a47e04-a329-4122-9c82-2ee75a4562c2"",""environment"":""f6319bd4-2e87-40d4-8547-4ce714038bc1"",""service"":""c236b8cb-3eff-45c5-aca0-23e73e33dc8d"",""deployment"":""69394420-c732-4ebe-a5fd-54c2d5628ea7"",""replica"":""7fc15fda-5103-4647-b7c4-6251ceb0ef53""}",2026-07-23T06:22:17.501305555Z
"2026-07-23T06:22:17.445Z [[34mdebug[39m] Message published {""service"":""mqtt-publisher-lite"",""topic"":""proof.mqtt/DEVICE-13/gmb"",""qos"":1,""deliveryTime"":""226ms""}",info,"{""level"":""info""}","{""project"":""90a47e04-a329-4122-9c82-2ee75a4562c2"",""environment"":""f6319bd4-2e87-40d4-8547-4ce714038bc1"",""service"":""c236b8cb-3eff-45c5-aca0-23e73e33dc8d"",""deployment"":""69394420-c732-4ebe-a5fd-54c2d5628ea7"",""replica"":""7fc15fda-5103-4647-b7c4-6251ceb0ef53""}",2026-07-23T06:22:17.501309975Z
"2026-07-23T06:22:17.445Z [[34mdebug[39m] Message received {""service"":""mqtt-publisher-lite"",""topic"":""proof.mqtt/DEVICE-13/gmb"",""size"":245,""retain"":false}",info,"{""level"":""info""}","{""project"":""90a47e04-a329-4122-9c82-2ee75a4562c2"",""environment"":""f6319bd4-2e87-40d4-8547-4ce714038bc1"",""service"":""c236b8cb-3eff-45c5-aca0-23e73e33dc8d"",""deployment"":""69394420-c732-4ebe-a5fd-54c2d5628ea7"",""replica"":""7fc15fda-5103-4647-b7c4-6251ceb0ef53""}",2026-07-23T06:22:17.501314175Z
"2026-07-23T06:22:17.445Z [[34mdebug[39m] Skipping echo message {""service"":""mqtt-publisher-lite"",""topic"":""proof.mqtt/DEVICE-13/gmb"",""age"":""0ms""}",info,"{""level"":""info""}","{""project"":""90a47e04-a329-4122-9c82-2ee75a4562c2"",""environment"":""f6319bd4-2e87-40d4-8547-4ce714038bc1"",""service"":""c236b8cb-3eff-45c5-aca0-23e73e33dc8d"",""deployment"":""69394420-c732-4ebe-a5fd-54c2d5628ea7"",""replica"":""7fc15fda-5103-4647-b7c4-6251ceb0ef53""}",2026-07-23T06:22:17.501318624Z
"2026-07-23T06:22:17.445Z [[34mdebug[39m] Screen message received {""service"":""mqtt-publisher-lite"",""topic"":""proof.mqtt/DEVICE-13/gmb"",""screen"":""gmb""}",info,"{""level"":""info""}","{""project"":""90a47e04-a329-4122-9c82-2ee75a4562c2"",""environment"":""f6319bd4-2e87-40d4-8547-4ce714038bc1"",""service"":""c236b8cb-3eff-45c5-aca0-23e73e33dc8d"",""deployment"":""69394420-c732-4ebe-a5fd-54c2d5628ea7"",""replica"":""7fc15fda-5103-4647-b7c4-6251ceb0ef53""}",2026-07-23T06:22:17.501323304Z
"2026-07-23T06:22:17.447Z [[32minfo[39m] [STIM_IG] Published {""service"":""mqtt-publisher-lite"",""deviceId"":""DEVICE-13"",""followers"":9,""target"":500,""mode"":""synthetic"",""achievement"":10,""celebration"":""false"",""done"":false}",info,"{""level"":""info""}","{""project"":""90a47e04-a329-4122-9c82-2ee75a4562c2"",""environment"":""f6319bd4-2e87-40d4-8547-4ce714038bc1"",""service"":""c236b8cb-3eff-45c5-aca0-23e73e33dc8d"",""deployment"":""69394420-c732-4ebe-a5fd-54c2d5628ea7"",""replica"":""7fc15fda-5103-4647-b7c4-6251ceb0ef53""}",2026-07-23T06:22:17.501332274Z
"2026-07-23T06:22:17.541Z [[32minfo[39m] 📋 [LIFECYCLE:REGISTER] Device registration complete {""service"":""mqtt-publisher-lite"",""deviceId"":""DEVICE-19""}",info,"{""level"":""info""}","{""project"":""90a47e04-a329-4122-9c82-2ee75a4562c2"",""environment"":""f6319bd4-2e87-40d4-8547-4ce714038bc1"",""service"":""c236b8cb-3eff-45c5-aca0-23e73e33dc8d"",""deployment"":""69394420-c732-4ebe-a5fd-54c2d5628ea7"",""replica"":""7fc15fda-5103-4647-b7c4-6251ceb0ef53""}",2026-07-23T06:22:17.543691369Z
"2026-07-23T06:22:17.547Z [[32minfo[39m] [STIM_GMB] Published {""service"":""mqtt-publisher-lite"",""deviceId"":""DEVICE-13"",""reviews"":7,""target"":100,""mode"":""synthetic"",""celebration"":""false"",""done"":false}",info,"{""level"":""info""}","{""project"":""90a47e04-a329-4122-9c82-2ee75a4562c2"",""environment"":""f6319bd4-2e87-40d4-8547-4ce714038bc1"",""service"":""c236b8cb-3eff-45c5-aca0-23e73e33dc8d"",""deployment"":""69394420-c732-4ebe-a5fd-54c2d5628ea7"",""replica"":""7fc15fda-5103-4647-b7c4-6251ceb0ef53""}",2026-07-23T06:22:17.549272752Z
"2026-07-23T06:22:17.580Z [[32minfo[39m] [PROMOTION] No running brand canvas — default canvas {""service"":""mqtt-publisher-lite"",""deviceId"":""DEVICE-13"",""userId"":""6937af58f950f0f5356a1599""}",info,"{""level"":""info""}","{""project"":""90a47e04-a329-4122-9c82-2ee75a4562c2"",""environment"":""f6319bd4-2e87-40d4-8547-4ce714038bc1"",""service"":""c236b8cb-3eff-45c5-aca0-23e73e33dc8d"",""deployment"":""69394420-c732-4ebe-a5fd-54c2d5628ea7"",""replica"":""7fc15fda-5103-4647-b7c4-6251ceb0ef53""}",2026-07-23T06:22:17.583213717Z
"2026-07-23T06:22:17.580Z [[32minfo[39m] 📤 QoS 1 message sent {""service"":""mqtt-publisher-lite"",""messageId"":44653,""topic"":""proof.mqtt/DEVICE-13/promotion"",""qos"":1}",info,"{""level"":""info""}","{""project"":""90a47e04-a329-4122-9c82-2ee75a4562c2"",""environment"":""f6319bd4-2e87-40d4-8547-4ce714038bc1"",""service"":""c236b8cb-3eff-45c5-aca0-23e73e33dc8d"",""deployment"":""69394420-c732-4ebe-a5fd-54c2d5628ea7"",""replica"":""7fc15fda-5103-4647-b7c4-6251ceb0ef53""}",2026-07-23T06:22:17.583220447Z
"2026-07-23T06:22:17.580Z [[32minfo[39m] ⏱️ Tracking QoS 1 message (30s timeout) {""service"":""mqtt-publisher-lite"",""deviceId"":""DEVICE-13"",""messageId"":44653,""topic"":""proof.mqtt/DEVICE-13/promotion"",""pendingCount"":1}",info,"{""level"":""info""}","{""project"":""90a47e04-a329-4122-9c82-2ee75a4562c2"",""environment"":""f6319bd4-2e87-40d4-8547-4ce714038bc1"",""service"":""c236b8cb-3eff-45c5-aca0-23e73e33dc8d"",""deployment"":""69394420-c732-4ebe-a5fd-54c2d5628ea7"",""replica"":""7fc15fda-5103-4647-b7c4-6251ceb0ef53""}",2026-07-23T06:22:17.583224087Z
"2026-07-23T06:22:17.808Z [[32minfo[39m] ✅ PUBACK received {""service"":""mqtt-publisher-lite"",""messageId"":44653}",info,"{""level"":""info""}","{""project"":""90a47e04-a329-4122-9c82-2ee75a4562c2"",""environment"":""f6319bd4-2e87-40d4-8547-4ce714038bc1"",""service"":""c236b8cb-3eff-45c5-aca0-23e73e33dc8d"",""deployment"":""69394420-c732-4ebe-a5fd-54c2d5628ea7"",""replica"":""7fc15fda-5103-4647-b7c4-6251ceb0ef53""}",2026-07-23T06:22:17.811722117Z
"2026-07-23T06:22:17.809Z [[32minfo[39m] ✅ QoS 1 PUBACK confirmed {""service"":""mqtt-publisher-lite"",""deviceId"":""DEVICE-13"",""messageId"":44653,""deliveryTime"":""228ms"",""pendingCount"":0}",info,"{""level"":""info""}","{""project"":""90a47e04-a329-4122-9c82-2ee75a4562c2"",""environment"":""f6319bd4-2e87-40d4-8547-4ce714038bc1"",""service"":""c236b8cb-3eff-45c5-aca0-23e73e33dc8d"",""deployment"":""69394420-c732-4ebe-a5fd-54c2d5628ea7"",""replica"":""7fc15fda-5103-4647-b7c4-6251ceb0ef53""}",2026-07-23T06:22:17.811726017Z
"2026-07-23T06:22:17.809Z [[34mdebug[39m] ✅ [LIFECYCLE:PUBACK_OK] Device confirmed message receipt {""service"":""mqtt-publisher-lite"",""deviceId"":""DEVICE-13""}",info,"{""level"":""info""}","{""project"":""90a47e04-a329-4122-9c82-2ee75a4562c2"",""environment"":""f6319bd4-2e87-40d4-8547-4ce714038bc1"",""service"":""c236b8cb-3eff-45c5-aca0-23e73e33dc8d"",""deployment"":""69394420-c732-4ebe-a5fd-54c2d5628ea7"",""replica"":""7fc15fda-5103-4647-b7c4-6251ceb0ef53""}",2026-07-23T06:22:17.811729017Z
"2026-07-23T06:22:17.809Z [[34mdebug[39m] Message published {""service"":""mqtt-publisher-lite"",""topic"":""proof.mqtt/DEVICE-13/promotion"",""qos"":1,""deliveryTime"":""229ms""}",info,"{""level"":""info""}","{""project"":""90a47e04-a329-4122-9c82-2ee75a4562c2"",""environment"":""f6319bd4-2e87-40d4-8547-4ce714038bc1"",""service"":""c236b8cb-3eff-45c5-aca0-23e73e33dc8d"",""deployment"":""69394420-c732-4ebe-a5fd-54c2d5628ea7"",""replica"":""7fc15fda-5103-4647-b7c4-6251ceb0ef53""}",2026-07-23T06:22:17.811732357Z
"2026-07-23T06:22:17.809Z [[34mdebug[39m] Message received {""service"":""mqtt-publisher-lite"",""topic"":""proof.mqtt/DEVICE-13/promotion"",""size"":227,""retain"":false}",info,"{""level"":""info""}","{""project"":""90a47e04-a329-4122-9c82-2ee75a4562c2"",""environment"":""f6319bd4-2e87-40d4-8547-4ce714038bc1"",""service"":""c236b8cb-3eff-45c5-aca0-23e73e33dc8d"",""deployment"":""69394420-c732-4ebe-a5fd-54c2d5628ea7"",""replica"":""7fc15fda-5103-4647-b7c4-6251ceb0ef53""}",2026-07-23T06:22:17.811736847Z
"2026-07-23T06:22:17.809Z [[34mdebug[39m] Skipping echo message {""service"":""mqtt-publisher-lite"",""topic"":""proof.mqtt/DEVICE-13/promotion"",""age"":""0ms""}",info,"{""level"":""info""}","{""project"":""90a47e04-a329-4122-9c82-2ee75a4562c2"",""environment"":""f6319bd4-2e87-40d4-8547-4ce714038bc1"",""service"":""c236b8cb-3eff-45c5-aca0-23e73e33dc8d"",""deployment"":""69394420-c732-4ebe-a5fd-54c2d5628ea7"",""replica"":""7fc15fda-5103-4647-b7c4-6251ceb0ef53""}",2026-07-23T06:22:17.811740347Z
"2026-07-23T06:22:17.809Z [[34mdebug[39m] Screen message received {""service"":""mqtt-publisher-lite"",""topic"":""proof.mqtt/DEVICE-13/promotion"",""screen"":""promotion""}",info,"{""level"":""info""}","{""project"":""90a47e04-a329-4122-9c82-2ee75a4562c2"",""environment"":""f6319bd4-2e87-40d4-8547-4ce714038bc1"",""service"":""c236b8cb-3eff-45c5-aca0-23e73e33dc8d"",""deployment"":""69394420-c732-4ebe-a5fd-54c2d5628ea7"",""replica"":""7fc15fda-5103-4647-b7c4-6251ceb0ef53""}",2026-07-23T06:22:17.811743477Z
"2026-07-23T06:22:17.908Z [[32minfo[39m] 🎨 [DEFAULT:PUBLISHED] Empty default canvas sent {""service"":""mqtt-publisher-lite"",""deviceId"":""DEVICE-13"",""topic"":""proof.mqtt/DEVICE-13/promotion""}",info,"{""level"":""info""}","{""project"":""90a47e04-a329-4122-9c82-2ee75a4562c2"",""environment"":""f6319bd4-2e87-40d4-8547-4ce714038bc1"",""service"":""c236b8cb-3eff-45c5-aca0-23e73e33dc8d"",""deployment"":""69394420-c732-4ebe-a5fd-54c2d5628ea7"",""replica"":""7fc15fda-5103-4647-b7c4-6251ceb0ef53""}",2026-07-23T06:22:17.910127780Z
"2026-07-23T06:22:17.909Z [[32minfo[39m] [CONNECT_REFRESH] Promotion published (connect force) {""service"":""mqtt-publisher-lite"",""deviceId"":""DEVICE-13"",""clearedHashes"":0}",info,"{""level"":""info""}","{""project"":""90a47e04-a329-4122-9c82-2ee75a4562c2"",""environment"":""f6319bd4-2e87-40d4-8547-4ce714038bc1"",""service"":""c236b8cb-3eff-45c5-aca0-23e73e33dc8d"",""deployment"":""69394420-c732-4ebe-a5fd-54c2d5628ea7"",""replica"":""7fc15fda-5103-4647-b7c4-6251ceb0ef53""}",2026-07-23T06:22:17.910133080Z
"2026-07-23T06:22:17.909Z [[32minfo[39m] [DEFERRED_WORK] Drain complete {""service"":""mqtt-publisher-lite"",""processed"":1,""skippedStale"":0,""failed"":0}",info,"{""level"":""info""}","{""project"":""90a47e04-a329-4122-9c82-2ee75a4562c2"",""environment"":""f6319bd4-2e87-40d4-8547-4ce714038bc1"",""service"":""c236b8cb-3eff-45c5-aca0-23e73e33dc8d"",""deployment"":""69394420-c732-4ebe-a5fd-54c2d5628ea7"",""replica"":""7fc15fda-5103-4647-b7c4-6251ceb0ef53""}",2026-07-23T06:22:17.910137270Z
"2026-07-23T06:22:18.057Z [[32minfo[39m] [USER_INTEGRATIONS] Cached {""service"":""mqtt-publisher-lite"",""userId"":""68d3753f9f99d6b73ae2d991"",""hasInstagram"":true,""hasGmb"":true,""posPlatform"":null}",info,"{""level"":""info""}","{""project"":""90a47e04-a329-4122-9c82-2ee75a4562c2"",""environment"":""f6319bd4-2e87-40d4-8547-4ce714038bc1"",""service"":""c236b8cb-3eff-45c5-aca0-23e73e33dc8d"",""deployment"":""69394420-c732-4ebe-a5fd-54c2d5628ea7"",""replica"":""7fc15fda-5103-4647-b7c4-6251ceb0ef53""}",2026-07-23T06:22:18.089992039Z
"2026-07-23T06:22:18.168Z [[32minfo[39m] InfluxDB batch flush {""service"":""mqtt-publisher-lite"",""source"":""metrics_disk_queue_worker"",""count"":3,""lines"":[""device_ota_events,device_id=DEVICE-13,event=boot,source=mqtt-publisher-lite,source_topic=active ip_address=\""127.0.0.1\"" 1784787735000000000"",""device_ota_events,device_id=DEVICE-19,event=status,source=mqtt-publisher-lite,source_topic=status uptime_s=0i 1784787736329000000"",""device_ota_events,device_id=DEVICE-19,event=boot,source=mqtt-publisher-lite,source_topic=active fw_version=\""1.0.0\"",ip_address=\""127.0.0.1\"" 1784787736329000000""]}",info,"{""level"":""info""}","{""project"":""90a47e04-a329-4122-9c82-2ee75a4562c2"",""environment"":""f6319bd4-2e87-40d4-8547-4ce714038bc1"",""service"":""c236b8cb-3eff-45c5-aca0-23e73e33dc8d"",""deployment"":""69394420-c732-4ebe-a5fd-54c2d5628ea7"",""replica"":""7fc15fda-5103-4647-b7c4-6251ceb0ef53""}",2026-07-23T06:22:18.169828239Z
"2026-07-23T06:22:18.984Z [[32minfo[39m] 📤 QoS 2 message sent {""service"":""mqtt-publisher-lite"",""messageId"":44654,""topic"":""proof.mqtt/DEVICE-19/cmd"",""qos"":2}",info,"{""level"":""info""}","{""project"":""90a47e04-a329-4122-9c82-2ee75a4562c2"",""environment"":""f6319bd4-2e87-40d4-8547-4ce714038bc1"",""service"":""c236b8cb-3eff-45c5-aca0-23e73e33dc8d"",""deployment"":""69394420-c732-4ebe-a5fd-54c2d5628ea7"",""replica"":""7fc15fda-5103-4647-b7c4-6251ceb0ef53""}",2026-07-23T06:22:19.027873280Z
"2026-07-23T06:22:18.985Z [[32minfo[39m] ⏱️ Tracking QoS 2 message (30s timeout) {""service"":""mqtt-publisher-lite"",""deviceId"":""DEVICE-19"",""messageId"":44654,""topic"":""proof.mqtt/DEVICE-19/cmd"",""pendingCount"":1}",info,"{""level"":""info""}","{""project"":""90a47e04-a329-4122-9c82-2ee75a4562c2"",""environment"":""f6319bd4-2e87-40d4-8547-4ce714038bc1"",""service"":""c236b8cb-3eff-45c5-aca0-23e73e33dc8d"",""deployment"":""69394420-c732-4ebe-a5fd-54c2d5628ea7"",""replica"":""7fc15fda-5103-4647-b7c4-6251ceb0ef53""}",2026-07-23T06:22:19.027876240Z
"2026-07-23T06:22:18.987Z [[34mdebug[39m] PKI audit event written to InfluxDB {""service"":""mqtt-publisher-lite"",""event"":""OTA_CHECK_OFFERED"",""deviceId"":""DEVICE-19""}",info,"{""level"":""info""}","{""project"":""90a47e04-a329-4122-9c82-2ee75a4562c2"",""environment"":""f6319bd4-2e87-40d4-8547-4ce714038bc1"",""service"":""c236b8cb-3eff-45c5-aca0-23e73e33dc8d"",""deployment"":""69394420-c732-4ebe-a5fd-54c2d5628ea7"",""replica"":""7fc15fda-5103-4647-b7c4-6251ceb0ef53""}",2026-07-23T06:22:19.027889260Z
"2026-07-23T06:22:18.987Z [[34mdebug[39m] Audit event logged to InfluxDB {""service"":""mqtt-publisher-lite"",""sequence"":36,""event"":""OTA_CHECK_OFFERED"",""deviceId"":""DEVICE-19"",""hash"":""ab8f0f79ff65e1a6...""}",info,"{""level"":""info""}","{""project"":""90a47e04-a329-4122-9c82-2ee75a4562c2"",""environment"":""f6319bd4-2e87-40d4-8547-4ce714038bc1"",""service"":""c236b8cb-3eff-45c5-aca0-23e73e33dc8d"",""deployment"":""69394420-c732-4ebe-a5fd-54c2d5628ea7"",""replica"":""7fc15fda-5103-4647-b7c4-6251ceb0ef53""}",2026-07-23T06:22:19.027892480Z
"2026-07-23T06:22:19.414Z [[32minfo[39m] ✅ PUBCOMP received {""service"":""mqtt-publisher-lite"",""messageId"":44654}",info,"{""level"":""info""}","{""project"":""90a47e04-a329-4122-9c82-2ee75a4562c2"",""environment"":""f6319bd4-2e87-40d4-8547-4ce714038bc1"",""service"":""c236b8cb-3eff-45c5-aca0-23e73e33dc8d"",""deployment"":""69394420-c732-4ebe-a5fd-54c2d5628ea7"",""replica"":""7fc15fda-5103-4647-b7c4-6251ceb0ef53""}",2026-07-23T06:22:19.654887813Z
"2026-07-23T06:22:19.414Z [[32minfo[39m] ✅ QoS 2 PUBCOMP confirmed {""service"":""mqtt-publisher-lite"",""deviceId"":""DEVICE-19"",""messageId"":44654,""deliveryTime"":""429ms"",""pendingCount"":0}",info,"{""level"":""info""}","{""project"":""90a47e04-a329-4122-9c82-2ee75a4562c2"",""environment"":""f6319bd4-2e87-40d4-8547-4ce714038bc1"",""service"":""c236b8cb-3eff-45c5-aca0-23e73e33dc8d"",""deployment"":""69394420-c732-4ebe-a5fd-54c2d5628ea7"",""replica"":""7fc15fda-5103-4647-b7c4-6251ceb0ef53""}",2026-07-23T06:22:19.654891893Z
"2026-07-23T06:22:19.415Z [[34mdebug[39m] ✅ [LIFECYCLE:PUBACK_OK] Device confirmed message receipt {""service"":""mqtt-publisher-lite"",""deviceId"":""DEVICE-19""}",info,"{""level"":""info""}","{""project"":""90a47e04-a329-4122-9c82-2ee75a4562c2"",""environment"":""f6319bd4-2e87-40d4-8547-4ce714038bc1"",""service"":""c236b8cb-3eff-45c5-aca0-23e73e33dc8d"",""deployment"":""69394420-c732-4ebe-a5fd-54c2d5628ea7"",""replica"":""7fc15fda-5103-4647-b7c4-6251ceb0ef53""}",2026-07-23T06:22:19.654895793Z
"2026-07-23T06:22:19.415Z [[34mdebug[39m] Message published {""service"":""mqtt-publisher-lite"",""topic"":""proof.mqtt/DEVICE-19/cmd"",""qos"":2,""deliveryTime"":""431ms""}",info,"{""level"":""info""}","{""project"":""90a47e04-a329-4122-9c82-2ee75a4562c2"",""environment"":""f6319bd4-2e87-40d4-8547-4ce714038bc1"",""service"":""c236b8cb-3eff-45c5-aca0-23e73e33dc8d"",""deployment"":""69394420-c732-4ebe-a5fd-54c2d5628ea7"",""replica"":""7fc15fda-5103-4647-b7c4-6251ceb0ef53""}",2026-07-23T06:22:19.654899983Z
"2026-07-23T06:22:19.420Z [[34mdebug[39m] PKI audit event written to InfluxDB {""service"":""mqtt-publisher-lite"",""event"":""OTA_COMMAND_DELIVERED"",""deviceId"":""DEVICE-19""}",info,"{""level"":""info""}","{""project"":""90a47e04-a329-4122-9c82-2ee75a4562c2"",""environment"":""f6319bd4-2e87-40d4-8547-4ce714038bc1"",""service"":""c236b8cb-3eff-45c5-aca0-23e73e33dc8d"",""deployment"":""69394420-c732-4ebe-a5fd-54c2d5628ea7"",""replica"":""7fc15fda-5103-4647-b7c4-6251ceb0ef53""}",2026-07-23T06:22:19.654904093Z
"2026-07-23T06:22:19.421Z [[34mdebug[39m] Audit event logged to InfluxDB {""service"":""mqtt-publisher-lite"",""sequence"":37,""event"":""OTA_COMMAND_DELIVERED"",""deviceId"":""DEVICE-19"",""hash"":""1ff1fb25d4208cfb...""}",info,"{""level"":""info""}","{""project"":""90a47e04-a329-4122-9c82-2ee75a4562c2"",""environment"":""f6319bd4-2e87-40d4-8547-4ce714038bc1"",""service"":""c236b8cb-3eff-45c5-aca0-23e73e33dc8d"",""deployment"":""69394420-c732-4ebe-a5fd-54c2d5628ea7"",""replica"":""7fc15fda-5103-4647-b7c4-6251ceb0ef53""}",2026-07-23T06:22:19.654911763Z
"2026-07-23T06:22:19.554Z [[32minfo[39m] [OTA] Published ota_update cmd {""service"":""mqtt-publisher-lite"",""deviceId"":""DEVICE-19"",""version"":""1.0.1"",""topic"":""proof.mqtt/DEVICE-19/cmd""}",info,"{""level"":""info""}","{""project"":""90a47e04-a329-4122-9c82-2ee75a4562c2"",""environment"":""f6319bd4-2e87-40d4-8547-4ce714038bc1"",""service"":""c236b8cb-3eff-45c5-aca0-23e73e33dc8d"",""deployment"":""69394420-c732-4ebe-a5fd-54c2d5628ea7"",""replica"":""7fc15fda-5103-4647-b7c4-6251ceb0ef53""}",2026-07-23T06:22:19.654915193Z
"2026-07-23T06:22:19.571Z [[34mdebug[39m] PKI audit event written to InfluxDB {""service"":""mqtt-publisher-lite"",""event"":""OTA_COMMAND_ISSUED"",""deviceId"":""DEVICE-19""}",info,"{""level"":""info""}","{""project"":""90a47e04-a329-4122-9c82-2ee75a4562c2"",""environment"":""f6319bd4-2e87-40d4-8547-4ce714038bc1"",""service"":""c236b8cb-3eff-45c5-aca0-23e73e33dc8d"",""deployment"":""69394420-c732-4ebe-a5fd-54c2d5628ea7"",""replica"":""7fc15fda-5103-4647-b7c4-6251ceb0ef53""}",2026-07-23T06:22:19.654919213Z
"2026-07-23T06:22:19.571Z [[34mdebug[39m] Audit event logged to InfluxDB {""service"":""mqtt-publisher-lite"",""sequence"":38,""event"":""OTA_COMMAND_ISSUED"",""deviceId"":""DEVICE-19"",""hash"":""79945d5b29420f49...""}",info,"{""level"":""info""}","{""project"":""90a47e04-a329-4122-9c82-2ee75a4562c2"",""environment"":""f6319bd4-2e87-40d4-8547-4ce714038bc1"",""service"":""c236b8cb-3eff-45c5-aca0-23e73e33dc8d"",""deployment"":""69394420-c732-4ebe-a5fd-54c2d5628ea7"",""replica"":""7fc15fda-5103-4647-b7c4-6251ceb0ef53""}",2026-07-23T06:22:19.654923123Z
"2026-07-23T06:22:21.061Z [[34mdebug[39m] Message received {""service"":""mqtt-publisher-lite"",""topic"":""proof.mqtt/DEVICE-19/status"",""size"":53,""retain"":false}",info,"{""level"":""info""}","{""project"":""90a47e04-a329-4122-9c82-2ee75a4562c2"",""environment"":""f6319bd4-2e87-40d4-8547-4ce714038bc1"",""service"":""c236b8cb-3eff-45c5-aca0-23e73e33dc8d"",""deployment"":""69394420-c732-4ebe-a5fd-54c2d5628ea7"",""replica"":""7fc15fda-5103-4647-b7c4-6251ceb0ef53""}",2026-07-23T06:22:21.062665696Z
"2026-07-23T06:22:21.289Z [[34mdebug[39m] [OTA] Pilot ignores progress/validation event {""service"":""mqtt-publisher-lite"",""deviceId"":""DEVICE-19"",""key"":""ota_progress""}",info,"{""level"":""info""}","{""project"":""90a47e04-a329-4122-9c82-2ee75a4562c2"",""environment"":""f6319bd4-2e87-40d4-8547-4ce714038bc1"",""service"":""c236b8cb-3eff-45c5-aca0-23e73e33dc8d"",""deployment"":""69394420-c732-4ebe-a5fd-54c2d5628ea7"",""replica"":""7fc15fda-5103-4647-b7c4-6251ceb0ef53""}",2026-07-23T06:22:21.311724853Z
"2026-07-23T06:22:21.289Z [[32minfo[39m] 📊 Device Status Update {""service"":""mqtt-publisher-lite"",""deviceId"":""DEVICE-19"",""eventType"":""ota_progress""}",info,"{""level"":""info""}","{""project"":""90a47e04-a329-4122-9c82-2ee75a4562c2"",""environment"":""f6319bd4-2e87-40d4-8547-4ce714038bc1"",""service"":""c236b8cb-3eff-45c5-aca0-23e73e33dc8d"",""deployment"":""69394420-c732-4ebe-a5fd-54c2d5628ea7"",""replica"":""7fc15fda-5103-4647-b7c4-6251ceb0ef53""}",2026-07-23T06:22:21.311729853Z
"2026-07-23T06:22:21.289Z [[34mdebug[39m] OTA telemetry written to InfluxDB {""service"":""mqtt-publisher-lite"",""deviceId"":""DEVICE-19"",""event"":""ota_progress""}",info,"{""level"":""info""}","{""project"":""90a47e04-a329-4122-9c82-2ee75a4562c2"",""environment"":""f6319bd4-2e87-40d4-8547-4ce714038bc1"",""service"":""c236b8cb-3eff-45c5-aca0-23e73e33dc8d"",""deployment"":""69394420-c732-4ebe-a5fd-54c2d5628ea7"",""replica"":""7fc15fda-5103-4647-b7c4-6251ceb0ef53""}",2026-07-23T06:22:21.311733653Z
"2026-07-23T06:22:21.404Z [[32minfo[39m] HTTP request {""service"":""mqtt-publisher-lite"",""method"":""GET"",""path"":""/ota/offer/1.0.1"",""status"":200,""duration"":""130ms""}",info,"{""level"":""info""}","{""project"":""90a47e04-a329-4122-9c82-2ee75a4562c2"",""environment"":""f6319bd4-2e87-40d4-8547-4ce714038bc1"",""service"":""c236b8cb-3eff-45c5-aca0-23e73e33dc8d"",""deployment"":""69394420-c732-4ebe-a5fd-54c2d5628ea7"",""replica"":""7fc15fda-5103-4647-b7c4-6251ceb0ef53""}",2026-07-23T06:22:21.620156252Z
"2026-07-23T06:22:21.694Z [[34mdebug[39m] Message received {""service"":""mqtt-publisher-lite"",""topic"":""proof.mqtt/DEVICE-19/status"",""size"":103,""retain"":false}",info,"{""level"":""info""}","{""project"":""90a47e04-a329-4122-9c82-2ee75a4562c2"",""environment"":""f6319bd4-2e87-40d4-8547-4ce714038bc1"",""service"":""c236b8cb-3eff-45c5-aca0-23e73e33dc8d"",""deployment"":""69394420-c732-4ebe-a5fd-54c2d5628ea7"",""replica"":""7fc15fda-5103-4647-b7c4-6251ceb0ef53""}",2026-07-23T06:22:21.706389538Z
"2026-07-23T06:22:21.920Z [[34mdebug[39m] [OTA] Ignored status event {""service"":""mqtt-publisher-lite"",""deviceId"":""DEVICE-19"",""key"":""ota_failure""}",info,"{""level"":""info""}","{""project"":""90a47e04-a329-4122-9c82-2ee75a4562c2"",""environment"":""f6319bd4-2e87-40d4-8547-4ce714038bc1"",""service"":""c236b8cb-3eff-45c5-aca0-23e73e33dc8d"",""deployment"":""69394420-c732-4ebe-a5fd-54c2d5628ea7"",""replica"":""7fc15fda-5103-4647-b7c4-6251ceb0ef53""}",2026-07-23T06:22:21.923629503Z
"2026-07-23T06:22:21.920Z [[32minfo[39m] 📊 Device Status Update {""service"":""mqtt-publisher-lite"",""deviceId"":""DEVICE-19"",""eventType"":""ota_failure""}",info,"{""level"":""info""}","{""project"":""90a47e04-a329-4122-9c82-2ee75a4562c2"",""environment"":""f6319bd4-2e87-40d4-8547-4ce714038bc1"",""service"":""c236b8cb-3eff-45c5-aca0-23e73e33dc8d"",""deployment"":""69394420-c732-4ebe-a5fd-54c2d5628ea7"",""replica"":""7fc15fda-5103-4647-b7c4-6251ceb0ef53""}",2026-07-23T06:22:21.923635443Z
"2026-07-23T06:22:21.921Z [[34mdebug[39m] OTA telemetry written to InfluxDB {""service"":""mqtt-publisher-lite"",""deviceId"":""DEVICE-19"",""event"":""ota_failure""}",info,"{""level"":""info""}","{""project"":""90a47e04-a329-4122-9c82-2ee75a4562c2"",""environment"":""f6319bd4-2e87-40d4-8547-4ce714038bc1"",""service"":""c236b8cb-3eff-45c5-aca0-23e73e33dc8d"",""deployment"":""69394420-c732-4ebe-a5fd-54c2d5628ea7"",""replica"":""7fc15fda-5103-4647-b7c4-6251ceb0ef53""}",2026-07-23T06:22:21.923638813Z
"2026-07-23T06:22:23.182Z [[32minfo[39m] InfluxDB batch flush {""service"":""mqtt-publisher-lite"",""source"":""compliance_disk_queue_worker"",""count"":3,""lines"":[""pki_audit,device_id=DEVICE-19,event=OTA_CHECK_OFFERED,source=mqtt-publisher-lite count=1i,details=\""{\\\""version\\\"":\\\""4.3.1-mvp\\\"",\\\""currentVersion\\\"":\\\""1.0.0\\\"",\\\""downloadUrl\\\"":\\\""https://ax4egmknthnr.objectstorage.ap-hyderabad-1.oci.customer-oci.com/p/00BnsQs5bXzZd0P6gHXJWiuj40KwZyDzVXI6SAr0qYv3VjvlBpW9HItWckY1CF3m/n/ax4egmknthnr/b/proof-firmware-ota/o/firmware/4.3.1-mvp/firmware.bin\\\""}\"",hash=\""ab8f0f79ff65e1a6d5efa7e2912416324d601453d005349510052c95c3cdd6f9\"",previous_hash=\""ed60839f6aa038f56b02595a9f114c494bb09763d0cd23ca488641e4e1e44148\"",sequence=36i 1784787738983000000"",""pki_audit,device_id=DEVICE-19,event=OTA_COMMAND_DELIVERED,source=mqtt-publisher-lite count=1i,details=\""{\\\""version\\\"":\\\""1.0.1\\\"",\\\""sha256\\\"":\\\""34a9b89edbcaa1c4a9240a0559055b64f72338b11e594f20d70fdb13f32910a6\\\"",\\\""keyFingerprint\\\"":\\\""7328b5af13b95e39\\\""}\"",hash=\""1ff1fb25d4208cfbf2e26abff11c172e248c477e893bfa74cf4fa3c1058e9bc0\"",previous_hash=\""ab8f0f79ff65e1a6d5efa7e2912416324d601453d005349510052c95c3cdd6f9\"",sequence=37i 1784787739415000000"",""pki_audit,device_id=DEVICE-19,event=OTA_COMMAND_ISSUED,source=mqtt-publisher-lite count=1i,details=\""{\\\""version\\\"":\\\""1.0.1\\\"",\\\""sha256\\\"":\\\""34a9b89edbcaa1c4a9240a0559055b64f72338b11e594f20d70fdb13f32910a6\\\"",\\\""force\\\"":false,\\\""topic\\\"":\\\""proof.mqtt/DEVICE-19/cmd\\\"",\\\""keyFingerprint\\\"":\\\""7328b5af13b95e39\\\""}\"",hash=\""79945d5b29420f49a0bbff7b9bcde98c204702528f3b7f4066279893a289e557\"",previous_hash=\""1ff1fb25d4208cfbf2e26abff11c172e248c477e893bfa74cf4fa3c1058e9bc0\"",sequence=38i 1784787739554000000""]}",info,"{""level"":""info""}","{""project"":""90a47e04-a329-4122-9c82-2ee75a4562c2"",""environment"":""f6319bd4-2e87-40d4-8547-4ce714038bc1"",""service"":""c236b8cb-3eff-45c5-aca0-23e73e33dc8d"",""deployment"":""69394420-c732-4ebe-a5fd-54c2d5628ea7"",""replica"":""7fc15fda-5103-4647-b7c4-6251ceb0ef53""}",2026-07-23T06:22:23.184200333Z
"2026-07-23T06:22:29.082Z [[32minfo[39m] 📤 [PUBLISH_CYCLE] Starting publish cycle {""service"":""mqtt-publisher-lite"",""deviceCount"":4,""source"":""redis"",""devices"":[{""id"":""DEVICE-17"",""userId"":""(none)"",""lastSeen"":""2026-07-23T06:21:29.393Z""},{""id"":""DEVICE-15"",""userId"":""68d3753f9f99d6b73ae2d991"",""lastSeen"":""2026-07-23T06:21:59.506Z""},{""id"":""DEVICE-13"",""userId"":""6937af58f950f0f5356a1599"",""lastSeen"":""2026-07-23T06:22:17.809Z""},{""id"":""DEVICE-19"",""userId"":""68d3753f9f99d6b73ae2d991"",""lastSeen"":""2026-07-23T06:22:19.415Z""}]}",info,"{""level"":""info""}","{""project"":""90a47e04-a329-4122-9c82-2ee75a4562c2"",""environment"":""f6319bd4-2e87-40d4-8547-4ce714038bc1"",""service"":""c236b8cb-3eff-45c5-aca0-23e73e33dc8d"",""deployment"":""69394420-c732-4ebe-a5fd-54c2d5628ea7"",""replica"":""7fc15fda-5103-4647-b7c4-6251ceb0ef53""}",2026-07-23T06:22:29.088380921Z
"2026-07-23T06:22:29.181Z [[32minfo[39m] 📤 QoS 1 message sent {""service"":""mqtt-publisher-lite"",""messageId"":44655,""topic"":""proof.mqtt/DEVICE-17/test-gmb"",""qos"":1}",info,"{""level"":""info""}","{""project"":""90a47e04-a329-4122-9c82-2ee75a4562c2"",""environment"":""f6319bd4-2e87-40d4-8547-4ce714038bc1"",""service"":""c236b8cb-3eff-45c5-aca0-23e73e33dc8d"",""deployment"":""69394420-c732-4ebe-a5fd-54c2d5628ea7"",""replica"":""7fc15fda-5103-4647-b7c4-6251ceb0ef53""}",2026-07-23T06:22:29.186773464Z
"2026-07-23T06:22:29.182Z [[32minfo[39m] ⏱️ Tracking QoS 1 message (30s timeout) {""service"":""mqtt-publisher-lite"",""deviceId"":""DEVICE-17"",""messageId"":44655,""topic"":""proof.mqtt/DEVICE-17/test-gmb"",""pendingCount"":1}",info,"{""level"":""info""}","{""project"":""90a47e04-a329-4122-9c82-2ee75a4562c2"",""environment"":""f6319bd4-2e87-40d4-8547-4ce714038bc1"",""service"":""c236b8cb-3eff-45c5-aca0-23e73e33dc8d"",""deployment"":""69394420-c732-4ebe-a5fd-54c2d5628ea7"",""replica"":""7fc15fda-5103-4647-b7c4-6251ceb0ef53""}",2026-07-23T06:22:29.186785034Z
"2026-07-23T06:22:29.193Z [[32minfo[39m] 📤 QoS 1 message sent {""service"":""mqtt-publisher-lite"",""messageId"":44656,""topic"":""proof.mqtt/DEVICE-15/instagram"",""qos"":1}",info,"{""level"":""info""}","{""project"":""90a47e04-a329-4122-9c82-2ee75a4562c2"",""environment"":""f6319bd4-2e87-40d4-8547-4ce714038bc1"",""service"":""c236b8cb-3eff-45c5-aca0-23e73e33dc8d"",""deployment"":""69394420-c732-4ebe-a5fd-54c2d5628ea7"",""replica"":""7fc15fda-5103-4647-b7c4-6251ceb0ef53""}",2026-07-23T06:22:29.194833237Z
"2026-07-23T06:22:29.194Z [[32minfo[39m] ⏱️ Tracking QoS 1 message (30s timeout) {""service"":""mqtt-publisher-lite"",""deviceId"":""DEVICE-15"",""messageId"":44656,""topic"":""proof.mqtt/DEVICE-15/instagram"",""pendingCount"":2}",info,"{""level"":""info""}","{""project"":""90a47e04-a329-4122-9c82-2ee75a4562c2"",""environment"":""f6319bd4-2e87-40d4-8547-4ce714038bc1"",""service"":""c236b8cb-3eff-45c5-aca0-23e73e33dc8d"",""deployment"":""69394420-c732-4ebe-a5fd-54c2d5628ea7"",""replica"":""7fc15fda-5103-4647-b7c4-6251ceb0ef53""}",2026-07-23T06:22:29.194841727Z
"2026-07-23T06:22:29.268Z [[34mdebug[39m] [IG_DIRECT] No Instagram credentials (Redis proof.mqtt:device:{id} or active-devices.json) {""service"":""mqtt-publisher-lite"",""deviceId"":""DEVICE-17"",""trigger"":""scheduled""}",info,"{""level"":""info""}","{""project"":""90a47e04-a329-4122-9c82-2ee75a4562c2"",""environment"":""f6319bd4-2e87-40d4-8547-4ce714038bc1"",""service"":""c236b8cb-3eff-45c5-aca0-23e73e33dc8d"",""deployment"":""69394420-c732-4ebe-a5fd-54c2d5628ea7"",""replica"":""7fc15fda-5103-4647-b7c4-6251ceb0ef53""}",2026-07-23T06:22:29.272127697Z
"2026-07-23T06:22:29.295Z [[32minfo[39m] 📤 QoS 1 message sent {""service"":""mqtt-publisher-lite"",""messageId"":44657,""topic"":""proof.mqtt/DEVICE-15/gmb"",""qos"":1}",info,"{""level"":""info""}","{""project"":""90a47e04-a329-4122-9c82-2ee75a4562c2"",""environment"":""f6319bd4-2e87-40d4-8547-4ce714038bc1"",""service"":""c236b8cb-3eff-45c5-aca0-23e73e33dc8d"",""deployment"":""69394420-c732-4ebe-a5fd-54c2d5628ea7"",""replica"":""7fc15fda-5103-4647-b7c4-6251ceb0ef53""}",2026-07-23T06:22:29.313610709Z
"2026-07-23T06:22:29.295Z [[32minfo[39m] ⏱️ Tracking QoS 1 message (30s timeout) {""service"":""mqtt-publisher-lite"",""deviceId"":""DEVICE-15"",""messageId"":44657,""topic"":""proof.mqtt/DEVICE-15/gmb"",""pendingCount"":3}",info,"{""level"":""info""}","{""project"":""90a47e04-a329-4122-9c82-2ee75a4562c2"",""environment"":""f6319bd4-2e87-40d4-8547-4ce714038bc1"",""service"":""c236b8cb-3eff-45c5-aca0-23e73e33dc8d"",""deployment"":""69394420-c732-4ebe-a5fd-54c2d5628ea7"",""replica"":""7fc15fda-5103-4647-b7c4-6251ceb0ef53""}",2026-07-23T06:22:29.313617289Z
"2026-07-23T06:22:29.368Z [[34mdebug[39m] Instagram fetch audit written to InfluxDB {""service"":""mqtt-publisher-lite"",""deviceId"":""DEVICE-17"",""success"":false}",info,"{""level"":""info""}","{""project"":""90a47e04-a329-4122-9c82-2ee75a4562c2"",""environment"":""f6319bd4-2e87-40d4-8547-4ce714038bc1"",""service"":""c236b8cb-3eff-45c5-aca0-23e73e33dc8d"",""deployment"":""69394420-c732-4ebe-a5fd-54c2d5628ea7"",""replica"":""7fc15fda-5103-4647-b7c4-6251ceb0ef53""}",2026-07-23T06:22:29.370332152Z
"2026-07-23T06:22:29.368Z [[33mwarn[39m] [IG_SCREEN] Skipping MQTT for failed fetch {""service"":""mqtt-publisher-lite"",""deviceId"":""DEVICE-17"",""error"":""no_instagram_credentials""}",info,"{""level"":""info""}","{""project"":""90a47e04-a329-4122-9c82-2ee75a4562c2"",""environment"":""f6319bd4-2e87-40d4-8547-4ce714038bc1"",""service"":""c236b8cb-3eff-45c5-aca0-23e73e33dc8d"",""deployment"":""69394420-c732-4ebe-a5fd-54c2d5628ea7"",""replica"":""7fc15fda-5103-4647-b7c4-6251ceb0ef53""}",2026-07-23T06:22:29.370337502Z
"2026-07-23T06:22:29.369Z [[32minfo[39m] InfluxDB batch flush {""service"":""mqtt-publisher-lite"",""source"":""metrics_disk_queue_worker"",""count"":1,""lines"":[""instagram_fetch_audit,device_id=DEVICE-17,success=false,trigger_type=scheduled duration_ms=0i,error_message=\""no_instagram_credentials\"",user_id_at_time=\""unknown\"" 1784787749268000000""]}",info,"{""level"":""info""}","{""project"":""90a47e04-a329-4122-9c82-2ee75a4562c2"",""environment"":""f6319bd4-2e87-40d4-8547-4ce714038bc1"",""service"":""c236b8cb-3eff-45c5-aca0-23e73e33dc8d"",""deployment"":""69394420-c732-4ebe-a5fd-54c2d5628ea7"",""replica"":""7fc15fda-5103-4647-b7c4-6251ceb0ef53""}",2026-07-23T06:22:29.370341292Z
"2026-07-23T06:22:29.400Z [[32minfo[39m] ✅ PUBACK received {""service"":""mqtt-publisher-lite"",""messageId"":44655}",info,"{""level"":""info""}","{""project"":""90a47e04-a329-4122-9c82-2ee75a4562c2"",""environment"":""f6319bd4-2e87-40d4-8547-4ce714038bc1"",""service"":""c236b8cb-3eff-45c5-aca0-23e73e33dc8d"",""deployment"":""69394420-c732-4ebe-a5fd-54c2d5628ea7"",""replica"":""7fc15fda-5103-4647-b7c4-6251ceb0ef53""}",2026-07-23T06:22:29.411466327Z
"2026-07-23T06:22:29.400Z [[32minfo[39m] ✅ QoS 1 PUBACK confirmed {""service"":""mqtt-publisher-lite"",""deviceId"":""DEVICE-17"",""messageId"":44655,""deliveryTime"":""218ms"",""pendingCount"":2}",info,"{""level"":""info""}","{""project"":""90a47e04-a329-4122-9c82-2ee75a4562c2"",""environment"":""f6319bd4-2e87-40d4-8547-4ce714038bc1"",""service"":""c236b8cb-3eff-45c5-aca0-23e73e33dc8d"",""deployment"":""69394420-c732-4ebe-a5fd-54c2d5628ea7"",""replica"":""7fc15fda-5103-4647-b7c4-6251ceb0ef53""}",2026-07-23T06:22:29.411473047Z
"2026-07-23T06:22:29.400Z [[34mdebug[39m] ✅ [LIFECYCLE:PUBACK_OK] Device confirmed message receipt {""service"":""mqtt-publisher-lite"",""deviceId"":""DEVICE-17""}",info,"{""level"":""info""}","{""project"":""90a47e04-a329-4122-9c82-2ee75a4562c2"",""environment"":""f6319bd4-2e87-40d4-8547-4ce714038bc1"",""service"":""c236b8cb-3eff-45c5-aca0-23e73e33dc8d"",""deployment"":""69394420-c732-4ebe-a5fd-54c2d5628ea7"",""replica"":""7fc15fda-5103-4647-b7c4-6251ceb0ef53""}",2026-07-23T06:22:29.411476817Z
"2026-07-23T06:22:29.400Z [[34mdebug[39m] Message published {""service"":""mqtt-publisher-lite"",""topic"":""proof.mqtt/DEVICE-17/test-gmb"",""qos"":1,""deliveryTime"":""219ms""}",info,"{""level"":""info""}","{""project"":""90a47e04-a329-4122-9c82-2ee75a4562c2"",""environment"":""f6319bd4-2e87-40d4-8547-4ce714038bc1"",""service"":""c236b8cb-3eff-45c5-aca0-23e73e33dc8d"",""deployment"":""69394420-c732-4ebe-a5fd-54c2d5628ea7"",""replica"":""7fc15fda-5103-4647-b7c4-6251ceb0ef53""}",2026-07-23T06:22:29.411483417Z
"2026-07-23T06:22:29.400Z [[34mdebug[39m] Published test-gmb screen {""service"":""mqtt-publisher-lite"",""deviceId"":""DEVICE-17"",""reviews"":459,""milestone"":460}",info,"{""level"":""info""}","{""project"":""90a47e04-a329-4122-9c82-2ee75a4562c2"",""environment"":""f6319bd4-2e87-40d4-8547-4ce714038bc1"",""service"":""c236b8cb-3eff-45c5-aca0-23e73e33dc8d"",""deployment"":""69394420-c732-4ebe-a5fd-54c2d5628ea7"",""replica"":""7fc15fda-5103-4647-b7c4-6251ceb0ef53""}",2026-07-23T06:22:29.411488517Z
"2026-07-23T06:22:29.417Z [[32minfo[39m] ✅ PUBACK received {""service"":""mqtt-publisher-lite"",""messageId"":44656}",info,"{""level"":""info""}","{""project"":""90a47e04-a329-4122-9c82-2ee75a4562c2"",""environment"":""f6319bd4-2e87-40d4-8547-4ce714038bc1"",""service"":""c236b8cb-3eff-45c5-aca0-23e73e33dc8d"",""deployment"":""69394420-c732-4ebe-a5fd-54c2d5628ea7"",""replica"":""7fc15fda-5103-4647-b7c4-6251ceb0ef53""}",2026-07-23T06:22:29.423874303Z
"2026-07-23T06:22:29.417Z [[32minfo[39m] ✅ QoS 1 PUBACK confirmed {""service"":""mqtt-publisher-lite"",""deviceId"":""DEVICE-15"",""messageId"":44656,""deliveryTime"":""223ms"",""pendingCount"":1}",info,"{""level"":""info""}","{""project"":""90a47e04-a329-4122-9c82-2ee75a4562c2"",""environment"":""f6319bd4-2e87-40d4-8547-4ce714038bc1"",""service"":""c236b8cb-3eff-45c5-aca0-23e73e33dc8d"",""deployment"":""69394420-c732-4ebe-a5fd-54c2d5628ea7"",""replica"":""7fc15fda-5103-4647-b7c4-6251ceb0ef53""}",2026-07-23T06:22:29.423881792Z
"2026-07-23T06:22:29.417Z [[34mdebug[39m] ✅ [LIFECYCLE:PUBACK_OK] Device confirmed message receipt {""service"":""mqtt-publisher-lite"",""deviceId"":""DEVICE-15""}",info,"{""level"":""info""}","{""project"":""90a47e04-a329-4122-9c82-2ee75a4562c2"",""environment"":""f6319bd4-2e87-40d4-8547-4ce714038bc1"",""service"":""c236b8cb-3eff-45c5-aca0-23e73e33dc8d"",""deployment"":""69394420-c732-4ebe-a5fd-54c2d5628ea7"",""replica"":""7fc15fda-5103-4647-b7c4-6251ceb0ef53""}",2026-07-23T06:22:29.423886482Z
"2026-07-23T06:22:29.417Z [[34mdebug[39m] Message published {""service"":""mqtt-publisher-lite"",""topic"":""proof.mqtt/DEVICE-15/instagram"",""qos"":1,""deliveryTime"":""224ms""}",info,"{""level"":""info""}","{""project"":""90a47e04-a329-4122-9c82-2ee75a4562c2"",""environment"":""f6319bd4-2e87-40d4-8547-4ce714038bc1"",""service"":""c236b8cb-3eff-45c5-aca0-23e73e33dc8d"",""deployment"":""69394420-c732-4ebe-a5fd-54c2d5628ea7"",""replica"":""7fc15fda-5103-4647-b7c4-6251ceb0ef53""}",2026-07-23T06:22:29.423890952Z
"2026-07-23T06:22:29.417Z [[34mdebug[39m] Message received {""service"":""mqtt-publisher-lite"",""topic"":""proof.mqtt/DEVICE-15/instagram"",""size"":254,""retain"":false}",info,"{""level"":""info""}","{""project"":""90a47e04-a329-4122-9c82-2ee75a4562c2"",""environment"":""f6319bd4-2e87-40d4-8547-4ce714038bc1"",""service"":""c236b8cb-3eff-45c5-aca0-23e73e33dc8d"",""deployment"":""69394420-c732-4ebe-a5fd-54c2d5628ea7"",""replica"":""7fc15fda-5103-4647-b7c4-6251ceb0ef53""}",2026-07-23T06:22:29.423895312Z
"2026-07-23T06:22:29.417Z [[34mdebug[39m] Skipping echo message {""service"":""mqtt-publisher-lite"",""topic"":""proof.mqtt/DEVICE-15/instagram"",""age"":""0ms""}",info,"{""level"":""info""}","{""project"":""90a47e04-a329-4122-9c82-2ee75a4562c2"",""environment"":""f6319bd4-2e87-40d4-8547-4ce714038bc1"",""service"":""c236b8cb-3eff-45c5-aca0-23e73e33dc8d"",""deployment"":""69394420-c732-4ebe-a5fd-54c2d5628ea7"",""replica"":""7fc15fda-5103-4647-b7c4-6251ceb0ef53""}",2026-07-23T06:22:29.423899572Z
"2026-07-23T06:22:29.418Z [[34mdebug[39m] Screen message received {""service"":""mqtt-publisher-lite"",""topic"":""proof.mqtt/DEVICE-15/instagram"",""screen"":""instagram""}",info,"{""level"":""info""}","{""project"":""90a47e04-a329-4122-9c82-2ee75a4562c2"",""environment"":""f6319bd4-2e87-40d4-8547-4ce714038bc1"",""service"":""c236b8cb-3eff-45c5-aca0-23e73e33dc8d"",""deployment"":""69394420-c732-4ebe-a5fd-54c2d5628ea7"",""replica"":""7fc15fda-5103-4647-b7c4-6251ceb0ef53""}",2026-07-23T06:22:29.423905302Z
"2026-07-23T06:22:29.510Z [[34mdebug[39m] ✅ [LIFECYCLE:PUBACK_OK] Device confirmed message receipt {""service"":""mqtt-publisher-lite"",""deviceId"":""DEVICE-15""}",info,"{""level"":""info""}","{""project"":""90a47e04-a329-4122-9c82-2ee75a4562c2"",""environment"":""f6319bd4-2e87-40d4-8547-4ce714038bc1"",""service"":""c236b8cb-3eff-45c5-aca0-23e73e33dc8d"",""deployment"":""69394420-c732-4ebe-a5fd-54c2d5628ea7"",""replica"":""7fc15fda-5103-4647-b7c4-6251ceb0ef53""}",2026-07-23T06:22:29.534925400Z
"2026-07-23T06:22:29.510Z [[34mdebug[39m] Message published {""service"":""mqtt-publisher-lite"",""topic"":""proof.mqtt/DEVICE-15/gmb"",""qos"":1,""deliveryTime"":""215ms""}",info,"{""level"":""info""}","{""project"":""90a47e04-a329-4122-9c82-2ee75a4562c2"",""environment"":""f6319bd4-2e87-40d4-8547-4ce714038bc1"",""service"":""c236b8cb-3eff-45c5-aca0-23e73e33dc8d"",""deployment"":""69394420-c732-4ebe-a5fd-54c2d5628ea7"",""replica"":""7fc15fda-5103-4647-b7c4-6251ceb0ef53""}",2026-07-23T06:22:29.534933500Z
"2026-07-23T06:22:29.510Z [[34mdebug[39m] Message received {""service"":""mqtt-publisher-lite"",""topic"":""proof.mqtt/DEVICE-15/gmb"",""size"":246,""retain"":false}",info,"{""level"":""info""}","{""project"":""90a47e04-a329-4122-9c82-2ee75a4562c2"",""environment"":""f6319bd4-2e87-40d4-8547-4ce714038bc1"",""service"":""c236b8cb-3eff-45c5-aca0-23e73e33dc8d"",""deployment"":""69394420-c732-4ebe-a5fd-54c2d5628ea7"",""replica"":""7fc15fda-5103-4647-b7c4-6251ceb0ef53""}",2026-07-23T06:22:29.534937590Z
"2026-07-23T06:22:29.510Z [[34mdebug[39m] Skipping echo message {""service"":""mqtt-publisher-lite"",""topic"":""proof.mqtt/DEVICE-15/gmb"",""age"":""0ms""}",info,"{""level"":""info""}","{""project"":""90a47e04-a329-4122-9c82-2ee75a4562c2"",""environment"":""f6319bd4-2e87-40d4-8547-4ce714038bc1"",""service"":""c236b8cb-3eff-45c5-aca0-23e73e33dc8d"",""deployment"":""69394420-c732-4ebe-a5fd-54c2d5628ea7"",""replica"":""7fc15fda-5103-4647-b7c4-6251ceb0ef53""}",2026-07-23T06:22:29.534941770Z
"2026-07-23T06:22:29.511Z [[34mdebug[39m] Screen message received {""service"":""mqtt-publisher-lite"",""topic"":""proof.mqtt/DEVICE-15/gmb"",""screen"":""gmb""}",info,"{""level"":""info""}","{""project"":""90a47e04-a329-4122-9c82-2ee75a4562c2"",""environment"":""f6319bd4-2e87-40d4-8547-4ce714038bc1"",""service"":""c236b8cb-3eff-45c5-aca0-23e73e33dc8d"",""deployment"":""69394420-c732-4ebe-a5fd-54c2d5628ea7"",""replica"":""7fc15fda-5103-4647-b7c4-6251ceb0ef53""}",2026-07-23T06:22:29.534945579Z
"2026-07-23T06:22:29.518Z [[32minfo[39m] [STIM_IG] Published {""service"":""mqtt-publisher-lite"",""deviceId"":""DEVICE-15"",""followers"":15,""target"":500,""mode"":""synthetic"",""achievement"":20,""celebration"":""true"",""done"":false}",info,"{""level"":""info""}","{""project"":""90a47e04-a329-4122-9c82-2ee75a4562c2"",""environment"":""f6319bd4-2e87-40d4-8547-4ce714038bc1"",""service"":""c236b8cb-3eff-45c5-aca0-23e73e33dc8d"",""deployment"":""69394420-c732-4ebe-a5fd-54c2d5628ea7"",""replica"":""7fc15fda-5103-4647-b7c4-6251ceb0ef53""}",2026-07-23T06:22:29.534958949Z
"2026-07-23T06:22:29.526Z [[34mdebug[39m] 📤 [PUBLISH_CYCLE] Publishing all screens to device {""service"":""mqtt-publisher-lite"",""deviceId"":""DEVICE-17""}",info,"{""level"":""info""}","{""project"":""90a47e04-a329-4122-9c82-2ee75a4562c2"",""environment"":""f6319bd4-2e87-40d4-8547-4ce714038bc1"",""service"":""c236b8cb-3eff-45c5-aca0-23e73e33dc8d"",""deployment"":""69394420-c732-4ebe-a5fd-54c2d5628ea7"",""replica"":""7fc15fda-5103-4647-b7c4-6251ceb0ef53""}",2026-07-23T06:22:29.534964149Z
"2026-07-23T06:22:29.510Z [[32minfo[39m] ✅ PUBACK received {""service"":""mqtt-publisher-lite"",""messageId"":44657}",info,"{""level"":""info""}","{""project"":""90a47e04-a329-4122-9c82-2ee75a4562c2"",""environment"":""f6319bd4-2e87-40d4-8547-4ce714038bc1"",""service"":""c236b8cb-3eff-45c5-aca0-23e73e33dc8d"",""deployment"":""69394420-c732-4ebe-a5fd-54c2d5628ea7"",""replica"":""7fc15fda-5103-4647-b7c4-6251ceb0ef53""}",2026-07-23T06:22:29.534965399Z
"2026-07-23T06:22:29.510Z [[32minfo[39m] ✅ QoS 1 PUBACK confirmed {""service"":""mqtt-publisher-lite"",""deviceId"":""DEVICE-15"",""messageId"":44657,""deliveryTime"":""215ms"",""pendingCount"":0}",info,"{""level"":""info""}","{""project"":""90a47e04-a329-4122-9c82-2ee75a4562c2"",""environment"":""f6319bd4-2e87-40d4-8547-4ce714038bc1"",""service"":""c236b8cb-3eff-45c5-aca0-23e73e33dc8d"",""deployment"":""69394420-c732-4ebe-a5fd-54c2d5628ea7"",""replica"":""7fc15fda-5103-4647-b7c4-6251ceb0ef53""}",2026-07-23T06:22:29.534968989Z
"2026-07-23T06:22:29.626Z [[34mdebug[39m] [STIM_SKIP] StatsPublisher skipping stim device {""service"":""mqtt-publisher-lite"",""deviceId"":""DEVICE-13""}",info,"{""level"":""info""}","{""project"":""90a47e04-a329-4122-9c82-2ee75a4562c2"",""environment"":""f6319bd4-2e87-40d4-8547-4ce714038bc1"",""service"":""c236b8cb-3eff-45c5-aca0-23e73e33dc8d"",""deployment"":""69394420-c732-4ebe-a5fd-54c2d5628ea7"",""replica"":""7fc15fda-5103-4647-b7c4-6251ceb0ef53""}",2026-07-23T06:22:29.875699397Z
"2026-07-23T06:22:29.724Z [[34mdebug[39m] [STIM_SKIP] StatsPublisher skipping stim device {""service"":""mqtt-publisher-lite"",""deviceId"":""DEVICE-19""}",info,"{""level"":""info""}","{""project"":""90a47e04-a329-4122-9c82-2ee75a4562c2"",""environment"":""f6319bd4-2e87-40d4-8547-4ce714038bc1"",""service"":""c236b8cb-3eff-45c5-aca0-23e73e33dc8d"",""deployment"":""69394420-c732-4ebe-a5fd-54c2d5628ea7"",""replica"":""7fc15fda-5103-4647-b7c4-6251ceb0ef53""}",2026-07-23T06:22:29.875708777Z
"2026-07-23T06:22:29.623Z [[32minfo[39m] [STIM_GMB] Published {""service"":""mqtt-publisher-lite"",""deviceId"":""DEVICE-15"",""reviews"":13,""target"":100,""mode"":""synthetic"",""celebration"":""false"",""done"":false}",info,"{""level"":""info""}","{""project"":""90a47e04-a329-4122-9c82-2ee75a4562c2"",""environment"":""f6319bd4-2e87-40d4-8547-4ce714038bc1"",""service"":""c236b8cb-3eff-45c5-aca0-23e73e33dc8d"",""deployment"":""69394420-c732-4ebe-a5fd-54c2d5628ea7"",""replica"":""7fc15fda-5103-4647-b7c4-6251ceb0ef53""}",2026-07-23T06:22:29.875718647Z
"2026-07-23T06:22:29.626Z [[34mdebug[39m] [STIM_SKIP] StatsPublisher skipping stim device {""service"":""mqtt-publisher-lite"",""deviceId"":""DEVICE-15""}",info,"{""level"":""info""}","{""project"":""90a47e04-a329-4122-9c82-2ee75a4562c2"",""environment"":""f6319bd4-2e87-40d4-8547-4ce714038bc1"",""service"":""c236b8cb-3eff-45c5-aca0-23e73e33dc8d"",""deployment"":""69394420-c732-4ebe-a5fd-54c2d5628ea7"",""replica"":""7fc15fda-5103-4647-b7c4-6251ceb0ef53""}",2026-07-23T06:22:29.875727737Z
"2026-07-23T06:22:29.625Z [[32minfo[39m] [PROMOTION] Default canvas not published {""service"":""mqtt-publisher-lite"",""deviceId"":""DEVICE-17"",""topic"":""proof.mqtt/DEVICE-17/promotion"",""reason"":""unchanged""}",info,"{""level"":""info""}","{""project"":""90a47e04-a329-4122-9c82-2ee75a4562c2"",""environment"":""f6319bd4-2e87-40d4-8547-4ce714038bc1"",""service"":""c236b8cb-3eff-45c5-aca0-23e73e33dc8d"",""deployment"":""69394420-c732-4ebe-a5fd-54c2d5628ea7"",""replica"":""7fc15fda-5103-4647-b7c4-6251ceb0ef53""}",2026-07-23T06:22:29.875730667Z
"2026-07-23T06:22:47.108Z [[32minfo[39m] 📤 QoS 1 message sent {""service"":""mqtt-publisher-lite"",""messageId"":44658,""topic"":""proof.mqtt/DEVICE-13/instagram"",""qos"":1}",info,"{""level"":""info""}","{""project"":""90a47e04-a329-4122-9c82-2ee75a4562c2"",""environment"":""f6319bd4-2e87-40d4-8547-4ce714038bc1"",""service"":""c236b8cb-3eff-45c5-aca0-23e73e33dc8d"",""deployment"":""69394420-c732-4ebe-a5fd-54c2d5628ea7"",""replica"":""7fc15fda-5103-4647-b7c4-6251ceb0ef53""}",2026-07-23T06:22:49.597488292Z
"2026-07-23T06:22:47.108Z [[32minfo[39m] ⏱️ Tracking QoS 1 message (30s timeout) {""service"":""mqtt-publisher-lite"",""deviceId"":""DEVICE-13"",""messageId"":44658,""topic"":""proof.mqtt/DEVICE-13/instagram"",""pendingCount"":1}",info,"{""level"":""info""}","{""project"":""90a47e04-a329-4122-9c82-2ee75a4562c2"",""environment"":""f6319bd4-2e87-40d4-8547-4ce714038bc1"",""service"":""c236b8cb-3eff-45c5-aca0-23e73e33dc8d"",""deployment"":""69394420-c732-4ebe-a5fd-54c2d5628ea7"",""replica"":""7fc15fda-5103-4647-b7c4-6251ceb0ef53""}",2026-07-23T06:22:49.597494552Z
"2026-07-23T06:22:47.219Z [[32minfo[39m] 📤 QoS 1 message sent {""service"":""mqtt-publisher-lite"",""messageId"":44659,""topic"":""proof.mqtt/DEVICE-13/gmb"",""qos"":1}",info,"{""level"":""info""}","{""project"":""90a47e04-a329-4122-9c82-2ee75a4562c2"",""environment"":""f6319bd4-2e87-40d4-8547-4ce714038bc1"",""service"":""c236b8cb-3eff-45c5-aca0-23e73e33dc8d"",""deployment"":""69394420-c732-4ebe-a5fd-54c2d5628ea7"",""replica"":""7fc15fda-5103-4647-b7c4-6251ceb0ef53""}",2026-07-23T06:22:49.597499702Z
"2026-07-23T06:22:47.219Z [[32minfo[39m] ⏱️ Tracking QoS 1 message (30s timeout) {""service"":""mqtt-publisher-lite"",""deviceId"":""DEVICE-13"",""messageId"":44659,""topic"":""proof.mqtt/DEVICE-13/gmb"",""pendingCount"":2}",info,"{""level"":""info""}","{""project"":""90a47e04-a329-4122-9c82-2ee75a4562c2"",""environment"":""f6319bd4-2e87-40d4-8547-4ce714038bc1"",""service"":""c236b8cb-3eff-45c5-aca0-23e73e33dc8d"",""deployment"":""69394420-c732-4ebe-a5fd-54c2d5628ea7"",""replica"":""7fc15fda-5103-4647-b7c4-6251ceb0ef53""}",2026-07-23T06:22:49.597504422Z
"2026-07-23T06:22:47.319Z [[32minfo[39m] ✅ PUBACK received {""service"":""mqtt-publisher-lite"",""messageId"":44658}",info,"{""level"":""info""}","{""project"":""90a47e04-a329-4122-9c82-2ee75a4562c2"",""environment"":""f6319bd4-2e87-40d4-8547-4ce714038bc1"",""service"":""c236b8cb-3eff-45c5-aca0-23e73e33dc8d"",""deployment"":""69394420-c732-4ebe-a5fd-54c2d5628ea7"",""replica"":""7fc15fda-5103-4647-b7c4-6251ceb0ef53""}",2026-07-23T06:22:49.597508811Z
"2026-07-23T06:22:47.319Z [[32minfo[39m] ✅ QoS 1 PUBACK confirmed {""service"":""mqtt-publisher-lite"",""deviceId"":""DEVICE-13"",""messageId"":44658,""deliveryTime"":""211ms"",""pendingCount"":1}",info,"{""level"":""info""}","{""project"":""90a47e04-a329-4122-9c82-2ee75a4562c2"",""environment"":""f6319bd4-2e87-40d4-8547-4ce714038bc1"",""service"":""c236b8cb-3eff-45c5-aca0-23e73e33dc8d"",""deployment"":""69394420-c732-4ebe-a5fd-54c2d5628ea7"",""replica"":""7fc15fda-5103-4647-b7c4-6251ceb0ef53""}",2026-07-23T06:22:49.597512721Z
"2026-07-23T06:22:47.319Z [[34mdebug[39m] ✅ [LIFECYCLE:PUBACK_OK] Device confirmed message receipt {""service"":""mqtt-publisher-lite"",""deviceId"":""DEVICE-13""}",info,"{""level"":""info""}","{""project"":""90a47e04-a329-4122-9c82-2ee75a4562c2"",""environment"":""f6319bd4-2e87-40d4-8547-4ce714038bc1"",""service"":""c236b8cb-3eff-45c5-aca0-23e73e33dc8d"",""deployment"":""69394420-c732-4ebe-a5fd-54c2d5628ea7"",""replica"":""7fc15fda-5103-4647-b7c4-6251ceb0ef53""}",2026-07-23T06:22:49.597516711Z
"2026-07-23T06:22:47.320Z [[34mdebug[39m] Message published {""service"":""mqtt-publisher-lite"",""topic"":""proof.mqtt/DEVICE-13/instagram"",""qos"":1,""deliveryTime"":""212ms""}",info,"{""level"":""info""}","{""project"":""90a47e04-a329-4122-9c82-2ee75a4562c2"",""environment"":""f6319bd4-2e87-40d4-8547-4ce714038bc1"",""service"":""c236b8cb-3eff-45c5-aca0-23e73e33dc8d"",""deployment"":""69394420-c732-4ebe-a5fd-54c2d5628ea7"",""replica"":""7fc15fda-5103-4647-b7c4-6251ceb0ef53""}",2026-07-23T06:22:49.597520711Z
"2026-07-23T06:22:47.320Z [[34mdebug[39m] Message received {""service"":""mqtt-publisher-lite"",""topic"":""proof.mqtt/DEVICE-13/instagram"",""size"":254,""retain"":false}",info,"{""level"":""info""}","{""project"":""90a47e04-a329-4122-9c82-2ee75a4562c2"",""environment"":""f6319bd4-2e87-40d4-8547-4ce714038bc1"",""service"":""c236b8cb-3eff-45c5-aca0-23e73e33dc8d"",""deployment"":""69394420-c732-4ebe-a5fd-54c2d5628ea7"",""replica"":""7fc15fda-5103-4647-b7c4-6251ceb0ef53""}",2026-07-23T06:22:49.597527671Z
"2026-07-23T06:22:47.320Z [[34mdebug[39m] Skipping echo message {""service"":""mqtt-publisher-lite"",""topic"":""proof.mqtt/DEVICE-13/instagram"",""age"":""0ms""}",info,"{""level"":""info""}","{""project"":""90a47e04-a329-4122-9c82-2ee75a4562c2"",""environment"":""f6319bd4-2e87-40d4-8547-4ce714038bc1"",""service"":""c236b8cb-3eff-45c5-aca0-23e73e33dc8d"",""deployment"":""69394420-c732-4ebe-a5fd-54c2d5628ea7"",""replica"":""7fc15fda-5103-4647-b7c4-6251ceb0ef53""}",2026-07-23T06:22:49.597532031Z
"2026-07-23T06:22:47.430Z [[34mdebug[39m] Message published {""service"":""mqtt-publisher-lite"",""topic"":""proof.mqtt/DEVICE-13/gmb"",""qos"":1,""deliveryTime"":""211ms""}",info,"{""level"":""info""}","{""project"":""90a47e04-a329-4122-9c82-2ee75a4562c2"",""environment"":""f6319bd4-2e87-40d4-8547-4ce714038bc1"",""service"":""c236b8cb-3eff-45c5-aca0-23e73e33dc8d"",""deployment"":""69394420-c732-4ebe-a5fd-54c2d5628ea7"",""replica"":""7fc15fda-5103-4647-b7c4-6251ceb0ef53""}",2026-07-23T06:22:49.599483398Z
"2026-07-23T06:22:47.321Z [[34mdebug[39m] Screen message received {""service"":""mqtt-publisher-lite"",""topic"":""proof.mqtt/DEVICE-13/instagram"",""screen"":""instagram""}",info,"{""level"":""info""}","{""project"":""90a47e04-a329-4122-9c82-2ee75a4562c2"",""environment"":""f6319bd4-2e87-40d4-8547-4ce714038bc1"",""service"":""c236b8cb-3eff-45c5-aca0-23e73e33dc8d"",""deployment"":""69394420-c732-4ebe-a5fd-54c2d5628ea7"",""replica"":""7fc15fda-5103-4647-b7c4-6251ceb0ef53""}",2026-07-23T06:22:49.599486688Z
"2026-07-23T06:22:47.430Z [[34mdebug[39m] Message received {""service"":""mqtt-publisher-lite"",""topic"":""proof.mqtt/DEVICE-13/gmb"",""size"":245,""retain"":false}",info,"{""level"":""info""}","{""project"":""90a47e04-a329-4122-9c82-2ee75a4562c2"",""environment"":""f6319bd4-2e87-40d4-8547-4ce714038bc1"",""service"":""c236b8cb-3eff-45c5-aca0-23e73e33dc8d"",""deployment"":""69394420-c732-4ebe-a5fd-54c2d5628ea7"",""replica"":""7fc15fda-5103-4647-b7c4-6251ceb0ef53""}",2026-07-23T06:22:49.599493988Z
"2026-07-23T06:22:47.420Z [[32minfo[39m] [STIM_IG] Published {""service"":""mqtt-publisher-lite"",""deviceId"":""DEVICE-13"",""followers"":10,""target"":500,""mode"":""synthetic"",""achievement"":15,""celebration"":""true"",""done"":false}",info,"{""level"":""info""}","{""project"":""90a47e04-a329-4122-9c82-2ee75a4562c2"",""environment"":""f6319bd4-2e87-40d4-8547-4ce714038bc1"",""service"":""c236b8cb-3eff-45c5-aca0-23e73e33dc8d"",""deployment"":""69394420-c732-4ebe-a5fd-54c2d5628ea7"",""replica"":""7fc15fda-5103-4647-b7c4-6251ceb0ef53""}",2026-07-23T06:22:49.599500308Z
"2026-07-23T06:22:47.430Z [[34mdebug[39m] Skipping echo message {""service"":""mqtt-publisher-lite"",""topic"":""proof.mqtt/DEVICE-13/gmb"",""age"":""0ms""}",info,"{""level"":""info""}","{""project"":""90a47e04-a329-4122-9c82-2ee75a4562c2"",""environment"":""f6319bd4-2e87-40d4-8547-4ce714038bc1"",""service"":""c236b8cb-3eff-45c5-aca0-23e73e33dc8d"",""deployment"":""69394420-c732-4ebe-a5fd-54c2d5628ea7"",""replica"":""7fc15fda-5103-4647-b7c4-6251ceb0ef53""}",2026-07-23T06:22:49.599504608Z
"2026-07-23T06:22:47.429Z [[32minfo[39m] ✅ PUBACK received {""service"":""mqtt-publisher-lite"",""messageId"":44659}",info,"{""level"":""info""}","{""project"":""90a47e04-a329-4122-9c82-2ee75a4562c2"",""environment"":""f6319bd4-2e87-40d4-8547-4ce714038bc1"",""service"":""c236b8cb-3eff-45c5-aca0-23e73e33dc8d"",""deployment"":""69394420-c732-4ebe-a5fd-54c2d5628ea7"",""replica"":""7fc15fda-5103-4647-b7c4-6251ceb0ef53""}",2026-07-23T06:22:49.599511088Z
"2026-07-23T06:22:47.431Z [[34mdebug[39m] Screen message received {""service"":""mqtt-publisher-lite"",""topic"":""proof.mqtt/DEVICE-13/gmb"",""screen"":""gmb""}",info,"{""level"":""info""}","{""project"":""90a47e04-a329-4122-9c82-2ee75a4562c2"",""environment"":""f6319bd4-2e87-40d4-8547-4ce714038bc1"",""service"":""c236b8cb-3eff-45c5-aca0-23e73e33dc8d"",""deployment"":""69394420-c732-4ebe-a5fd-54c2d5628ea7"",""replica"":""7fc15fda-5103-4647-b7c4-6251ceb0ef53""}",2026-07-23T06:22:49.599514508Z
"2026-07-23T06:22:47.529Z [[32minfo[39m] [STIM_GMB] Published {""service"":""mqtt-publisher-lite"",""deviceId"":""DEVICE-13"",""reviews"":8,""target"":100,""mode"":""synthetic"",""celebration"":""false"",""done"":false}",info,"{""level"":""info""}","{""project"":""90a47e04-a329-4122-9c82-2ee75a4562c2"",""environment"":""f6319bd4-2e87-40d4-8547-4ce714038bc1"",""service"":""c236b8cb-3eff-45c5-aca0-23e73e33dc8d"",""deployment"":""69394420-c732-4ebe-a5fd-54c2d5628ea7"",""replica"":""7fc15fda-5103-4647-b7c4-6251ceb0ef53""}",2026-07-23T06:22:49.599520578Z
"2026-07-23T06:22:47.430Z [[32minfo[39m] ✅ QoS 1 PUBACK confirmed {""service"":""mqtt-publisher-lite"",""deviceId"":""DEVICE-13"",""messageId"":44659,""deliveryTime"":""211ms"",""pendingCount"":0}",info,"{""level"":""info""}","{""project"":""90a47e04-a329-4122-9c82-2ee75a4562c2"",""environment"":""f6319bd4-2e87-40d4-8547-4ce714038bc1"",""service"":""c236b8cb-3eff-45c5-aca0-23e73e33dc8d"",""deployment"":""69394420-c732-4ebe-a5fd-54c2d5628ea7"",""replica"":""7fc15fda-5103-4647-b7c4-6251ceb0ef53""}",2026-07-23T06:22:49.599581657Z
"2026-07-23T06:22:47.430Z [[34mdebug[39m] ✅ [LIFECYCLE:PUBACK_OK] Device confirmed message receipt {""service"":""mqtt-publisher-lite"",""deviceId"":""DEVICE-13""}",info,"{""level"":""info""}","{""project"":""90a47e04-a329-4122-9c82-2ee75a4562c2"",""environment"":""f6319bd4-2e87-40d4-8547-4ce714038bc1"",""service"":""c236b8cb-3eff-45c5-aca0-23e73e33dc8d"",""deployment"":""69394420-c732-4ebe-a5fd-54c2d5628ea7"",""replica"":""7fc15fda-5103-4647-b7c4-6251ceb0ef53""}",2026-07-23T06:22:49.599594767Z
"2026-07-23T06:22:59.193Z [[32minfo[39m] 📤 QoS 1 message sent {""service"":""mqtt-publisher-lite"",""messageId"":44660,""topic"":""proof.mqtt/DEVICE-15/instagram"",""qos"":1}",info,"{""level"":""info""}","{""project"":""90a47e04-a329-4122-9c82-2ee75a4562c2"",""environment"":""f6319bd4-2e87-40d4-8547-4ce714038bc1"",""service"":""c236b8cb-3eff-45c5-aca0-23e73e33dc8d"",""deployment"":""69394420-c732-4ebe-a5fd-54c2d5628ea7"",""replica"":""7fc15fda-5103-4647-b7c4-6251ceb0ef53""}",2026-07-23T06:22:59.205598661Z
"2026-07-23T06:22:59.194Z [[32minfo[39m] ⏱️ Tracking QoS 1 message (30s timeout) {""service"":""mqtt-publisher-lite"",""deviceId"":""DEVICE-15"",""messageId"":44660,""topic"":""proof.mqtt/DEVICE-15/instagram"",""pendingCount"":1}",info,"{""level"":""info""}","{""project"":""90a47e04-a329-4122-9c82-2ee75a4562c2"",""environment"":""f6319bd4-2e87-40d4-8547-4ce714038bc1"",""service"":""c236b8cb-3eff-45c5-aca0-23e73e33dc8d"",""deployment"":""69394420-c732-4ebe-a5fd-54c2d5628ea7"",""replica"":""7fc15fda-5103-4647-b7c4-6251ceb0ef53""}",2026-07-23T06:22:59.205602151Z
"2026-07-23T06:22:59.295Z [[32minfo[39m] 📤 QoS 1 message sent {""service"":""mqtt-publisher-lite"",""messageId"":44661,""topic"":""proof.mqtt/DEVICE-15/gmb"",""qos"":1}",info,"{""level"":""info""}","{""project"":""90a47e04-a329-4122-9c82-2ee75a4562c2"",""environment"":""f6319bd4-2e87-40d4-8547-4ce714038bc1"",""service"":""c236b8cb-3eff-45c5-aca0-23e73e33dc8d"",""deployment"":""69394420-c732-4ebe-a5fd-54c2d5628ea7"",""replica"":""7fc15fda-5103-4647-b7c4-6251ceb0ef53""}",2026-07-23T06:22:59.304844687Z
"2026-07-23T06:22:59.295Z [[32minfo[39m] ⏱️ Tracking QoS 1 message (30s timeout) {""service"":""mqtt-publisher-lite"",""deviceId"":""DEVICE-15"",""messageId"":44661,""topic"":""proof.mqtt/DEVICE-15/gmb"",""pendingCount"":2}",info,"{""level"":""info""}","{""project"":""90a47e04-a329-4122-9c82-2ee75a4562c2"",""environment"":""f6319bd4-2e87-40d4-8547-4ce714038bc1"",""service"":""c236b8cb-3eff-45c5-aca0-23e73e33dc8d"",""deployment"":""69394420-c732-4ebe-a5fd-54c2d5628ea7"",""replica"":""7fc15fda-5103-4647-b7c4-6251ceb0ef53""}",2026-07-23T06:22:59.304857017Z
"2026-07-23T06:22:59.404Z [[32minfo[39m] ✅ PUBACK received {""service"":""mqtt-publisher-lite"",""messageId"":44660}",info,"{""level"":""info""}","{""project"":""90a47e04-a329-4122-9c82-2ee75a4562c2"",""environment"":""f6319bd4-2e87-40d4-8547-4ce714038bc1"",""service"":""c236b8cb-3eff-45c5-aca0-23e73e33dc8d"",""deployment"":""69394420-c732-4ebe-a5fd-54c2d5628ea7"",""replica"":""7fc15fda-5103-4647-b7c4-6251ceb0ef53""}",2026-07-23T06:22:59.413252472Z
"2026-07-23T06:22:59.404Z [[32minfo[39m] ✅ QoS 1 PUBACK confirmed {""service"":""mqtt-publisher-lite"",""deviceId"":""DEVICE-15"",""messageId"":44660,""deliveryTime"":""210ms"",""pendingCount"":1}",info,"{""level"":""info""}","{""project"":""90a47e04-a329-4122-9c82-2ee75a4562c2"",""environment"":""f6319bd4-2e87-40d4-8547-4ce714038bc1"",""service"":""c236b8cb-3eff-45c5-aca0-23e73e33dc8d"",""deployment"":""69394420-c732-4ebe-a5fd-54c2d5628ea7"",""replica"":""7fc15fda-5103-4647-b7c4-6251ceb0ef53""}",2026-07-23T06:22:59.413259752Z
"2026-07-23T06:22:59.404Z [[34mdebug[39m] ✅ [LIFECYCLE:PUBACK_OK] Device confirmed message receipt {""service"":""mqtt-publisher-lite"",""deviceId"":""DEVICE-15""}",info,"{""level"":""info""}","{""project"":""90a47e04-a329-4122-9c82-2ee75a4562c2"",""environment"":""f6319bd4-2e87-40d4-8547-4ce714038bc1"",""service"":""c236b8cb-3eff-45c5-aca0-23e73e33dc8d"",""deployment"":""69394420-c732-4ebe-a5fd-54c2d5628ea7"",""replica"":""7fc15fda-5103-4647-b7c4-6251ceb0ef53""}",2026-07-23T06:22:59.413264241Z
"2026-07-23T06:22:59.405Z [[34mdebug[39m] Message published {""service"":""mqtt-publisher-lite"",""topic"":""proof.mqtt/DEVICE-15/instagram"",""qos"":1,""deliveryTime"":""212ms""}",info,"{""level"":""info""}","{""project"":""90a47e04-a329-4122-9c82-2ee75a4562c2"",""environment"":""f6319bd4-2e87-40d4-8547-4ce714038bc1"",""service"":""c236b8cb-3eff-45c5-aca0-23e73e33dc8d"",""deployment"":""69394420-c732-4ebe-a5fd-54c2d5628ea7"",""replica"":""7fc15fda-5103-4647-b7c4-6251ceb0ef53""}",2026-07-23T06:22:59.413268881Z
"2026-07-23T06:22:59.405Z [[34mdebug[39m] Message received {""service"":""mqtt-publisher-lite"",""topic"":""proof.mqtt/DEVICE-15/instagram"",""size"":228,""retain"":false}",info,"{""level"":""info""}","{""project"":""90a47e04-a329-4122-9c82-2ee75a4562c2"",""environment"":""f6319bd4-2e87-40d4-8547-4ce714038bc1"",""service"":""c236b8cb-3eff-45c5-aca0-23e73e33dc8d"",""deployment"":""69394420-c732-4ebe-a5fd-54c2d5628ea7"",""replica"":""7fc15fda-5103-4647-b7c4-6251ceb0ef53""}",2026-07-23T06:22:59.413273131Z
"2026-07-23T06:22:59.405Z [[34mdebug[39m] Skipping echo message {""service"":""mqtt-publisher-lite"",""topic"":""proof.mqtt/DEVICE-15/instagram"",""age"":""0ms""}",info,"{""level"":""info""}","{""project"":""90a47e04-a329-4122-9c82-2ee75a4562c2"",""environment"":""f6319bd4-2e87-40d4-8547-4ce714038bc1"",""service"":""c236b8cb-3eff-45c5-aca0-23e73e33dc8d"",""deployment"":""69394420-c732-4ebe-a5fd-54c2d5628ea7"",""replica"":""7fc15fda-5103-4647-b7c4-6251ceb0ef53""}",2026-07-23T06:22:59.413276861Z
"2026-07-23T06:22:59.406Z [[34mdebug[39m] Screen message received {""service"":""mqtt-publisher-lite"",""topic"":""proof.mqtt/DEVICE-15/instagram"",""screen"":""instagram""}",info,"{""level"":""info""}","{""project"":""90a47e04-a329-4122-9c82-2ee75a4562c2"",""environment"":""f6319bd4-2e87-40d4-8547-4ce714038bc1"",""service"":""c236b8cb-3eff-45c5-aca0-23e73e33dc8d"",""deployment"":""69394420-c732-4ebe-a5fd-54c2d5628ea7"",""replica"":""7fc15fda-5103-4647-b7c4-6251ceb0ef53""}",2026-07-23T06:22:59.413280471Z
"2026-07-23T06:22:59.505Z [[32minfo[39m] [STIM_IG] Published {""service"":""mqtt-publisher-lite"",""deviceId"":""DEVICE-15"",""followers"":16,""target"":500,""mode"":""synthetic"",""achievement"":20,""celebration"":""false"",""done"":false}",info,"{""level"":""info""}","{""project"":""90a47e04-a329-4122-9c82-2ee75a4562c2"",""environment"":""f6319bd4-2e87-40d4-8547-4ce714038bc1"",""service"":""c236b8cb-3eff-45c5-aca0-23e73e33dc8d"",""deployment"":""69394420-c732-4ebe-a5fd-54c2d5628ea7"",""replica"":""7fc15fda-5103-4647-b7c4-6251ceb0ef53""}",2026-07-23T06:22:59.529187975Z
"2026-07-23T06:22:59.506Z [[32minfo[39m] ✅ PUBACK received {""service"":""mqtt-publisher-lite"",""messageId"":44661}",info,"{""level"":""info""}","{""project"":""90a47e04-a329-4122-9c82-2ee75a4562c2"",""environment"":""f6319bd4-2e87-40d4-8547-4ce714038bc1"",""service"":""c236b8cb-3eff-45c5-aca0-23e73e33dc8d"",""deployment"":""69394420-c732-4ebe-a5fd-54c2d5628ea7"",""replica"":""7fc15fda-5103-4647-b7c4-6251ceb0ef53""}",2026-07-23T06:22:59.529191925Z
"2026-07-23T06:22:59.506Z [[32minfo[39m] ✅ QoS 1 PUBACK confirmed {""service"":""mqtt-publisher-lite"",""deviceId"":""DEVICE-15"",""messageId"":44661,""deliveryTime"":""211ms"",""pendingCount"":0}",info,"{""level"":""info""}","{""project"":""90a47e04-a329-4122-9c82-2ee75a4562c2"",""environment"":""f6319bd4-2e87-40d4-8547-4ce714038bc1"",""service"":""c236b8cb-3eff-45c5-aca0-23e73e33dc8d"",""deployment"":""69394420-c732-4ebe-a5fd-54c2d5628ea7"",""replica"":""7fc15fda-5103-4647-b7c4-6251ceb0ef53""}",2026-07-23T06:22:59.529198305Z
"2026-07-23T06:22:59.506Z [[34mdebug[39m] ✅ [LIFECYCLE:PUBACK_OK] Device confirmed message receipt {""service"":""mqtt-publisher-lite"",""deviceId"":""DEVICE-15""}",info,"{""level"":""info""}","{""project"":""90a47e04-a329-4122-9c82-2ee75a4562c2"",""environment"":""f6319bd4-2e87-40d4-8547-4ce714038bc1"",""service"":""c236b8cb-3eff-45c5-aca0-23e73e33dc8d"",""deployment"":""69394420-c732-4ebe-a5fd-54c2d5628ea7"",""replica"":""7fc15fda-5103-4647-b7c4-6251ceb0ef53""}",2026-07-23T06:22:59.529202125Z
"2026-07-23T06:22:59.506Z [[34mdebug[39m] Message published {""service"":""mqtt-publisher-lite"",""topic"":""proof.mqtt/DEVICE-15/gmb"",""qos"":1,""deliveryTime"":""211ms""}",info,"{""level"":""info""}","{""project"":""90a47e04-a329-4122-9c82-2ee75a4562c2"",""environment"":""f6319bd4-2e87-40d4-8547-4ce714038bc1"",""service"":""c236b8cb-3eff-45c5-aca0-23e73e33dc8d"",""deployment"":""69394420-c732-4ebe-a5fd-54c2d5628ea7"",""replica"":""7fc15fda-5103-4647-b7c4-6251ceb0ef53""}",2026-07-23T06:22:59.529205795Z
"2026-07-23T06:22:59.506Z [[34mdebug[39m] Message received {""service"":""mqtt-publisher-lite"",""topic"":""proof.mqtt/DEVICE-15/gmb"",""size"":246,""retain"":false}",info,"{""level"":""info""}","{""project"":""90a47e04-a329-4122-9c82-2ee75a4562c2"",""environment"":""f6319bd4-2e87-40d4-8547-4ce714038bc1"",""service"":""c236b8cb-3eff-45c5-aca0-23e73e33dc8d"",""deployment"":""69394420-c732-4ebe-a5fd-54c2d5628ea7"",""replica"":""7fc15fda-5103-4647-b7c4-6251ceb0ef53""}",2026-07-23T06:22:59.529209565Z
"2026-07-23T06:22:59.506Z [[34mdebug[39m] Skipping echo message {""service"":""mqtt-publisher-lite"",""topic"":""proof.mqtt/DEVICE-15/gmb"",""age"":""0ms""}",info,"{""level"":""info""}","{""project"":""90a47e04-a329-4122-9c82-2ee75a4562c2"",""environment"":""f6319bd4-2e87-40d4-8547-4ce714038bc1"",""service"":""c236b8cb-3eff-45c5-aca0-23e73e33dc8d"",""deployment"":""69394420-c732-4ebe-a5fd-54c2d5628ea7"",""replica"":""7fc15fda-5103-4647-b7c4-6251ceb0ef53""}",2026-07-23T06:22:59.529213915Z
"2026-07-23T06:22:59.507Z [[34mdebug[39m] Screen message received {""service"":""mqtt-publisher-lite"",""topic"":""proof.mqtt/DEVICE-15/gmb"",""screen"":""gmb""}",info,"{""level"":""info""}","{""project"":""90a47e04-a329-4122-9c82-2ee75a4562c2"",""environment"":""f6319bd4-2e87-40d4-8547-4ce714038bc1"",""service"":""c236b8cb-3eff-45c5-aca0-23e73e33dc8d"",""deployment"":""69394420-c732-4ebe-a5fd-54c2d5628ea7"",""replica"":""7fc15fda-5103-4647-b7c4-6251ceb0ef53""}",2026-07-23T06:22:59.529218615Z
"2026-07-23T06:22:59.609Z [[32minfo[39m] [STIM_GMB] Published {""service"":""mqtt-publisher-lite"",""deviceId"":""DEVICE-15"",""reviews"":14,""target"":100,""mode"":""synthetic"",""celebration"":""false"",""done"":false}",info,"{""level"":""info""}","{""project"":""90a47e04-a329-4122-9c82-2ee75a4562c2"",""environment"":""f6319bd4-2e87-40d4-8547-4ce714038bc1"",""service"":""c236b8cb-3eff-45c5-aca0-23e73e33dc8d"",""deployment"":""69394420-c732-4ebe-a5fd-54c2d5628ea7"",""replica"":""7fc15fda-5103-4647-b7c4-6251ceb0ef53""}",2026-07-23T06:22:59.621826816Z
"2026-07-23T06:23:17.108Z [[32minfo[39m] 📤 QoS 1 message sent {""service"":""mqtt-publisher-lite"",""messageId"":44662,""topic"":""proof.mqtt/DEVICE-13/instagram"",""qos"":1}",info,"{""level"":""info""}","{""project"":""90a47e04-a329-4122-9c82-2ee75a4562c2"",""environment"":""f6319bd4-2e87-40d4-8547-4ce714038bc1"",""service"":""c236b8cb-3eff-45c5-aca0-23e73e33dc8d"",""deployment"":""69394420-c732-4ebe-a5fd-54c2d5628ea7"",""replica"":""7fc15fda-5103-4647-b7c4-6251ceb0ef53""}",2026-07-23T06:23:19.626601083Z
"2026-07-23T06:23:17.108Z [[32minfo[39m] ⏱️ Tracking QoS 1 message (30s timeout) {""service"":""mqtt-publisher-lite"",""deviceId"":""DEVICE-13"",""messageId"":44662,""topic"":""proof.mqtt/DEVICE-13/instagram"",""pendingCount"":1}",info,"{""level"":""info""}","{""project"":""90a47e04-a329-4122-9c82-2ee75a4562c2"",""environment"":""f6319bd4-2e87-40d4-8547-4ce714038bc1"",""service"":""c236b8cb-3eff-45c5-aca0-23e73e33dc8d"",""deployment"":""69394420-c732-4ebe-a5fd-54c2d5628ea7"",""replica"":""7fc15fda-5103-4647-b7c4-6251ceb0ef53""}",2026-07-23T06:23:19.626604853Z
"2026-07-23T06:23:17.219Z [[32minfo[39m] 📤 QoS 1 message sent {""service"":""mqtt-publisher-lite"",""messageId"":44663,""topic"":""proof.mqtt/DEVICE-13/gmb"",""qos"":1}",info,"{""level"":""info""}","{""project"":""90a47e04-a329-4122-9c82-2ee75a4562c2"",""environment"":""f6319bd4-2e87-40d4-8547-4ce714038bc1"",""service"":""c236b8cb-3eff-45c5-aca0-23e73e33dc8d"",""deployment"":""69394420-c732-4ebe-a5fd-54c2d5628ea7"",""replica"":""7fc15fda-5103-4647-b7c4-6251ceb0ef53""}",2026-07-23T06:23:19.626608793Z
"2026-07-23T06:23:17.219Z [[32minfo[39m] ⏱️ Tracking QoS 1 message (30s timeout) {""service"":""mqtt-publisher-lite"",""deviceId"":""DEVICE-13"",""messageId"":44663,""topic"":""proof.mqtt/DEVICE-13/gmb"",""pendingCount"":2}",info,"{""level"":""info""}","{""project"":""90a47e04-a329-4122-9c82-2ee75a4562c2"",""environment"":""f6319bd4-2e87-40d4-8547-4ce714038bc1"",""service"":""c236b8cb-3eff-45c5-aca0-23e73e33dc8d"",""deployment"":""69394420-c732-4ebe-a5fd-54c2d5628ea7"",""replica"":""7fc15fda-5103-4647-b7c4-6251ceb0ef53""}",2026-07-23T06:23:19.626612783Z
"2026-07-23T06:23:17.319Z [[32minfo[39m] ✅ PUBACK received {""service"":""mqtt-publisher-lite"",""messageId"":44662}",info,"{""level"":""info""}","{""project"":""90a47e04-a329-4122-9c82-2ee75a4562c2"",""environment"":""f6319bd4-2e87-40d4-8547-4ce714038bc1"",""service"":""c236b8cb-3eff-45c5-aca0-23e73e33dc8d"",""deployment"":""69394420-c732-4ebe-a5fd-54c2d5628ea7"",""replica"":""7fc15fda-5103-4647-b7c4-6251ceb0ef53""}",2026-07-23T06:23:19.626616233Z
"2026-07-23T06:23:17.319Z [[32minfo[39m] ✅ QoS 1 PUBACK confirmed {""service"":""mqtt-publisher-lite"",""deviceId"":""DEVICE-13"",""messageId"":44662,""deliveryTime"":""211ms"",""pendingCount"":1}",info,"{""level"":""info""}","{""project"":""90a47e04-a329-4122-9c82-2ee75a4562c2"",""environment"":""f6319bd4-2e87-40d4-8547-4ce714038bc1"",""service"":""c236b8cb-3eff-45c5-aca0-23e73e33dc8d"",""deployment"":""69394420-c732-4ebe-a5fd-54c2d5628ea7"",""replica"":""7fc15fda-5103-4647-b7c4-6251ceb0ef53""}",2026-07-23T06:23:19.626619603Z
"2026-07-23T06:23:17.319Z [[34mdebug[39m] ✅ [LIFECYCLE:PUBACK_OK] Device confirmed message receipt {""service"":""mqtt-publisher-lite"",""deviceId"":""DEVICE-13""}",info,"{""level"":""info""}","{""project"":""90a47e04-a329-4122-9c82-2ee75a4562c2"",""environment"":""f6319bd4-2e87-40d4-8547-4ce714038bc1"",""service"":""c236b8cb-3eff-45c5-aca0-23e73e33dc8d"",""deployment"":""69394420-c732-4ebe-a5fd-54c2d5628ea7"",""replica"":""7fc15fda-5103-4647-b7c4-6251ceb0ef53""}",2026-07-23T06:23:19.626622513Z
"2026-07-23T06:23:17.319Z [[34mdebug[39m] Message published {""service"":""mqtt-publisher-lite"",""topic"":""proof.mqtt/DEVICE-13/instagram"",""qos"":1,""deliveryTime"":""211ms""}",info,"{""level"":""info""}","{""project"":""90a47e04-a329-4122-9c82-2ee75a4562c2"",""environment"":""f6319bd4-2e87-40d4-8547-4ce714038bc1"",""service"":""c236b8cb-3eff-45c5-aca0-23e73e33dc8d"",""deployment"":""69394420-c732-4ebe-a5fd-54c2d5628ea7"",""replica"":""7fc15fda-5103-4647-b7c4-6251ceb0ef53""}",2026-07-23T06:23:19.626625283Z
"2026-07-23T06:23:17.320Z [[34mdebug[39m] Message received {""service"":""mqtt-publisher-lite"",""topic"":""proof.mqtt/DEVICE-13/instagram"",""size"":228,""retain"":false}",info,"{""level"":""info""}","{""project"":""90a47e04-a329-4122-9c82-2ee75a4562c2"",""environment"":""f6319bd4-2e87-40d4-8547-4ce714038bc1"",""service"":""c236b8cb-3eff-45c5-aca0-23e73e33dc8d"",""deployment"":""69394420-c732-4ebe-a5fd-54c2d5628ea7"",""replica"":""7fc15fda-5103-4647-b7c4-6251ceb0ef53""}",2026-07-23T06:23:19.626628723Z
"2026-07-23T06:23:17.320Z [[34mdebug[39m] Skipping echo message {""service"":""mqtt-publisher-lite"",""topic"":""proof.mqtt/DEVICE-13/instagram"",""age"":""1ms""}",info,"{""level"":""info""}","{""project"":""90a47e04-a329-4122-9c82-2ee75a4562c2"",""environment"":""f6319bd4-2e87-40d4-8547-4ce714038bc1"",""service"":""c236b8cb-3eff-45c5-aca0-23e73e33dc8d"",""deployment"":""69394420-c732-4ebe-a5fd-54c2d5628ea7"",""replica"":""7fc15fda-5103-4647-b7c4-6251ceb0ef53""}",2026-07-23T06:23:19.626631763Z
"2026-07-23T06:23:17.320Z [[34mdebug[39m] Screen message received {""service"":""mqtt-publisher-lite"",""topic"":""proof.mqtt/DEVICE-13/instagram"",""screen"":""instagram""}",info,"{""level"":""info""}","{""project"":""90a47e04-a329-4122-9c82-2ee75a4562c2"",""environment"":""f6319bd4-2e87-40d4-8547-4ce714038bc1"",""service"":""c236b8cb-3eff-45c5-aca0-23e73e33dc8d"",""deployment"":""69394420-c732-4ebe-a5fd-54c2d5628ea7"",""replica"":""7fc15fda-5103-4647-b7c4-6251ceb0ef53""}",2026-07-23T06:23:19.627649026Z
"2026-07-23T06:23:17.419Z [[32minfo[39m] [STIM_IG] Published {""service"":""mqtt-publisher-lite"",""deviceId"":""DEVICE-13"",""followers"":11,""target"":500,""mode"":""synthetic"",""achievement"":15,""celebration"":""false"",""done"":false}",info,"{""level"":""info""}","{""project"":""90a47e04-a329-4122-9c82-2ee75a4562c2"",""environment"":""f6319bd4-2e87-40d4-8547-4ce714038bc1"",""service"":""c236b8cb-3eff-45c5-aca0-23e73e33dc8d"",""deployment"":""69394420-c732-4ebe-a5fd-54c2d5628ea7"",""replica"":""7fc15fda-5103-4647-b7c4-6251ceb0ef53""}",2026-07-23T06:23:19.627654076Z
"2026-07-23T06:23:17.429Z [[32minfo[39m] ✅ PUBACK received {""service"":""mqtt-publisher-lite"",""messageId"":44663}",info,"{""level"":""info""}","{""project"":""90a47e04-a329-4122-9c82-2ee75a4562c2"",""environment"":""f6319bd4-2e87-40d4-8547-4ce714038bc1"",""service"":""c236b8cb-3eff-45c5-aca0-23e73e33dc8d"",""deployment"":""69394420-c732-4ebe-a5fd-54c2d5628ea7"",""replica"":""7fc15fda-5103-4647-b7c4-6251ceb0ef53""}",2026-07-23T06:23:19.627657956Z
"2026-07-23T06:23:17.429Z [[32minfo[39m] ✅ QoS 1 PUBACK confirmed {""service"":""mqtt-publisher-lite"",""deviceId"":""DEVICE-13"",""messageId"":44663,""deliveryTime"":""210ms"",""pendingCount"":0}",info,"{""level"":""info""}","{""project"":""90a47e04-a329-4122-9c82-2ee75a4562c2"",""environment"":""f6319bd4-2e87-40d4-8547-4ce714038bc1"",""service"":""c236b8cb-3eff-45c5-aca0-23e73e33dc8d"",""deployment"":""69394420-c732-4ebe-a5fd-54c2d5628ea7"",""replica"":""7fc15fda-5103-4647-b7c4-6251ceb0ef53""}",2026-07-23T06:23:19.627661066Z
"2026-07-23T06:23:17.429Z [[34mdebug[39m] ✅ [LIFECYCLE:PUBACK_OK] Device confirmed message receipt {""service"":""mqtt-publisher-lite"",""deviceId"":""DEVICE-13""}",info,"{""level"":""info""}","{""project"":""90a47e04-a329-4122-9c82-2ee75a4562c2"",""environment"":""f6319bd4-2e87-40d4-8547-4ce714038bc1"",""service"":""c236b8cb-3eff-45c5-aca0-23e73e33dc8d"",""deployment"":""69394420-c732-4ebe-a5fd-54c2d5628ea7"",""replica"":""7fc15fda-5103-4647-b7c4-6251ceb0ef53""}",2026-07-23T06:23:19.627664146Z
"2026-07-23T06:23:17.430Z [[34mdebug[39m] Message published {""service"":""mqtt-publisher-lite"",""topic"":""proof.mqtt/DEVICE-13/gmb"",""qos"":1,""deliveryTime"":""211ms""}",info,"{""level"":""info""}","{""project"":""90a47e04-a329-4122-9c82-2ee75a4562c2"",""environment"":""f6319bd4-2e87-40d4-8547-4ce714038bc1"",""service"":""c236b8cb-3eff-45c5-aca0-23e73e33dc8d"",""deployment"":""69394420-c732-4ebe-a5fd-54c2d5628ea7"",""replica"":""7fc15fda-5103-4647-b7c4-6251ceb0ef53""}",2026-07-23T06:23:19.627667156Z
"2026-07-23T06:23:17.430Z [[34mdebug[39m] Message received {""service"":""mqtt-publisher-lite"",""topic"":""proof.mqtt/DEVICE-13/gmb"",""size"":245,""retain"":false}",info,"{""level"":""info""}","{""project"":""90a47e04-a329-4122-9c82-2ee75a4562c2"",""environment"":""f6319bd4-2e87-40d4-8547-4ce714038bc1"",""service"":""c236b8cb-3eff-45c5-aca0-23e73e33dc8d"",""deployment"":""69394420-c732-4ebe-a5fd-54c2d5628ea7"",""replica"":""7fc15fda-5103-4647-b7c4-6251ceb0ef53""}",2026-07-23T06:23:19.627670356Z
"2026-07-23T06:23:17.430Z [[34mdebug[39m] Skipping echo message {""service"":""mqtt-publisher-lite"",""topic"":""proof.mqtt/DEVICE-13/gmb"",""age"":""0ms""}",info,"{""level"":""info""}","{""project"":""90a47e04-a329-4122-9c82-2ee75a4562c2"",""environment"":""f6319bd4-2e87-40d4-8547-4ce714038bc1"",""service"":""c236b8cb-3eff-45c5-aca0-23e73e33dc8d"",""deployment"":""69394420-c732-4ebe-a5fd-54c2d5628ea7"",""replica"":""7fc15fda-5103-4647-b7c4-6251ceb0ef53""}",2026-07-23T06:23:19.627674056Z
"2026-07-23T06:23:17.430Z [[34mdebug[39m] Screen message received {""service"":""mqtt-publisher-lite"",""topic"":""proof.mqtt/DEVICE-13/gmb"",""screen"":""gmb""}",info,"{""level"":""info""}","{""project"":""90a47e04-a329-4122-9c82-2ee75a4562c2"",""environment"":""f6319bd4-2e87-40d4-8547-4ce714038bc1"",""service"":""c236b8cb-3eff-45c5-aca0-23e73e33dc8d"",""deployment"":""69394420-c732-4ebe-a5fd-54c2d5628ea7"",""replica"":""7fc15fda-5103-4647-b7c4-6251ceb0ef53""}",2026-07-23T06:23:19.627676976Z
"2026-07-23T06:23:17.529Z [[32minfo[39m] [STIM_GMB] Published {""service"":""mqtt-publisher-lite"",""deviceId"":""DEVICE-13"",""reviews"":9,""target"":100,""mode"":""synthetic"",""celebration"":""false"",""done"":false}",info,"{""level"":""info""}","{""project"":""90a47e04-a329-4122-9c82-2ee75a4562c2"",""environment"":""f6319bd4-2e87-40d4-8547-4ce714038bc1"",""service"":""c236b8cb-3eff-45c5-aca0-23e73e33dc8d"",""deployment"":""69394420-c732-4ebe-a5fd-54c2d5628ea7"",""replica"":""7fc15fda-5103-4647-b7c4-6251ceb0ef53""}",2026-07-23T06:23:19.627680026Z
"2026-07-23T06:23:29.082Z [[32minfo[39m] 📤 [PUBLISH_CYCLE] Starting publish cycle {""service"":""mqtt-publisher-lite"",""deviceCount"":4,""source"":""redis"",""devices"":[{""id"":""DEVICE-17"",""userId"":""(none)"",""lastSeen"":""2026-07-23T06:21:29.393Z""},{""id"":""DEVICE-15"",""userId"":""68d3753f9f99d6b73ae2d991"",""lastSeen"":""2026-07-23T06:22:59.506Z""},{""id"":""DEVICE-13"",""userId"":""6937af58f950f0f5356a1599"",""lastSeen"":""2026-07-23T06:23:17.429Z""},{""id"":""DEVICE-19"",""userId"":""68d3753f9f99d6b73ae2d991"",""lastSeen"":""2026-07-23T06:22:19.415Z""}]}",info,"{""level"":""info""}","{""project"":""90a47e04-a329-4122-9c82-2ee75a4562c2"",""environment"":""f6319bd4-2e87-40d4-8547-4ce714038bc1"",""service"":""c236b8cb-3eff-45c5-aca0-23e73e33dc8d"",""deployment"":""69394420-c732-4ebe-a5fd-54c2d5628ea7"",""replica"":""7fc15fda-5103-4647-b7c4-6251ceb0ef53""}",2026-07-23T06:23:29.107812939Z
"2026-07-23T06:23:29.181Z [[32minfo[39m] 📤 QoS 1 message sent {""service"":""mqtt-publisher-lite"",""messageId"":44664,""topic"":""proof.mqtt/DEVICE-17/test-gmb"",""qos"":1}",info,"{""level"":""info""}","{""project"":""90a47e04-a329-4122-9c82-2ee75a4562c2"",""environment"":""f6319bd4-2e87-40d4-8547-4ce714038bc1"",""service"":""c236b8cb-3eff-45c5-aca0-23e73e33dc8d"",""deployment"":""69394420-c732-4ebe-a5fd-54c2d5628ea7"",""replica"":""7fc15fda-5103-4647-b7c4-6251ceb0ef53""}",2026-07-23T06:23:29.191588414Z
"2026-07-23T06:23:29.182Z [[32minfo[39m] ⏱️ Tracking QoS 1 message (30s timeout) {""service"":""mqtt-publisher-lite"",""deviceId"":""DEVICE-17"",""messageId"":44664,""topic"":""proof.mqtt/DEVICE-17/test-gmb"",""pendingCount"":1}",info,"{""level"":""info""}","{""project"":""90a47e04-a329-4122-9c82-2ee75a4562c2"",""environment"":""f6319bd4-2e87-40d4-8547-4ce714038bc1"",""service"":""c236b8cb-3eff-45c5-aca0-23e73e33dc8d"",""deployment"":""69394420-c732-4ebe-a5fd-54c2d5628ea7"",""replica"":""7fc15fda-5103-4647-b7c4-6251ceb0ef53""}",2026-07-23T06:23:29.191603714Z
"2026-07-23T06:23:29.193Z [[32minfo[39m] 📤 QoS 1 message sent {""service"":""mqtt-publisher-lite"",""messageId"":44665,""topic"":""proof.mqtt/DEVICE-15/instagram"",""qos"":1}",info,"{""level"":""info""}","{""project"":""90a47e04-a329-4122-9c82-2ee75a4562c2"",""environment"":""f6319bd4-2e87-40d4-8547-4ce714038bc1"",""service"":""c236b8cb-3eff-45c5-aca0-23e73e33dc8d"",""deployment"":""69394420-c732-4ebe-a5fd-54c2d5628ea7"",""replica"":""7fc15fda-5103-4647-b7c4-6251ceb0ef53""}",2026-07-23T06:23:29.197985670Z
"2026-07-23T06:23:29.193Z [[32minfo[39m] ⏱️ Tracking QoS 1 message (30s timeout) {""service"":""mqtt-publisher-lite"",""deviceId"":""DEVICE-15"",""messageId"":44665,""topic"":""proof.mqtt/DEVICE-15/instagram"",""pendingCount"":2}",info,"{""level"":""info""}","{""project"":""90a47e04-a329-4122-9c82-2ee75a4562c2"",""environment"":""f6319bd4-2e87-40d4-8547-4ce714038bc1"",""service"":""c236b8cb-3eff-45c5-aca0-23e73e33dc8d"",""deployment"":""69394420-c732-4ebe-a5fd-54c2d5628ea7"",""replica"":""7fc15fda-5103-4647-b7c4-6251ceb0ef53""}",2026-07-23T06:23:29.197992420Z
"2026-07-23T06:23:29.295Z [[32minfo[39m] 📤 QoS 1 message sent {""service"":""mqtt-publisher-lite"",""messageId"":44666,""topic"":""proof.mqtt/DEVICE-15/gmb"",""qos"":1}",info,"{""level"":""info""}","{""project"":""90a47e04-a329-4122-9c82-2ee75a4562c2"",""environment"":""f6319bd4-2e87-40d4-8547-4ce714038bc1"",""service"":""c236b8cb-3eff-45c5-aca0-23e73e33dc8d"",""deployment"":""69394420-c732-4ebe-a5fd-54c2d5628ea7"",""replica"":""7fc15fda-5103-4647-b7c4-6251ceb0ef53""}",2026-07-23T06:23:29.484167484Z
"2026-07-23T06:23:29.295Z [[32minfo[39m] ⏱️ Tracking QoS 1 message (30s timeout) {""service"":""mqtt-publisher-lite"",""deviceId"":""DEVICE-15"",""messageId"":44666,""topic"":""proof.mqtt/DEVICE-15/gmb"",""pendingCount"":3}",info,"{""level"":""info""}","{""project"":""90a47e04-a329-4122-9c82-2ee75a4562c2"",""environment"":""f6319bd4-2e87-40d4-8547-4ce714038bc1"",""service"":""c236b8cb-3eff-45c5-aca0-23e73e33dc8d"",""deployment"":""69394420-c732-4ebe-a5fd-54c2d5628ea7"",""replica"":""7fc15fda-5103-4647-b7c4-6251ceb0ef53""}",2026-07-23T06:23:29.484171294Z
"2026-07-23T06:23:29.392Z [[32minfo[39m] ✅ PUBACK received {""service"":""mqtt-publisher-lite"",""messageId"":44664}",info,"{""level"":""info""}","{""project"":""90a47e04-a329-4122-9c82-2ee75a4562c2"",""environment"":""f6319bd4-2e87-40d4-8547-4ce714038bc1"",""service"":""c236b8cb-3eff-45c5-aca0-23e73e33dc8d"",""deployment"":""69394420-c732-4ebe-a5fd-54c2d5628ea7"",""replica"":""7fc15fda-5103-4647-b7c4-6251ceb0ef53""}",2026-07-23T06:23:29.484174254Z
"2026-07-23T06:23:29.392Z [[32minfo[39m] ✅ QoS 1 PUBACK confirmed {""service"":""mqtt-publisher-lite"",""deviceId"":""DEVICE-17"",""messageId"":44664,""deliveryTime"":""210ms"",""pendingCount"":2}",info,"{""level"":""info""}","{""project"":""90a47e04-a329-4122-9c82-2ee75a4562c2"",""environment"":""f6319bd4-2e87-40d4-8547-4ce714038bc1"",""service"":""c236b8cb-3eff-45c5-aca0-23e73e33dc8d"",""deployment"":""69394420-c732-4ebe-a5fd-54c2d5628ea7"",""replica"":""7fc15fda-5103-4647-b7c4-6251ceb0ef53""}",2026-07-23T06:23:29.484177074Z
"2026-07-23T06:23:29.392Z [[34mdebug[39m] ✅ [LIFECYCLE:PUBACK_OK] Device confirmed message receipt {""service"":""mqtt-publisher-lite"",""deviceId"":""DEVICE-17""}",info,"{""level"":""info""}","{""project"":""90a47e04-a329-4122-9c82-2ee75a4562c2"",""environment"":""f6319bd4-2e87-40d4-8547-4ce714038bc1"",""service"":""c236b8cb-3eff-45c5-aca0-23e73e33dc8d"",""deployment"":""69394420-c732-4ebe-a5fd-54c2d5628ea7"",""replica"":""7fc15fda-5103-4647-b7c4-6251ceb0ef53""}",2026-07-23T06:23:29.484179724Z
"2026-07-23T06:23:29.392Z [[34mdebug[39m] Message published {""service"":""mqtt-publisher-lite"",""topic"":""proof.mqtt/DEVICE-17/test-gmb"",""qos"":1,""deliveryTime"":""211ms""}",info,"{""level"":""info""}","{""project"":""90a47e04-a329-4122-9c82-2ee75a4562c2"",""environment"":""f6319bd4-2e87-40d4-8547-4ce714038bc1"",""service"":""c236b8cb-3eff-45c5-aca0-23e73e33dc8d"",""deployment"":""69394420-c732-4ebe-a5fd-54c2d5628ea7"",""replica"":""7fc15fda-5103-4647-b7c4-6251ceb0ef53""}",2026-07-23T06:23:29.484182494Z
"2026-07-23T06:23:29.393Z [[34mdebug[39m] Published test-gmb screen {""service"":""mqtt-publisher-lite"",""deviceId"":""DEVICE-17"",""reviews"":478,""milestone"":480}",info,"{""level"":""info""}","{""project"":""90a47e04-a329-4122-9c82-2ee75a4562c2"",""environment"":""f6319bd4-2e87-40d4-8547-4ce714038bc1"",""service"":""c236b8cb-3eff-45c5-aca0-23e73e33dc8d"",""deployment"":""69394420-c732-4ebe-a5fd-54c2d5628ea7"",""replica"":""7fc15fda-5103-4647-b7c4-6251ceb0ef53""}",2026-07-23T06:23:29.484185054Z
"2026-07-23T06:23:29.403Z [[32minfo[39m] ✅ PUBACK received {""service"":""mqtt-publisher-lite"",""messageId"":44665}",info,"{""level"":""info""}","{""project"":""90a47e04-a329-4122-9c82-2ee75a4562c2"",""environment"":""f6319bd4-2e87-40d4-8547-4ce714038bc1"",""service"":""c236b8cb-3eff-45c5-aca0-23e73e33dc8d"",""deployment"":""69394420-c732-4ebe-a5fd-54c2d5628ea7"",""replica"":""7fc15fda-5103-4647-b7c4-6251ceb0ef53""}",2026-07-23T06:23:29.484188124Z
"2026-07-23T06:23:29.404Z [[32minfo[39m] ✅ QoS 1 PUBACK confirmed {""service"":""mqtt-publisher-lite"",""deviceId"":""DEVICE-15"",""messageId"":44665,""deliveryTime"":""211ms"",""pendingCount"":1}",info,"{""level"":""info""}","{""project"":""90a47e04-a329-4122-9c82-2ee75a4562c2"",""environment"":""f6319bd4-2e87-40d4-8547-4ce714038bc1"",""service"":""c236b8cb-3eff-45c5-aca0-23e73e33dc8d"",""deployment"":""69394420-c732-4ebe-a5fd-54c2d5628ea7"",""replica"":""7fc15fda-5103-4647-b7c4-6251ceb0ef53""}",2026-07-23T06:23:29.484190764Z
"2026-07-23T06:23:29.404Z [[34mdebug[39m] ✅ [LIFECYCLE:PUBACK_OK] Device confirmed message receipt {""service"":""mqtt-publisher-lite"",""deviceId"":""DEVICE-15""}",info,"{""level"":""info""}","{""project"":""90a47e04-a329-4122-9c82-2ee75a4562c2"",""environment"":""f6319bd4-2e87-40d4-8547-4ce714038bc1"",""service"":""c236b8cb-3eff-45c5-aca0-23e73e33dc8d"",""deployment"":""69394420-c732-4ebe-a5fd-54c2d5628ea7"",""replica"":""7fc15fda-5103-4647-b7c4-6251ceb0ef53""}",2026-07-23T06:23:29.484193454Z
"2026-07-23T06:23:29.404Z [[34mdebug[39m] Message published {""service"":""mqtt-publisher-lite"",""topic"":""proof.mqtt/DEVICE-15/instagram"",""qos"":1,""deliveryTime"":""211ms""}",info,"{""level"":""info""}","{""project"":""90a47e04-a329-4122-9c82-2ee75a4562c2"",""environment"":""f6319bd4-2e87-40d4-8547-4ce714038bc1"",""service"":""c236b8cb-3eff-45c5-aca0-23e73e33dc8d"",""deployment"":""69394420-c732-4ebe-a5fd-54c2d5628ea7"",""replica"":""7fc15fda-5103-4647-b7c4-6251ceb0ef53""}",2026-07-23T06:23:29.485518625Z
"2026-07-23T06:23:29.404Z [[34mdebug[39m] Message received {""service"":""mqtt-publisher-lite"",""topic"":""proof.mqtt/DEVICE-15/instagram"",""size"":228,""retain"":false}",info,"{""level"":""info""}","{""project"":""90a47e04-a329-4122-9c82-2ee75a4562c2"",""environment"":""f6319bd4-2e87-40d4-8547-4ce714038bc1"",""service"":""c236b8cb-3eff-45c5-aca0-23e73e33dc8d"",""deployment"":""69394420-c732-4ebe-a5fd-54c2d5628ea7"",""replica"":""7fc15fda-5103-4647-b7c4-6251ceb0ef53""}",2026-07-23T06:23:29.485522545Z
"2026-07-23T06:23:29.404Z [[34mdebug[39m] Skipping echo message {""service"":""mqtt-publisher-lite"",""topic"":""proof.mqtt/DEVICE-15/instagram"",""age"":""0ms""}",info,"{""level"":""info""}","{""project"":""90a47e04-a329-4122-9c82-2ee75a4562c2"",""environment"":""f6319bd4-2e87-40d4-8547-4ce714038bc1"",""service"":""c236b8cb-3eff-45c5-aca0-23e73e33dc8d"",""deployment"":""69394420-c732-4ebe-a5fd-54c2d5628ea7"",""replica"":""7fc15fda-5103-4647-b7c4-6251ceb0ef53""}",2026-07-23T06:23:29.485526265Z
"2026-07-23T06:23:29.404Z [[34mdebug[39m] Screen message received {""service"":""mqtt-publisher-lite"",""topic"":""proof.mqtt/DEVICE-15/instagram"",""screen"":""instagram""}",info,"{""level"":""info""}","{""project"":""90a47e04-a329-4122-9c82-2ee75a4562c2"",""environment"":""f6319bd4-2e87-40d4-8547-4ce714038bc1"",""service"":""c236b8cb-3eff-45c5-aca0-23e73e33dc8d"",""deployment"":""69394420-c732-4ebe-a5fd-54c2d5628ea7"",""replica"":""7fc15fda-5103-4647-b7c4-6251ceb0ef53""}",2026-07-23T06:23:29.485530055Z
"2026-07-23T06:23:29.505Z [[32minfo[39m] [STIM_IG] Published {""service"":""mqtt-publisher-lite"",""deviceId"":""DEVICE-15"",""followers"":17,""target"":500,""mode"":""synthetic"",""achievement"":20,""celebration"":""false"",""done"":false}",info,"{""level"":""info""}","{""project"":""90a47e04-a329-4122-9c82-2ee75a4562c2"",""environment"":""f6319bd4-2e87-40d4-8547-4ce714038bc1"",""service"":""c236b8cb-3eff-45c5-aca0-23e73e33dc8d"",""deployment"":""69394420-c732-4ebe-a5fd-54c2d5628ea7"",""replica"":""7fc15fda-5103-4647-b7c4-6251ceb0ef53""}",2026-07-23T06:23:29.510261455Z
"2026-07-23T06:23:29.505Z [[32minfo[39m] ✅ PUBACK received {""service"":""mqtt-publisher-lite"",""messageId"":44666}",info,"{""level"":""info""}","{""project"":""90a47e04-a329-4122-9c82-2ee75a4562c2"",""environment"":""f6319bd4-2e87-40d4-8547-4ce714038bc1"",""service"":""c236b8cb-3eff-45c5-aca0-23e73e33dc8d"",""deployment"":""69394420-c732-4ebe-a5fd-54c2d5628ea7"",""replica"":""7fc15fda-5103-4647-b7c4-6251ceb0ef53""}",2026-07-23T06:23:29.510272015Z
"2026-07-23T06:23:29.505Z [[32minfo[39m] ✅ QoS 1 PUBACK confirmed {""service"":""mqtt-publisher-lite"",""deviceId"":""DEVICE-15"",""messageId"":44666,""deliveryTime"":""210ms"",""pendingCount"":0}",info,"{""level"":""info""}","{""project"":""90a47e04-a329-4122-9c82-2ee75a4562c2"",""environment"":""f6319bd4-2e87-40d4-8547-4ce714038bc1"",""service"":""c236b8cb-3eff-45c5-aca0-23e73e33dc8d"",""deployment"":""69394420-c732-4ebe-a5fd-54c2d5628ea7"",""replica"":""7fc15fda-5103-4647-b7c4-6251ceb0ef53""}",2026-07-23T06:23:29.510277065Z
"2026-07-23T06:23:29.505Z [[34mdebug[39m] ✅ [LIFECYCLE:PUBACK_OK] Device confirmed message receipt {""service"":""mqtt-publisher-lite"",""deviceId"":""DEVICE-15""}",info,"{""level"":""info""}","{""project"":""90a47e04-a329-4122-9c82-2ee75a4562c2"",""environment"":""f6319bd4-2e87-40d4-8547-4ce714038bc1"",""service"":""c236b8cb-3eff-45c5-aca0-23e73e33dc8d"",""deployment"":""69394420-c732-4ebe-a5fd-54c2d5628ea7"",""replica"":""7fc15fda-5103-4647-b7c4-6251ceb0ef53""}",2026-07-23T06:23:29.510284335Z
"2026-07-23T06:23:29.505Z [[34mdebug[39m] Message published {""service"":""mqtt-publisher-lite"",""topic"":""proof.mqtt/DEVICE-15/gmb"",""qos"":1,""deliveryTime"":""210ms""}",info,"{""level"":""info""}","{""project"":""90a47e04-a329-4122-9c82-2ee75a4562c2"",""environment"":""f6319bd4-2e87-40d4-8547-4ce714038bc1"",""service"":""c236b8cb-3eff-45c5-aca0-23e73e33dc8d"",""deployment"":""69394420-c732-4ebe-a5fd-54c2d5628ea7"",""replica"":""7fc15fda-5103-4647-b7c4-6251ceb0ef53""}",2026-07-23T06:23:29.510288845Z
"2026-07-23T06:23:29.505Z [[34mdebug[39m] Message received {""service"":""mqtt-publisher-lite"",""topic"":""proof.mqtt/DEVICE-15/gmb"",""size"":272,""retain"":false}",info,"{""level"":""info""}","{""project"":""90a47e04-a329-4122-9c82-2ee75a4562c2"",""environment"":""f6319bd4-2e87-40d4-8547-4ce714038bc1"",""service"":""c236b8cb-3eff-45c5-aca0-23e73e33dc8d"",""deployment"":""69394420-c732-4ebe-a5fd-54c2d5628ea7"",""replica"":""7fc15fda-5103-4647-b7c4-6251ceb0ef53""}",2026-07-23T06:23:29.510293815Z
"2026-07-23T06:23:29.505Z [[34mdebug[39m] Skipping echo message {""service"":""mqtt-publisher-lite"",""topic"":""proof.mqtt/DEVICE-15/gmb"",""age"":""0ms""}",info,"{""level"":""info""}","{""project"":""90a47e04-a329-4122-9c82-2ee75a4562c2"",""environment"":""f6319bd4-2e87-40d4-8547-4ce714038bc1"",""service"":""c236b8cb-3eff-45c5-aca0-23e73e33dc8d"",""deployment"":""69394420-c732-4ebe-a5fd-54c2d5628ea7"",""replica"":""7fc15fda-5103-4647-b7c4-6251ceb0ef53""}",2026-07-23T06:23:29.510297995Z
"2026-07-23T06:23:29.506Z [[34mdebug[39m] Screen message received {""service"":""mqtt-publisher-lite"",""topic"":""proof.mqtt/DEVICE-15/gmb"",""screen"":""gmb""}",info,"{""level"":""info""}","{""project"":""90a47e04-a329-4122-9c82-2ee75a4562c2"",""environment"":""f6319bd4-2e87-40d4-8547-4ce714038bc1"",""service"":""c236b8cb-3eff-45c5-aca0-23e73e33dc8d"",""deployment"":""69394420-c732-4ebe-a5fd-54c2d5628ea7"",""replica"":""7fc15fda-5103-4647-b7c4-6251ceb0ef53""}",2026-07-23T06:23:29.510301965Z
"2026-07-23T06:23:29.528Z [[34mdebug[39m] 📤 [PUBLISH_CYCLE] Publishing all screens to device {""service"":""mqtt-publisher-lite"",""deviceId"":""DEVICE-17""}",info,"{""level"":""info""}","{""project"":""90a47e04-a329-4122-9c82-2ee75a4562c2"",""environment"":""f6319bd4-2e87-40d4-8547-4ce714038bc1"",""service"":""c236b8cb-3eff-45c5-aca0-23e73e33dc8d"",""deployment"":""69394420-c732-4ebe-a5fd-54c2d5628ea7"",""replica"":""7fc15fda-5103-4647-b7c4-6251ceb0ef53""}",2026-07-23T06:23:29.535184194Z
"2026-07-23T06:23:29.606Z [[32minfo[39m] [STIM_GMB] Published {""service"":""mqtt-publisher-lite"",""deviceId"":""DEVICE-15"",""reviews"":15,""target"":100,""mode"":""synthetic"",""celebration"":""true"",""done"":false}",info,"{""level"":""info""}","{""project"":""90a47e04-a329-4122-9c82-2ee75a4562c2"",""environment"":""f6319bd4-2e87-40d4-8547-4ce714038bc1"",""service"":""c236b8cb-3eff-45c5-aca0-23e73e33dc8d"",""deployment"":""69394420-c732-4ebe-a5fd-54c2d5628ea7"",""replica"":""7fc15fda-5103-4647-b7c4-6251ceb0ef53""}",2026-07-23T06:23:29.640223892Z
"2026-07-23T06:23:29.636Z [[32minfo[39m] [PROMOTION] Default canvas not published {""service"":""mqtt-publisher-lite"",""deviceId"":""DEVICE-17"",""topic"":""proof.mqtt/DEVICE-17/promotion"",""reason"":""unchanged""}",info,"{""level"":""info""}","{""project"":""90a47e04-a329-4122-9c82-2ee75a4562c2"",""environment"":""f6319bd4-2e87-40d4-8547-4ce714038bc1"",""service"":""c236b8cb-3eff-45c5-aca0-23e73e33dc8d"",""deployment"":""69394420-c732-4ebe-a5fd-54c2d5628ea7"",""replica"":""7fc15fda-5103-4647-b7c4-6251ceb0ef53""}",2026-07-23T06:23:29.640229262Z
"2026-07-23T06:23:29.636Z [[34mdebug[39m] [STIM_SKIP] StatsPublisher skipping stim device {""service"":""mqtt-publisher-lite"",""deviceId"":""DEVICE-15""}",info,"{""level"":""info""}","{""project"":""90a47e04-a329-4122-9c82-2ee75a4562c2"",""environment"":""f6319bd4-2e87-40d4-8547-4ce714038bc1"",""service"":""c236b8cb-3eff-45c5-aca0-23e73e33dc8d"",""deployment"":""69394420-c732-4ebe-a5fd-54c2d5628ea7"",""replica"":""7fc15fda-5103-4647-b7c4-6251ceb0ef53""}",2026-07-23T06:23:29.640233352Z
"2026-07-23T06:23:29.637Z [[34mdebug[39m] [STIM_SKIP] StatsPublisher skipping stim device {""service"":""mqtt-publisher-lite"",""deviceId"":""DEVICE-13""}",info,"{""level"":""info""}","{""project"":""90a47e04-a329-4122-9c82-2ee75a4562c2"",""environment"":""f6319bd4-2e87-40d4-8547-4ce714038bc1"",""service"":""c236b8cb-3eff-45c5-aca0-23e73e33dc8d"",""deployment"":""69394420-c732-4ebe-a5fd-54c2d5628ea7"",""replica"":""7fc15fda-5103-4647-b7c4-6251ceb0ef53""}",2026-07-23T06:23:29.640238052Z
"2026-07-23T06:23:29.736Z [[34mdebug[39m] [STIM_SKIP] StatsPublisher skipping stim device {""service"":""mqtt-publisher-lite"",""deviceId"":""DEVICE-19""}",info,"{""level"":""info""}","{""project"":""90a47e04-a329-4122-9c82-2ee75a4562c2"",""environment"":""f6319bd4-2e87-40d4-8547-4ce714038bc1"",""service"":""c236b8cb-3eff-45c5-aca0-23e73e33dc8d"",""deployment"":""69394420-c732-4ebe-a5fd-54c2d5628ea7"",""replica"":""7fc15fda-5103-4647-b7c4-6251ceb0ef53""}",2026-07-23T06:23:29.773801685Z
"2026-07-23T06:23:47.219Z [[32minfo[39m] ⏱️ Tracking QoS 1 message (30s timeout) {""service"":""mqtt-publisher-lite"",""deviceId"":""DEVICE-13"",""messageId"":44668,""topic"":""proof.mqtt/DEVICE-13/gmb"",""pendingCount"":2}",info,"{""level"":""info""}","{""project"":""90a47e04-a329-4122-9c82-2ee75a4562c2"",""environment"":""f6319bd4-2e87-40d4-8547-4ce714038bc1"",""service"":""c236b8cb-3eff-45c5-aca0-23e73e33dc8d"",""deployment"":""69394420-c732-4ebe-a5fd-54c2d5628ea7"",""replica"":""7fc15fda-5103-4647-b7c4-6251ceb0ef53""}",2026-07-23T06:23:49.853359645Z
"2026-07-23T06:23:47.108Z [[32minfo[39m] 📤 QoS 1 message sent {""service"":""mqtt-publisher-lite"",""messageId"":44667,""topic"":""proof.mqtt/DEVICE-13/instagram"",""qos"":1}",info,"{""level"":""info""}","{""project"":""90a47e04-a329-4122-9c82-2ee75a4562c2"",""environment"":""f6319bd4-2e87-40d4-8547-4ce714038bc1"",""service"":""c236b8cb-3eff-45c5-aca0-23e73e33dc8d"",""deployment"":""69394420-c732-4ebe-a5fd-54c2d5628ea7"",""replica"":""7fc15fda-5103-4647-b7c4-6251ceb0ef53""}",2026-07-23T06:23:49.853384545Z
"2026-07-23T06:23:47.319Z [[32minfo[39m] ✅ QoS 1 PUBACK confirmed {""service"":""mqtt-publisher-lite"",""deviceId"":""DEVICE-13"",""messageId"":44667,""deliveryTime"":""211ms"",""pendingCount"":1}",info,"{""level"":""info""}","{""project"":""90a47e04-a329-4122-9c82-2ee75a4562c2"",""environment"":""f6319bd4-2e87-40d4-8547-4ce714038bc1"",""service"":""c236b8cb-3eff-45c5-aca0-23e73e33dc8d"",""deployment"":""69394420-c732-4ebe-a5fd-54c2d5628ea7"",""replica"":""7fc15fda-5103-4647-b7c4-6251ceb0ef53""}",2026-07-23T06:23:49.853393645Z
"2026-07-23T06:23:47.108Z [[32minfo[39m] ⏱️ Tracking QoS 1 message (30s timeout) {""service"":""mqtt-publisher-lite"",""deviceId"":""DEVICE-13"",""messageId"":44667,""topic"":""proof.mqtt/DEVICE-13/instagram"",""pendingCount"":1}",info,"{""level"":""info""}","{""project"":""90a47e04-a329-4122-9c82-2ee75a4562c2"",""environment"":""f6319bd4-2e87-40d4-8547-4ce714038bc1"",""service"":""c236b8cb-3eff-45c5-aca0-23e73e33dc8d"",""deployment"":""69394420-c732-4ebe-a5fd-54c2d5628ea7"",""replica"":""7fc15fda-5103-4647-b7c4-6251ceb0ef53""}",2026-07-23T06:23:49.853395385Z
"2026-07-23T06:23:47.219Z [[32minfo[39m] 📤 QoS 1 message sent {""service"":""mqtt-publisher-lite"",""messageId"":44668,""topic"":""proof.mqtt/DEVICE-13/gmb"",""qos"":1}",info,"{""level"":""info""}","{""project"":""90a47e04-a329-4122-9c82-2ee75a4562c2"",""environment"":""f6319bd4-2e87-40d4-8547-4ce714038bc1"",""service"":""c236b8cb-3eff-45c5-aca0-23e73e33dc8d"",""deployment"":""69394420-c732-4ebe-a5fd-54c2d5628ea7"",""replica"":""7fc15fda-5103-4647-b7c4-6251ceb0ef53""}",2026-07-23T06:23:49.853403094Z
"2026-07-23T06:23:47.319Z [[34mdebug[39m] ✅ [LIFECYCLE:PUBACK_OK] Device confirmed message receipt {""service"":""mqtt-publisher-lite"",""deviceId"":""DEVICE-13""}",info,"{""level"":""info""}","{""project"":""90a47e04-a329-4122-9c82-2ee75a4562c2"",""environment"":""f6319bd4-2e87-40d4-8547-4ce714038bc1"",""service"":""c236b8cb-3eff-45c5-aca0-23e73e33dc8d"",""deployment"":""69394420-c732-4ebe-a5fd-54c2d5628ea7"",""replica"":""7fc15fda-5103-4647-b7c4-6251ceb0ef53""}",2026-07-23T06:23:49.853408444Z
"2026-07-23T06:23:47.320Z [[34mdebug[39m] Message received {""service"":""mqtt-publisher-lite"",""topic"":""proof.mqtt/DEVICE-13/instagram"",""size"":228,""retain"":false}",info,"{""level"":""info""}","{""project"":""90a47e04-a329-4122-9c82-2ee75a4562c2"",""environment"":""f6319bd4-2e87-40d4-8547-4ce714038bc1"",""service"":""c236b8cb-3eff-45c5-aca0-23e73e33dc8d"",""deployment"":""69394420-c732-4ebe-a5fd-54c2d5628ea7"",""replica"":""7fc15fda-5103-4647-b7c4-6251ceb0ef53""}",2026-07-23T06:23:49.853436914Z
"2026-07-23T06:23:47.320Z [[34mdebug[39m] Screen message received {""service"":""mqtt-publisher-lite"",""topic"":""proof.mqtt/DEVICE-13/instagram"",""screen"":""instagram""}",info,"{""level"":""info""}","{""project"":""90a47e04-a329-4122-9c82-2ee75a4562c2"",""environment"":""f6319bd4-2e87-40d4-8547-4ce714038bc1"",""service"":""c236b8cb-3eff-45c5-aca0-23e73e33dc8d"",""deployment"":""69394420-c732-4ebe-a5fd-54c2d5628ea7"",""replica"":""7fc15fda-5103-4647-b7c4-6251ceb0ef53""}",2026-07-23T06:23:49.855457900Z
"2026-07-23T06:23:47.419Z [[32minfo[39m] [STIM_IG] Published {""service"":""mqtt-publisher-lite"",""deviceId"":""DEVICE-13"",""followers"":12,""target"":500,""mode"":""synthetic"",""achievement"":15,""celebration"":""false"",""done"":false}",info,"{""level"":""info""}","{""project"":""90a47e04-a329-4122-9c82-2ee75a4562c2"",""environment"":""f6319bd4-2e87-40d4-8547-4ce714038bc1"",""service"":""c236b8cb-3eff-45c5-aca0-23e73e33dc8d"",""deployment"":""69394420-c732-4ebe-a5fd-54c2d5628ea7"",""replica"":""7fc15fda-5103-4647-b7c4-6251ceb0ef53""}",2026-07-23T06:23:49.855462490Z
"2026-07-23T06:23:47.429Z [[32minfo[39m] ✅ PUBACK received {""service"":""mqtt-publisher-lite"",""messageId"":44668}",info,"{""level"":""info""}","{""project"":""90a47e04-a329-4122-9c82-2ee75a4562c2"",""environment"":""f6319bd4-2e87-40d4-8547-4ce714038bc1"",""service"":""c236b8cb-3eff-45c5-aca0-23e73e33dc8d"",""deployment"":""69394420-c732-4ebe-a5fd-54c2d5628ea7"",""replica"":""7fc15fda-5103-4647-b7c4-6251ceb0ef53""}",2026-07-23T06:23:49.855466170Z
"2026-07-23T06:23:47.430Z [[34mdebug[39m] ✅ [LIFECYCLE:PUBACK_OK] Device confirmed message receipt {""service"":""mqtt-publisher-lite"",""deviceId"":""DEVICE-13""}",info,"{""level"":""info""}","{""project"":""90a47e04-a329-4122-9c82-2ee75a4562c2"",""environment"":""f6319bd4-2e87-40d4-8547-4ce714038bc1"",""service"":""c236b8cb-3eff-45c5-aca0-23e73e33dc8d"",""deployment"":""69394420-c732-4ebe-a5fd-54c2d5628ea7"",""replica"":""7fc15fda-5103-4647-b7c4-6251ceb0ef53""}",2026-07-23T06:23:49.855473450Z
"2026-07-23T06:23:47.431Z [[34mdebug[39m] Message published {""service"":""mqtt-publisher-lite"",""topic"":""proof.mqtt/DEVICE-13/gmb"",""qos"":1,""deliveryTime"":""212ms""}",info,"{""level"":""info""}","{""project"":""90a47e04-a329-4122-9c82-2ee75a4562c2"",""environment"":""f6319bd4-2e87-40d4-8547-4ce714038bc1"",""service"":""c236b8cb-3eff-45c5-aca0-23e73e33dc8d"",""deployment"":""69394420-c732-4ebe-a5fd-54c2d5628ea7"",""replica"":""7fc15fda-5103-4647-b7c4-6251ceb0ef53""}",2026-07-23T06:23:49.855477670Z
"2026-07-23T06:23:47.431Z [[34mdebug[39m] Message received {""service"":""mqtt-publisher-lite"",""topic"":""proof.mqtt/DEVICE-13/gmb"",""size"":272,""retain"":false}",info,"{""level"":""info""}","{""project"":""90a47e04-a329-4122-9c82-2ee75a4562c2"",""environment"":""f6319bd4-2e87-40d4-8547-4ce714038bc1"",""service"":""c236b8cb-3eff-45c5-aca0-23e73e33dc8d"",""deployment"":""69394420-c732-4ebe-a5fd-54c2d5628ea7"",""replica"":""7fc15fda-5103-4647-b7c4-6251ceb0ef53""}",2026-07-23T06:23:49.855481420Z
"2026-07-23T06:23:47.431Z [[34mdebug[39m] Skipping echo message {""service"":""mqtt-publisher-lite"",""topic"":""proof.mqtt/DEVICE-13/gmb"",""age"":""0ms""}",info,"{""level"":""info""}","{""project"":""90a47e04-a329-4122-9c82-2ee75a4562c2"",""environment"":""f6319bd4-2e87-40d4-8547-4ce714038bc1"",""service"":""c236b8cb-3eff-45c5-aca0-23e73e33dc8d"",""deployment"":""69394420-c732-4ebe-a5fd-54c2d5628ea7"",""replica"":""7fc15fda-5103-4647-b7c4-6251ceb0ef53""}",2026-07-23T06:23:49.855485560Z
"2026-07-23T06:23:47.531Z [[32minfo[39m] [STIM_GMB] Published {""service"":""mqtt-publisher-lite"",""deviceId"":""DEVICE-13"",""reviews"":10,""target"":100,""mode"":""synthetic"",""celebration"":""true"",""done"":false}",info,"{""level"":""info""}","{""project"":""90a47e04-a329-4122-9c82-2ee75a4562c2"",""environment"":""f6319bd4-2e87-40d4-8547-4ce714038bc1"",""service"":""c236b8cb-3eff-45c5-aca0-23e73e33dc8d"",""deployment"":""69394420-c732-4ebe-a5fd-54c2d5628ea7"",""replica"":""7fc15fda-5103-4647-b7c4-6251ceb0ef53""}",2026-07-23T06:23:49.855493050Z