message,severity,attributes,tags,timestamp
"2026-07-23T06:19:29.197Z [[32minfo[39m] 📤 QoS 1 message sent {""service"":""mqtt-publisher-lite"",""messageId"":44621,""topic"":""proof.mqtt/DEVICE-15/instagram"",""qos"":1}",info,"{""level"":""info""}","{""project"":""90a47e04-a329-4122-9c82-2ee75a4562c2"",""environment"":""f6319bd4-2e87-40d4-8547-4ce714038bc1"",""service"":""c236b8cb-3eff-45c5-aca0-23e73e33dc8d"",""deployment"":""69394420-c732-4ebe-a5fd-54c2d5628ea7"",""replica"":""7fc15fda-5103-4647-b7c4-6251ceb0ef53""}",2026-07-23T06:19:32.624078026Z
"2026-07-23T06:19:29.198Z [[32minfo[39m] ⏱️ Tracking QoS 1 message (30s timeout) {""service"":""mqtt-publisher-lite"",""deviceId"":""DEVICE-15"",""messageId"":44621,""topic"":""proof.mqtt/DEVICE-15/instagram"",""pendingCount"":2}",info,"{""level"":""info""}","{""project"":""90a47e04-a329-4122-9c82-2ee75a4562c2"",""environment"":""f6319bd4-2e87-40d4-8547-4ce714038bc1"",""service"":""c236b8cb-3eff-45c5-aca0-23e73e33dc8d"",""deployment"":""69394420-c732-4ebe-a5fd-54c2d5628ea7"",""replica"":""7fc15fda-5103-4647-b7c4-6251ceb0ef53""}",2026-07-23T06:19:32.624082795Z
"2026-07-23T06:19:29.276Z [[34mdebug[39m] [IG_DIRECT] No Instagram credentials (Redis proof.mqtt:device:{id} or active-devices.json) {""service"":""mqtt-publisher-lite"",""deviceId"":""DEVICE-17"",""trigger"":""scheduled""}",info,"{""level"":""info""}","{""project"":""90a47e04-a329-4122-9c82-2ee75a4562c2"",""environment"":""f6319bd4-2e87-40d4-8547-4ce714038bc1"",""service"":""c236b8cb-3eff-45c5-aca0-23e73e33dc8d"",""deployment"":""69394420-c732-4ebe-a5fd-54c2d5628ea7"",""replica"":""7fc15fda-5103-4647-b7c4-6251ceb0ef53""}",2026-07-23T06:19:32.624087685Z
"2026-07-23T06:19:29.296Z [[32minfo[39m] 📤 QoS 1 message sent {""service"":""mqtt-publisher-lite"",""messageId"":44622,""topic"":""proof.mqtt/DEVICE-15/gmb"",""qos"":1}",info,"{""level"":""info""}","{""project"":""90a47e04-a329-4122-9c82-2ee75a4562c2"",""environment"":""f6319bd4-2e87-40d4-8547-4ce714038bc1"",""service"":""c236b8cb-3eff-45c5-aca0-23e73e33dc8d"",""deployment"":""69394420-c732-4ebe-a5fd-54c2d5628ea7"",""replica"":""7fc15fda-5103-4647-b7c4-6251ceb0ef53""}",2026-07-23T06:19:32.624092435Z
"2026-07-23T06:19:29.296Z [[32minfo[39m] ⏱️ Tracking QoS 1 message (30s timeout) {""service"":""mqtt-publisher-lite"",""deviceId"":""DEVICE-15"",""messageId"":44622,""topic"":""proof.mqtt/DEVICE-15/gmb"",""pendingCount"":3}",info,"{""level"":""info""}","{""project"":""90a47e04-a329-4122-9c82-2ee75a4562c2"",""environment"":""f6319bd4-2e87-40d4-8547-4ce714038bc1"",""service"":""c236b8cb-3eff-45c5-aca0-23e73e33dc8d"",""deployment"":""69394420-c732-4ebe-a5fd-54c2d5628ea7"",""replica"":""7fc15fda-5103-4647-b7c4-6251ceb0ef53""}",2026-07-23T06:19:32.624097055Z
"2026-07-23T06:19:29.377Z [[34mdebug[39m] Instagram fetch audit written to InfluxDB {""service"":""mqtt-publisher-lite"",""deviceId"":""DEVICE-17"",""success"":false}",info,"{""level"":""info""}","{""project"":""90a47e04-a329-4122-9c82-2ee75a4562c2"",""environment"":""f6319bd4-2e87-40d4-8547-4ce714038bc1"",""service"":""c236b8cb-3eff-45c5-aca0-23e73e33dc8d"",""deployment"":""69394420-c732-4ebe-a5fd-54c2d5628ea7"",""replica"":""7fc15fda-5103-4647-b7c4-6251ceb0ef53""}",2026-07-23T06:19:32.625228396Z
"2026-07-23T06:19:29.377Z [[33mwarn[39m] [IG_SCREEN] Skipping MQTT for failed fetch {""service"":""mqtt-publisher-lite"",""deviceId"":""DEVICE-17"",""error"":""no_instagram_credentials""}",info,"{""level"":""info""}","{""project"":""90a47e04-a329-4122-9c82-2ee75a4562c2"",""environment"":""f6319bd4-2e87-40d4-8547-4ce714038bc1"",""service"":""c236b8cb-3eff-45c5-aca0-23e73e33dc8d"",""deployment"":""69394420-c732-4ebe-a5fd-54c2d5628ea7"",""replica"":""7fc15fda-5103-4647-b7c4-6251ceb0ef53""}",2026-07-23T06:19:32.625238676Z
"2026-07-23T06:19:29.378Z [[32minfo[39m] InfluxDB batch flush {""service"":""mqtt-publisher-lite"",""source"":""metrics_disk_queue_worker"",""count"":1,""lines"":[""instagram_fetch_audit,device_id=DEVICE-17,success=false,trigger_type=scheduled duration_ms=0i,error_message=\""no_instagram_credentials\"",user_id_at_time=\""unknown\"" 1784787569276000000""]}",info,"{""level"":""info""}","{""project"":""90a47e04-a329-4122-9c82-2ee75a4562c2"",""environment"":""f6319bd4-2e87-40d4-8547-4ce714038bc1"",""service"":""c236b8cb-3eff-45c5-aca0-23e73e33dc8d"",""deployment"":""69394420-c732-4ebe-a5fd-54c2d5628ea7"",""replica"":""7fc15fda-5103-4647-b7c4-6251ceb0ef53""}",2026-07-23T06:19:32.625244016Z
"2026-07-23T06:19:29.409Z [[32minfo[39m] ✅ PUBACK received {""service"":""mqtt-publisher-lite"",""messageId"":44620}",info,"{""level"":""info""}","{""project"":""90a47e04-a329-4122-9c82-2ee75a4562c2"",""environment"":""f6319bd4-2e87-40d4-8547-4ce714038bc1"",""service"":""c236b8cb-3eff-45c5-aca0-23e73e33dc8d"",""deployment"":""69394420-c732-4ebe-a5fd-54c2d5628ea7"",""replica"":""7fc15fda-5103-4647-b7c4-6251ceb0ef53""}",2026-07-23T06:19:32.625248046Z
"2026-07-23T06:19:29.409Z [[32minfo[39m] ✅ QoS 1 PUBACK confirmed {""service"":""mqtt-publisher-lite"",""deviceId"":""DEVICE-17"",""messageId"":44620,""deliveryTime"":""226ms"",""pendingCount"":2}",info,"{""level"":""info""}","{""project"":""90a47e04-a329-4122-9c82-2ee75a4562c2"",""environment"":""f6319bd4-2e87-40d4-8547-4ce714038bc1"",""service"":""c236b8cb-3eff-45c5-aca0-23e73e33dc8d"",""deployment"":""69394420-c732-4ebe-a5fd-54c2d5628ea7"",""replica"":""7fc15fda-5103-4647-b7c4-6251ceb0ef53""}",2026-07-23T06:19:32.625252816Z
"2026-07-23T06:19:29.409Z [[34mdebug[39m] ✅ [LIFECYCLE:PUBACK_OK] Device confirmed message receipt {""service"":""mqtt-publisher-lite"",""deviceId"":""DEVICE-17""}",info,"{""level"":""info""}","{""project"":""90a47e04-a329-4122-9c82-2ee75a4562c2"",""environment"":""f6319bd4-2e87-40d4-8547-4ce714038bc1"",""service"":""c236b8cb-3eff-45c5-aca0-23e73e33dc8d"",""deployment"":""69394420-c732-4ebe-a5fd-54c2d5628ea7"",""replica"":""7fc15fda-5103-4647-b7c4-6251ceb0ef53""}",2026-07-23T06:19:32.625257636Z
"2026-07-23T06:19:29.409Z [[34mdebug[39m] Message published {""service"":""mqtt-publisher-lite"",""topic"":""proof.mqtt/DEVICE-17/test-gmb"",""qos"":1,""deliveryTime"":""226ms""}",info,"{""level"":""info""}","{""project"":""90a47e04-a329-4122-9c82-2ee75a4562c2"",""environment"":""f6319bd4-2e87-40d4-8547-4ce714038bc1"",""service"":""c236b8cb-3eff-45c5-aca0-23e73e33dc8d"",""deployment"":""69394420-c732-4ebe-a5fd-54c2d5628ea7"",""replica"":""7fc15fda-5103-4647-b7c4-6251ceb0ef53""}",2026-07-23T06:19:32.625262565Z
"2026-07-23T06:19:29.409Z [[32minfo[39m] ✅ PUBACK received {""service"":""mqtt-publisher-lite"",""messageId"":44621}",info,"{""level"":""info""}","{""project"":""90a47e04-a329-4122-9c82-2ee75a4562c2"",""environment"":""f6319bd4-2e87-40d4-8547-4ce714038bc1"",""service"":""c236b8cb-3eff-45c5-aca0-23e73e33dc8d"",""deployment"":""69394420-c732-4ebe-a5fd-54c2d5628ea7"",""replica"":""7fc15fda-5103-4647-b7c4-6251ceb0ef53""}",2026-07-23T06:19:32.625266225Z
"2026-07-23T06:19:29.409Z [[32minfo[39m] ✅ QoS 1 PUBACK confirmed {""service"":""mqtt-publisher-lite"",""deviceId"":""DEVICE-15"",""messageId"":44621,""deliveryTime"":""211ms"",""pendingCount"":1}",info,"{""level"":""info""}","{""project"":""90a47e04-a329-4122-9c82-2ee75a4562c2"",""environment"":""f6319bd4-2e87-40d4-8547-4ce714038bc1"",""service"":""c236b8cb-3eff-45c5-aca0-23e73e33dc8d"",""deployment"":""69394420-c732-4ebe-a5fd-54c2d5628ea7"",""replica"":""7fc15fda-5103-4647-b7c4-6251ceb0ef53""}",2026-07-23T06:19:32.625270235Z
"2026-07-23T06:19:29.409Z [[34mdebug[39m] ✅ [LIFECYCLE:PUBACK_OK] Device confirmed message receipt {""service"":""mqtt-publisher-lite"",""deviceId"":""DEVICE-15""}",info,"{""level"":""info""}","{""project"":""90a47e04-a329-4122-9c82-2ee75a4562c2"",""environment"":""f6319bd4-2e87-40d4-8547-4ce714038bc1"",""service"":""c236b8cb-3eff-45c5-aca0-23e73e33dc8d"",""deployment"":""69394420-c732-4ebe-a5fd-54c2d5628ea7"",""replica"":""7fc15fda-5103-4647-b7c4-6251ceb0ef53""}",2026-07-23T06:19:32.625274175Z
"2026-07-23T06:19:29.409Z [[34mdebug[39m] Message published {""service"":""mqtt-publisher-lite"",""topic"":""proof.mqtt/DEVICE-15/instagram"",""qos"":1,""deliveryTime"":""212ms""}",info,"{""level"":""info""}","{""project"":""90a47e04-a329-4122-9c82-2ee75a4562c2"",""environment"":""f6319bd4-2e87-40d4-8547-4ce714038bc1"",""service"":""c236b8cb-3eff-45c5-aca0-23e73e33dc8d"",""deployment"":""69394420-c732-4ebe-a5fd-54c2d5628ea7"",""replica"":""7fc15fda-5103-4647-b7c4-6251ceb0ef53""}",2026-07-23T06:19:32.626769503Z
"2026-07-23T06:19:29.409Z [[34mdebug[39m] Message received {""service"":""mqtt-publisher-lite"",""topic"":""proof.mqtt/DEVICE-15/instagram"",""size"":227,""retain"":false}",info,"{""level"":""info""}","{""project"":""90a47e04-a329-4122-9c82-2ee75a4562c2"",""environment"":""f6319bd4-2e87-40d4-8547-4ce714038bc1"",""service"":""c236b8cb-3eff-45c5-aca0-23e73e33dc8d"",""deployment"":""69394420-c732-4ebe-a5fd-54c2d5628ea7"",""replica"":""7fc15fda-5103-4647-b7c4-6251ceb0ef53""}",2026-07-23T06:19:32.626775613Z
"2026-07-23T06:19:29.410Z [[34mdebug[39m] Skipping echo message {""service"":""mqtt-publisher-lite"",""topic"":""proof.mqtt/DEVICE-15/instagram"",""age"":""1ms""}",info,"{""level"":""info""}","{""project"":""90a47e04-a329-4122-9c82-2ee75a4562c2"",""environment"":""f6319bd4-2e87-40d4-8547-4ce714038bc1"",""service"":""c236b8cb-3eff-45c5-aca0-23e73e33dc8d"",""deployment"":""69394420-c732-4ebe-a5fd-54c2d5628ea7"",""replica"":""7fc15fda-5103-4647-b7c4-6251ceb0ef53""}",2026-07-23T06:19:32.626779263Z
"2026-07-23T06:19:29.410Z [[34mdebug[39m] Screen message received {""service"":""mqtt-publisher-lite"",""topic"":""proof.mqtt/DEVICE-15/instagram"",""screen"":""instagram""}",info,"{""level"":""info""}","{""project"":""90a47e04-a329-4122-9c82-2ee75a4562c2"",""environment"":""f6319bd4-2e87-40d4-8547-4ce714038bc1"",""service"":""c236b8cb-3eff-45c5-aca0-23e73e33dc8d"",""deployment"":""69394420-c732-4ebe-a5fd-54c2d5628ea7"",""replica"":""7fc15fda-5103-4647-b7c4-6251ceb0ef53""}",2026-07-23T06:19:32.626782533Z
"2026-07-23T06:19:29.410Z [[34mdebug[39m] Published test-gmb screen {""service"":""mqtt-publisher-lite"",""deviceId"":""DEVICE-17"",""reviews"":421,""milestone"":425}",info,"{""level"":""info""}","{""project"":""90a47e04-a329-4122-9c82-2ee75a4562c2"",""environment"":""f6319bd4-2e87-40d4-8547-4ce714038bc1"",""service"":""c236b8cb-3eff-45c5-aca0-23e73e33dc8d"",""deployment"":""69394420-c732-4ebe-a5fd-54c2d5628ea7"",""replica"":""7fc15fda-5103-4647-b7c4-6251ceb0ef53""}",2026-07-23T06:19:32.626786193Z
"2026-07-23T06:19:29.446Z [[34mdebug[39m] [STIM] Device not active — skip tick {""service"":""mqtt-publisher-lite"",""deviceId"":""DEVICE-13"",""platform"":""instagram""}",info,"{""level"":""info""}","{""project"":""90a47e04-a329-4122-9c82-2ee75a4562c2"",""environment"":""f6319bd4-2e87-40d4-8547-4ce714038bc1"",""service"":""c236b8cb-3eff-45c5-aca0-23e73e33dc8d"",""deployment"":""69394420-c732-4ebe-a5fd-54c2d5628ea7"",""replica"":""7fc15fda-5103-4647-b7c4-6251ceb0ef53""}",2026-07-23T06:19:32.626789563Z
"2026-07-23T06:19:29.509Z [[32minfo[39m] ✅ PUBACK received {""service"":""mqtt-publisher-lite"",""messageId"":44622}",info,"{""level"":""info""}","{""project"":""90a47e04-a329-4122-9c82-2ee75a4562c2"",""environment"":""f6319bd4-2e87-40d4-8547-4ce714038bc1"",""service"":""c236b8cb-3eff-45c5-aca0-23e73e33dc8d"",""deployment"":""69394420-c732-4ebe-a5fd-54c2d5628ea7"",""replica"":""7fc15fda-5103-4647-b7c4-6251ceb0ef53""}",2026-07-23T06:19:32.626792413Z
"2026-07-23T06:19:29.510Z [[32minfo[39m] ✅ QoS 1 PUBACK confirmed {""service"":""mqtt-publisher-lite"",""deviceId"":""DEVICE-15"",""messageId"":44622,""deliveryTime"":""214ms"",""pendingCount"":0}",info,"{""level"":""info""}","{""project"":""90a47e04-a329-4122-9c82-2ee75a4562c2"",""environment"":""f6319bd4-2e87-40d4-8547-4ce714038bc1"",""service"":""c236b8cb-3eff-45c5-aca0-23e73e33dc8d"",""deployment"":""69394420-c732-4ebe-a5fd-54c2d5628ea7"",""replica"":""7fc15fda-5103-4647-b7c4-6251ceb0ef53""}",2026-07-23T06:19:32.626795373Z
"2026-07-23T06:19:29.510Z [[34mdebug[39m] ✅ [LIFECYCLE:PUBACK_OK] Device confirmed message receipt {""service"":""mqtt-publisher-lite"",""deviceId"":""DEVICE-15""}",info,"{""level"":""info""}","{""project"":""90a47e04-a329-4122-9c82-2ee75a4562c2"",""environment"":""f6319bd4-2e87-40d4-8547-4ce714038bc1"",""service"":""c236b8cb-3eff-45c5-aca0-23e73e33dc8d"",""deployment"":""69394420-c732-4ebe-a5fd-54c2d5628ea7"",""replica"":""7fc15fda-5103-4647-b7c4-6251ceb0ef53""}",2026-07-23T06:19:32.626798882Z
"2026-07-23T06:19:29.510Z [[34mdebug[39m] Message published {""service"":""mqtt-publisher-lite"",""topic"":""proof.mqtt/DEVICE-15/gmb"",""qos"":1,""deliveryTime"":""214ms""}",info,"{""level"":""info""}","{""project"":""90a47e04-a329-4122-9c82-2ee75a4562c2"",""environment"":""f6319bd4-2e87-40d4-8547-4ce714038bc1"",""service"":""c236b8cb-3eff-45c5-aca0-23e73e33dc8d"",""deployment"":""69394420-c732-4ebe-a5fd-54c2d5628ea7"",""replica"":""7fc15fda-5103-4647-b7c4-6251ceb0ef53""}",2026-07-23T06:19:32.626803092Z
"2026-07-23T06:19:29.510Z [[34mdebug[39m] Message received {""service"":""mqtt-publisher-lite"",""topic"":""proof.mqtt/DEVICE-15/gmb"",""size"":245,""retain"":false}",info,"{""level"":""info""}","{""project"":""90a47e04-a329-4122-9c82-2ee75a4562c2"",""environment"":""f6319bd4-2e87-40d4-8547-4ce714038bc1"",""service"":""c236b8cb-3eff-45c5-aca0-23e73e33dc8d"",""deployment"":""69394420-c732-4ebe-a5fd-54c2d5628ea7"",""replica"":""7fc15fda-5103-4647-b7c4-6251ceb0ef53""}",2026-07-23T06:19:32.626806792Z
"2026-07-23T06:19:29.510Z [[34mdebug[39m] Skipping echo message {""service"":""mqtt-publisher-lite"",""topic"":""proof.mqtt/DEVICE-15/gmb"",""age"":""0ms""}",info,"{""level"":""info""}","{""project"":""90a47e04-a329-4122-9c82-2ee75a4562c2"",""environment"":""f6319bd4-2e87-40d4-8547-4ce714038bc1"",""service"":""c236b8cb-3eff-45c5-aca0-23e73e33dc8d"",""deployment"":""69394420-c732-4ebe-a5fd-54c2d5628ea7"",""replica"":""7fc15fda-5103-4647-b7c4-6251ceb0ef53""}",2026-07-23T06:19:32.628712046Z
"2026-07-23T06:19:29.510Z [[34mdebug[39m] Screen message received {""service"":""mqtt-publisher-lite"",""topic"":""proof.mqtt/DEVICE-15/gmb"",""screen"":""gmb""}",info,"{""level"":""info""}","{""project"":""90a47e04-a329-4122-9c82-2ee75a4562c2"",""environment"":""f6319bd4-2e87-40d4-8547-4ce714038bc1"",""service"":""c236b8cb-3eff-45c5-aca0-23e73e33dc8d"",""deployment"":""69394420-c732-4ebe-a5fd-54c2d5628ea7"",""replica"":""7fc15fda-5103-4647-b7c4-6251ceb0ef53""}",2026-07-23T06:19:32.628717456Z
"2026-07-23T06:19:29.513Z [[32minfo[39m] [STIM_IG] Published {""service"":""mqtt-publisher-lite"",""deviceId"":""DEVICE-15"",""followers"":9,""target"":500,""mode"":""synthetic"",""achievement"":10,""celebration"":""false"",""done"":false}",info,"{""level"":""info""}","{""project"":""90a47e04-a329-4122-9c82-2ee75a4562c2"",""environment"":""f6319bd4-2e87-40d4-8547-4ce714038bc1"",""service"":""c236b8cb-3eff-45c5-aca0-23e73e33dc8d"",""deployment"":""69394420-c732-4ebe-a5fd-54c2d5628ea7"",""replica"":""7fc15fda-5103-4647-b7c4-6251ceb0ef53""}",2026-07-23T06:19:32.628721476Z
"2026-07-23T06:19:29.514Z [[34mdebug[39m] [STIM] Device not active — skip tick {""service"":""mqtt-publisher-lite"",""deviceId"":""DEVICE-13"",""platform"":""gmb""}",info,"{""level"":""info""}","{""project"":""90a47e04-a329-4122-9c82-2ee75a4562c2"",""environment"":""f6319bd4-2e87-40d4-8547-4ce714038bc1"",""service"":""c236b8cb-3eff-45c5-aca0-23e73e33dc8d"",""deployment"":""69394420-c732-4ebe-a5fd-54c2d5628ea7"",""replica"":""7fc15fda-5103-4647-b7c4-6251ceb0ef53""}",2026-07-23T06:19:32.628724716Z
"2026-07-23T06:19:29.551Z [[34mdebug[39m] 📤 [PUBLISH_CYCLE] Publishing all screens to device {""service"":""mqtt-publisher-lite"",""deviceId"":""DEVICE-17""}",info,"{""level"":""info""}","{""project"":""90a47e04-a329-4122-9c82-2ee75a4562c2"",""environment"":""f6319bd4-2e87-40d4-8547-4ce714038bc1"",""service"":""c236b8cb-3eff-45c5-aca0-23e73e33dc8d"",""deployment"":""69394420-c732-4ebe-a5fd-54c2d5628ea7"",""replica"":""7fc15fda-5103-4647-b7c4-6251ceb0ef53""}",2026-07-23T06:19:32.628728256Z
"2026-07-23T06:19:29.614Z [[32minfo[39m] [STIM_GMB] Published {""service"":""mqtt-publisher-lite"",""deviceId"":""DEVICE-15"",""reviews"":7,""target"":100,""mode"":""synthetic"",""celebration"":""false"",""done"":false}",info,"{""level"":""info""}","{""project"":""90a47e04-a329-4122-9c82-2ee75a4562c2"",""environment"":""f6319bd4-2e87-40d4-8547-4ce714038bc1"",""service"":""c236b8cb-3eff-45c5-aca0-23e73e33dc8d"",""deployment"":""69394420-c732-4ebe-a5fd-54c2d5628ea7"",""replica"":""7fc15fda-5103-4647-b7c4-6251ceb0ef53""}",2026-07-23T06:19:32.628732026Z
"2026-07-23T06:19:29.678Z [[32minfo[39m] [PROMOTION] Default canvas not published {""service"":""mqtt-publisher-lite"",""deviceId"":""DEVICE-17"",""topic"":""proof.mqtt/DEVICE-17/promotion"",""reason"":""unchanged""}",info,"{""level"":""info""}","{""project"":""90a47e04-a329-4122-9c82-2ee75a4562c2"",""environment"":""f6319bd4-2e87-40d4-8547-4ce714038bc1"",""service"":""c236b8cb-3eff-45c5-aca0-23e73e33dc8d"",""deployment"":""69394420-c732-4ebe-a5fd-54c2d5628ea7"",""replica"":""7fc15fda-5103-4647-b7c4-6251ceb0ef53""}",2026-07-23T06:19:32.628735026Z
"2026-07-23T06:19:29.778Z [[34mdebug[39m] [STIM_SKIP] StatsPublisher skipping stim device {""service"":""mqtt-publisher-lite"",""deviceId"":""DEVICE-19""}",info,"{""level"":""info""}","{""project"":""90a47e04-a329-4122-9c82-2ee75a4562c2"",""environment"":""f6319bd4-2e87-40d4-8547-4ce714038bc1"",""service"":""c236b8cb-3eff-45c5-aca0-23e73e33dc8d"",""deployment"":""69394420-c732-4ebe-a5fd-54c2d5628ea7"",""replica"":""7fc15fda-5103-4647-b7c4-6251ceb0ef53""}",2026-07-23T06:19:32.628738126Z
"2026-07-23T06:19:29.778Z [[34mdebug[39m] [STIM_SKIP] StatsPublisher skipping stim device {""service"":""mqtt-publisher-lite"",""deviceId"":""DEVICE-15""}",info,"{""level"":""info""}","{""project"":""90a47e04-a329-4122-9c82-2ee75a4562c2"",""environment"":""f6319bd4-2e87-40d4-8547-4ce714038bc1"",""service"":""c236b8cb-3eff-45c5-aca0-23e73e33dc8d"",""deployment"":""69394420-c732-4ebe-a5fd-54c2d5628ea7"",""replica"":""7fc15fda-5103-4647-b7c4-6251ceb0ef53""}",2026-07-23T06:19:32.628741226Z
"2026-07-23T06:19:30.956Z [[34mdebug[39m] Message received {""service"":""mqtt-publisher-lite"",""topic"":""proof.mqtt/DEVICE-13/active"",""size"":214,""retain"":false}",info,"{""level"":""info""}","{""project"":""90a47e04-a329-4122-9c82-2ee75a4562c2"",""environment"":""f6319bd4-2e87-40d4-8547-4ce714038bc1"",""service"":""c236b8cb-3eff-45c5-aca0-23e73e33dc8d"",""deployment"":""69394420-c732-4ebe-a5fd-54c2d5628ea7"",""replica"":""7fc15fda-5103-4647-b7c4-6251ceb0ef53""}",2026-07-23T06:19:32.628744056Z
"2026-07-23T06:19:30.956Z [[32minfo[39m] 📱 Device Registration Received {""service"":""mqtt-publisher-lite"",""deviceId"":""DEVICE-13"",""type"":""device_registration""}",info,"{""level"":""info""}","{""project"":""90a47e04-a329-4122-9c82-2ee75a4562c2"",""environment"":""f6319bd4-2e87-40d4-8547-4ce714038bc1"",""service"":""c236b8cb-3eff-45c5-aca0-23e73e33dc8d"",""deployment"":""69394420-c732-4ebe-a5fd-54c2d5628ea7"",""replica"":""7fc15fda-5103-4647-b7c4-6251ceb0ef53""}",2026-07-23T06:19:32.630231714Z
"2026-07-23T06:19:31.085Z [[32minfo[39m] ✅ Existing device reconnected {""service"":""mqtt-publisher-lite"",""deviceId"":""DEVICE-13""}",info,"{""level"":""info""}","{""project"":""90a47e04-a329-4122-9c82-2ee75a4562c2"",""environment"":""f6319bd4-2e87-40d4-8547-4ce714038bc1"",""service"":""c236b8cb-3eff-45c5-aca0-23e73e33dc8d"",""deployment"":""69394420-c732-4ebe-a5fd-54c2d5628ea7"",""replica"":""7fc15fda-5103-4647-b7c4-6251ceb0ef53""}",2026-07-23T06:19:32.630239344Z
"2026-07-23T06:19:31.085Z [[32minfo[39m] 📤 QoS 1 message sent {""service"":""mqtt-publisher-lite"",""messageId"":44623,""topic"":""proof.mqtt/DEVICE-13/registration_ack"",""qos"":1}",info,"{""level"":""info""}","{""project"":""90a47e04-a329-4122-9c82-2ee75a4562c2"",""environment"":""f6319bd4-2e87-40d4-8547-4ce714038bc1"",""service"":""c236b8cb-3eff-45c5-aca0-23e73e33dc8d"",""deployment"":""69394420-c732-4ebe-a5fd-54c2d5628ea7"",""replica"":""7fc15fda-5103-4647-b7c4-6251ceb0ef53""}",2026-07-23T06:19:32.630245504Z
"2026-07-23T06:19:31.086Z [[32minfo[39m] ⏱️ Tracking QoS 1 message (30s timeout) {""service"":""mqtt-publisher-lite"",""deviceId"":""DEVICE-13"",""messageId"":44623,""topic"":""proof.mqtt/DEVICE-13/registration_ack"",""pendingCount"":1}",info,"{""level"":""info""}","{""project"":""90a47e04-a329-4122-9c82-2ee75a4562c2"",""environment"":""f6319bd4-2e87-40d4-8547-4ce714038bc1"",""service"":""c236b8cb-3eff-45c5-aca0-23e73e33dc8d"",""deployment"":""69394420-c732-4ebe-a5fd-54c2d5628ea7"",""replica"":""7fc15fda-5103-4647-b7c4-6251ceb0ef53""}",2026-07-23T06:19:32.630250274Z
"2026-07-23T06:19:31.297Z [[32minfo[39m] ✅ PUBACK received {""service"":""mqtt-publisher-lite"",""messageId"":44623}",info,"{""level"":""info""}","{""project"":""90a47e04-a329-4122-9c82-2ee75a4562c2"",""environment"":""f6319bd4-2e87-40d4-8547-4ce714038bc1"",""service"":""c236b8cb-3eff-45c5-aca0-23e73e33dc8d"",""deployment"":""69394420-c732-4ebe-a5fd-54c2d5628ea7"",""replica"":""7fc15fda-5103-4647-b7c4-6251ceb0ef53""}",2026-07-23T06:19:32.630255184Z
"2026-07-23T06:19:31.298Z [[32minfo[39m] ✅ QoS 1 PUBACK confirmed {""service"":""mqtt-publisher-lite"",""deviceId"":""DEVICE-13"",""messageId"":44623,""deliveryTime"":""212ms"",""pendingCount"":0}",info,"{""level"":""info""}","{""project"":""90a47e04-a329-4122-9c82-2ee75a4562c2"",""environment"":""f6319bd4-2e87-40d4-8547-4ce714038bc1"",""service"":""c236b8cb-3eff-45c5-aca0-23e73e33dc8d"",""deployment"":""69394420-c732-4ebe-a5fd-54c2d5628ea7"",""replica"":""7fc15fda-5103-4647-b7c4-6251ceb0ef53""}",2026-07-23T06:19:32.630259844Z
"2026-07-23T06:19:31.298Z [[34mdebug[39m] ✅ [LIFECYCLE:PUBACK_OK] Device confirmed message receipt {""service"":""mqtt-publisher-lite"",""deviceId"":""DEVICE-13""}",info,"{""level"":""info""}","{""project"":""90a47e04-a329-4122-9c82-2ee75a4562c2"",""environment"":""f6319bd4-2e87-40d4-8547-4ce714038bc1"",""service"":""c236b8cb-3eff-45c5-aca0-23e73e33dc8d"",""deployment"":""69394420-c732-4ebe-a5fd-54c2d5628ea7"",""replica"":""7fc15fda-5103-4647-b7c4-6251ceb0ef53""}",2026-07-23T06:19:32.630264764Z
"2026-07-23T06:19:31.298Z [[34mdebug[39m] Message published {""service"":""mqtt-publisher-lite"",""topic"":""proof.mqtt/DEVICE-13/registration_ack"",""qos"":1,""deliveryTime"":""213ms""}",info,"{""level"":""info""}","{""project"":""90a47e04-a329-4122-9c82-2ee75a4562c2"",""environment"":""f6319bd4-2e87-40d4-8547-4ce714038bc1"",""service"":""c236b8cb-3eff-45c5-aca0-23e73e33dc8d"",""deployment"":""69394420-c732-4ebe-a5fd-54c2d5628ea7"",""replica"":""7fc15fda-5103-4647-b7c4-6251ceb0ef53""}",2026-07-23T06:19:32.630269523Z
"2026-07-23T06:19:31.298Z [[32minfo[39m] 📤 Registration response sent {""service"":""mqtt-publisher-lite"",""deviceId"":""DEVICE-13"",""success"":true,""isNewDevice"":false}",info,"{""level"":""info""}","{""project"":""90a47e04-a329-4122-9c82-2ee75a4562c2"",""environment"":""f6319bd4-2e87-40d4-8547-4ce714038bc1"",""service"":""c236b8cb-3eff-45c5-aca0-23e73e33dc8d"",""deployment"":""69394420-c732-4ebe-a5fd-54c2d5628ea7"",""replica"":""7fc15fda-5103-4647-b7c4-6251ceb0ef53""}",2026-07-23T06:19:32.630274203Z
"2026-07-23T06:19:31.298Z [[32minfo[39m] 📋 [LIFECYCLE:REGISTER] Caching device in Redis active list {""service"":""mqtt-publisher-lite"",""deviceId"":""DEVICE-13""}",info,"{""level"":""info""}","{""project"":""90a47e04-a329-4122-9c82-2ee75a4562c2"",""environment"":""f6319bd4-2e87-40d4-8547-4ce714038bc1"",""service"":""c236b8cb-3eff-45c5-aca0-23e73e33dc8d"",""deployment"":""69394420-c732-4ebe-a5fd-54c2d5628ea7"",""replica"":""7fc15fda-5103-4647-b7c4-6251ceb0ef53""}",2026-07-23T06:19:32.630279273Z
"2026-07-23T06:19:31.298Z [[32minfo[39m] 📋 [LIFECYCLE:CACHE] Step 1/2 — Device lookup (MongoDB) {""service"":""mqtt-publisher-lite"",""deviceId"":""DEVICE-13""}",info,"{""level"":""info""}","{""project"":""90a47e04-a329-4122-9c82-2ee75a4562c2"",""environment"":""f6319bd4-2e87-40d4-8547-4ce714038bc1"",""service"":""c236b8cb-3eff-45c5-aca0-23e73e33dc8d"",""deployment"":""69394420-c732-4ebe-a5fd-54c2d5628ea7"",""replica"":""7fc15fda-5103-4647-b7c4-6251ceb0ef53""}",2026-07-23T06:19:32.631424294Z
"2026-07-23T06:19:31.434Z [[32minfo[39m] 📋 [LIFECYCLE:CACHE] Step 2/2 — Social (Instagram) for device {""service"":""mqtt-publisher-lite"",""deviceId"":""DEVICE-13"",""userId"":""6937af58f950f0f5356a1599"",""deviceStatus"":""ACTIVE""}",info,"{""level"":""info""}","{""project"":""90a47e04-a329-4122-9c82-2ee75a4562c2"",""environment"":""f6319bd4-2e87-40d4-8547-4ce714038bc1"",""service"":""c236b8cb-3eff-45c5-aca0-23e73e33dc8d"",""deployment"":""69394420-c732-4ebe-a5fd-54c2d5628ea7"",""replica"":""7fc15fda-5103-4647-b7c4-6251ceb0ef53""}",2026-07-23T06:19:32.631428834Z
"2026-07-23T06:19:31.560Z [[33mwarn[39m] 📋 [LIFECYCLE:CACHE] No INSTAGRAM `Social` row for owner — add Instagram for this user in the web app {""service"":""mqtt-publisher-lite"",""deviceId"":""DEVICE-13"",""userId"":""6937af58f950f0f5356a1599""}",info,"{""level"":""info""}","{""project"":""90a47e04-a329-4122-9c82-2ee75a4562c2"",""environment"":""f6319bd4-2e87-40d4-8547-4ce714038bc1"",""service"":""c236b8cb-3eff-45c5-aca0-23e73e33dc8d"",""deployment"":""69394420-c732-4ebe-a5fd-54c2d5628ea7"",""replica"":""7fc15fda-5103-4647-b7c4-6251ceb0ef53""}",2026-07-23T06:19:32.631432514Z
"2026-07-23T06:19:31.561Z [[32minfo[39m] 📋 [LIFECYCLE:CACHE] Active device record written (Mongo → file + Redis IG key) {""service"":""mqtt-publisher-lite"",""deviceId"":""DEVICE-13"",""userId"":""6937af58f950f0f5356a1599"",""instagramFromSocial"":false}",info,"{""level"":""info""}","{""project"":""90a47e04-a329-4122-9c82-2ee75a4562c2"",""environment"":""f6319bd4-2e87-40d4-8547-4ce714038bc1"",""service"":""c236b8cb-3eff-45c5-aca0-23e73e33dc8d"",""deployment"":""69394420-c732-4ebe-a5fd-54c2d5628ea7"",""replica"":""7fc15fda-5103-4647-b7c4-6251ceb0ef53""}",2026-07-23T06:19:32.631435864Z
"2026-07-23T06:19:31.891Z [[32minfo[39m] [STIM] /active — cache expired or missing, resetting ramp from scratch {""service"":""mqtt-publisher-lite"",""deviceId"":""DEVICE-13""}",info,"{""level"":""info""}","{""project"":""90a47e04-a329-4122-9c82-2ee75a4562c2"",""environment"":""f6319bd4-2e87-40d4-8547-4ce714038bc1"",""service"":""c236b8cb-3eff-45c5-aca0-23e73e33dc8d"",""deployment"":""69394420-c732-4ebe-a5fd-54c2d5628ea7"",""replica"":""7fc15fda-5103-4647-b7c4-6251ceb0ef53""}",2026-07-23T06:19:32.631439264Z
"2026-07-23T06:19:31.891Z [[32minfo[39m] 📋 [LIFECYCLE:REGISTER] Device registration complete {""service"":""mqtt-publisher-lite"",""deviceId"":""DEVICE-13""}",info,"{""level"":""info""}","{""project"":""90a47e04-a329-4122-9c82-2ee75a4562c2"",""environment"":""f6319bd4-2e87-40d4-8547-4ce714038bc1"",""service"":""c236b8cb-3eff-45c5-aca0-23e73e33dc8d"",""deployment"":""69394420-c732-4ebe-a5fd-54c2d5628ea7"",""replica"":""7fc15fda-5103-4647-b7c4-6251ceb0ef53""}",2026-07-23T06:19:32.631442434Z
"2026-07-23T06:19:31.994Z [[32minfo[39m] 📤 QoS 1 message sent {""service"":""mqtt-publisher-lite"",""messageId"":44624,""topic"":""proof.mqtt/DEVICE-13/instagram"",""qos"":1}",info,"{""level"":""info""}","{""project"":""90a47e04-a329-4122-9c82-2ee75a4562c2"",""environment"":""f6319bd4-2e87-40d4-8547-4ce714038bc1"",""service"":""c236b8cb-3eff-45c5-aca0-23e73e33dc8d"",""deployment"":""69394420-c732-4ebe-a5fd-54c2d5628ea7"",""replica"":""7fc15fda-5103-4647-b7c4-6251ceb0ef53""}",2026-07-23T06:19:32.631445364Z
"2026-07-23T06:19:31.994Z [[32minfo[39m] ⏱️ Tracking QoS 1 message (30s timeout) {""service"":""mqtt-publisher-lite"",""deviceId"":""DEVICE-13"",""messageId"":44624,""topic"":""proof.mqtt/DEVICE-13/instagram"",""pendingCount"":1}",info,"{""level"":""info""}","{""project"":""90a47e04-a329-4122-9c82-2ee75a4562c2"",""environment"":""f6319bd4-2e87-40d4-8547-4ce714038bc1"",""service"":""c236b8cb-3eff-45c5-aca0-23e73e33dc8d"",""deployment"":""69394420-c732-4ebe-a5fd-54c2d5628ea7"",""replica"":""7fc15fda-5103-4647-b7c4-6251ceb0ef53""}",2026-07-23T06:19:32.631448364Z
"2026-07-23T06:19:32.095Z [[32minfo[39m] 📤 QoS 1 message sent {""service"":""mqtt-publisher-lite"",""messageId"":44625,""topic"":""proof.mqtt/DEVICE-13/gmb"",""qos"":1}",info,"{""level"":""info""}","{""project"":""90a47e04-a329-4122-9c82-2ee75a4562c2"",""environment"":""f6319bd4-2e87-40d4-8547-4ce714038bc1"",""service"":""c236b8cb-3eff-45c5-aca0-23e73e33dc8d"",""deployment"":""69394420-c732-4ebe-a5fd-54c2d5628ea7"",""replica"":""7fc15fda-5103-4647-b7c4-6251ceb0ef53""}",2026-07-23T06:19:32.631453804Z
"2026-07-23T06:19:32.095Z [[32minfo[39m] ⏱️ Tracking QoS 1 message (30s timeout) {""service"":""mqtt-publisher-lite"",""deviceId"":""DEVICE-13"",""messageId"":44625,""topic"":""proof.mqtt/DEVICE-13/gmb"",""pendingCount"":2}",info,"{""level"":""info""}","{""project"":""90a47e04-a329-4122-9c82-2ee75a4562c2"",""environment"":""f6319bd4-2e87-40d4-8547-4ce714038bc1"",""service"":""c236b8cb-3eff-45c5-aca0-23e73e33dc8d"",""deployment"":""69394420-c732-4ebe-a5fd-54c2d5628ea7"",""replica"":""7fc15fda-5103-4647-b7c4-6251ceb0ef53""}",2026-07-23T06:19:32.632746803Z
"2026-07-23T06:19:32.125Z [[32minfo[39m] [USER_INTEGRATIONS] Cached {""service"":""mqtt-publisher-lite"",""userId"":""6937af58f950f0f5356a1599"",""hasInstagram"":false,""hasGmb"":false,""posPlatform"":null}",info,"{""level"":""info""}","{""project"":""90a47e04-a329-4122-9c82-2ee75a4562c2"",""environment"":""f6319bd4-2e87-40d4-8547-4ce714038bc1"",""service"":""c236b8cb-3eff-45c5-aca0-23e73e33dc8d"",""deployment"":""69394420-c732-4ebe-a5fd-54c2d5628ea7"",""replica"":""7fc15fda-5103-4647-b7c4-6251ceb0ef53""}",2026-07-23T06:19:32.632752043Z
"2026-07-23T06:19:32.204Z [[32minfo[39m] ✅ PUBACK received {""service"":""mqtt-publisher-lite"",""messageId"":44624}",info,"{""level"":""info""}","{""project"":""90a47e04-a329-4122-9c82-2ee75a4562c2"",""environment"":""f6319bd4-2e87-40d4-8547-4ce714038bc1"",""service"":""c236b8cb-3eff-45c5-aca0-23e73e33dc8d"",""deployment"":""69394420-c732-4ebe-a5fd-54c2d5628ea7"",""replica"":""7fc15fda-5103-4647-b7c4-6251ceb0ef53""}",2026-07-23T06:19:32.632756083Z
"2026-07-23T06:19:32.204Z [[32minfo[39m] ✅ QoS 1 PUBACK confirmed {""service"":""mqtt-publisher-lite"",""deviceId"":""DEVICE-13"",""messageId"":44624,""deliveryTime"":""210ms"",""pendingCount"":1}",info,"{""level"":""info""}","{""project"":""90a47e04-a329-4122-9c82-2ee75a4562c2"",""environment"":""f6319bd4-2e87-40d4-8547-4ce714038bc1"",""service"":""c236b8cb-3eff-45c5-aca0-23e73e33dc8d"",""deployment"":""69394420-c732-4ebe-a5fd-54c2d5628ea7"",""replica"":""7fc15fda-5103-4647-b7c4-6251ceb0ef53""}",2026-07-23T06:19:32.632760143Z
"2026-07-23T06:19:32.204Z [[34mdebug[39m] ✅ [LIFECYCLE:PUBACK_OK] Device confirmed message receipt {""service"":""mqtt-publisher-lite"",""deviceId"":""DEVICE-13""}",info,"{""level"":""info""}","{""project"":""90a47e04-a329-4122-9c82-2ee75a4562c2"",""environment"":""f6319bd4-2e87-40d4-8547-4ce714038bc1"",""service"":""c236b8cb-3eff-45c5-aca0-23e73e33dc8d"",""deployment"":""69394420-c732-4ebe-a5fd-54c2d5628ea7"",""replica"":""7fc15fda-5103-4647-b7c4-6251ceb0ef53""}",2026-07-23T06:19:32.632764143Z
"2026-07-23T06:19:32.204Z [[34mdebug[39m] Message published {""service"":""mqtt-publisher-lite"",""topic"":""proof.mqtt/DEVICE-13/instagram"",""qos"":1,""deliveryTime"":""211ms""}",info,"{""level"":""info""}","{""project"":""90a47e04-a329-4122-9c82-2ee75a4562c2"",""environment"":""f6319bd4-2e87-40d4-8547-4ce714038bc1"",""service"":""c236b8cb-3eff-45c5-aca0-23e73e33dc8d"",""deployment"":""69394420-c732-4ebe-a5fd-54c2d5628ea7"",""replica"":""7fc15fda-5103-4647-b7c4-6251ceb0ef53""}",2026-07-23T06:19:32.632767973Z
"2026-07-23T06:19:32.205Z [[34mdebug[39m] Message received {""service"":""mqtt-publisher-lite"",""topic"":""proof.mqtt/DEVICE-13/instagram"",""size"":226,""retain"":false}",info,"{""level"":""info""}","{""project"":""90a47e04-a329-4122-9c82-2ee75a4562c2"",""environment"":""f6319bd4-2e87-40d4-8547-4ce714038bc1"",""service"":""c236b8cb-3eff-45c5-aca0-23e73e33dc8d"",""deployment"":""69394420-c732-4ebe-a5fd-54c2d5628ea7"",""replica"":""7fc15fda-5103-4647-b7c4-6251ceb0ef53""}",2026-07-23T06:19:32.632771903Z
"2026-07-23T06:19:32.205Z [[34mdebug[39m] Skipping echo message {""service"":""mqtt-publisher-lite"",""topic"":""proof.mqtt/DEVICE-13/instagram"",""age"":""1ms""}",info,"{""level"":""info""}","{""project"":""90a47e04-a329-4122-9c82-2ee75a4562c2"",""environment"":""f6319bd4-2e87-40d4-8547-4ce714038bc1"",""service"":""c236b8cb-3eff-45c5-aca0-23e73e33dc8d"",""deployment"":""69394420-c732-4ebe-a5fd-54c2d5628ea7"",""replica"":""7fc15fda-5103-4647-b7c4-6251ceb0ef53""}",2026-07-23T06:19:32.632776173Z
"2026-07-23T06:19:32.205Z [[34mdebug[39m] Screen message received {""service"":""mqtt-publisher-lite"",""topic"":""proof.mqtt/DEVICE-13/instagram"",""screen"":""instagram""}",info,"{""level"":""info""}","{""project"":""90a47e04-a329-4122-9c82-2ee75a4562c2"",""environment"":""f6319bd4-2e87-40d4-8547-4ce714038bc1"",""service"":""c236b8cb-3eff-45c5-aca0-23e73e33dc8d"",""deployment"":""69394420-c732-4ebe-a5fd-54c2d5628ea7"",""replica"":""7fc15fda-5103-4647-b7c4-6251ceb0ef53""}",2026-07-23T06:19:32.632780713Z
"2026-07-23T06:19:32.305Z [[32minfo[39m] [STIM_IG] Published {""service"":""mqtt-publisher-lite"",""deviceId"":""DEVICE-13"",""followers"":3,""target"":500,""mode"":""synthetic"",""achievement"":5,""celebration"":""false"",""done"":false}",info,"{""level"":""info""}","{""project"":""90a47e04-a329-4122-9c82-2ee75a4562c2"",""environment"":""f6319bd4-2e87-40d4-8547-4ce714038bc1"",""service"":""c236b8cb-3eff-45c5-aca0-23e73e33dc8d"",""deployment"":""69394420-c732-4ebe-a5fd-54c2d5628ea7"",""replica"":""7fc15fda-5103-4647-b7c4-6251ceb0ef53""}",2026-07-23T06:19:32.632784783Z
"2026-07-23T06:19:32.305Z [[32minfo[39m] ✅ PUBACK received {""service"":""mqtt-publisher-lite"",""messageId"":44625}",info,"{""level"":""info""}","{""project"":""90a47e04-a329-4122-9c82-2ee75a4562c2"",""environment"":""f6319bd4-2e87-40d4-8547-4ce714038bc1"",""service"":""c236b8cb-3eff-45c5-aca0-23e73e33dc8d"",""deployment"":""69394420-c732-4ebe-a5fd-54c2d5628ea7"",""replica"":""7fc15fda-5103-4647-b7c4-6251ceb0ef53""}",2026-07-23T06:19:32.634161651Z
"2026-07-23T06:19:32.306Z [[32minfo[39m] ✅ QoS 1 PUBACK confirmed {""service"":""mqtt-publisher-lite"",""deviceId"":""DEVICE-13"",""messageId"":44625,""deliveryTime"":""211ms"",""pendingCount"":0}",info,"{""level"":""info""}","{""project"":""90a47e04-a329-4122-9c82-2ee75a4562c2"",""environment"":""f6319bd4-2e87-40d4-8547-4ce714038bc1"",""service"":""c236b8cb-3eff-45c5-aca0-23e73e33dc8d"",""deployment"":""69394420-c732-4ebe-a5fd-54c2d5628ea7"",""replica"":""7fc15fda-5103-4647-b7c4-6251ceb0ef53""}",2026-07-23T06:19:32.634169001Z
"2026-07-23T06:19:32.306Z [[34mdebug[39m] ✅ [LIFECYCLE:PUBACK_OK] Device confirmed message receipt {""service"":""mqtt-publisher-lite"",""deviceId"":""DEVICE-13""}",info,"{""level"":""info""}","{""project"":""90a47e04-a329-4122-9c82-2ee75a4562c2"",""environment"":""f6319bd4-2e87-40d4-8547-4ce714038bc1"",""service"":""c236b8cb-3eff-45c5-aca0-23e73e33dc8d"",""deployment"":""69394420-c732-4ebe-a5fd-54c2d5628ea7"",""replica"":""7fc15fda-5103-4647-b7c4-6251ceb0ef53""}",2026-07-23T06:19:32.634174551Z
"2026-07-23T06:19:32.306Z [[34mdebug[39m] Message published {""service"":""mqtt-publisher-lite"",""topic"":""proof.mqtt/DEVICE-13/gmb"",""qos"":1,""deliveryTime"":""211ms""}",info,"{""level"":""info""}","{""project"":""90a47e04-a329-4122-9c82-2ee75a4562c2"",""environment"":""f6319bd4-2e87-40d4-8547-4ce714038bc1"",""service"":""c236b8cb-3eff-45c5-aca0-23e73e33dc8d"",""deployment"":""69394420-c732-4ebe-a5fd-54c2d5628ea7"",""replica"":""7fc15fda-5103-4647-b7c4-6251ceb0ef53""}",2026-07-23T06:19:32.634180741Z
"2026-07-23T06:19:32.306Z [[34mdebug[39m] Message received {""service"":""mqtt-publisher-lite"",""topic"":""proof.mqtt/DEVICE-13/gmb"",""size"":244,""retain"":false}",info,"{""level"":""info""}","{""project"":""90a47e04-a329-4122-9c82-2ee75a4562c2"",""environment"":""f6319bd4-2e87-40d4-8547-4ce714038bc1"",""service"":""c236b8cb-3eff-45c5-aca0-23e73e33dc8d"",""deployment"":""69394420-c732-4ebe-a5fd-54c2d5628ea7"",""replica"":""7fc15fda-5103-4647-b7c4-6251ceb0ef53""}",2026-07-23T06:19:32.634186241Z
"2026-07-23T06:19:32.306Z [[34mdebug[39m] Skipping echo message {""service"":""mqtt-publisher-lite"",""topic"":""proof.mqtt/DEVICE-13/gmb"",""age"":""0ms""}",info,"{""level"":""info""}","{""project"":""90a47e04-a329-4122-9c82-2ee75a4562c2"",""environment"":""f6319bd4-2e87-40d4-8547-4ce714038bc1"",""service"":""c236b8cb-3eff-45c5-aca0-23e73e33dc8d"",""deployment"":""69394420-c732-4ebe-a5fd-54c2d5628ea7"",""replica"":""7fc15fda-5103-4647-b7c4-6251ceb0ef53""}",2026-07-23T06:19:32.634191691Z
"2026-07-23T06:19:32.307Z [[34mdebug[39m] Screen message received {""service"":""mqtt-publisher-lite"",""topic"":""proof.mqtt/DEVICE-13/gmb"",""screen"":""gmb""}",info,"{""level"":""info""}","{""project"":""90a47e04-a329-4122-9c82-2ee75a4562c2"",""environment"":""f6319bd4-2e87-40d4-8547-4ce714038bc1"",""service"":""c236b8cb-3eff-45c5-aca0-23e73e33dc8d"",""deployment"":""69394420-c732-4ebe-a5fd-54c2d5628ea7"",""replica"":""7fc15fda-5103-4647-b7c4-6251ceb0ef53""}",2026-07-23T06:19:32.634196631Z
"2026-07-23T06:19:32.406Z [[32minfo[39m] [STIM_GMB] Published {""service"":""mqtt-publisher-lite"",""deviceId"":""DEVICE-13"",""reviews"":1,""target"":100,""mode"":""synthetic"",""celebration"":""false"",""done"":false}",info,"{""level"":""info""}","{""project"":""90a47e04-a329-4122-9c82-2ee75a4562c2"",""environment"":""f6319bd4-2e87-40d4-8547-4ce714038bc1"",""service"":""c236b8cb-3eff-45c5-aca0-23e73e33dc8d"",""deployment"":""69394420-c732-4ebe-a5fd-54c2d5628ea7"",""replica"":""7fc15fda-5103-4647-b7c4-6251ceb0ef53""}",2026-07-23T06:19:32.634201961Z
"2026-07-23T06:19:32.420Z [[32minfo[39m] [PROMOTION] No running brand canvas — default canvas {""service"":""mqtt-publisher-lite"",""deviceId"":""DEVICE-13"",""userId"":""6937af58f950f0f5356a1599""}",info,"{""level"":""info""}","{""project"":""90a47e04-a329-4122-9c82-2ee75a4562c2"",""environment"":""f6319bd4-2e87-40d4-8547-4ce714038bc1"",""service"":""c236b8cb-3eff-45c5-aca0-23e73e33dc8d"",""deployment"":""69394420-c732-4ebe-a5fd-54c2d5628ea7"",""replica"":""7fc15fda-5103-4647-b7c4-6251ceb0ef53""}",2026-07-23T06:19:32.634207131Z
"2026-07-23T06:19:32.420Z [[32minfo[39m] 📤 QoS 1 message sent {""service"":""mqtt-publisher-lite"",""messageId"":44626,""topic"":""proof.mqtt/DEVICE-13/promotion"",""qos"":1}",info,"{""level"":""info""}","{""project"":""90a47e04-a329-4122-9c82-2ee75a4562c2"",""environment"":""f6319bd4-2e87-40d4-8547-4ce714038bc1"",""service"":""c236b8cb-3eff-45c5-aca0-23e73e33dc8d"",""deployment"":""69394420-c732-4ebe-a5fd-54c2d5628ea7"",""replica"":""7fc15fda-5103-4647-b7c4-6251ceb0ef53""}",2026-07-23T06:19:32.634212921Z
"2026-07-23T06:19:32.420Z [[32minfo[39m] ⏱️ Tracking QoS 1 message (30s timeout) {""service"":""mqtt-publisher-lite"",""deviceId"":""DEVICE-13"",""messageId"":44626,""topic"":""proof.mqtt/DEVICE-13/promotion"",""pendingCount"":1}",info,"{""level"":""info""}","{""project"":""90a47e04-a329-4122-9c82-2ee75a4562c2"",""environment"":""f6319bd4-2e87-40d4-8547-4ce714038bc1"",""service"":""c236b8cb-3eff-45c5-aca0-23e73e33dc8d"",""deployment"":""69394420-c732-4ebe-a5fd-54c2d5628ea7"",""replica"":""7fc15fda-5103-4647-b7c4-6251ceb0ef53""}",2026-07-23T06:19:32.635674018Z
"2026-07-23T06:19:32.630Z [[32minfo[39m] ✅ PUBACK received {""service"":""mqtt-publisher-lite"",""messageId"":44626}",info,"{""level"":""info""}","{""project"":""90a47e04-a329-4122-9c82-2ee75a4562c2"",""environment"":""f6319bd4-2e87-40d4-8547-4ce714038bc1"",""service"":""c236b8cb-3eff-45c5-aca0-23e73e33dc8d"",""deployment"":""69394420-c732-4ebe-a5fd-54c2d5628ea7"",""replica"":""7fc15fda-5103-4647-b7c4-6251ceb0ef53""}",2026-07-23T06:19:32.635678618Z
"2026-07-23T06:19:32.631Z [[32minfo[39m] ✅ QoS 1 PUBACK confirmed {""service"":""mqtt-publisher-lite"",""deviceId"":""DEVICE-13"",""messageId"":44626,""deliveryTime"":""211ms"",""pendingCount"":0}",info,"{""level"":""info""}","{""project"":""90a47e04-a329-4122-9c82-2ee75a4562c2"",""environment"":""f6319bd4-2e87-40d4-8547-4ce714038bc1"",""service"":""c236b8cb-3eff-45c5-aca0-23e73e33dc8d"",""deployment"":""69394420-c732-4ebe-a5fd-54c2d5628ea7"",""replica"":""7fc15fda-5103-4647-b7c4-6251ceb0ef53""}",2026-07-23T06:19:32.635682738Z
"2026-07-23T06:19:32.631Z [[34mdebug[39m] ✅ [LIFECYCLE:PUBACK_OK] Device confirmed message receipt {""service"":""mqtt-publisher-lite"",""deviceId"":""DEVICE-13""}",info,"{""level"":""info""}","{""project"":""90a47e04-a329-4122-9c82-2ee75a4562c2"",""environment"":""f6319bd4-2e87-40d4-8547-4ce714038bc1"",""service"":""c236b8cb-3eff-45c5-aca0-23e73e33dc8d"",""deployment"":""69394420-c732-4ebe-a5fd-54c2d5628ea7"",""replica"":""7fc15fda-5103-4647-b7c4-6251ceb0ef53""}",2026-07-23T06:19:32.635686248Z
"2026-07-23T06:19:32.631Z [[34mdebug[39m] Message published {""service"":""mqtt-publisher-lite"",""topic"":""proof.mqtt/DEVICE-13/promotion"",""qos"":1,""deliveryTime"":""211ms""}",info,"{""level"":""info""}","{""project"":""90a47e04-a329-4122-9c82-2ee75a4562c2"",""environment"":""f6319bd4-2e87-40d4-8547-4ce714038bc1"",""service"":""c236b8cb-3eff-45c5-aca0-23e73e33dc8d"",""deployment"":""69394420-c732-4ebe-a5fd-54c2d5628ea7"",""replica"":""7fc15fda-5103-4647-b7c4-6251ceb0ef53""}",2026-07-23T06:19:32.635689598Z
"2026-07-23T06:19:32.631Z [[34mdebug[39m] Message received {""service"":""mqtt-publisher-lite"",""topic"":""proof.mqtt/DEVICE-13/promotion"",""size"":227,""retain"":false}",info,"{""level"":""info""}","{""project"":""90a47e04-a329-4122-9c82-2ee75a4562c2"",""environment"":""f6319bd4-2e87-40d4-8547-4ce714038bc1"",""service"":""c236b8cb-3eff-45c5-aca0-23e73e33dc8d"",""deployment"":""69394420-c732-4ebe-a5fd-54c2d5628ea7"",""replica"":""7fc15fda-5103-4647-b7c4-6251ceb0ef53""}",2026-07-23T06:19:32.635694098Z
"2026-07-23T06:19:32.632Z [[34mdebug[39m] Skipping echo message {""service"":""mqtt-publisher-lite"",""topic"":""proof.mqtt/DEVICE-13/promotion"",""age"":""1ms""}",info,"{""level"":""info""}","{""project"":""90a47e04-a329-4122-9c82-2ee75a4562c2"",""environment"":""f6319bd4-2e87-40d4-8547-4ce714038bc1"",""service"":""c236b8cb-3eff-45c5-aca0-23e73e33dc8d"",""deployment"":""69394420-c732-4ebe-a5fd-54c2d5628ea7"",""replica"":""7fc15fda-5103-4647-b7c4-6251ceb0ef53""}",2026-07-23T06:19:32.635698048Z
"2026-07-23T06:19:32.632Z [[34mdebug[39m] Screen message received {""service"":""mqtt-publisher-lite"",""topic"":""proof.mqtt/DEVICE-13/promotion"",""screen"":""promotion""}",info,"{""level"":""info""}","{""project"":""90a47e04-a329-4122-9c82-2ee75a4562c2"",""environment"":""f6319bd4-2e87-40d4-8547-4ce714038bc1"",""service"":""c236b8cb-3eff-45c5-aca0-23e73e33dc8d"",""deployment"":""69394420-c732-4ebe-a5fd-54c2d5628ea7"",""replica"":""7fc15fda-5103-4647-b7c4-6251ceb0ef53""}",2026-07-23T06:19:32.635701778Z
"2026-07-23T06:19:32.732Z [[32minfo[39m] 🎨 [DEFAULT:PUBLISHED] Empty default canvas sent {""service"":""mqtt-publisher-lite"",""deviceId"":""DEVICE-13"",""topic"":""proof.mqtt/DEVICE-13/promotion""}",info,"{""level"":""info""}","{""project"":""90a47e04-a329-4122-9c82-2ee75a4562c2"",""environment"":""f6319bd4-2e87-40d4-8547-4ce714038bc1"",""service"":""c236b8cb-3eff-45c5-aca0-23e73e33dc8d"",""deployment"":""69394420-c732-4ebe-a5fd-54c2d5628ea7"",""replica"":""7fc15fda-5103-4647-b7c4-6251ceb0ef53""}",2026-07-23T06:19:32.779898247Z
"2026-07-23T06:19:32.732Z [[32minfo[39m] [CONNECT_REFRESH] Promotion published (connect force) {""service"":""mqtt-publisher-lite"",""deviceId"":""DEVICE-13"",""clearedHashes"":0}",info,"{""level"":""info""}","{""project"":""90a47e04-a329-4122-9c82-2ee75a4562c2"",""environment"":""f6319bd4-2e87-40d4-8547-4ce714038bc1"",""service"":""c236b8cb-3eff-45c5-aca0-23e73e33dc8d"",""deployment"":""69394420-c732-4ebe-a5fd-54c2d5628ea7"",""replica"":""7fc15fda-5103-4647-b7c4-6251ceb0ef53""}",2026-07-23T06:19:32.779901607Z
"2026-07-23T06:19:32.732Z [[32minfo[39m] [DEFERRED_WORK] Drain complete {""service"":""mqtt-publisher-lite"",""processed"":1,""skippedStale"":0,""failed"":0}",info,"{""level"":""info""}","{""project"":""90a47e04-a329-4122-9c82-2ee75a4562c2"",""environment"":""f6319bd4-2e87-40d4-8547-4ce714038bc1"",""service"":""c236b8cb-3eff-45c5-aca0-23e73e33dc8d"",""deployment"":""69394420-c732-4ebe-a5fd-54c2d5628ea7"",""replica"":""7fc15fda-5103-4647-b7c4-6251ceb0ef53""}",2026-07-23T06:19:32.779904837Z
"2026-07-23T06:19:33.075Z [[32minfo[39m] InfluxDB batch flush {""service"":""mqtt-publisher-lite"",""source"":""metrics_disk_queue_worker"",""count"":1,""lines"":[""device_ota_events,device_id=DEVICE-13,event=boot,source=mqtt-publisher-lite,source_topic=active ip_address=\""127.0.0.1\"" 1784787571298000000""]}",info,"{""level"":""info""}","{""project"":""90a47e04-a329-4122-9c82-2ee75a4562c2"",""environment"":""f6319bd4-2e87-40d4-8547-4ce714038bc1"",""service"":""c236b8cb-3eff-45c5-aca0-23e73e33dc8d"",""deployment"":""69394420-c732-4ebe-a5fd-54c2d5628ea7"",""replica"":""7fc15fda-5103-4647-b7c4-6251ceb0ef53""}",2026-07-23T06:19:33.091726729Z
"2026-07-23T06:19:59.194Z [[32minfo[39m] 📤 QoS 1 message sent {""service"":""mqtt-publisher-lite"",""messageId"":44627,""topic"":""proof.mqtt/DEVICE-15/instagram"",""qos"":1}",info,"{""level"":""info""}","{""project"":""90a47e04-a329-4122-9c82-2ee75a4562c2"",""environment"":""f6319bd4-2e87-40d4-8547-4ce714038bc1"",""service"":""c236b8cb-3eff-45c5-aca0-23e73e33dc8d"",""deployment"":""69394420-c732-4ebe-a5fd-54c2d5628ea7"",""replica"":""7fc15fda-5103-4647-b7c4-6251ceb0ef53""}",2026-07-23T06:20:03.104635684Z
"2026-07-23T06:19:59.195Z [[32minfo[39m] ⏱️ Tracking QoS 1 message (30s timeout) {""service"":""mqtt-publisher-lite"",""deviceId"":""DEVICE-15"",""messageId"":44627,""topic"":""proof.mqtt/DEVICE-15/instagram"",""pendingCount"":1}",info,"{""level"":""info""}","{""project"":""90a47e04-a329-4122-9c82-2ee75a4562c2"",""environment"":""f6319bd4-2e87-40d4-8547-4ce714038bc1"",""service"":""c236b8cb-3eff-45c5-aca0-23e73e33dc8d"",""deployment"":""69394420-c732-4ebe-a5fd-54c2d5628ea7"",""replica"":""7fc15fda-5103-4647-b7c4-6251ceb0ef53""}",2026-07-23T06:20:03.104643633Z
"2026-07-23T06:19:59.296Z [[32minfo[39m] 📤 QoS 1 message sent {""service"":""mqtt-publisher-lite"",""messageId"":44628,""topic"":""proof.mqtt/DEVICE-15/gmb"",""qos"":1}",info,"{""level"":""info""}","{""project"":""90a47e04-a329-4122-9c82-2ee75a4562c2"",""environment"":""f6319bd4-2e87-40d4-8547-4ce714038bc1"",""service"":""c236b8cb-3eff-45c5-aca0-23e73e33dc8d"",""deployment"":""69394420-c732-4ebe-a5fd-54c2d5628ea7"",""replica"":""7fc15fda-5103-4647-b7c4-6251ceb0ef53""}",2026-07-23T06:20:03.104653733Z
"2026-07-23T06:19:59.296Z [[32minfo[39m] ⏱️ Tracking QoS 1 message (30s timeout) {""service"":""mqtt-publisher-lite"",""deviceId"":""DEVICE-15"",""messageId"":44628,""topic"":""proof.mqtt/DEVICE-15/gmb"",""pendingCount"":2}",info,"{""level"":""info""}","{""project"":""90a47e04-a329-4122-9c82-2ee75a4562c2"",""environment"":""f6319bd4-2e87-40d4-8547-4ce714038bc1"",""service"":""c236b8cb-3eff-45c5-aca0-23e73e33dc8d"",""deployment"":""69394420-c732-4ebe-a5fd-54c2d5628ea7"",""replica"":""7fc15fda-5103-4647-b7c4-6251ceb0ef53""}",2026-07-23T06:20:03.104657863Z
"2026-07-23T06:19:59.407Z [[32minfo[39m] ✅ PUBACK received {""service"":""mqtt-publisher-lite"",""messageId"":44627}",info,"{""level"":""info""}","{""project"":""90a47e04-a329-4122-9c82-2ee75a4562c2"",""environment"":""f6319bd4-2e87-40d4-8547-4ce714038bc1"",""service"":""c236b8cb-3eff-45c5-aca0-23e73e33dc8d"",""deployment"":""69394420-c732-4ebe-a5fd-54c2d5628ea7"",""replica"":""7fc15fda-5103-4647-b7c4-6251ceb0ef53""}",2026-07-23T06:20:03.104661763Z
"2026-07-23T06:19:59.407Z [[32minfo[39m] ✅ QoS 1 PUBACK confirmed {""service"":""mqtt-publisher-lite"",""deviceId"":""DEVICE-15"",""messageId"":44627,""deliveryTime"":""212ms"",""pendingCount"":1}",info,"{""level"":""info""}","{""project"":""90a47e04-a329-4122-9c82-2ee75a4562c2"",""environment"":""f6319bd4-2e87-40d4-8547-4ce714038bc1"",""service"":""c236b8cb-3eff-45c5-aca0-23e73e33dc8d"",""deployment"":""69394420-c732-4ebe-a5fd-54c2d5628ea7"",""replica"":""7fc15fda-5103-4647-b7c4-6251ceb0ef53""}",2026-07-23T06:20:03.104665473Z
"2026-07-23T06:19:59.407Z [[34mdebug[39m] ✅ [LIFECYCLE:PUBACK_OK] Device confirmed message receipt {""service"":""mqtt-publisher-lite"",""deviceId"":""DEVICE-15""}",info,"{""level"":""info""}","{""project"":""90a47e04-a329-4122-9c82-2ee75a4562c2"",""environment"":""f6319bd4-2e87-40d4-8547-4ce714038bc1"",""service"":""c236b8cb-3eff-45c5-aca0-23e73e33dc8d"",""deployment"":""69394420-c732-4ebe-a5fd-54c2d5628ea7"",""replica"":""7fc15fda-5103-4647-b7c4-6251ceb0ef53""}",2026-07-23T06:20:03.104669253Z
"2026-07-23T06:19:59.407Z [[34mdebug[39m] Message published {""service"":""mqtt-publisher-lite"",""topic"":""proof.mqtt/DEVICE-15/instagram"",""qos"":1,""deliveryTime"":""213ms""}",info,"{""level"":""info""}","{""project"":""90a47e04-a329-4122-9c82-2ee75a4562c2"",""environment"":""f6319bd4-2e87-40d4-8547-4ce714038bc1"",""service"":""c236b8cb-3eff-45c5-aca0-23e73e33dc8d"",""deployment"":""69394420-c732-4ebe-a5fd-54c2d5628ea7"",""replica"":""7fc15fda-5103-4647-b7c4-6251ceb0ef53""}",2026-07-23T06:20:03.104672723Z
"2026-07-23T06:19:59.408Z [[34mdebug[39m] Message received {""service"":""mqtt-publisher-lite"",""topic"":""proof.mqtt/DEVICE-15/instagram"",""size"":254,""retain"":false}",info,"{""level"":""info""}","{""project"":""90a47e04-a329-4122-9c82-2ee75a4562c2"",""environment"":""f6319bd4-2e87-40d4-8547-4ce714038bc1"",""service"":""c236b8cb-3eff-45c5-aca0-23e73e33dc8d"",""deployment"":""69394420-c732-4ebe-a5fd-54c2d5628ea7"",""replica"":""7fc15fda-5103-4647-b7c4-6251ceb0ef53""}",2026-07-23T06:20:03.104676643Z
"2026-07-23T06:19:59.408Z [[34mdebug[39m] Skipping echo message {""service"":""mqtt-publisher-lite"",""topic"":""proof.mqtt/DEVICE-15/instagram"",""age"":""1ms""}",info,"{""level"":""info""}","{""project"":""90a47e04-a329-4122-9c82-2ee75a4562c2"",""environment"":""f6319bd4-2e87-40d4-8547-4ce714038bc1"",""service"":""c236b8cb-3eff-45c5-aca0-23e73e33dc8d"",""deployment"":""69394420-c732-4ebe-a5fd-54c2d5628ea7"",""replica"":""7fc15fda-5103-4647-b7c4-6251ceb0ef53""}",2026-07-23T06:20:03.104680473Z
"2026-07-23T06:19:59.408Z [[34mdebug[39m] Screen message received {""service"":""mqtt-publisher-lite"",""topic"":""proof.mqtt/DEVICE-15/instagram"",""screen"":""instagram""}",info,"{""level"":""info""}","{""project"":""90a47e04-a329-4122-9c82-2ee75a4562c2"",""environment"":""f6319bd4-2e87-40d4-8547-4ce714038bc1"",""service"":""c236b8cb-3eff-45c5-aca0-23e73e33dc8d"",""deployment"":""69394420-c732-4ebe-a5fd-54c2d5628ea7"",""replica"":""7fc15fda-5103-4647-b7c4-6251ceb0ef53""}",2026-07-23T06:20:03.106280980Z
"2026-07-23T06:19:59.507Z [[32minfo[39m] ✅ PUBACK received {""service"":""mqtt-publisher-lite"",""messageId"":44628}",info,"{""level"":""info""}","{""project"":""90a47e04-a329-4122-9c82-2ee75a4562c2"",""environment"":""f6319bd4-2e87-40d4-8547-4ce714038bc1"",""service"":""c236b8cb-3eff-45c5-aca0-23e73e33dc8d"",""deployment"":""69394420-c732-4ebe-a5fd-54c2d5628ea7"",""replica"":""7fc15fda-5103-4647-b7c4-6251ceb0ef53""}",2026-07-23T06:20:03.106290240Z
"2026-07-23T06:19:59.507Z [[32minfo[39m] ✅ QoS 1 PUBACK confirmed {""service"":""mqtt-publisher-lite"",""deviceId"":""DEVICE-15"",""messageId"":44628,""deliveryTime"":""211ms"",""pendingCount"":0}",info,"{""level"":""info""}","{""project"":""90a47e04-a329-4122-9c82-2ee75a4562c2"",""environment"":""f6319bd4-2e87-40d4-8547-4ce714038bc1"",""service"":""c236b8cb-3eff-45c5-aca0-23e73e33dc8d"",""deployment"":""69394420-c732-4ebe-a5fd-54c2d5628ea7"",""replica"":""7fc15fda-5103-4647-b7c4-6251ceb0ef53""}",2026-07-23T06:20:03.106295609Z
"2026-07-23T06:19:59.507Z [[34mdebug[39m] ✅ [LIFECYCLE:PUBACK_OK] Device confirmed message receipt {""service"":""mqtt-publisher-lite"",""deviceId"":""DEVICE-15""}",info,"{""level"":""info""}","{""project"":""90a47e04-a329-4122-9c82-2ee75a4562c2"",""environment"":""f6319bd4-2e87-40d4-8547-4ce714038bc1"",""service"":""c236b8cb-3eff-45c5-aca0-23e73e33dc8d"",""deployment"":""69394420-c732-4ebe-a5fd-54c2d5628ea7"",""replica"":""7fc15fda-5103-4647-b7c4-6251ceb0ef53""}",2026-07-23T06:20:03.106300609Z
"2026-07-23T06:19:59.507Z [[34mdebug[39m] Message published {""service"":""mqtt-publisher-lite"",""topic"":""proof.mqtt/DEVICE-15/gmb"",""qos"":1,""deliveryTime"":""211ms""}",info,"{""level"":""info""}","{""project"":""90a47e04-a329-4122-9c82-2ee75a4562c2"",""environment"":""f6319bd4-2e87-40d4-8547-4ce714038bc1"",""service"":""c236b8cb-3eff-45c5-aca0-23e73e33dc8d"",""deployment"":""69394420-c732-4ebe-a5fd-54c2d5628ea7"",""replica"":""7fc15fda-5103-4647-b7c4-6251ceb0ef53""}",2026-07-23T06:20:03.106305609Z
"2026-07-23T06:19:59.507Z [[34mdebug[39m] Message received {""service"":""mqtt-publisher-lite"",""topic"":""proof.mqtt/DEVICE-15/gmb"",""size"":245,""retain"":false}",info,"{""level"":""info""}","{""project"":""90a47e04-a329-4122-9c82-2ee75a4562c2"",""environment"":""f6319bd4-2e87-40d4-8547-4ce714038bc1"",""service"":""c236b8cb-3eff-45c5-aca0-23e73e33dc8d"",""deployment"":""69394420-c732-4ebe-a5fd-54c2d5628ea7"",""replica"":""7fc15fda-5103-4647-b7c4-6251ceb0ef53""}",2026-07-23T06:20:03.106312159Z
"2026-07-23T06:19:59.508Z [[34mdebug[39m] Skipping echo message {""service"":""mqtt-publisher-lite"",""topic"":""proof.mqtt/DEVICE-15/gmb"",""age"":""1ms""}",info,"{""level"":""info""}","{""project"":""90a47e04-a329-4122-9c82-2ee75a4562c2"",""environment"":""f6319bd4-2e87-40d4-8547-4ce714038bc1"",""service"":""c236b8cb-3eff-45c5-aca0-23e73e33dc8d"",""deployment"":""69394420-c732-4ebe-a5fd-54c2d5628ea7"",""replica"":""7fc15fda-5103-4647-b7c4-6251ceb0ef53""}",2026-07-23T06:20:03.106316839Z
"2026-07-23T06:19:59.508Z [[34mdebug[39m] Screen message received {""service"":""mqtt-publisher-lite"",""topic"":""proof.mqtt/DEVICE-15/gmb"",""screen"":""gmb""}",info,"{""level"":""info""}","{""project"":""90a47e04-a329-4122-9c82-2ee75a4562c2"",""environment"":""f6319bd4-2e87-40d4-8547-4ce714038bc1"",""service"":""c236b8cb-3eff-45c5-aca0-23e73e33dc8d"",""deployment"":""69394420-c732-4ebe-a5fd-54c2d5628ea7"",""replica"":""7fc15fda-5103-4647-b7c4-6251ceb0ef53""}",2026-07-23T06:20:03.106321439Z
"2026-07-23T06:19:59.509Z [[32minfo[39m] [STIM_IG] Published {""service"":""mqtt-publisher-lite"",""deviceId"":""DEVICE-15"",""followers"":10,""target"":500,""mode"":""synthetic"",""achievement"":15,""celebration"":""true"",""done"":false}",info,"{""level"":""info""}","{""project"":""90a47e04-a329-4122-9c82-2ee75a4562c2"",""environment"":""f6319bd4-2e87-40d4-8547-4ce714038bc1"",""service"":""c236b8cb-3eff-45c5-aca0-23e73e33dc8d"",""deployment"":""69394420-c732-4ebe-a5fd-54c2d5628ea7"",""replica"":""7fc15fda-5103-4647-b7c4-6251ceb0ef53""}",2026-07-23T06:20:03.106325739Z
"2026-07-23T06:19:59.606Z [[32minfo[39m] [STIM_GMB] Published {""service"":""mqtt-publisher-lite"",""deviceId"":""DEVICE-15"",""reviews"":8,""target"":100,""mode"":""synthetic"",""celebration"":""false"",""done"":false}",info,"{""level"":""info""}","{""project"":""90a47e04-a329-4122-9c82-2ee75a4562c2"",""environment"":""f6319bd4-2e87-40d4-8547-4ce714038bc1"",""service"":""c236b8cb-3eff-45c5-aca0-23e73e33dc8d"",""deployment"":""69394420-c732-4ebe-a5fd-54c2d5628ea7"",""replica"":""7fc15fda-5103-4647-b7c4-6251ceb0ef53""}",2026-07-23T06:20:03.106330019Z
"2026-07-23T06:20:01.994Z [[32minfo[39m] 📤 QoS 1 message sent {""service"":""mqtt-publisher-lite"",""messageId"":44629,""topic"":""proof.mqtt/DEVICE-13/instagram"",""qos"":1}",info,"{""level"":""info""}","{""project"":""90a47e04-a329-4122-9c82-2ee75a4562c2"",""environment"":""f6319bd4-2e87-40d4-8547-4ce714038bc1"",""service"":""c236b8cb-3eff-45c5-aca0-23e73e33dc8d"",""deployment"":""69394420-c732-4ebe-a5fd-54c2d5628ea7"",""replica"":""7fc15fda-5103-4647-b7c4-6251ceb0ef53""}",2026-07-23T06:20:03.107984455Z
"2026-07-23T06:20:01.994Z [[32minfo[39m] ⏱️ Tracking QoS 1 message (30s timeout) {""service"":""mqtt-publisher-lite"",""deviceId"":""DEVICE-13"",""messageId"":44629,""topic"":""proof.mqtt/DEVICE-13/instagram"",""pendingCount"":1}",info,"{""level"":""info""}","{""project"":""90a47e04-a329-4122-9c82-2ee75a4562c2"",""environment"":""f6319bd4-2e87-40d4-8547-4ce714038bc1"",""service"":""c236b8cb-3eff-45c5-aca0-23e73e33dc8d"",""deployment"":""69394420-c732-4ebe-a5fd-54c2d5628ea7"",""replica"":""7fc15fda-5103-4647-b7c4-6251ceb0ef53""}",2026-07-23T06:20:03.107990055Z
"2026-07-23T06:20:02.095Z [[32minfo[39m] 📤 QoS 1 message sent {""service"":""mqtt-publisher-lite"",""messageId"":44630,""topic"":""proof.mqtt/DEVICE-13/gmb"",""qos"":1}",info,"{""level"":""info""}","{""project"":""90a47e04-a329-4122-9c82-2ee75a4562c2"",""environment"":""f6319bd4-2e87-40d4-8547-4ce714038bc1"",""service"":""c236b8cb-3eff-45c5-aca0-23e73e33dc8d"",""deployment"":""69394420-c732-4ebe-a5fd-54c2d5628ea7"",""replica"":""7fc15fda-5103-4647-b7c4-6251ceb0ef53""}",2026-07-23T06:20:03.107994055Z
"2026-07-23T06:20:02.095Z [[32minfo[39m] ⏱️ Tracking QoS 1 message (30s timeout) {""service"":""mqtt-publisher-lite"",""deviceId"":""DEVICE-13"",""messageId"":44630,""topic"":""proof.mqtt/DEVICE-13/gmb"",""pendingCount"":2}",info,"{""level"":""info""}","{""project"":""90a47e04-a329-4122-9c82-2ee75a4562c2"",""environment"":""f6319bd4-2e87-40d4-8547-4ce714038bc1"",""service"":""c236b8cb-3eff-45c5-aca0-23e73e33dc8d"",""deployment"":""69394420-c732-4ebe-a5fd-54c2d5628ea7"",""replica"":""7fc15fda-5103-4647-b7c4-6251ceb0ef53""}",2026-07-23T06:20:03.107998245Z
"2026-07-23T06:20:02.205Z [[32minfo[39m] ✅ PUBACK received {""service"":""mqtt-publisher-lite"",""messageId"":44629}",info,"{""level"":""info""}","{""project"":""90a47e04-a329-4122-9c82-2ee75a4562c2"",""environment"":""f6319bd4-2e87-40d4-8547-4ce714038bc1"",""service"":""c236b8cb-3eff-45c5-aca0-23e73e33dc8d"",""deployment"":""69394420-c732-4ebe-a5fd-54c2d5628ea7"",""replica"":""7fc15fda-5103-4647-b7c4-6251ceb0ef53""}",2026-07-23T06:20:03.108002085Z
"2026-07-23T06:20:02.205Z [[32minfo[39m] ✅ QoS 1 PUBACK confirmed {""service"":""mqtt-publisher-lite"",""deviceId"":""DEVICE-13"",""messageId"":44629,""deliveryTime"":""211ms"",""pendingCount"":1}",info,"{""level"":""info""}","{""project"":""90a47e04-a329-4122-9c82-2ee75a4562c2"",""environment"":""f6319bd4-2e87-40d4-8547-4ce714038bc1"",""service"":""c236b8cb-3eff-45c5-aca0-23e73e33dc8d"",""deployment"":""69394420-c732-4ebe-a5fd-54c2d5628ea7"",""replica"":""7fc15fda-5103-4647-b7c4-6251ceb0ef53""}",2026-07-23T06:20:03.108006625Z
"2026-07-23T06:20:02.205Z [[34mdebug[39m] ✅ [LIFECYCLE:PUBACK_OK] Device confirmed message receipt {""service"":""mqtt-publisher-lite"",""deviceId"":""DEVICE-13""}",info,"{""level"":""info""}","{""project"":""90a47e04-a329-4122-9c82-2ee75a4562c2"",""environment"":""f6319bd4-2e87-40d4-8547-4ce714038bc1"",""service"":""c236b8cb-3eff-45c5-aca0-23e73e33dc8d"",""deployment"":""69394420-c732-4ebe-a5fd-54c2d5628ea7"",""replica"":""7fc15fda-5103-4647-b7c4-6251ceb0ef53""}",2026-07-23T06:20:03.108011055Z
"2026-07-23T06:20:02.206Z [[34mdebug[39m] Message published {""service"":""mqtt-publisher-lite"",""topic"":""proof.mqtt/DEVICE-13/instagram"",""qos"":1,""deliveryTime"":""212ms""}",info,"{""level"":""info""}","{""project"":""90a47e04-a329-4122-9c82-2ee75a4562c2"",""environment"":""f6319bd4-2e87-40d4-8547-4ce714038bc1"",""service"":""c236b8cb-3eff-45c5-aca0-23e73e33dc8d"",""deployment"":""69394420-c732-4ebe-a5fd-54c2d5628ea7"",""replica"":""7fc15fda-5103-4647-b7c4-6251ceb0ef53""}",2026-07-23T06:20:03.108015635Z
"2026-07-23T06:20:02.206Z [[34mdebug[39m] Message received {""service"":""mqtt-publisher-lite"",""topic"":""proof.mqtt/DEVICE-13/instagram"",""size"":226,""retain"":false}",info,"{""level"":""info""}","{""project"":""90a47e04-a329-4122-9c82-2ee75a4562c2"",""environment"":""f6319bd4-2e87-40d4-8547-4ce714038bc1"",""service"":""c236b8cb-3eff-45c5-aca0-23e73e33dc8d"",""deployment"":""69394420-c732-4ebe-a5fd-54c2d5628ea7"",""replica"":""7fc15fda-5103-4647-b7c4-6251ceb0ef53""}",2026-07-23T06:20:03.108019335Z
"2026-07-23T06:20:02.206Z [[34mdebug[39m] Skipping echo message {""service"":""mqtt-publisher-lite"",""topic"":""proof.mqtt/DEVICE-13/instagram"",""age"":""0ms""}",info,"{""level"":""info""}","{""project"":""90a47e04-a329-4122-9c82-2ee75a4562c2"",""environment"":""f6319bd4-2e87-40d4-8547-4ce714038bc1"",""service"":""c236b8cb-3eff-45c5-aca0-23e73e33dc8d"",""deployment"":""69394420-c732-4ebe-a5fd-54c2d5628ea7"",""replica"":""7fc15fda-5103-4647-b7c4-6251ceb0ef53""}",2026-07-23T06:20:03.108022705Z
"2026-07-23T06:20:02.207Z [[34mdebug[39m] Screen message received {""service"":""mqtt-publisher-lite"",""topic"":""proof.mqtt/DEVICE-13/instagram"",""screen"":""instagram""}",info,"{""level"":""info""}","{""project"":""90a47e04-a329-4122-9c82-2ee75a4562c2"",""environment"":""f6319bd4-2e87-40d4-8547-4ce714038bc1"",""service"":""c236b8cb-3eff-45c5-aca0-23e73e33dc8d"",""deployment"":""69394420-c732-4ebe-a5fd-54c2d5628ea7"",""replica"":""7fc15fda-5103-4647-b7c4-6251ceb0ef53""}",2026-07-23T06:20:03.109598072Z
"2026-07-23T06:20:02.305Z [[32minfo[39m] [STIM_IG] Published {""service"":""mqtt-publisher-lite"",""deviceId"":""DEVICE-13"",""followers"":4,""target"":500,""mode"":""synthetic"",""achievement"":5,""celebration"":""false"",""done"":false}",info,"{""level"":""info""}","{""project"":""90a47e04-a329-4122-9c82-2ee75a4562c2"",""environment"":""f6319bd4-2e87-40d4-8547-4ce714038bc1"",""service"":""c236b8cb-3eff-45c5-aca0-23e73e33dc8d"",""deployment"":""69394420-c732-4ebe-a5fd-54c2d5628ea7"",""replica"":""7fc15fda-5103-4647-b7c4-6251ceb0ef53""}",2026-07-23T06:20:03.109604492Z
"2026-07-23T06:20:02.306Z [[32minfo[39m] ✅ PUBACK received {""service"":""mqtt-publisher-lite"",""messageId"":44630}",info,"{""level"":""info""}","{""project"":""90a47e04-a329-4122-9c82-2ee75a4562c2"",""environment"":""f6319bd4-2e87-40d4-8547-4ce714038bc1"",""service"":""c236b8cb-3eff-45c5-aca0-23e73e33dc8d"",""deployment"":""69394420-c732-4ebe-a5fd-54c2d5628ea7"",""replica"":""7fc15fda-5103-4647-b7c4-6251ceb0ef53""}",2026-07-23T06:20:03.109609252Z
"2026-07-23T06:20:02.306Z [[32minfo[39m] ✅ QoS 1 PUBACK confirmed {""service"":""mqtt-publisher-lite"",""deviceId"":""DEVICE-13"",""messageId"":44630,""deliveryTime"":""211ms"",""pendingCount"":0}",info,"{""level"":""info""}","{""project"":""90a47e04-a329-4122-9c82-2ee75a4562c2"",""environment"":""f6319bd4-2e87-40d4-8547-4ce714038bc1"",""service"":""c236b8cb-3eff-45c5-aca0-23e73e33dc8d"",""deployment"":""69394420-c732-4ebe-a5fd-54c2d5628ea7"",""replica"":""7fc15fda-5103-4647-b7c4-6251ceb0ef53""}",2026-07-23T06:20:03.109613072Z
"2026-07-23T06:20:02.306Z [[34mdebug[39m] ✅ [LIFECYCLE:PUBACK_OK] Device confirmed message receipt {""service"":""mqtt-publisher-lite"",""deviceId"":""DEVICE-13""}",info,"{""level"":""info""}","{""project"":""90a47e04-a329-4122-9c82-2ee75a4562c2"",""environment"":""f6319bd4-2e87-40d4-8547-4ce714038bc1"",""service"":""c236b8cb-3eff-45c5-aca0-23e73e33dc8d"",""deployment"":""69394420-c732-4ebe-a5fd-54c2d5628ea7"",""replica"":""7fc15fda-5103-4647-b7c4-6251ceb0ef53""}",2026-07-23T06:20:03.109616352Z
"2026-07-23T06:20:02.306Z [[34mdebug[39m] Message published {""service"":""mqtt-publisher-lite"",""topic"":""proof.mqtt/DEVICE-13/gmb"",""qos"":1,""deliveryTime"":""212ms""}",info,"{""level"":""info""}","{""project"":""90a47e04-a329-4122-9c82-2ee75a4562c2"",""environment"":""f6319bd4-2e87-40d4-8547-4ce714038bc1"",""service"":""c236b8cb-3eff-45c5-aca0-23e73e33dc8d"",""deployment"":""69394420-c732-4ebe-a5fd-54c2d5628ea7"",""replica"":""7fc15fda-5103-4647-b7c4-6251ceb0ef53""}",2026-07-23T06:20:03.109619702Z
"2026-07-23T06:20:02.306Z [[34mdebug[39m] Message received {""service"":""mqtt-publisher-lite"",""topic"":""proof.mqtt/DEVICE-13/gmb"",""size"":244,""retain"":false}",info,"{""level"":""info""}","{""project"":""90a47e04-a329-4122-9c82-2ee75a4562c2"",""environment"":""f6319bd4-2e87-40d4-8547-4ce714038bc1"",""service"":""c236b8cb-3eff-45c5-aca0-23e73e33dc8d"",""deployment"":""69394420-c732-4ebe-a5fd-54c2d5628ea7"",""replica"":""7fc15fda-5103-4647-b7c4-6251ceb0ef53""}",2026-07-23T06:20:03.109622722Z
"2026-07-23T06:20:02.306Z [[34mdebug[39m] Skipping echo message {""service"":""mqtt-publisher-lite"",""topic"":""proof.mqtt/DEVICE-13/gmb"",""age"":""0ms""}",info,"{""level"":""info""}","{""project"":""90a47e04-a329-4122-9c82-2ee75a4562c2"",""environment"":""f6319bd4-2e87-40d4-8547-4ce714038bc1"",""service"":""c236b8cb-3eff-45c5-aca0-23e73e33dc8d"",""deployment"":""69394420-c732-4ebe-a5fd-54c2d5628ea7"",""replica"":""7fc15fda-5103-4647-b7c4-6251ceb0ef53""}",2026-07-23T06:20:03.109625722Z
"2026-07-23T06:20:02.306Z [[34mdebug[39m] Screen message received {""service"":""mqtt-publisher-lite"",""topic"":""proof.mqtt/DEVICE-13/gmb"",""screen"":""gmb""}",info,"{""level"":""info""}","{""project"":""90a47e04-a329-4122-9c82-2ee75a4562c2"",""environment"":""f6319bd4-2e87-40d4-8547-4ce714038bc1"",""service"":""c236b8cb-3eff-45c5-aca0-23e73e33dc8d"",""deployment"":""69394420-c732-4ebe-a5fd-54c2d5628ea7"",""replica"":""7fc15fda-5103-4647-b7c4-6251ceb0ef53""}",2026-07-23T06:20:03.109628992Z
"2026-07-23T06:20:02.407Z [[32minfo[39m] [STIM_GMB] Published {""service"":""mqtt-publisher-lite"",""deviceId"":""DEVICE-13"",""reviews"":2,""target"":100,""mode"":""synthetic"",""celebration"":""false"",""done"":false}",info,"{""level"":""info""}","{""project"":""90a47e04-a329-4122-9c82-2ee75a4562c2"",""environment"":""f6319bd4-2e87-40d4-8547-4ce714038bc1"",""service"":""c236b8cb-3eff-45c5-aca0-23e73e33dc8d"",""deployment"":""69394420-c732-4ebe-a5fd-54c2d5628ea7"",""replica"":""7fc15fda-5103-4647-b7c4-6251ceb0ef53""}",2026-07-23T06:20:03.109631972Z
"2026-07-23T06:20:06.953Z [[32minfo[39m] HTTP request {""service"":""mqtt-publisher-lite"",""method"":""GET"",""path"":""/ota/download/proof:1.0.1"",""status"":200,""duration"":""376ms""}",info,"{""level"":""info""}","{""project"":""90a47e04-a329-4122-9c82-2ee75a4562c2"",""environment"":""f6319bd4-2e87-40d4-8547-4ce714038bc1"",""service"":""c236b8cb-3eff-45c5-aca0-23e73e33dc8d"",""deployment"":""69394420-c732-4ebe-a5fd-54c2d5628ea7"",""replica"":""7fc15fda-5103-4647-b7c4-6251ceb0ef53""}",2026-07-23T06:20:07.148422044Z
"2026-07-23T06:20:29.083Z [[32minfo[39m] 📤 [PUBLISH_CYCLE] Starting publish cycle {""service"":""mqtt-publisher-lite"",""deviceCount"":4,""source"":""redis"",""devices"":[{""id"":""DEVICE-17"",""userId"":""(none)"",""lastSeen"":""2026-07-23T06:18:29.397Z""},{""id"":""DEVICE-19"",""userId"":""68d3753f9f99d6b73ae2d991"",""lastSeen"":""2026-07-23T06:17:12.273Z""},{""id"":""DEVICE-15"",""userId"":""68d3753f9f99d6b73ae2d991"",""lastSeen"":""2026-07-23T06:19:59.507Z""},{""id"":""DEVICE-13"",""userId"":""6937af58f950f0f5356a1599"",""lastSeen"":""2026-07-23T06:20:02.306Z""}]}",info,"{""level"":""info""}","{""project"":""90a47e04-a329-4122-9c82-2ee75a4562c2"",""environment"":""f6319bd4-2e87-40d4-8547-4ce714038bc1"",""service"":""c236b8cb-3eff-45c5-aca0-23e73e33dc8d"",""deployment"":""69394420-c732-4ebe-a5fd-54c2d5628ea7"",""replica"":""7fc15fda-5103-4647-b7c4-6251ceb0ef53""}",2026-07-23T06:20:36.981842239Z
"2026-07-23T06:20:29.182Z [[32minfo[39m] 📤 QoS 1 message sent {""service"":""mqtt-publisher-lite"",""messageId"":44631,""topic"":""proof.mqtt/DEVICE-17/test-gmb"",""qos"":1}",info,"{""level"":""info""}","{""project"":""90a47e04-a329-4122-9c82-2ee75a4562c2"",""environment"":""f6319bd4-2e87-40d4-8547-4ce714038bc1"",""service"":""c236b8cb-3eff-45c5-aca0-23e73e33dc8d"",""deployment"":""69394420-c732-4ebe-a5fd-54c2d5628ea7"",""replica"":""7fc15fda-5103-4647-b7c4-6251ceb0ef53""}",2026-07-23T06:20:36.981849629Z
"2026-07-23T06:20:29.182Z [[32minfo[39m] ⏱️ Tracking QoS 1 message (30s timeout) {""service"":""mqtt-publisher-lite"",""deviceId"":""DEVICE-17"",""messageId"":44631,""topic"":""proof.mqtt/DEVICE-17/test-gmb"",""pendingCount"":1}",info,"{""level"":""info""}","{""project"":""90a47e04-a329-4122-9c82-2ee75a4562c2"",""environment"":""f6319bd4-2e87-40d4-8547-4ce714038bc1"",""service"":""c236b8cb-3eff-45c5-aca0-23e73e33dc8d"",""deployment"":""69394420-c732-4ebe-a5fd-54c2d5628ea7"",""replica"":""7fc15fda-5103-4647-b7c4-6251ceb0ef53""}",2026-07-23T06:20:36.981854039Z
"2026-07-23T06:20:29.194Z [[32minfo[39m] 📤 QoS 1 message sent {""service"":""mqtt-publisher-lite"",""messageId"":44632,""topic"":""proof.mqtt/DEVICE-15/instagram"",""qos"":1}",info,"{""level"":""info""}","{""project"":""90a47e04-a329-4122-9c82-2ee75a4562c2"",""environment"":""f6319bd4-2e87-40d4-8547-4ce714038bc1"",""service"":""c236b8cb-3eff-45c5-aca0-23e73e33dc8d"",""deployment"":""69394420-c732-4ebe-a5fd-54c2d5628ea7"",""replica"":""7fc15fda-5103-4647-b7c4-6251ceb0ef53""}",2026-07-23T06:20:36.981857609Z
"2026-07-23T06:20:29.194Z [[32minfo[39m] ⏱️ Tracking QoS 1 message (30s timeout) {""service"":""mqtt-publisher-lite"",""deviceId"":""DEVICE-15"",""messageId"":44632,""topic"":""proof.mqtt/DEVICE-15/instagram"",""pendingCount"":2}",info,"{""level"":""info""}","{""project"":""90a47e04-a329-4122-9c82-2ee75a4562c2"",""environment"":""f6319bd4-2e87-40d4-8547-4ce714038bc1"",""service"":""c236b8cb-3eff-45c5-aca0-23e73e33dc8d"",""deployment"":""69394420-c732-4ebe-a5fd-54c2d5628ea7"",""replica"":""7fc15fda-5103-4647-b7c4-6251ceb0ef53""}",2026-07-23T06:20:36.981861559Z
"2026-07-23T06:20:29.295Z [[32minfo[39m] 📤 QoS 1 message sent {""service"":""mqtt-publisher-lite"",""messageId"":44633,""topic"":""proof.mqtt/DEVICE-15/gmb"",""qos"":1}",info,"{""level"":""info""}","{""project"":""90a47e04-a329-4122-9c82-2ee75a4562c2"",""environment"":""f6319bd4-2e87-40d4-8547-4ce714038bc1"",""service"":""c236b8cb-3eff-45c5-aca0-23e73e33dc8d"",""deployment"":""69394420-c732-4ebe-a5fd-54c2d5628ea7"",""replica"":""7fc15fda-5103-4647-b7c4-6251ceb0ef53""}",2026-07-23T06:20:36.981866859Z
"2026-07-23T06:20:29.296Z [[32minfo[39m] ⏱️ Tracking QoS 1 message (30s timeout) {""service"":""mqtt-publisher-lite"",""deviceId"":""DEVICE-15"",""messageId"":44633,""topic"":""proof.mqtt/DEVICE-15/gmb"",""pendingCount"":3}",info,"{""level"":""info""}","{""project"":""90a47e04-a329-4122-9c82-2ee75a4562c2"",""environment"":""f6319bd4-2e87-40d4-8547-4ce714038bc1"",""service"":""c236b8cb-3eff-45c5-aca0-23e73e33dc8d"",""deployment"":""69394420-c732-4ebe-a5fd-54c2d5628ea7"",""replica"":""7fc15fda-5103-4647-b7c4-6251ceb0ef53""}",2026-07-23T06:20:36.981870959Z
"2026-07-23T06:20:29.393Z [[32minfo[39m] ✅ PUBACK received {""service"":""mqtt-publisher-lite"",""messageId"":44631}",info,"{""level"":""info""}","{""project"":""90a47e04-a329-4122-9c82-2ee75a4562c2"",""environment"":""f6319bd4-2e87-40d4-8547-4ce714038bc1"",""service"":""c236b8cb-3eff-45c5-aca0-23e73e33dc8d"",""deployment"":""69394420-c732-4ebe-a5fd-54c2d5628ea7"",""replica"":""7fc15fda-5103-4647-b7c4-6251ceb0ef53""}",2026-07-23T06:20:36.981875199Z
"2026-07-23T06:20:29.393Z [[32minfo[39m] ✅ QoS 1 PUBACK confirmed {""service"":""mqtt-publisher-lite"",""deviceId"":""DEVICE-17"",""messageId"":44631,""deliveryTime"":""211ms"",""pendingCount"":2}",info,"{""level"":""info""}","{""project"":""90a47e04-a329-4122-9c82-2ee75a4562c2"",""environment"":""f6319bd4-2e87-40d4-8547-4ce714038bc1"",""service"":""c236b8cb-3eff-45c5-aca0-23e73e33dc8d"",""deployment"":""69394420-c732-4ebe-a5fd-54c2d5628ea7"",""replica"":""7fc15fda-5103-4647-b7c4-6251ceb0ef53""}",2026-07-23T06:20:36.983251367Z
"2026-07-23T06:20:29.393Z [[34mdebug[39m] ✅ [LIFECYCLE:PUBACK_OK] Device confirmed message receipt {""service"":""mqtt-publisher-lite"",""deviceId"":""DEVICE-17""}",info,"{""level"":""info""}","{""project"":""90a47e04-a329-4122-9c82-2ee75a4562c2"",""environment"":""f6319bd4-2e87-40d4-8547-4ce714038bc1"",""service"":""c236b8cb-3eff-45c5-aca0-23e73e33dc8d"",""deployment"":""69394420-c732-4ebe-a5fd-54c2d5628ea7"",""replica"":""7fc15fda-5103-4647-b7c4-6251ceb0ef53""}",2026-07-23T06:20:36.983257497Z
"2026-07-23T06:20:29.393Z [[34mdebug[39m] Message published {""service"":""mqtt-publisher-lite"",""topic"":""proof.mqtt/DEVICE-17/test-gmb"",""qos"":1,""deliveryTime"":""211ms""}",info,"{""level"":""info""}","{""project"":""90a47e04-a329-4122-9c82-2ee75a4562c2"",""environment"":""f6319bd4-2e87-40d4-8547-4ce714038bc1"",""service"":""c236b8cb-3eff-45c5-aca0-23e73e33dc8d"",""deployment"":""69394420-c732-4ebe-a5fd-54c2d5628ea7"",""replica"":""7fc15fda-5103-4647-b7c4-6251ceb0ef53""}",2026-07-23T06:20:36.983263017Z
"2026-07-23T06:20:29.394Z [[34mdebug[39m] Published test-gmb screen {""service"":""mqtt-publisher-lite"",""deviceId"":""DEVICE-17"",""reviews"":437,""milestone"":440}",info,"{""level"":""info""}","{""project"":""90a47e04-a329-4122-9c82-2ee75a4562c2"",""environment"":""f6319bd4-2e87-40d4-8547-4ce714038bc1"",""service"":""c236b8cb-3eff-45c5-aca0-23e73e33dc8d"",""deployment"":""69394420-c732-4ebe-a5fd-54c2d5628ea7"",""replica"":""7fc15fda-5103-4647-b7c4-6251ceb0ef53""}",2026-07-23T06:20:36.983268027Z
"2026-07-23T06:20:29.405Z [[32minfo[39m] ✅ PUBACK received {""service"":""mqtt-publisher-lite"",""messageId"":44632}",info,"{""level"":""info""}","{""project"":""90a47e04-a329-4122-9c82-2ee75a4562c2"",""environment"":""f6319bd4-2e87-40d4-8547-4ce714038bc1"",""service"":""c236b8cb-3eff-45c5-aca0-23e73e33dc8d"",""deployment"":""69394420-c732-4ebe-a5fd-54c2d5628ea7"",""replica"":""7fc15fda-5103-4647-b7c4-6251ceb0ef53""}",2026-07-23T06:20:36.983273567Z
"2026-07-23T06:20:29.405Z [[32minfo[39m] ✅ QoS 1 PUBACK confirmed {""service"":""mqtt-publisher-lite"",""deviceId"":""DEVICE-15"",""messageId"":44632,""deliveryTime"":""211ms"",""pendingCount"":1}",info,"{""level"":""info""}","{""project"":""90a47e04-a329-4122-9c82-2ee75a4562c2"",""environment"":""f6319bd4-2e87-40d4-8547-4ce714038bc1"",""service"":""c236b8cb-3eff-45c5-aca0-23e73e33dc8d"",""deployment"":""69394420-c732-4ebe-a5fd-54c2d5628ea7"",""replica"":""7fc15fda-5103-4647-b7c4-6251ceb0ef53""}",2026-07-23T06:20:36.983279357Z
"2026-07-23T06:20:29.405Z [[34mdebug[39m] ✅ [LIFECYCLE:PUBACK_OK] Device confirmed message receipt {""service"":""mqtt-publisher-lite"",""deviceId"":""DEVICE-15""}",info,"{""level"":""info""}","{""project"":""90a47e04-a329-4122-9c82-2ee75a4562c2"",""environment"":""f6319bd4-2e87-40d4-8547-4ce714038bc1"",""service"":""c236b8cb-3eff-45c5-aca0-23e73e33dc8d"",""deployment"":""69394420-c732-4ebe-a5fd-54c2d5628ea7"",""replica"":""7fc15fda-5103-4647-b7c4-6251ceb0ef53""}",2026-07-23T06:20:36.983285347Z
"2026-07-23T06:20:29.405Z [[34mdebug[39m] Message published {""service"":""mqtt-publisher-lite"",""topic"":""proof.mqtt/DEVICE-15/instagram"",""qos"":1,""deliveryTime"":""211ms""}",info,"{""level"":""info""}","{""project"":""90a47e04-a329-4122-9c82-2ee75a4562c2"",""environment"":""f6319bd4-2e87-40d4-8547-4ce714038bc1"",""service"":""c236b8cb-3eff-45c5-aca0-23e73e33dc8d"",""deployment"":""69394420-c732-4ebe-a5fd-54c2d5628ea7"",""replica"":""7fc15fda-5103-4647-b7c4-6251ceb0ef53""}",2026-07-23T06:20:36.983290397Z
"2026-07-23T06:20:29.406Z [[34mdebug[39m] Message received {""service"":""mqtt-publisher-lite"",""topic"":""proof.mqtt/DEVICE-15/instagram"",""size"":228,""retain"":false}",info,"{""level"":""info""}","{""project"":""90a47e04-a329-4122-9c82-2ee75a4562c2"",""environment"":""f6319bd4-2e87-40d4-8547-4ce714038bc1"",""service"":""c236b8cb-3eff-45c5-aca0-23e73e33dc8d"",""deployment"":""69394420-c732-4ebe-a5fd-54c2d5628ea7"",""replica"":""7fc15fda-5103-4647-b7c4-6251ceb0ef53""}",2026-07-23T06:20:36.983295997Z
"2026-07-23T06:20:29.406Z [[34mdebug[39m] Skipping echo message {""service"":""mqtt-publisher-lite"",""topic"":""proof.mqtt/DEVICE-15/instagram"",""age"":""1ms""}",info,"{""level"":""info""}","{""project"":""90a47e04-a329-4122-9c82-2ee75a4562c2"",""environment"":""f6319bd4-2e87-40d4-8547-4ce714038bc1"",""service"":""c236b8cb-3eff-45c5-aca0-23e73e33dc8d"",""deployment"":""69394420-c732-4ebe-a5fd-54c2d5628ea7"",""replica"":""7fc15fda-5103-4647-b7c4-6251ceb0ef53""}",2026-07-23T06:20:36.983301137Z
"2026-07-23T06:20:29.407Z [[34mdebug[39m] Screen message received {""service"":""mqtt-publisher-lite"",""topic"":""proof.mqtt/DEVICE-15/instagram"",""screen"":""instagram""}",info,"{""level"":""info""}","{""project"":""90a47e04-a329-4122-9c82-2ee75a4562c2"",""environment"":""f6319bd4-2e87-40d4-8547-4ce714038bc1"",""service"":""c236b8cb-3eff-45c5-aca0-23e73e33dc8d"",""deployment"":""69394420-c732-4ebe-a5fd-54c2d5628ea7"",""replica"":""7fc15fda-5103-4647-b7c4-6251ceb0ef53""}",2026-07-23T06:20:36.983305827Z
"2026-07-23T06:20:29.505Z [[32minfo[39m] [STIM_IG] Published {""service"":""mqtt-publisher-lite"",""deviceId"":""DEVICE-15"",""followers"":11,""target"":500,""mode"":""synthetic"",""achievement"":15,""celebration"":""false"",""done"":false}",info,"{""level"":""info""}","{""project"":""90a47e04-a329-4122-9c82-2ee75a4562c2"",""environment"":""f6319bd4-2e87-40d4-8547-4ce714038bc1"",""service"":""c236b8cb-3eff-45c5-aca0-23e73e33dc8d"",""deployment"":""69394420-c732-4ebe-a5fd-54c2d5628ea7"",""replica"":""7fc15fda-5103-4647-b7c4-6251ceb0ef53""}",2026-07-23T06:20:36.984325389Z
"2026-07-23T06:20:29.506Z [[32minfo[39m] ✅ PUBACK received {""service"":""mqtt-publisher-lite"",""messageId"":44633}",info,"{""level"":""info""}","{""project"":""90a47e04-a329-4122-9c82-2ee75a4562c2"",""environment"":""f6319bd4-2e87-40d4-8547-4ce714038bc1"",""service"":""c236b8cb-3eff-45c5-aca0-23e73e33dc8d"",""deployment"":""69394420-c732-4ebe-a5fd-54c2d5628ea7"",""replica"":""7fc15fda-5103-4647-b7c4-6251ceb0ef53""}",2026-07-23T06:20:36.984330578Z
"2026-07-23T06:20:29.506Z [[32minfo[39m] ✅ QoS 1 PUBACK confirmed {""service"":""mqtt-publisher-lite"",""deviceId"":""DEVICE-15"",""messageId"":44633,""deliveryTime"":""210ms"",""pendingCount"":0}",info,"{""level"":""info""}","{""project"":""90a47e04-a329-4122-9c82-2ee75a4562c2"",""environment"":""f6319bd4-2e87-40d4-8547-4ce714038bc1"",""service"":""c236b8cb-3eff-45c5-aca0-23e73e33dc8d"",""deployment"":""69394420-c732-4ebe-a5fd-54c2d5628ea7"",""replica"":""7fc15fda-5103-4647-b7c4-6251ceb0ef53""}",2026-07-23T06:20:36.984333898Z
"2026-07-23T06:20:29.506Z [[34mdebug[39m] ✅ [LIFECYCLE:PUBACK_OK] Device confirmed message receipt {""service"":""mqtt-publisher-lite"",""deviceId"":""DEVICE-15""}",info,"{""level"":""info""}","{""project"":""90a47e04-a329-4122-9c82-2ee75a4562c2"",""environment"":""f6319bd4-2e87-40d4-8547-4ce714038bc1"",""service"":""c236b8cb-3eff-45c5-aca0-23e73e33dc8d"",""deployment"":""69394420-c732-4ebe-a5fd-54c2d5628ea7"",""replica"":""7fc15fda-5103-4647-b7c4-6251ceb0ef53""}",2026-07-23T06:20:36.984336538Z
"2026-07-23T06:20:29.506Z [[34mdebug[39m] Message published {""service"":""mqtt-publisher-lite"",""topic"":""proof.mqtt/DEVICE-15/gmb"",""qos"":1,""deliveryTime"":""211ms""}",info,"{""level"":""info""}","{""project"":""90a47e04-a329-4122-9c82-2ee75a4562c2"",""environment"":""f6319bd4-2e87-40d4-8547-4ce714038bc1"",""service"":""c236b8cb-3eff-45c5-aca0-23e73e33dc8d"",""deployment"":""69394420-c732-4ebe-a5fd-54c2d5628ea7"",""replica"":""7fc15fda-5103-4647-b7c4-6251ceb0ef53""}",2026-07-23T06:20:36.984339558Z
"2026-07-23T06:20:29.506Z [[34mdebug[39m] Message received {""service"":""mqtt-publisher-lite"",""topic"":""proof.mqtt/DEVICE-15/gmb"",""size"":245,""retain"":false}",info,"{""level"":""info""}","{""project"":""90a47e04-a329-4122-9c82-2ee75a4562c2"",""environment"":""f6319bd4-2e87-40d4-8547-4ce714038bc1"",""service"":""c236b8cb-3eff-45c5-aca0-23e73e33dc8d"",""deployment"":""69394420-c732-4ebe-a5fd-54c2d5628ea7"",""replica"":""7fc15fda-5103-4647-b7c4-6251ceb0ef53""}",2026-07-23T06:20:36.984343398Z
"2026-07-23T06:20:29.506Z [[34mdebug[39m] Skipping echo message {""service"":""mqtt-publisher-lite"",""topic"":""proof.mqtt/DEVICE-15/gmb"",""age"":""0ms""}",info,"{""level"":""info""}","{""project"":""90a47e04-a329-4122-9c82-2ee75a4562c2"",""environment"":""f6319bd4-2e87-40d4-8547-4ce714038bc1"",""service"":""c236b8cb-3eff-45c5-aca0-23e73e33dc8d"",""deployment"":""69394420-c732-4ebe-a5fd-54c2d5628ea7"",""replica"":""7fc15fda-5103-4647-b7c4-6251ceb0ef53""}",2026-07-23T06:20:36.984347228Z
"2026-07-23T06:20:29.507Z [[34mdebug[39m] Screen message received {""service"":""mqtt-publisher-lite"",""topic"":""proof.mqtt/DEVICE-15/gmb"",""screen"":""gmb""}",info,"{""level"":""info""}","{""project"":""90a47e04-a329-4122-9c82-2ee75a4562c2"",""environment"":""f6319bd4-2e87-40d4-8547-4ce714038bc1"",""service"":""c236b8cb-3eff-45c5-aca0-23e73e33dc8d"",""deployment"":""69394420-c732-4ebe-a5fd-54c2d5628ea7"",""replica"":""7fc15fda-5103-4647-b7c4-6251ceb0ef53""}",2026-07-23T06:20:36.984350548Z
"2026-07-23T06:20:29.535Z [[34mdebug[39m] 📤 [PUBLISH_CYCLE] Publishing all screens to device {""service"":""mqtt-publisher-lite"",""deviceId"":""DEVICE-17""}",info,"{""level"":""info""}","{""project"":""90a47e04-a329-4122-9c82-2ee75a4562c2"",""environment"":""f6319bd4-2e87-40d4-8547-4ce714038bc1"",""service"":""c236b8cb-3eff-45c5-aca0-23e73e33dc8d"",""deployment"":""69394420-c732-4ebe-a5fd-54c2d5628ea7"",""replica"":""7fc15fda-5103-4647-b7c4-6251ceb0ef53""}",2026-07-23T06:20:36.984354088Z
"2026-07-23T06:20:29.616Z [[32minfo[39m] [STIM_GMB] Published {""service"":""mqtt-publisher-lite"",""deviceId"":""DEVICE-15"",""reviews"":9,""target"":100,""mode"":""synthetic"",""celebration"":""false"",""done"":false}",info,"{""level"":""info""}","{""project"":""90a47e04-a329-4122-9c82-2ee75a4562c2"",""environment"":""f6319bd4-2e87-40d4-8547-4ce714038bc1"",""service"":""c236b8cb-3eff-45c5-aca0-23e73e33dc8d"",""deployment"":""69394420-c732-4ebe-a5fd-54c2d5628ea7"",""replica"":""7fc15fda-5103-4647-b7c4-6251ceb0ef53""}",2026-07-23T06:20:36.984357168Z
"2026-07-23T06:20:29.681Z [[32minfo[39m] [PROMOTION] Default canvas not published {""service"":""mqtt-publisher-lite"",""deviceId"":""DEVICE-17"",""topic"":""proof.mqtt/DEVICE-17/promotion"",""reason"":""unchanged""}",info,"{""level"":""info""}","{""project"":""90a47e04-a329-4122-9c82-2ee75a4562c2"",""environment"":""f6319bd4-2e87-40d4-8547-4ce714038bc1"",""service"":""c236b8cb-3eff-45c5-aca0-23e73e33dc8d"",""deployment"":""69394420-c732-4ebe-a5fd-54c2d5628ea7"",""replica"":""7fc15fda-5103-4647-b7c4-6251ceb0ef53""}",2026-07-23T06:20:36.985368380Z
"2026-07-23T06:20:29.797Z [[34mdebug[39m] [STIM_SKIP] StatsPublisher skipping stim device {""service"":""mqtt-publisher-lite"",""deviceId"":""DEVICE-19""}",info,"{""level"":""info""}","{""project"":""90a47e04-a329-4122-9c82-2ee75a4562c2"",""environment"":""f6319bd4-2e87-40d4-8547-4ce714038bc1"",""service"":""c236b8cb-3eff-45c5-aca0-23e73e33dc8d"",""deployment"":""69394420-c732-4ebe-a5fd-54c2d5628ea7"",""replica"":""7fc15fda-5103-4647-b7c4-6251ceb0ef53""}",2026-07-23T06:20:36.985371520Z
"2026-07-23T06:20:29.797Z [[34mdebug[39m] [STIM_SKIP] StatsPublisher skipping stim device {""service"":""mqtt-publisher-lite"",""deviceId"":""DEVICE-15""}",info,"{""level"":""info""}","{""project"":""90a47e04-a329-4122-9c82-2ee75a4562c2"",""environment"":""f6319bd4-2e87-40d4-8547-4ce714038bc1"",""service"":""c236b8cb-3eff-45c5-aca0-23e73e33dc8d"",""deployment"":""69394420-c732-4ebe-a5fd-54c2d5628ea7"",""replica"":""7fc15fda-5103-4647-b7c4-6251ceb0ef53""}",2026-07-23T06:20:36.985374580Z
"2026-07-23T06:20:29.797Z [[34mdebug[39m] [STIM_SKIP] StatsPublisher skipping stim device {""service"":""mqtt-publisher-lite"",""deviceId"":""DEVICE-13""}",info,"{""level"":""info""}","{""project"":""90a47e04-a329-4122-9c82-2ee75a4562c2"",""environment"":""f6319bd4-2e87-40d4-8547-4ce714038bc1"",""service"":""c236b8cb-3eff-45c5-aca0-23e73e33dc8d"",""deployment"":""69394420-c732-4ebe-a5fd-54c2d5628ea7"",""replica"":""7fc15fda-5103-4647-b7c4-6251ceb0ef53""}",2026-07-23T06:20:36.985377380Z
"2026-07-23T06:20:31.993Z [[32minfo[39m] 📤 QoS 1 message sent {""service"":""mqtt-publisher-lite"",""messageId"":44634,""topic"":""proof.mqtt/DEVICE-13/instagram"",""qos"":1}",info,"{""level"":""info""}","{""project"":""90a47e04-a329-4122-9c82-2ee75a4562c2"",""environment"":""f6319bd4-2e87-40d4-8547-4ce714038bc1"",""service"":""c236b8cb-3eff-45c5-aca0-23e73e33dc8d"",""deployment"":""69394420-c732-4ebe-a5fd-54c2d5628ea7"",""replica"":""7fc15fda-5103-4647-b7c4-6251ceb0ef53""}",2026-07-23T06:20:36.985379940Z
"2026-07-23T06:20:31.994Z [[32minfo[39m] ⏱️ Tracking QoS 1 message (30s timeout) {""service"":""mqtt-publisher-lite"",""deviceId"":""DEVICE-13"",""messageId"":44634,""topic"":""proof.mqtt/DEVICE-13/instagram"",""pendingCount"":1}",info,"{""level"":""info""}","{""project"":""90a47e04-a329-4122-9c82-2ee75a4562c2"",""environment"":""f6319bd4-2e87-40d4-8547-4ce714038bc1"",""service"":""c236b8cb-3eff-45c5-aca0-23e73e33dc8d"",""deployment"":""69394420-c732-4ebe-a5fd-54c2d5628ea7"",""replica"":""7fc15fda-5103-4647-b7c4-6251ceb0ef53""}",2026-07-23T06:20:36.985382730Z
"2026-07-23T06:20:32.094Z [[32minfo[39m] 📤 QoS 1 message sent {""service"":""mqtt-publisher-lite"",""messageId"":44635,""topic"":""proof.mqtt/DEVICE-13/gmb"",""qos"":1}",info,"{""level"":""info""}","{""project"":""90a47e04-a329-4122-9c82-2ee75a4562c2"",""environment"":""f6319bd4-2e87-40d4-8547-4ce714038bc1"",""service"":""c236b8cb-3eff-45c5-aca0-23e73e33dc8d"",""deployment"":""69394420-c732-4ebe-a5fd-54c2d5628ea7"",""replica"":""7fc15fda-5103-4647-b7c4-6251ceb0ef53""}",2026-07-23T06:20:36.985386350Z
"2026-07-23T06:20:32.095Z [[32minfo[39m] ⏱️ Tracking QoS 1 message (30s timeout) {""service"":""mqtt-publisher-lite"",""deviceId"":""DEVICE-13"",""messageId"":44635,""topic"":""proof.mqtt/DEVICE-13/gmb"",""pendingCount"":2}",info,"{""level"":""info""}","{""project"":""90a47e04-a329-4122-9c82-2ee75a4562c2"",""environment"":""f6319bd4-2e87-40d4-8547-4ce714038bc1"",""service"":""c236b8cb-3eff-45c5-aca0-23e73e33dc8d"",""deployment"":""69394420-c732-4ebe-a5fd-54c2d5628ea7"",""replica"":""7fc15fda-5103-4647-b7c4-6251ceb0ef53""}",2026-07-23T06:20:36.985389620Z
"2026-07-23T06:20:32.204Z [[32minfo[39m] ✅ PUBACK received {""service"":""mqtt-publisher-lite"",""messageId"":44634}",info,"{""level"":""info""}","{""project"":""90a47e04-a329-4122-9c82-2ee75a4562c2"",""environment"":""f6319bd4-2e87-40d4-8547-4ce714038bc1"",""service"":""c236b8cb-3eff-45c5-aca0-23e73e33dc8d"",""deployment"":""69394420-c732-4ebe-a5fd-54c2d5628ea7"",""replica"":""7fc15fda-5103-4647-b7c4-6251ceb0ef53""}",2026-07-23T06:20:36.985392600Z
"2026-07-23T06:20:32.204Z [[32minfo[39m] ✅ QoS 1 PUBACK confirmed {""service"":""mqtt-publisher-lite"",""deviceId"":""DEVICE-13"",""messageId"":44634,""deliveryTime"":""210ms"",""pendingCount"":1}",info,"{""level"":""info""}","{""project"":""90a47e04-a329-4122-9c82-2ee75a4562c2"",""environment"":""f6319bd4-2e87-40d4-8547-4ce714038bc1"",""service"":""c236b8cb-3eff-45c5-aca0-23e73e33dc8d"",""deployment"":""69394420-c732-4ebe-a5fd-54c2d5628ea7"",""replica"":""7fc15fda-5103-4647-b7c4-6251ceb0ef53""}",2026-07-23T06:20:36.985396800Z
"2026-07-23T06:20:32.204Z [[34mdebug[39m] ✅ [LIFECYCLE:PUBACK_OK] Device confirmed message receipt {""service"":""mqtt-publisher-lite"",""deviceId"":""DEVICE-13""}",info,"{""level"":""info""}","{""project"":""90a47e04-a329-4122-9c82-2ee75a4562c2"",""environment"":""f6319bd4-2e87-40d4-8547-4ce714038bc1"",""service"":""c236b8cb-3eff-45c5-aca0-23e73e33dc8d"",""deployment"":""69394420-c732-4ebe-a5fd-54c2d5628ea7"",""replica"":""7fc15fda-5103-4647-b7c4-6251ceb0ef53""}",2026-07-23T06:20:36.986901147Z
"2026-07-23T06:20:32.205Z [[34mdebug[39m] Message published {""service"":""mqtt-publisher-lite"",""topic"":""proof.mqtt/DEVICE-13/instagram"",""qos"":1,""deliveryTime"":""212ms""}",info,"{""level"":""info""}","{""project"":""90a47e04-a329-4122-9c82-2ee75a4562c2"",""environment"":""f6319bd4-2e87-40d4-8547-4ce714038bc1"",""service"":""c236b8cb-3eff-45c5-aca0-23e73e33dc8d"",""deployment"":""69394420-c732-4ebe-a5fd-54c2d5628ea7"",""replica"":""7fc15fda-5103-4647-b7c4-6251ceb0ef53""}",2026-07-23T06:20:36.986908457Z
"2026-07-23T06:20:32.205Z [[34mdebug[39m] Message received {""service"":""mqtt-publisher-lite"",""topic"":""proof.mqtt/DEVICE-13/instagram"",""size"":252,""retain"":false}",info,"{""level"":""info""}","{""project"":""90a47e04-a329-4122-9c82-2ee75a4562c2"",""environment"":""f6319bd4-2e87-40d4-8547-4ce714038bc1"",""service"":""c236b8cb-3eff-45c5-aca0-23e73e33dc8d"",""deployment"":""69394420-c732-4ebe-a5fd-54c2d5628ea7"",""replica"":""7fc15fda-5103-4647-b7c4-6251ceb0ef53""}",2026-07-23T06:20:36.986914097Z
"2026-07-23T06:20:32.205Z [[34mdebug[39m] Skipping echo message {""service"":""mqtt-publisher-lite"",""topic"":""proof.mqtt/DEVICE-13/instagram"",""age"":""0ms""}",info,"{""level"":""info""}","{""project"":""90a47e04-a329-4122-9c82-2ee75a4562c2"",""environment"":""f6319bd4-2e87-40d4-8547-4ce714038bc1"",""service"":""c236b8cb-3eff-45c5-aca0-23e73e33dc8d"",""deployment"":""69394420-c732-4ebe-a5fd-54c2d5628ea7"",""replica"":""7fc15fda-5103-4647-b7c4-6251ceb0ef53""}",2026-07-23T06:20:36.986919457Z
"2026-07-23T06:20:32.206Z [[34mdebug[39m] Screen message received {""service"":""mqtt-publisher-lite"",""topic"":""proof.mqtt/DEVICE-13/instagram"",""screen"":""instagram""}",info,"{""level"":""info""}","{""project"":""90a47e04-a329-4122-9c82-2ee75a4562c2"",""environment"":""f6319bd4-2e87-40d4-8547-4ce714038bc1"",""service"":""c236b8cb-3eff-45c5-aca0-23e73e33dc8d"",""deployment"":""69394420-c732-4ebe-a5fd-54c2d5628ea7"",""replica"":""7fc15fda-5103-4647-b7c4-6251ceb0ef53""}",2026-07-23T06:20:36.986924437Z
"2026-07-23T06:20:32.304Z [[32minfo[39m] [STIM_IG] Published {""service"":""mqtt-publisher-lite"",""deviceId"":""DEVICE-13"",""followers"":5,""target"":500,""mode"":""synthetic"",""achievement"":10,""celebration"":""true"",""done"":false}",info,"{""level"":""info""}","{""project"":""90a47e04-a329-4122-9c82-2ee75a4562c2"",""environment"":""f6319bd4-2e87-40d4-8547-4ce714038bc1"",""service"":""c236b8cb-3eff-45c5-aca0-23e73e33dc8d"",""deployment"":""69394420-c732-4ebe-a5fd-54c2d5628ea7"",""replica"":""7fc15fda-5103-4647-b7c4-6251ceb0ef53""}",2026-07-23T06:20:36.986929897Z
"2026-07-23T06:20:32.305Z [[32minfo[39m] ✅ PUBACK received {""service"":""mqtt-publisher-lite"",""messageId"":44635}",info,"{""level"":""info""}","{""project"":""90a47e04-a329-4122-9c82-2ee75a4562c2"",""environment"":""f6319bd4-2e87-40d4-8547-4ce714038bc1"",""service"":""c236b8cb-3eff-45c5-aca0-23e73e33dc8d"",""deployment"":""69394420-c732-4ebe-a5fd-54c2d5628ea7"",""replica"":""7fc15fda-5103-4647-b7c4-6251ceb0ef53""}",2026-07-23T06:20:36.986934597Z
"2026-07-23T06:20:32.305Z [[32minfo[39m] ✅ QoS 1 PUBACK confirmed {""service"":""mqtt-publisher-lite"",""deviceId"":""DEVICE-13"",""messageId"":44635,""deliveryTime"":""210ms"",""pendingCount"":0}",info,"{""level"":""info""}","{""project"":""90a47e04-a329-4122-9c82-2ee75a4562c2"",""environment"":""f6319bd4-2e87-40d4-8547-4ce714038bc1"",""service"":""c236b8cb-3eff-45c5-aca0-23e73e33dc8d"",""deployment"":""69394420-c732-4ebe-a5fd-54c2d5628ea7"",""replica"":""7fc15fda-5103-4647-b7c4-6251ceb0ef53""}",2026-07-23T06:20:36.986940247Z
"2026-07-23T06:20:32.305Z [[34mdebug[39m] ✅ [LIFECYCLE:PUBACK_OK] Device confirmed message receipt {""service"":""mqtt-publisher-lite"",""deviceId"":""DEVICE-13""}",info,"{""level"":""info""}","{""project"":""90a47e04-a329-4122-9c82-2ee75a4562c2"",""environment"":""f6319bd4-2e87-40d4-8547-4ce714038bc1"",""service"":""c236b8cb-3eff-45c5-aca0-23e73e33dc8d"",""deployment"":""69394420-c732-4ebe-a5fd-54c2d5628ea7"",""replica"":""7fc15fda-5103-4647-b7c4-6251ceb0ef53""}",2026-07-23T06:20:36.986946217Z
"2026-07-23T06:20:32.305Z [[34mdebug[39m] Message published {""service"":""mqtt-publisher-lite"",""topic"":""proof.mqtt/DEVICE-13/gmb"",""qos"":1,""deliveryTime"":""211ms""}",info,"{""level"":""info""}","{""project"":""90a47e04-a329-4122-9c82-2ee75a4562c2"",""environment"":""f6319bd4-2e87-40d4-8547-4ce714038bc1"",""service"":""c236b8cb-3eff-45c5-aca0-23e73e33dc8d"",""deployment"":""69394420-c732-4ebe-a5fd-54c2d5628ea7"",""replica"":""7fc15fda-5103-4647-b7c4-6251ceb0ef53""}",2026-07-23T06:20:36.986961927Z
"2026-07-23T06:20:32.306Z [[34mdebug[39m] Message received {""service"":""mqtt-publisher-lite"",""topic"":""proof.mqtt/DEVICE-13/gmb"",""size"":244,""retain"":false}",info,"{""level"":""info""}","{""project"":""90a47e04-a329-4122-9c82-2ee75a4562c2"",""environment"":""f6319bd4-2e87-40d4-8547-4ce714038bc1"",""service"":""c236b8cb-3eff-45c5-aca0-23e73e33dc8d"",""deployment"":""69394420-c732-4ebe-a5fd-54c2d5628ea7"",""replica"":""7fc15fda-5103-4647-b7c4-6251ceb0ef53""}",2026-07-23T06:20:36.988263446Z
"2026-07-23T06:20:32.306Z [[34mdebug[39m] Skipping echo message {""service"":""mqtt-publisher-lite"",""topic"":""proof.mqtt/DEVICE-13/gmb"",""age"":""1ms""}",info,"{""level"":""info""}","{""project"":""90a47e04-a329-4122-9c82-2ee75a4562c2"",""environment"":""f6319bd4-2e87-40d4-8547-4ce714038bc1"",""service"":""c236b8cb-3eff-45c5-aca0-23e73e33dc8d"",""deployment"":""69394420-c732-4ebe-a5fd-54c2d5628ea7"",""replica"":""7fc15fda-5103-4647-b7c4-6251ceb0ef53""}",2026-07-23T06:20:36.988269385Z
"2026-07-23T06:20:32.306Z [[34mdebug[39m] Screen message received {""service"":""mqtt-publisher-lite"",""topic"":""proof.mqtt/DEVICE-13/gmb"",""screen"":""gmb""}",info,"{""level"":""info""}","{""project"":""90a47e04-a329-4122-9c82-2ee75a4562c2"",""environment"":""f6319bd4-2e87-40d4-8547-4ce714038bc1"",""service"":""c236b8cb-3eff-45c5-aca0-23e73e33dc8d"",""deployment"":""69394420-c732-4ebe-a5fd-54c2d5628ea7"",""replica"":""7fc15fda-5103-4647-b7c4-6251ceb0ef53""}",2026-07-23T06:20:36.988272695Z
"2026-07-23T06:20:32.405Z [[32minfo[39m] [STIM_GMB] Published {""service"":""mqtt-publisher-lite"",""deviceId"":""DEVICE-13"",""reviews"":3,""target"":100,""mode"":""synthetic"",""celebration"":""false"",""done"":false}",info,"{""level"":""info""}","{""project"":""90a47e04-a329-4122-9c82-2ee75a4562c2"",""environment"":""f6319bd4-2e87-40d4-8547-4ce714038bc1"",""service"":""c236b8cb-3eff-45c5-aca0-23e73e33dc8d"",""deployment"":""69394420-c732-4ebe-a5fd-54c2d5628ea7"",""replica"":""7fc15fda-5103-4647-b7c4-6251ceb0ef53""}",2026-07-23T06:20:36.988277805Z
"2026-07-23T06:20:59.194Z [[32minfo[39m] 📤 QoS 1 message sent {""service"":""mqtt-publisher-lite"",""messageId"":44636,""topic"":""proof.mqtt/DEVICE-15/instagram"",""qos"":1}",info,"{""level"":""info""}","{""project"":""90a47e04-a329-4122-9c82-2ee75a4562c2"",""environment"":""f6319bd4-2e87-40d4-8547-4ce714038bc1"",""service"":""c236b8cb-3eff-45c5-aca0-23e73e33dc8d"",""deployment"":""69394420-c732-4ebe-a5fd-54c2d5628ea7"",""replica"":""7fc15fda-5103-4647-b7c4-6251ceb0ef53""}",2026-07-23T06:21:07.008349113Z
"2026-07-23T06:20:59.194Z [[32minfo[39m] ⏱️ Tracking QoS 1 message (30s timeout) {""service"":""mqtt-publisher-lite"",""deviceId"":""DEVICE-15"",""messageId"":44636,""topic"":""proof.mqtt/DEVICE-15/instagram"",""pendingCount"":1}",info,"{""level"":""info""}","{""project"":""90a47e04-a329-4122-9c82-2ee75a4562c2"",""environment"":""f6319bd4-2e87-40d4-8547-4ce714038bc1"",""service"":""c236b8cb-3eff-45c5-aca0-23e73e33dc8d"",""deployment"":""69394420-c732-4ebe-a5fd-54c2d5628ea7"",""replica"":""7fc15fda-5103-4647-b7c4-6251ceb0ef53""}",2026-07-23T06:21:07.008354163Z
"2026-07-23T06:20:59.278Z [[34mdebug[39m] [IG_DIRECT] No Instagram credentials (Redis proof.mqtt:device:{id} or active-devices.json) {""service"":""mqtt-publisher-lite"",""deviceId"":""DEVICE-17"",""trigger"":""scheduled""}",info,"{""level"":""info""}","{""project"":""90a47e04-a329-4122-9c82-2ee75a4562c2"",""environment"":""f6319bd4-2e87-40d4-8547-4ce714038bc1"",""service"":""c236b8cb-3eff-45c5-aca0-23e73e33dc8d"",""deployment"":""69394420-c732-4ebe-a5fd-54c2d5628ea7"",""replica"":""7fc15fda-5103-4647-b7c4-6251ceb0ef53""}",2026-07-23T06:21:07.008359533Z
"2026-07-23T06:20:59.296Z [[32minfo[39m] 📤 QoS 1 message sent {""service"":""mqtt-publisher-lite"",""messageId"":44637,""topic"":""proof.mqtt/DEVICE-15/gmb"",""qos"":1}",info,"{""level"":""info""}","{""project"":""90a47e04-a329-4122-9c82-2ee75a4562c2"",""environment"":""f6319bd4-2e87-40d4-8547-4ce714038bc1"",""service"":""c236b8cb-3eff-45c5-aca0-23e73e33dc8d"",""deployment"":""69394420-c732-4ebe-a5fd-54c2d5628ea7"",""replica"":""7fc15fda-5103-4647-b7c4-6251ceb0ef53""}",2026-07-23T06:21:07.008364403Z
"2026-07-23T06:20:59.297Z [[32minfo[39m] ⏱️ Tracking QoS 1 message (30s timeout) {""service"":""mqtt-publisher-lite"",""deviceId"":""DEVICE-15"",""messageId"":44637,""topic"":""proof.mqtt/DEVICE-15/gmb"",""pendingCount"":2}",info,"{""level"":""info""}","{""project"":""90a47e04-a329-4122-9c82-2ee75a4562c2"",""environment"":""f6319bd4-2e87-40d4-8547-4ce714038bc1"",""service"":""c236b8cb-3eff-45c5-aca0-23e73e33dc8d"",""deployment"":""69394420-c732-4ebe-a5fd-54c2d5628ea7"",""replica"":""7fc15fda-5103-4647-b7c4-6251ceb0ef53""}",2026-07-23T06:21:07.008369343Z
"2026-07-23T06:20:59.378Z [[34mdebug[39m] Instagram fetch audit written to InfluxDB {""service"":""mqtt-publisher-lite"",""deviceId"":""DEVICE-17"",""success"":false}",info,"{""level"":""info""}","{""project"":""90a47e04-a329-4122-9c82-2ee75a4562c2"",""environment"":""f6319bd4-2e87-40d4-8547-4ce714038bc1"",""service"":""c236b8cb-3eff-45c5-aca0-23e73e33dc8d"",""deployment"":""69394420-c732-4ebe-a5fd-54c2d5628ea7"",""replica"":""7fc15fda-5103-4647-b7c4-6251ceb0ef53""}",2026-07-23T06:21:07.008374293Z
"2026-07-23T06:20:59.378Z [[33mwarn[39m] [IG_SCREEN] Skipping MQTT for failed fetch {""service"":""mqtt-publisher-lite"",""deviceId"":""DEVICE-17"",""error"":""no_instagram_credentials""}",info,"{""level"":""info""}","{""project"":""90a47e04-a329-4122-9c82-2ee75a4562c2"",""environment"":""f6319bd4-2e87-40d4-8547-4ce714038bc1"",""service"":""c236b8cb-3eff-45c5-aca0-23e73e33dc8d"",""deployment"":""69394420-c732-4ebe-a5fd-54c2d5628ea7"",""replica"":""7fc15fda-5103-4647-b7c4-6251ceb0ef53""}",2026-07-23T06:21:07.008379543Z
"2026-07-23T06:20:59.379Z [[32minfo[39m] InfluxDB batch flush {""service"":""mqtt-publisher-lite"",""source"":""metrics_disk_queue_worker"",""count"":1,""lines"":[""instagram_fetch_audit,device_id=DEVICE-17,success=false,trigger_type=scheduled duration_ms=0i,error_message=\""no_instagram_credentials\"",user_id_at_time=\""unknown\"" 1784787659278000000""]}",info,"{""level"":""info""}","{""project"":""90a47e04-a329-4122-9c82-2ee75a4562c2"",""environment"":""f6319bd4-2e87-40d4-8547-4ce714038bc1"",""service"":""c236b8cb-3eff-45c5-aca0-23e73e33dc8d"",""deployment"":""69394420-c732-4ebe-a5fd-54c2d5628ea7"",""replica"":""7fc15fda-5103-4647-b7c4-6251ceb0ef53""}",2026-07-23T06:21:07.008384483Z
"2026-07-23T06:20:59.408Z [[32minfo[39m] ✅ PUBACK received {""service"":""mqtt-publisher-lite"",""messageId"":44636}",info,"{""level"":""info""}","{""project"":""90a47e04-a329-4122-9c82-2ee75a4562c2"",""environment"":""f6319bd4-2e87-40d4-8547-4ce714038bc1"",""service"":""c236b8cb-3eff-45c5-aca0-23e73e33dc8d"",""deployment"":""69394420-c732-4ebe-a5fd-54c2d5628ea7"",""replica"":""7fc15fda-5103-4647-b7c4-6251ceb0ef53""}",2026-07-23T06:21:07.008389513Z
"2026-07-23T06:20:59.409Z [[32minfo[39m] ✅ QoS 1 PUBACK confirmed {""service"":""mqtt-publisher-lite"",""deviceId"":""DEVICE-15"",""messageId"":44636,""deliveryTime"":""215ms"",""pendingCount"":1}",info,"{""level"":""info""}","{""project"":""90a47e04-a329-4122-9c82-2ee75a4562c2"",""environment"":""f6319bd4-2e87-40d4-8547-4ce714038bc1"",""service"":""c236b8cb-3eff-45c5-aca0-23e73e33dc8d"",""deployment"":""69394420-c732-4ebe-a5fd-54c2d5628ea7"",""replica"":""7fc15fda-5103-4647-b7c4-6251ceb0ef53""}",2026-07-23T06:21:07.009741291Z
"2026-07-23T06:20:59.409Z [[34mdebug[39m] ✅ [LIFECYCLE:PUBACK_OK] Device confirmed message receipt {""service"":""mqtt-publisher-lite"",""deviceId"":""DEVICE-15""}",info,"{""level"":""info""}","{""project"":""90a47e04-a329-4122-9c82-2ee75a4562c2"",""environment"":""f6319bd4-2e87-40d4-8547-4ce714038bc1"",""service"":""c236b8cb-3eff-45c5-aca0-23e73e33dc8d"",""deployment"":""69394420-c732-4ebe-a5fd-54c2d5628ea7"",""replica"":""7fc15fda-5103-4647-b7c4-6251ceb0ef53""}",2026-07-23T06:21:07.009753131Z
"2026-07-23T06:20:59.409Z [[34mdebug[39m] Message published {""service"":""mqtt-publisher-lite"",""topic"":""proof.mqtt/DEVICE-15/instagram"",""qos"":1,""deliveryTime"":""215ms""}",info,"{""level"":""info""}","{""project"":""90a47e04-a329-4122-9c82-2ee75a4562c2"",""environment"":""f6319bd4-2e87-40d4-8547-4ce714038bc1"",""service"":""c236b8cb-3eff-45c5-aca0-23e73e33dc8d"",""deployment"":""69394420-c732-4ebe-a5fd-54c2d5628ea7"",""replica"":""7fc15fda-5103-4647-b7c4-6251ceb0ef53""}",2026-07-23T06:21:07.009759861Z
"2026-07-23T06:20:59.409Z [[34mdebug[39m] Message received {""service"":""mqtt-publisher-lite"",""topic"":""proof.mqtt/DEVICE-15/instagram"",""size"":228,""retain"":false}",info,"{""level"":""info""}","{""project"":""90a47e04-a329-4122-9c82-2ee75a4562c2"",""environment"":""f6319bd4-2e87-40d4-8547-4ce714038bc1"",""service"":""c236b8cb-3eff-45c5-aca0-23e73e33dc8d"",""deployment"":""69394420-c732-4ebe-a5fd-54c2d5628ea7"",""replica"":""7fc15fda-5103-4647-b7c4-6251ceb0ef53""}",2026-07-23T06:21:07.009766291Z
"2026-07-23T06:20:59.409Z [[34mdebug[39m] Skipping echo message {""service"":""mqtt-publisher-lite"",""topic"":""proof.mqtt/DEVICE-15/instagram"",""age"":""0ms""}",info,"{""level"":""info""}","{""project"":""90a47e04-a329-4122-9c82-2ee75a4562c2"",""environment"":""f6319bd4-2e87-40d4-8547-4ce714038bc1"",""service"":""c236b8cb-3eff-45c5-aca0-23e73e33dc8d"",""deployment"":""69394420-c732-4ebe-a5fd-54c2d5628ea7"",""replica"":""7fc15fda-5103-4647-b7c4-6251ceb0ef53""}",2026-07-23T06:21:07.009771881Z
"2026-07-23T06:20:59.409Z [[34mdebug[39m] Screen message received {""service"":""mqtt-publisher-lite"",""topic"":""proof.mqtt/DEVICE-15/instagram"",""screen"":""instagram""}",info,"{""level"":""info""}","{""project"":""90a47e04-a329-4122-9c82-2ee75a4562c2"",""environment"":""f6319bd4-2e87-40d4-8547-4ce714038bc1"",""service"":""c236b8cb-3eff-45c5-aca0-23e73e33dc8d"",""deployment"":""69394420-c732-4ebe-a5fd-54c2d5628ea7"",""replica"":""7fc15fda-5103-4647-b7c4-6251ceb0ef53""}",2026-07-23T06:21:07.009778981Z
"2026-07-23T06:20:59.507Z [[32minfo[39m] ✅ PUBACK received {""service"":""mqtt-publisher-lite"",""messageId"":44637}",info,"{""level"":""info""}","{""project"":""90a47e04-a329-4122-9c82-2ee75a4562c2"",""environment"":""f6319bd4-2e87-40d4-8547-4ce714038bc1"",""service"":""c236b8cb-3eff-45c5-aca0-23e73e33dc8d"",""deployment"":""69394420-c732-4ebe-a5fd-54c2d5628ea7"",""replica"":""7fc15fda-5103-4647-b7c4-6251ceb0ef53""}",2026-07-23T06:21:07.009784611Z
"2026-07-23T06:20:59.507Z [[32minfo[39m] ✅ QoS 1 PUBACK confirmed {""service"":""mqtt-publisher-lite"",""deviceId"":""DEVICE-15"",""messageId"":44637,""deliveryTime"":""210ms"",""pendingCount"":0}",info,"{""level"":""info""}","{""project"":""90a47e04-a329-4122-9c82-2ee75a4562c2"",""environment"":""f6319bd4-2e87-40d4-8547-4ce714038bc1"",""service"":""c236b8cb-3eff-45c5-aca0-23e73e33dc8d"",""deployment"":""69394420-c732-4ebe-a5fd-54c2d5628ea7"",""replica"":""7fc15fda-5103-4647-b7c4-6251ceb0ef53""}",2026-07-23T06:21:07.009790821Z
"2026-07-23T06:20:59.508Z [[34mdebug[39m] ✅ [LIFECYCLE:PUBACK_OK] Device confirmed message receipt {""service"":""mqtt-publisher-lite"",""deviceId"":""DEVICE-15""}",info,"{""level"":""info""}","{""project"":""90a47e04-a329-4122-9c82-2ee75a4562c2"",""environment"":""f6319bd4-2e87-40d4-8547-4ce714038bc1"",""service"":""c236b8cb-3eff-45c5-aca0-23e73e33dc8d"",""deployment"":""69394420-c732-4ebe-a5fd-54c2d5628ea7"",""replica"":""7fc15fda-5103-4647-b7c4-6251ceb0ef53""}",2026-07-23T06:21:07.009796261Z
"2026-07-23T06:20:59.508Z [[34mdebug[39m] Message published {""service"":""mqtt-publisher-lite"",""topic"":""proof.mqtt/DEVICE-15/gmb"",""qos"":1,""deliveryTime"":""212ms""}",info,"{""level"":""info""}","{""project"":""90a47e04-a329-4122-9c82-2ee75a4562c2"",""environment"":""f6319bd4-2e87-40d4-8547-4ce714038bc1"",""service"":""c236b8cb-3eff-45c5-aca0-23e73e33dc8d"",""deployment"":""69394420-c732-4ebe-a5fd-54c2d5628ea7"",""replica"":""7fc15fda-5103-4647-b7c4-6251ceb0ef53""}",2026-07-23T06:21:07.009801961Z
"2026-07-23T06:20:59.508Z [[34mdebug[39m] Message received {""service"":""mqtt-publisher-lite"",""topic"":""proof.mqtt/DEVICE-15/gmb"",""size"":272,""retain"":false}",info,"{""level"":""info""}","{""project"":""90a47e04-a329-4122-9c82-2ee75a4562c2"",""environment"":""f6319bd4-2e87-40d4-8547-4ce714038bc1"",""service"":""c236b8cb-3eff-45c5-aca0-23e73e33dc8d"",""deployment"":""69394420-c732-4ebe-a5fd-54c2d5628ea7"",""replica"":""7fc15fda-5103-4647-b7c4-6251ceb0ef53""}",2026-07-23T06:21:07.009807751Z
"2026-07-23T06:20:59.508Z [[34mdebug[39m] Skipping echo message {""service"":""mqtt-publisher-lite"",""topic"":""proof.mqtt/DEVICE-15/gmb"",""age"":""0ms""}",info,"{""level"":""info""}","{""project"":""90a47e04-a329-4122-9c82-2ee75a4562c2"",""environment"":""f6319bd4-2e87-40d4-8547-4ce714038bc1"",""service"":""c236b8cb-3eff-45c5-aca0-23e73e33dc8d"",""deployment"":""69394420-c732-4ebe-a5fd-54c2d5628ea7"",""replica"":""7fc15fda-5103-4647-b7c4-6251ceb0ef53""}",2026-07-23T06:21:07.011085500Z
"2026-07-23T06:20:59.508Z [[34mdebug[39m] Screen message received {""service"":""mqtt-publisher-lite"",""topic"":""proof.mqtt/DEVICE-15/gmb"",""screen"":""gmb""}",info,"{""level"":""info""}","{""project"":""90a47e04-a329-4122-9c82-2ee75a4562c2"",""environment"":""f6319bd4-2e87-40d4-8547-4ce714038bc1"",""service"":""c236b8cb-3eff-45c5-aca0-23e73e33dc8d"",""deployment"":""69394420-c732-4ebe-a5fd-54c2d5628ea7"",""replica"":""7fc15fda-5103-4647-b7c4-6251ceb0ef53""}",2026-07-23T06:21:07.011091390Z
"2026-07-23T06:20:59.510Z [[32minfo[39m] [STIM_IG] Published {""service"":""mqtt-publisher-lite"",""deviceId"":""DEVICE-15"",""followers"":12,""target"":500,""mode"":""synthetic"",""achievement"":15,""celebration"":""false"",""done"":false}",info,"{""level"":""info""}","{""project"":""90a47e04-a329-4122-9c82-2ee75a4562c2"",""environment"":""f6319bd4-2e87-40d4-8547-4ce714038bc1"",""service"":""c236b8cb-3eff-45c5-aca0-23e73e33dc8d"",""deployment"":""69394420-c732-4ebe-a5fd-54c2d5628ea7"",""replica"":""7fc15fda-5103-4647-b7c4-6251ceb0ef53""}",2026-07-23T06:21:07.011094680Z
"2026-07-23T06:20:59.608Z [[32minfo[39m] [STIM_GMB] Published {""service"":""mqtt-publisher-lite"",""deviceId"":""DEVICE-15"",""reviews"":10,""target"":100,""mode"":""synthetic"",""celebration"":""true"",""done"":false}",info,"{""level"":""info""}","{""project"":""90a47e04-a329-4122-9c82-2ee75a4562c2"",""environment"":""f6319bd4-2e87-40d4-8547-4ce714038bc1"",""service"":""c236b8cb-3eff-45c5-aca0-23e73e33dc8d"",""deployment"":""69394420-c732-4ebe-a5fd-54c2d5628ea7"",""replica"":""7fc15fda-5103-4647-b7c4-6251ceb0ef53""}",2026-07-23T06:21:07.011097550Z
"2026-07-23T06:21:01.993Z [[32minfo[39m] 📤 QoS 1 message sent {""service"":""mqtt-publisher-lite"",""messageId"":44638,""topic"":""proof.mqtt/DEVICE-13/instagram"",""qos"":1}",info,"{""level"":""info""}","{""project"":""90a47e04-a329-4122-9c82-2ee75a4562c2"",""environment"":""f6319bd4-2e87-40d4-8547-4ce714038bc1"",""service"":""c236b8cb-3eff-45c5-aca0-23e73e33dc8d"",""deployment"":""69394420-c732-4ebe-a5fd-54c2d5628ea7"",""replica"":""7fc15fda-5103-4647-b7c4-6251ceb0ef53""}",2026-07-23T06:21:07.011101310Z
"2026-07-23T06:21:01.994Z [[32minfo[39m] ⏱️ Tracking QoS 1 message (30s timeout) {""service"":""mqtt-publisher-lite"",""deviceId"":""DEVICE-13"",""messageId"":44638,""topic"":""proof.mqtt/DEVICE-13/instagram"",""pendingCount"":1}",info,"{""level"":""info""}","{""project"":""90a47e04-a329-4122-9c82-2ee75a4562c2"",""environment"":""f6319bd4-2e87-40d4-8547-4ce714038bc1"",""service"":""c236b8cb-3eff-45c5-aca0-23e73e33dc8d"",""deployment"":""69394420-c732-4ebe-a5fd-54c2d5628ea7"",""replica"":""7fc15fda-5103-4647-b7c4-6251ceb0ef53""}",2026-07-23T06:21:07.011104500Z
"2026-07-23T06:21:02.094Z [[32minfo[39m] 📤 QoS 1 message sent {""service"":""mqtt-publisher-lite"",""messageId"":44639,""topic"":""proof.mqtt/DEVICE-13/gmb"",""qos"":1}",info,"{""level"":""info""}","{""project"":""90a47e04-a329-4122-9c82-2ee75a4562c2"",""environment"":""f6319bd4-2e87-40d4-8547-4ce714038bc1"",""service"":""c236b8cb-3eff-45c5-aca0-23e73e33dc8d"",""deployment"":""69394420-c732-4ebe-a5fd-54c2d5628ea7"",""replica"":""7fc15fda-5103-4647-b7c4-6251ceb0ef53""}",2026-07-23T06:21:07.011107450Z
"2026-07-23T06:21:02.095Z [[32minfo[39m] ⏱️ Tracking QoS 1 message (30s timeout) {""service"":""mqtt-publisher-lite"",""deviceId"":""DEVICE-13"",""messageId"":44639,""topic"":""proof.mqtt/DEVICE-13/gmb"",""pendingCount"":2}",info,"{""level"":""info""}","{""project"":""90a47e04-a329-4122-9c82-2ee75a4562c2"",""environment"":""f6319bd4-2e87-40d4-8547-4ce714038bc1"",""service"":""c236b8cb-3eff-45c5-aca0-23e73e33dc8d"",""deployment"":""69394420-c732-4ebe-a5fd-54c2d5628ea7"",""replica"":""7fc15fda-5103-4647-b7c4-6251ceb0ef53""}",2026-07-23T06:21:07.011111420Z
"2026-07-23T06:21:02.204Z [[32minfo[39m] ✅ PUBACK received {""service"":""mqtt-publisher-lite"",""messageId"":44638}",info,"{""level"":""info""}","{""project"":""90a47e04-a329-4122-9c82-2ee75a4562c2"",""environment"":""f6319bd4-2e87-40d4-8547-4ce714038bc1"",""service"":""c236b8cb-3eff-45c5-aca0-23e73e33dc8d"",""deployment"":""69394420-c732-4ebe-a5fd-54c2d5628ea7"",""replica"":""7fc15fda-5103-4647-b7c4-6251ceb0ef53""}",2026-07-23T06:21:07.011114580Z
"2026-07-23T06:21:02.205Z [[32minfo[39m] ✅ QoS 1 PUBACK confirmed {""service"":""mqtt-publisher-lite"",""deviceId"":""DEVICE-13"",""messageId"":44638,""deliveryTime"":""211ms"",""pendingCount"":1}",info,"{""level"":""info""}","{""project"":""90a47e04-a329-4122-9c82-2ee75a4562c2"",""environment"":""f6319bd4-2e87-40d4-8547-4ce714038bc1"",""service"":""c236b8cb-3eff-45c5-aca0-23e73e33dc8d"",""deployment"":""69394420-c732-4ebe-a5fd-54c2d5628ea7"",""replica"":""7fc15fda-5103-4647-b7c4-6251ceb0ef53""}",2026-07-23T06:21:07.011117420Z
"2026-07-23T06:21:02.205Z [[34mdebug[39m] ✅ [LIFECYCLE:PUBACK_OK] Device confirmed message receipt {""service"":""mqtt-publisher-lite"",""deviceId"":""DEVICE-13""}",info,"{""level"":""info""}","{""project"":""90a47e04-a329-4122-9c82-2ee75a4562c2"",""environment"":""f6319bd4-2e87-40d4-8547-4ce714038bc1"",""service"":""c236b8cb-3eff-45c5-aca0-23e73e33dc8d"",""deployment"":""69394420-c732-4ebe-a5fd-54c2d5628ea7"",""replica"":""7fc15fda-5103-4647-b7c4-6251ceb0ef53""}",2026-07-23T06:21:07.012626107Z
"2026-07-23T06:21:02.205Z [[34mdebug[39m] Message published {""service"":""mqtt-publisher-lite"",""topic"":""proof.mqtt/DEVICE-13/instagram"",""qos"":1,""deliveryTime"":""212ms""}",info,"{""level"":""info""}","{""project"":""90a47e04-a329-4122-9c82-2ee75a4562c2"",""environment"":""f6319bd4-2e87-40d4-8547-4ce714038bc1"",""service"":""c236b8cb-3eff-45c5-aca0-23e73e33dc8d"",""deployment"":""69394420-c732-4ebe-a5fd-54c2d5628ea7"",""replica"":""7fc15fda-5103-4647-b7c4-6251ceb0ef53""}",2026-07-23T06:21:07.012642657Z
"2026-07-23T06:21:02.205Z [[34mdebug[39m] Message received {""service"":""mqtt-publisher-lite"",""topic"":""proof.mqtt/DEVICE-13/instagram"",""size"":227,""retain"":false}",info,"{""level"":""info""}","{""project"":""90a47e04-a329-4122-9c82-2ee75a4562c2"",""environment"":""f6319bd4-2e87-40d4-8547-4ce714038bc1"",""service"":""c236b8cb-3eff-45c5-aca0-23e73e33dc8d"",""deployment"":""69394420-c732-4ebe-a5fd-54c2d5628ea7"",""replica"":""7fc15fda-5103-4647-b7c4-6251ceb0ef53""}",2026-07-23T06:21:07.012647917Z
"2026-07-23T06:21:02.206Z [[34mdebug[39m] Skipping echo message {""service"":""mqtt-publisher-lite"",""topic"":""proof.mqtt/DEVICE-13/instagram"",""age"":""1ms""}",info,"{""level"":""info""}","{""project"":""90a47e04-a329-4122-9c82-2ee75a4562c2"",""environment"":""f6319bd4-2e87-40d4-8547-4ce714038bc1"",""service"":""c236b8cb-3eff-45c5-aca0-23e73e33dc8d"",""deployment"":""69394420-c732-4ebe-a5fd-54c2d5628ea7"",""replica"":""7fc15fda-5103-4647-b7c4-6251ceb0ef53""}",2026-07-23T06:21:07.012652397Z
"2026-07-23T06:21:02.206Z [[34mdebug[39m] Screen message received {""service"":""mqtt-publisher-lite"",""topic"":""proof.mqtt/DEVICE-13/instagram"",""screen"":""instagram""}",info,"{""level"":""info""}","{""project"":""90a47e04-a329-4122-9c82-2ee75a4562c2"",""environment"":""f6319bd4-2e87-40d4-8547-4ce714038bc1"",""service"":""c236b8cb-3eff-45c5-aca0-23e73e33dc8d"",""deployment"":""69394420-c732-4ebe-a5fd-54c2d5628ea7"",""replica"":""7fc15fda-5103-4647-b7c4-6251ceb0ef53""}",2026-07-23T06:21:07.012656477Z
"2026-07-23T06:21:02.305Z [[32minfo[39m] [STIM_IG] Published {""service"":""mqtt-publisher-lite"",""deviceId"":""DEVICE-13"",""followers"":6,""target"":500,""mode"":""synthetic"",""achievement"":10,""celebration"":""false"",""done"":false}",info,"{""level"":""info""}","{""project"":""90a47e04-a329-4122-9c82-2ee75a4562c2"",""environment"":""f6319bd4-2e87-40d4-8547-4ce714038bc1"",""service"":""c236b8cb-3eff-45c5-aca0-23e73e33dc8d"",""deployment"":""69394420-c732-4ebe-a5fd-54c2d5628ea7"",""replica"":""7fc15fda-5103-4647-b7c4-6251ceb0ef53""}",2026-07-23T06:21:07.012660717Z
"2026-07-23T06:21:02.305Z [[32minfo[39m] ✅ PUBACK received {""service"":""mqtt-publisher-lite"",""messageId"":44639}",info,"{""level"":""info""}","{""project"":""90a47e04-a329-4122-9c82-2ee75a4562c2"",""environment"":""f6319bd4-2e87-40d4-8547-4ce714038bc1"",""service"":""c236b8cb-3eff-45c5-aca0-23e73e33dc8d"",""deployment"":""69394420-c732-4ebe-a5fd-54c2d5628ea7"",""replica"":""7fc15fda-5103-4647-b7c4-6251ceb0ef53""}",2026-07-23T06:21:07.012664487Z
"2026-07-23T06:21:02.305Z [[32minfo[39m] ✅ QoS 1 PUBACK confirmed {""service"":""mqtt-publisher-lite"",""deviceId"":""DEVICE-13"",""messageId"":44639,""deliveryTime"":""210ms"",""pendingCount"":0}",info,"{""level"":""info""}","{""project"":""90a47e04-a329-4122-9c82-2ee75a4562c2"",""environment"":""f6319bd4-2e87-40d4-8547-4ce714038bc1"",""service"":""c236b8cb-3eff-45c5-aca0-23e73e33dc8d"",""deployment"":""69394420-c732-4ebe-a5fd-54c2d5628ea7"",""replica"":""7fc15fda-5103-4647-b7c4-6251ceb0ef53""}",2026-07-23T06:21:07.012720786Z
"2026-07-23T06:21:02.305Z [[34mdebug[39m] ✅ [LIFECYCLE:PUBACK_OK] Device confirmed message receipt {""service"":""mqtt-publisher-lite"",""deviceId"":""DEVICE-13""}",info,"{""level"":""info""}","{""project"":""90a47e04-a329-4122-9c82-2ee75a4562c2"",""environment"":""f6319bd4-2e87-40d4-8547-4ce714038bc1"",""service"":""c236b8cb-3eff-45c5-aca0-23e73e33dc8d"",""deployment"":""69394420-c732-4ebe-a5fd-54c2d5628ea7"",""replica"":""7fc15fda-5103-4647-b7c4-6251ceb0ef53""}",2026-07-23T06:21:07.012725466Z
"2026-07-23T06:21:02.306Z [[34mdebug[39m] Message published {""service"":""mqtt-publisher-lite"",""topic"":""proof.mqtt/DEVICE-13/gmb"",""qos"":1,""deliveryTime"":""212ms""}",info,"{""level"":""info""}","{""project"":""90a47e04-a329-4122-9c82-2ee75a4562c2"",""environment"":""f6319bd4-2e87-40d4-8547-4ce714038bc1"",""service"":""c236b8cb-3eff-45c5-aca0-23e73e33dc8d"",""deployment"":""69394420-c732-4ebe-a5fd-54c2d5628ea7"",""replica"":""7fc15fda-5103-4647-b7c4-6251ceb0ef53""}",2026-07-23T06:21:07.012730376Z
"2026-07-23T06:21:02.306Z [[34mdebug[39m] Message received {""service"":""mqtt-publisher-lite"",""topic"":""proof.mqtt/DEVICE-13/gmb"",""size"":244,""retain"":false}",info,"{""level"":""info""}","{""project"":""90a47e04-a329-4122-9c82-2ee75a4562c2"",""environment"":""f6319bd4-2e87-40d4-8547-4ce714038bc1"",""service"":""c236b8cb-3eff-45c5-aca0-23e73e33dc8d"",""deployment"":""69394420-c732-4ebe-a5fd-54c2d5628ea7"",""replica"":""7fc15fda-5103-4647-b7c4-6251ceb0ef53""}",2026-07-23T06:21:07.013834077Z
"2026-07-23T06:21:02.306Z [[34mdebug[39m] Skipping echo message {""service"":""mqtt-publisher-lite"",""topic"":""proof.mqtt/DEVICE-13/gmb"",""age"":""0ms""}",info,"{""level"":""info""}","{""project"":""90a47e04-a329-4122-9c82-2ee75a4562c2"",""environment"":""f6319bd4-2e87-40d4-8547-4ce714038bc1"",""service"":""c236b8cb-3eff-45c5-aca0-23e73e33dc8d"",""deployment"":""69394420-c732-4ebe-a5fd-54c2d5628ea7"",""replica"":""7fc15fda-5103-4647-b7c4-6251ceb0ef53""}",2026-07-23T06:21:07.013840797Z
"2026-07-23T06:21:02.306Z [[34mdebug[39m] Screen message received {""service"":""mqtt-publisher-lite"",""topic"":""proof.mqtt/DEVICE-13/gmb"",""screen"":""gmb""}",info,"{""level"":""info""}","{""project"":""90a47e04-a329-4122-9c82-2ee75a4562c2"",""environment"":""f6319bd4-2e87-40d4-8547-4ce714038bc1"",""service"":""c236b8cb-3eff-45c5-aca0-23e73e33dc8d"",""deployment"":""69394420-c732-4ebe-a5fd-54c2d5628ea7"",""replica"":""7fc15fda-5103-4647-b7c4-6251ceb0ef53""}",2026-07-23T06:21:07.013860757Z
"2026-07-23T06:21:02.408Z [[32minfo[39m] [STIM_GMB] Published {""service"":""mqtt-publisher-lite"",""deviceId"":""DEVICE-13"",""reviews"":4,""target"":100,""mode"":""synthetic"",""celebration"":""false"",""done"":false}",info,"{""level"":""info""}","{""project"":""90a47e04-a329-4122-9c82-2ee75a4562c2"",""environment"":""f6319bd4-2e87-40d4-8547-4ce714038bc1"",""service"":""c236b8cb-3eff-45c5-aca0-23e73e33dc8d"",""deployment"":""69394420-c732-4ebe-a5fd-54c2d5628ea7"",""replica"":""7fc15fda-5103-4647-b7c4-6251ceb0ef53""}",2026-07-23T06:21:07.013866087Z
"2026-07-23T06:21:29.194Z [[32minfo[39m] 📤 QoS 1 message sent {""service"":""mqtt-publisher-lite"",""messageId"":44641,""topic"":""proof.mqtt/DEVICE-15/instagram"",""qos"":1}",info,"{""level"":""info""}","{""project"":""90a47e04-a329-4122-9c82-2ee75a4562c2"",""environment"":""f6319bd4-2e87-40d4-8547-4ce714038bc1"",""service"":""c236b8cb-3eff-45c5-aca0-23e73e33dc8d"",""deployment"":""69394420-c732-4ebe-a5fd-54c2d5628ea7"",""replica"":""7fc15fda-5103-4647-b7c4-6251ceb0ef53""}",2026-07-23T06:21:37.149733181Z
"2026-07-23T06:21:29.194Z [[32minfo[39m] ⏱️ Tracking QoS 1 message (30s timeout) {""service"":""mqtt-publisher-lite"",""deviceId"":""DEVICE-15"",""messageId"":44641,""topic"":""proof.mqtt/DEVICE-15/instagram"",""pendingCount"":2}",info,"{""level"":""info""}","{""project"":""90a47e04-a329-4122-9c82-2ee75a4562c2"",""environment"":""f6319bd4-2e87-40d4-8547-4ce714038bc1"",""service"":""c236b8cb-3eff-45c5-aca0-23e73e33dc8d"",""deployment"":""69394420-c732-4ebe-a5fd-54c2d5628ea7"",""replica"":""7fc15fda-5103-4647-b7c4-6251ceb0ef53""}",2026-07-23T06:21:37.149739731Z
"2026-07-23T06:21:29.295Z [[32minfo[39m] 📤 QoS 1 message sent {""service"":""mqtt-publisher-lite"",""messageId"":44642,""topic"":""proof.mqtt/DEVICE-15/gmb"",""qos"":1}",info,"{""level"":""info""}","{""project"":""90a47e04-a329-4122-9c82-2ee75a4562c2"",""environment"":""f6319bd4-2e87-40d4-8547-4ce714038bc1"",""service"":""c236b8cb-3eff-45c5-aca0-23e73e33dc8d"",""deployment"":""69394420-c732-4ebe-a5fd-54c2d5628ea7"",""replica"":""7fc15fda-5103-4647-b7c4-6251ceb0ef53""}",2026-07-23T06:21:37.149743741Z
"2026-07-23T06:21:29.296Z [[32minfo[39m] ⏱️ Tracking QoS 1 message (30s timeout) {""service"":""mqtt-publisher-lite"",""deviceId"":""DEVICE-15"",""messageId"":44642,""topic"":""proof.mqtt/DEVICE-15/gmb"",""pendingCount"":3}",info,"{""level"":""info""}","{""project"":""90a47e04-a329-4122-9c82-2ee75a4562c2"",""environment"":""f6319bd4-2e87-40d4-8547-4ce714038bc1"",""service"":""c236b8cb-3eff-45c5-aca0-23e73e33dc8d"",""deployment"":""69394420-c732-4ebe-a5fd-54c2d5628ea7"",""replica"":""7fc15fda-5103-4647-b7c4-6251ceb0ef53""}",2026-07-23T06:21:37.149747861Z
"2026-07-23T06:21:29.393Z [[32minfo[39m] ✅ PUBACK received {""service"":""mqtt-publisher-lite"",""messageId"":44640}",info,"{""level"":""info""}","{""project"":""90a47e04-a329-4122-9c82-2ee75a4562c2"",""environment"":""f6319bd4-2e87-40d4-8547-4ce714038bc1"",""service"":""c236b8cb-3eff-45c5-aca0-23e73e33dc8d"",""deployment"":""69394420-c732-4ebe-a5fd-54c2d5628ea7"",""replica"":""7fc15fda-5103-4647-b7c4-6251ceb0ef53""}",2026-07-23T06:21:37.149750741Z
"2026-07-23T06:21:29.083Z [[32minfo[39m] 📤 [PUBLISH_CYCLE] Starting publish cycle {""service"":""mqtt-publisher-lite"",""deviceCount"":4,""source"":""redis"",""devices"":[{""id"":""DEVICE-17"",""userId"":""(none)"",""lastSeen"":""2026-07-23T06:20:29.393Z""},{""id"":""DEVICE-19"",""userId"":""68d3753f9f99d6b73ae2d991"",""lastSeen"":""2026-07-23T06:17:12.273Z""},{""id"":""DEVICE-15"",""userId"":""68d3753f9f99d6b73ae2d991"",""lastSeen"":""2026-07-23T06:20:59.508Z""},{""id"":""DEVICE-13"",""userId"":""6937af58f950f0f5356a1599"",""lastSeen"":""2026-07-23T06:21:02.305Z""}]}",info,"{""level"":""info""}","{""project"":""90a47e04-a329-4122-9c82-2ee75a4562c2"",""environment"":""f6319bd4-2e87-40d4-8547-4ce714038bc1"",""service"":""c236b8cb-3eff-45c5-aca0-23e73e33dc8d"",""deployment"":""69394420-c732-4ebe-a5fd-54c2d5628ea7"",""replica"":""7fc15fda-5103-4647-b7c4-6251ceb0ef53""}",2026-07-23T06:21:37.149777841Z
"2026-07-23T06:21:29.182Z [[32minfo[39m] 📤 QoS 1 message sent {""service"":""mqtt-publisher-lite"",""messageId"":44640,""topic"":""proof.mqtt/DEVICE-17/test-gmb"",""qos"":1}",info,"{""level"":""info""}","{""project"":""90a47e04-a329-4122-9c82-2ee75a4562c2"",""environment"":""f6319bd4-2e87-40d4-8547-4ce714038bc1"",""service"":""c236b8cb-3eff-45c5-aca0-23e73e33dc8d"",""deployment"":""69394420-c732-4ebe-a5fd-54c2d5628ea7"",""replica"":""7fc15fda-5103-4647-b7c4-6251ceb0ef53""}",2026-07-23T06:21:37.149780521Z
"2026-07-23T06:21:29.183Z [[32minfo[39m] ⏱️ Tracking QoS 1 message (30s timeout) {""service"":""mqtt-publisher-lite"",""deviceId"":""DEVICE-17"",""messageId"":44640,""topic"":""proof.mqtt/DEVICE-17/test-gmb"",""pendingCount"":1}",info,"{""level"":""info""}","{""project"":""90a47e04-a329-4122-9c82-2ee75a4562c2"",""environment"":""f6319bd4-2e87-40d4-8547-4ce714038bc1"",""service"":""c236b8cb-3eff-45c5-aca0-23e73e33dc8d"",""deployment"":""69394420-c732-4ebe-a5fd-54c2d5628ea7"",""replica"":""7fc15fda-5103-4647-b7c4-6251ceb0ef53""}",2026-07-23T06:21:37.149783661Z
"2026-07-23T06:21:29.393Z [[32minfo[39m] ✅ QoS 1 PUBACK confirmed {""service"":""mqtt-publisher-lite"",""deviceId"":""DEVICE-17"",""messageId"":44640,""deliveryTime"":""210ms"",""pendingCount"":2}",info,"{""level"":""info""}","{""project"":""90a47e04-a329-4122-9c82-2ee75a4562c2"",""environment"":""f6319bd4-2e87-40d4-8547-4ce714038bc1"",""service"":""c236b8cb-3eff-45c5-aca0-23e73e33dc8d"",""deployment"":""69394420-c732-4ebe-a5fd-54c2d5628ea7"",""replica"":""7fc15fda-5103-4647-b7c4-6251ceb0ef53""}",2026-07-23T06:21:37.152248480Z
"2026-07-23T06:21:29.393Z [[34mdebug[39m] ✅ [LIFECYCLE:PUBACK_OK] Device confirmed message receipt {""service"":""mqtt-publisher-lite"",""deviceId"":""DEVICE-17""}",info,"{""level"":""info""}","{""project"":""90a47e04-a329-4122-9c82-2ee75a4562c2"",""environment"":""f6319bd4-2e87-40d4-8547-4ce714038bc1"",""service"":""c236b8cb-3eff-45c5-aca0-23e73e33dc8d"",""deployment"":""69394420-c732-4ebe-a5fd-54c2d5628ea7"",""replica"":""7fc15fda-5103-4647-b7c4-6251ceb0ef53""}",2026-07-23T06:21:37.152251340Z
"2026-07-23T06:21:29.393Z [[34mdebug[39m] Message published {""service"":""mqtt-publisher-lite"",""topic"":""proof.mqtt/DEVICE-17/test-gmb"",""qos"":1,""deliveryTime"":""211ms""}",info,"{""level"":""info""}","{""project"":""90a47e04-a329-4122-9c82-2ee75a4562c2"",""environment"":""f6319bd4-2e87-40d4-8547-4ce714038bc1"",""service"":""c236b8cb-3eff-45c5-aca0-23e73e33dc8d"",""deployment"":""69394420-c732-4ebe-a5fd-54c2d5628ea7"",""replica"":""7fc15fda-5103-4647-b7c4-6251ceb0ef53""}",2026-07-23T06:21:37.152254930Z
"2026-07-23T06:21:29.393Z [[34mdebug[39m] Published test-gmb screen {""service"":""mqtt-publisher-lite"",""deviceId"":""DEVICE-17"",""reviews"":448,""milestone"":450}",info,"{""level"":""info""}","{""project"":""90a47e04-a329-4122-9c82-2ee75a4562c2"",""environment"":""f6319bd4-2e87-40d4-8547-4ce714038bc1"",""service"":""c236b8cb-3eff-45c5-aca0-23e73e33dc8d"",""deployment"":""69394420-c732-4ebe-a5fd-54c2d5628ea7"",""replica"":""7fc15fda-5103-4647-b7c4-6251ceb0ef53""}",2026-07-23T06:21:37.152258200Z
"2026-07-23T06:21:29.404Z [[32minfo[39m] ✅ PUBACK received {""service"":""mqtt-publisher-lite"",""messageId"":44641}",info,"{""level"":""info""}","{""project"":""90a47e04-a329-4122-9c82-2ee75a4562c2"",""environment"":""f6319bd4-2e87-40d4-8547-4ce714038bc1"",""service"":""c236b8cb-3eff-45c5-aca0-23e73e33dc8d"",""deployment"":""69394420-c732-4ebe-a5fd-54c2d5628ea7"",""replica"":""7fc15fda-5103-4647-b7c4-6251ceb0ef53""}",2026-07-23T06:21:37.152261050Z
"2026-07-23T06:21:29.404Z [[32minfo[39m] ✅ QoS 1 PUBACK confirmed {""service"":""mqtt-publisher-lite"",""deviceId"":""DEVICE-15"",""messageId"":44641,""deliveryTime"":""210ms"",""pendingCount"":1}",info,"{""level"":""info""}","{""project"":""90a47e04-a329-4122-9c82-2ee75a4562c2"",""environment"":""f6319bd4-2e87-40d4-8547-4ce714038bc1"",""service"":""c236b8cb-3eff-45c5-aca0-23e73e33dc8d"",""deployment"":""69394420-c732-4ebe-a5fd-54c2d5628ea7"",""replica"":""7fc15fda-5103-4647-b7c4-6251ceb0ef53""}",2026-07-23T06:21:37.152263850Z
"2026-07-23T06:21:29.404Z [[34mdebug[39m] ✅ [LIFECYCLE:PUBACK_OK] Device confirmed message receipt {""service"":""mqtt-publisher-lite"",""deviceId"":""DEVICE-15""}",info,"{""level"":""info""}","{""project"":""90a47e04-a329-4122-9c82-2ee75a4562c2"",""environment"":""f6319bd4-2e87-40d4-8547-4ce714038bc1"",""service"":""c236b8cb-3eff-45c5-aca0-23e73e33dc8d"",""deployment"":""69394420-c732-4ebe-a5fd-54c2d5628ea7"",""replica"":""7fc15fda-5103-4647-b7c4-6251ceb0ef53""}",2026-07-23T06:21:37.152266530Z
"2026-07-23T06:21:29.404Z [[34mdebug[39m] Message published {""service"":""mqtt-publisher-lite"",""topic"":""proof.mqtt/DEVICE-15/instagram"",""qos"":1,""deliveryTime"":""211ms""}",info,"{""level"":""info""}","{""project"":""90a47e04-a329-4122-9c82-2ee75a4562c2"",""environment"":""f6319bd4-2e87-40d4-8547-4ce714038bc1"",""service"":""c236b8cb-3eff-45c5-aca0-23e73e33dc8d"",""deployment"":""69394420-c732-4ebe-a5fd-54c2d5628ea7"",""replica"":""7fc15fda-5103-4647-b7c4-6251ceb0ef53""}",2026-07-23T06:21:37.152269030Z
"2026-07-23T06:21:29.404Z [[34mdebug[39m] Message received {""service"":""mqtt-publisher-lite"",""topic"":""proof.mqtt/DEVICE-15/instagram"",""size"":228,""retain"":false}",info,"{""level"":""info""}","{""project"":""90a47e04-a329-4122-9c82-2ee75a4562c2"",""environment"":""f6319bd4-2e87-40d4-8547-4ce714038bc1"",""service"":""c236b8cb-3eff-45c5-aca0-23e73e33dc8d"",""deployment"":""69394420-c732-4ebe-a5fd-54c2d5628ea7"",""replica"":""7fc15fda-5103-4647-b7c4-6251ceb0ef53""}",2026-07-23T06:21:37.152271440Z
"2026-07-23T06:21:29.404Z [[34mdebug[39m] Skipping echo message {""service"":""mqtt-publisher-lite"",""topic"":""proof.mqtt/DEVICE-15/instagram"",""age"":""0ms""}",info,"{""level"":""info""}","{""project"":""90a47e04-a329-4122-9c82-2ee75a4562c2"",""environment"":""f6319bd4-2e87-40d4-8547-4ce714038bc1"",""service"":""c236b8cb-3eff-45c5-aca0-23e73e33dc8d"",""deployment"":""69394420-c732-4ebe-a5fd-54c2d5628ea7"",""replica"":""7fc15fda-5103-4647-b7c4-6251ceb0ef53""}",2026-07-23T06:21:37.152274570Z
"2026-07-23T06:21:29.405Z [[34mdebug[39m] Screen message received {""service"":""mqtt-publisher-lite"",""topic"":""proof.mqtt/DEVICE-15/instagram"",""screen"":""instagram""}",info,"{""level"":""info""}","{""project"":""90a47e04-a329-4122-9c82-2ee75a4562c2"",""environment"":""f6319bd4-2e87-40d4-8547-4ce714038bc1"",""service"":""c236b8cb-3eff-45c5-aca0-23e73e33dc8d"",""deployment"":""69394420-c732-4ebe-a5fd-54c2d5628ea7"",""replica"":""7fc15fda-5103-4647-b7c4-6251ceb0ef53""}",2026-07-23T06:21:37.152278280Z
"2026-07-23T06:21:29.504Z [[32minfo[39m] [STIM_IG] Published {""service"":""mqtt-publisher-lite"",""deviceId"":""DEVICE-15"",""followers"":13,""target"":500,""mode"":""synthetic"",""achievement"":15,""celebration"":""false"",""done"":false}",info,"{""level"":""info""}","{""project"":""90a47e04-a329-4122-9c82-2ee75a4562c2"",""environment"":""f6319bd4-2e87-40d4-8547-4ce714038bc1"",""service"":""c236b8cb-3eff-45c5-aca0-23e73e33dc8d"",""deployment"":""69394420-c732-4ebe-a5fd-54c2d5628ea7"",""replica"":""7fc15fda-5103-4647-b7c4-6251ceb0ef53""}",2026-07-23T06:21:37.154152894Z
"2026-07-23T06:21:29.506Z [[32minfo[39m] ✅ PUBACK received {""service"":""mqtt-publisher-lite"",""messageId"":44642}",info,"{""level"":""info""}","{""project"":""90a47e04-a329-4122-9c82-2ee75a4562c2"",""environment"":""f6319bd4-2e87-40d4-8547-4ce714038bc1"",""service"":""c236b8cb-3eff-45c5-aca0-23e73e33dc8d"",""deployment"":""69394420-c732-4ebe-a5fd-54c2d5628ea7"",""replica"":""7fc15fda-5103-4647-b7c4-6251ceb0ef53""}",2026-07-23T06:21:37.154165714Z
"2026-07-23T06:21:29.506Z [[32minfo[39m] ✅ QoS 1 PUBACK confirmed {""service"":""mqtt-publisher-lite"",""deviceId"":""DEVICE-15"",""messageId"":44642,""deliveryTime"":""210ms"",""pendingCount"":0}",info,"{""level"":""info""}","{""project"":""90a47e04-a329-4122-9c82-2ee75a4562c2"",""environment"":""f6319bd4-2e87-40d4-8547-4ce714038bc1"",""service"":""c236b8cb-3eff-45c5-aca0-23e73e33dc8d"",""deployment"":""69394420-c732-4ebe-a5fd-54c2d5628ea7"",""replica"":""7fc15fda-5103-4647-b7c4-6251ceb0ef53""}",2026-07-23T06:21:37.154173124Z
"2026-07-23T06:21:29.506Z [[34mdebug[39m] ✅ [LIFECYCLE:PUBACK_OK] Device confirmed message receipt {""service"":""mqtt-publisher-lite"",""deviceId"":""DEVICE-15""}",info,"{""level"":""info""}","{""project"":""90a47e04-a329-4122-9c82-2ee75a4562c2"",""environment"":""f6319bd4-2e87-40d4-8547-4ce714038bc1"",""service"":""c236b8cb-3eff-45c5-aca0-23e73e33dc8d"",""deployment"":""69394420-c732-4ebe-a5fd-54c2d5628ea7"",""replica"":""7fc15fda-5103-4647-b7c4-6251ceb0ef53""}",2026-07-23T06:21:37.154181684Z
"2026-07-23T06:21:29.506Z [[34mdebug[39m] Message published {""service"":""mqtt-publisher-lite"",""topic"":""proof.mqtt/DEVICE-15/gmb"",""qos"":1,""deliveryTime"":""211ms""}",info,"{""level"":""info""}","{""project"":""90a47e04-a329-4122-9c82-2ee75a4562c2"",""environment"":""f6319bd4-2e87-40d4-8547-4ce714038bc1"",""service"":""c236b8cb-3eff-45c5-aca0-23e73e33dc8d"",""deployment"":""69394420-c732-4ebe-a5fd-54c2d5628ea7"",""replica"":""7fc15fda-5103-4647-b7c4-6251ceb0ef53""}",2026-07-23T06:21:37.154187354Z
"2026-07-23T06:21:29.507Z [[34mdebug[39m] Message received {""service"":""mqtt-publisher-lite"",""topic"":""proof.mqtt/DEVICE-15/gmb"",""size"":246,""retain"":false}",info,"{""level"":""info""}","{""project"":""90a47e04-a329-4122-9c82-2ee75a4562c2"",""environment"":""f6319bd4-2e87-40d4-8547-4ce714038bc1"",""service"":""c236b8cb-3eff-45c5-aca0-23e73e33dc8d"",""deployment"":""69394420-c732-4ebe-a5fd-54c2d5628ea7"",""replica"":""7fc15fda-5103-4647-b7c4-6251ceb0ef53""}",2026-07-23T06:21:37.154193654Z
"2026-07-23T06:21:29.507Z [[34mdebug[39m] Skipping echo message {""service"":""mqtt-publisher-lite"",""topic"":""proof.mqtt/DEVICE-15/gmb"",""age"":""1ms""}",info,"{""level"":""info""}","{""project"":""90a47e04-a329-4122-9c82-2ee75a4562c2"",""environment"":""f6319bd4-2e87-40d4-8547-4ce714038bc1"",""service"":""c236b8cb-3eff-45c5-aca0-23e73e33dc8d"",""deployment"":""69394420-c732-4ebe-a5fd-54c2d5628ea7"",""replica"":""7fc15fda-5103-4647-b7c4-6251ceb0ef53""}",2026-07-23T06:21:37.154199254Z
"2026-07-23T06:21:29.507Z [[34mdebug[39m] Screen message received {""service"":""mqtt-publisher-lite"",""topic"":""proof.mqtt/DEVICE-15/gmb"",""screen"":""gmb""}",info,"{""level"":""info""}","{""project"":""90a47e04-a329-4122-9c82-2ee75a4562c2"",""environment"":""f6319bd4-2e87-40d4-8547-4ce714038bc1"",""service"":""c236b8cb-3eff-45c5-aca0-23e73e33dc8d"",""deployment"":""69394420-c732-4ebe-a5fd-54c2d5628ea7"",""replica"":""7fc15fda-5103-4647-b7c4-6251ceb0ef53""}",2026-07-23T06:21:37.154203914Z
"2026-07-23T06:21:29.533Z [[34mdebug[39m] 📤 [PUBLISH_CYCLE] Publishing all screens to device {""service"":""mqtt-publisher-lite"",""deviceId"":""DEVICE-17""}",info,"{""level"":""info""}","{""project"":""90a47e04-a329-4122-9c82-2ee75a4562c2"",""environment"":""f6319bd4-2e87-40d4-8547-4ce714038bc1"",""service"":""c236b8cb-3eff-45c5-aca0-23e73e33dc8d"",""deployment"":""69394420-c732-4ebe-a5fd-54c2d5628ea7"",""replica"":""7fc15fda-5103-4647-b7c4-6251ceb0ef53""}",2026-07-23T06:21:37.154207963Z
"2026-07-23T06:21:29.606Z [[32minfo[39m] [STIM_GMB] Published {""service"":""mqtt-publisher-lite"",""deviceId"":""DEVICE-15"",""reviews"":11,""target"":100,""mode"":""synthetic"",""celebration"":""false"",""done"":false}",info,"{""level"":""info""}","{""project"":""90a47e04-a329-4122-9c82-2ee75a4562c2"",""environment"":""f6319bd4-2e87-40d4-8547-4ce714038bc1"",""service"":""c236b8cb-3eff-45c5-aca0-23e73e33dc8d"",""deployment"":""69394420-c732-4ebe-a5fd-54c2d5628ea7"",""replica"":""7fc15fda-5103-4647-b7c4-6251ceb0ef53""}",2026-07-23T06:21:37.154212303Z
"2026-07-23T06:21:29.653Z [[32minfo[39m] [PROMOTION] Default canvas not published {""service"":""mqtt-publisher-lite"",""deviceId"":""DEVICE-17"",""topic"":""proof.mqtt/DEVICE-17/promotion"",""reason"":""unchanged""}",info,"{""level"":""info""}","{""project"":""90a47e04-a329-4122-9c82-2ee75a4562c2"",""environment"":""f6319bd4-2e87-40d4-8547-4ce714038bc1"",""service"":""c236b8cb-3eff-45c5-aca0-23e73e33dc8d"",""deployment"":""69394420-c732-4ebe-a5fd-54c2d5628ea7"",""replica"":""7fc15fda-5103-4647-b7c4-6251ceb0ef53""}",2026-07-23T06:21:37.155520142Z
"2026-07-23T06:21:29.752Z [[34mdebug[39m] [STIM_SKIP] StatsPublisher skipping stim device {""service"":""mqtt-publisher-lite"",""deviceId"":""DEVICE-19""}",info,"{""level"":""info""}","{""project"":""90a47e04-a329-4122-9c82-2ee75a4562c2"",""environment"":""f6319bd4-2e87-40d4-8547-4ce714038bc1"",""service"":""c236b8cb-3eff-45c5-aca0-23e73e33dc8d"",""deployment"":""69394420-c732-4ebe-a5fd-54c2d5628ea7"",""replica"":""7fc15fda-5103-4647-b7c4-6251ceb0ef53""}",2026-07-23T06:21:37.155525412Z
"2026-07-23T06:21:29.752Z [[34mdebug[39m] [STIM_SKIP] StatsPublisher skipping stim device {""service"":""mqtt-publisher-lite"",""deviceId"":""DEVICE-15""}",info,"{""level"":""info""}","{""project"":""90a47e04-a329-4122-9c82-2ee75a4562c2"",""environment"":""f6319bd4-2e87-40d4-8547-4ce714038bc1"",""service"":""c236b8cb-3eff-45c5-aca0-23e73e33dc8d"",""deployment"":""69394420-c732-4ebe-a5fd-54c2d5628ea7"",""replica"":""7fc15fda-5103-4647-b7c4-6251ceb0ef53""}",2026-07-23T06:21:37.155528802Z
"2026-07-23T06:21:29.752Z [[34mdebug[39m] [STIM_SKIP] StatsPublisher skipping stim device {""service"":""mqtt-publisher-lite"",""deviceId"":""DEVICE-13""}",info,"{""level"":""info""}","{""project"":""90a47e04-a329-4122-9c82-2ee75a4562c2"",""environment"":""f6319bd4-2e87-40d4-8547-4ce714038bc1"",""service"":""c236b8cb-3eff-45c5-aca0-23e73e33dc8d"",""deployment"":""69394420-c732-4ebe-a5fd-54c2d5628ea7"",""replica"":""7fc15fda-5103-4647-b7c4-6251ceb0ef53""}",2026-07-23T06:21:37.155531892Z
"2026-07-23T06:21:31.993Z [[32minfo[39m] 📤 QoS 1 message sent {""service"":""mqtt-publisher-lite"",""messageId"":44643,""topic"":""proof.mqtt/DEVICE-13/instagram"",""qos"":1}",info,"{""level"":""info""}","{""project"":""90a47e04-a329-4122-9c82-2ee75a4562c2"",""environment"":""f6319bd4-2e87-40d4-8547-4ce714038bc1"",""service"":""c236b8cb-3eff-45c5-aca0-23e73e33dc8d"",""deployment"":""69394420-c732-4ebe-a5fd-54c2d5628ea7"",""replica"":""7fc15fda-5103-4647-b7c4-6251ceb0ef53""}",2026-07-23T06:21:37.155534692Z
"2026-07-23T06:21:31.993Z [[32minfo[39m] ⏱️ Tracking QoS 1 message (30s timeout) {""service"":""mqtt-publisher-lite"",""deviceId"":""DEVICE-13"",""messageId"":44643,""topic"":""proof.mqtt/DEVICE-13/instagram"",""pendingCount"":1}",info,"{""level"":""info""}","{""project"":""90a47e04-a329-4122-9c82-2ee75a4562c2"",""environment"":""f6319bd4-2e87-40d4-8547-4ce714038bc1"",""service"":""c236b8cb-3eff-45c5-aca0-23e73e33dc8d"",""deployment"":""69394420-c732-4ebe-a5fd-54c2d5628ea7"",""replica"":""7fc15fda-5103-4647-b7c4-6251ceb0ef53""}",2026-07-23T06:21:37.155537482Z
"2026-07-23T06:21:32.095Z [[32minfo[39m] 📤 QoS 1 message sent {""service"":""mqtt-publisher-lite"",""messageId"":44644,""topic"":""proof.mqtt/DEVICE-13/gmb"",""qos"":1}",info,"{""level"":""info""}","{""project"":""90a47e04-a329-4122-9c82-2ee75a4562c2"",""environment"":""f6319bd4-2e87-40d4-8547-4ce714038bc1"",""service"":""c236b8cb-3eff-45c5-aca0-23e73e33dc8d"",""deployment"":""69394420-c732-4ebe-a5fd-54c2d5628ea7"",""replica"":""7fc15fda-5103-4647-b7c4-6251ceb0ef53""}",2026-07-23T06:21:37.155540642Z
"2026-07-23T06:21:32.095Z [[32minfo[39m] ⏱️ Tracking QoS 1 message (30s timeout) {""service"":""mqtt-publisher-lite"",""deviceId"":""DEVICE-13"",""messageId"":44644,""topic"":""proof.mqtt/DEVICE-13/gmb"",""pendingCount"":2}",info,"{""level"":""info""}","{""project"":""90a47e04-a329-4122-9c82-2ee75a4562c2"",""environment"":""f6319bd4-2e87-40d4-8547-4ce714038bc1"",""service"":""c236b8cb-3eff-45c5-aca0-23e73e33dc8d"",""deployment"":""69394420-c732-4ebe-a5fd-54c2d5628ea7"",""replica"":""7fc15fda-5103-4647-b7c4-6251ceb0ef53""}",2026-07-23T06:21:37.155543422Z
"2026-07-23T06:21:32.204Z [[32minfo[39m] ✅ PUBACK received {""service"":""mqtt-publisher-lite"",""messageId"":44643}",info,"{""level"":""info""}","{""project"":""90a47e04-a329-4122-9c82-2ee75a4562c2"",""environment"":""f6319bd4-2e87-40d4-8547-4ce714038bc1"",""service"":""c236b8cb-3eff-45c5-aca0-23e73e33dc8d"",""deployment"":""69394420-c732-4ebe-a5fd-54c2d5628ea7"",""replica"":""7fc15fda-5103-4647-b7c4-6251ceb0ef53""}",2026-07-23T06:21:37.155547862Z
"2026-07-23T06:21:32.204Z [[32minfo[39m] ✅ QoS 1 PUBACK confirmed {""service"":""mqtt-publisher-lite"",""deviceId"":""DEVICE-13"",""messageId"":44643,""deliveryTime"":""211ms"",""pendingCount"":1}",info,"{""level"":""info""}","{""project"":""90a47e04-a329-4122-9c82-2ee75a4562c2"",""environment"":""f6319bd4-2e87-40d4-8547-4ce714038bc1"",""service"":""c236b8cb-3eff-45c5-aca0-23e73e33dc8d"",""deployment"":""69394420-c732-4ebe-a5fd-54c2d5628ea7"",""replica"":""7fc15fda-5103-4647-b7c4-6251ceb0ef53""}",2026-07-23T06:21:37.155551302Z
"2026-07-23T06:21:32.204Z [[34mdebug[39m] ✅ [LIFECYCLE:PUBACK_OK] Device confirmed message receipt {""service"":""mqtt-publisher-lite"",""deviceId"":""DEVICE-13""}",info,"{""level"":""info""}","{""project"":""90a47e04-a329-4122-9c82-2ee75a4562c2"",""environment"":""f6319bd4-2e87-40d4-8547-4ce714038bc1"",""service"":""c236b8cb-3eff-45c5-aca0-23e73e33dc8d"",""deployment"":""69394420-c732-4ebe-a5fd-54c2d5628ea7"",""replica"":""7fc15fda-5103-4647-b7c4-6251ceb0ef53""}",2026-07-23T06:21:37.157310487Z
"2026-07-23T06:21:32.204Z [[34mdebug[39m] Message published {""service"":""mqtt-publisher-lite"",""topic"":""proof.mqtt/DEVICE-13/instagram"",""qos"":1,""deliveryTime"":""211ms""}",info,"{""level"":""info""}","{""project"":""90a47e04-a329-4122-9c82-2ee75a4562c2"",""environment"":""f6319bd4-2e87-40d4-8547-4ce714038bc1"",""service"":""c236b8cb-3eff-45c5-aca0-23e73e33dc8d"",""deployment"":""69394420-c732-4ebe-a5fd-54c2d5628ea7"",""replica"":""7fc15fda-5103-4647-b7c4-6251ceb0ef53""}",2026-07-23T06:21:37.157317937Z
"2026-07-23T06:21:32.204Z [[34mdebug[39m] Message received {""service"":""mqtt-publisher-lite"",""topic"":""proof.mqtt/DEVICE-13/instagram"",""size"":227,""retain"":false}",info,"{""level"":""info""}","{""project"":""90a47e04-a329-4122-9c82-2ee75a4562c2"",""environment"":""f6319bd4-2e87-40d4-8547-4ce714038bc1"",""service"":""c236b8cb-3eff-45c5-aca0-23e73e33dc8d"",""deployment"":""69394420-c732-4ebe-a5fd-54c2d5628ea7"",""replica"":""7fc15fda-5103-4647-b7c4-6251ceb0ef53""}",2026-07-23T06:21:37.157322777Z
"2026-07-23T06:21:32.204Z [[34mdebug[39m] Skipping echo message {""service"":""mqtt-publisher-lite"",""topic"":""proof.mqtt/DEVICE-13/instagram"",""age"":""0ms""}",info,"{""level"":""info""}","{""project"":""90a47e04-a329-4122-9c82-2ee75a4562c2"",""environment"":""f6319bd4-2e87-40d4-8547-4ce714038bc1"",""service"":""c236b8cb-3eff-45c5-aca0-23e73e33dc8d"",""deployment"":""69394420-c732-4ebe-a5fd-54c2d5628ea7"",""replica"":""7fc15fda-5103-4647-b7c4-6251ceb0ef53""}",2026-07-23T06:21:37.157327087Z
"2026-07-23T06:21:32.205Z [[34mdebug[39m] Screen message received {""service"":""mqtt-publisher-lite"",""topic"":""proof.mqtt/DEVICE-13/instagram"",""screen"":""instagram""}",info,"{""level"":""info""}","{""project"":""90a47e04-a329-4122-9c82-2ee75a4562c2"",""environment"":""f6319bd4-2e87-40d4-8547-4ce714038bc1"",""service"":""c236b8cb-3eff-45c5-aca0-23e73e33dc8d"",""deployment"":""69394420-c732-4ebe-a5fd-54c2d5628ea7"",""replica"":""7fc15fda-5103-4647-b7c4-6251ceb0ef53""}",2026-07-23T06:21:37.157331257Z
"2026-07-23T06:21:32.304Z [[32minfo[39m] [STIM_IG] Published {""service"":""mqtt-publisher-lite"",""deviceId"":""DEVICE-13"",""followers"":7,""target"":500,""mode"":""synthetic"",""achievement"":10,""celebration"":""false"",""done"":false}",info,"{""level"":""info""}","{""project"":""90a47e04-a329-4122-9c82-2ee75a4562c2"",""environment"":""f6319bd4-2e87-40d4-8547-4ce714038bc1"",""service"":""c236b8cb-3eff-45c5-aca0-23e73e33dc8d"",""deployment"":""69394420-c732-4ebe-a5fd-54c2d5628ea7"",""replica"":""7fc15fda-5103-4647-b7c4-6251ceb0ef53""}",2026-07-23T06:21:37.157335727Z
"2026-07-23T06:21:32.305Z [[32minfo[39m] ✅ PUBACK received {""service"":""mqtt-publisher-lite"",""messageId"":44644}",info,"{""level"":""info""}","{""project"":""90a47e04-a329-4122-9c82-2ee75a4562c2"",""environment"":""f6319bd4-2e87-40d4-8547-4ce714038bc1"",""service"":""c236b8cb-3eff-45c5-aca0-23e73e33dc8d"",""deployment"":""69394420-c732-4ebe-a5fd-54c2d5628ea7"",""replica"":""7fc15fda-5103-4647-b7c4-6251ceb0ef53""}",2026-07-23T06:21:37.157342567Z
"2026-07-23T06:21:32.305Z [[32minfo[39m] ✅ QoS 1 PUBACK confirmed {""service"":""mqtt-publisher-lite"",""deviceId"":""DEVICE-13"",""messageId"":44644,""deliveryTime"":""210ms"",""pendingCount"":0}",info,"{""level"":""info""}","{""project"":""90a47e04-a329-4122-9c82-2ee75a4562c2"",""environment"":""f6319bd4-2e87-40d4-8547-4ce714038bc1"",""service"":""c236b8cb-3eff-45c5-aca0-23e73e33dc8d"",""deployment"":""69394420-c732-4ebe-a5fd-54c2d5628ea7"",""replica"":""7fc15fda-5103-4647-b7c4-6251ceb0ef53""}",2026-07-23T06:21:37.157346767Z
"2026-07-23T06:21:32.305Z [[34mdebug[39m] ✅ [LIFECYCLE:PUBACK_OK] Device confirmed message receipt {""service"":""mqtt-publisher-lite"",""deviceId"":""DEVICE-13""}",info,"{""level"":""info""}","{""project"":""90a47e04-a329-4122-9c82-2ee75a4562c2"",""environment"":""f6319bd4-2e87-40d4-8547-4ce714038bc1"",""service"":""c236b8cb-3eff-45c5-aca0-23e73e33dc8d"",""deployment"":""69394420-c732-4ebe-a5fd-54c2d5628ea7"",""replica"":""7fc15fda-5103-4647-b7c4-6251ceb0ef53""}",2026-07-23T06:21:37.157350657Z
"2026-07-23T06:21:32.305Z [[34mdebug[39m] Message published {""service"":""mqtt-publisher-lite"",""topic"":""proof.mqtt/DEVICE-13/gmb"",""qos"":1,""deliveryTime"":""211ms""}",info,"{""level"":""info""}","{""project"":""90a47e04-a329-4122-9c82-2ee75a4562c2"",""environment"":""f6319bd4-2e87-40d4-8547-4ce714038bc1"",""service"":""c236b8cb-3eff-45c5-aca0-23e73e33dc8d"",""deployment"":""69394420-c732-4ebe-a5fd-54c2d5628ea7"",""replica"":""7fc15fda-5103-4647-b7c4-6251ceb0ef53""}",2026-07-23T06:21:37.157354087Z
"2026-07-23T06:21:32.306Z [[34mdebug[39m] Message received {""service"":""mqtt-publisher-lite"",""topic"":""proof.mqtt/DEVICE-13/gmb"",""size"":270,""retain"":false}",info,"{""level"":""info""}","{""project"":""90a47e04-a329-4122-9c82-2ee75a4562c2"",""environment"":""f6319bd4-2e87-40d4-8547-4ce714038bc1"",""service"":""c236b8cb-3eff-45c5-aca0-23e73e33dc8d"",""deployment"":""69394420-c732-4ebe-a5fd-54c2d5628ea7"",""replica"":""7fc15fda-5103-4647-b7c4-6251ceb0ef53""}",2026-07-23T06:21:37.158578957Z
"2026-07-23T06:21:32.306Z [[34mdebug[39m] Skipping echo message {""service"":""mqtt-publisher-lite"",""topic"":""proof.mqtt/DEVICE-13/gmb"",""age"":""1ms""}",info,"{""level"":""info""}","{""project"":""90a47e04-a329-4122-9c82-2ee75a4562c2"",""environment"":""f6319bd4-2e87-40d4-8547-4ce714038bc1"",""service"":""c236b8cb-3eff-45c5-aca0-23e73e33dc8d"",""deployment"":""69394420-c732-4ebe-a5fd-54c2d5628ea7"",""replica"":""7fc15fda-5103-4647-b7c4-6251ceb0ef53""}",2026-07-23T06:21:37.158583187Z
"2026-07-23T06:21:32.306Z [[34mdebug[39m] Screen message received {""service"":""mqtt-publisher-lite"",""topic"":""proof.mqtt/DEVICE-13/gmb"",""screen"":""gmb""}",info,"{""level"":""info""}","{""project"":""90a47e04-a329-4122-9c82-2ee75a4562c2"",""environment"":""f6319bd4-2e87-40d4-8547-4ce714038bc1"",""service"":""c236b8cb-3eff-45c5-aca0-23e73e33dc8d"",""deployment"":""69394420-c732-4ebe-a5fd-54c2d5628ea7"",""replica"":""7fc15fda-5103-4647-b7c4-6251ceb0ef53""}",2026-07-23T06:21:37.158586087Z
"2026-07-23T06:21:32.405Z [[32minfo[39m] [STIM_GMB] Published {""service"":""mqtt-publisher-lite"",""deviceId"":""DEVICE-13"",""reviews"":5,""target"":100,""mode"":""synthetic"",""celebration"":""true"",""done"":false}",info,"{""level"":""info""}","{""project"":""90a47e04-a329-4122-9c82-2ee75a4562c2"",""environment"":""f6319bd4-2e87-40d4-8547-4ce714038bc1"",""service"":""c236b8cb-3eff-45c5-aca0-23e73e33dc8d"",""deployment"":""69394420-c732-4ebe-a5fd-54c2d5628ea7"",""replica"":""7fc15fda-5103-4647-b7c4-6251ceb0ef53""}",2026-07-23T06:21:37.158589416Z
"2026-07-23T06:21:59.194Z [[32minfo[39m] 📤 QoS 1 message sent {""service"":""mqtt-publisher-lite"",""messageId"":44645,""topic"":""proof.mqtt/DEVICE-15/instagram"",""qos"":1}",info,"{""level"":""info""}","{""project"":""90a47e04-a329-4122-9c82-2ee75a4562c2"",""environment"":""f6319bd4-2e87-40d4-8547-4ce714038bc1"",""service"":""c236b8cb-3eff-45c5-aca0-23e73e33dc8d"",""deployment"":""69394420-c732-4ebe-a5fd-54c2d5628ea7"",""replica"":""7fc15fda-5103-4647-b7c4-6251ceb0ef53""}",2026-07-23T06:22:07.084123438Z
"2026-07-23T06:21:59.194Z [[32minfo[39m] ⏱️ Tracking QoS 1 message (30s timeout) {""service"":""mqtt-publisher-lite"",""deviceId"":""DEVICE-15"",""messageId"":44645,""topic"":""proof.mqtt/DEVICE-15/instagram"",""pendingCount"":1}",info,"{""level"":""info""}","{""project"":""90a47e04-a329-4122-9c82-2ee75a4562c2"",""environment"":""f6319bd4-2e87-40d4-8547-4ce714038bc1"",""service"":""c236b8cb-3eff-45c5-aca0-23e73e33dc8d"",""deployment"":""69394420-c732-4ebe-a5fd-54c2d5628ea7"",""replica"":""7fc15fda-5103-4647-b7c4-6251ceb0ef53""}",2026-07-23T06:22:07.084132968Z
"2026-07-23T06:21:59.295Z [[32minfo[39m] 📤 QoS 1 message sent {""service"":""mqtt-publisher-lite"",""messageId"":44646,""topic"":""proof.mqtt/DEVICE-15/gmb"",""qos"":1}",info,"{""level"":""info""}","{""project"":""90a47e04-a329-4122-9c82-2ee75a4562c2"",""environment"":""f6319bd4-2e87-40d4-8547-4ce714038bc1"",""service"":""c236b8cb-3eff-45c5-aca0-23e73e33dc8d"",""deployment"":""69394420-c732-4ebe-a5fd-54c2d5628ea7"",""replica"":""7fc15fda-5103-4647-b7c4-6251ceb0ef53""}",2026-07-23T06:22:07.084136748Z
"2026-07-23T06:21:59.296Z [[32minfo[39m] ⏱️ Tracking QoS 1 message (30s timeout) {""service"":""mqtt-publisher-lite"",""deviceId"":""DEVICE-15"",""messageId"":44646,""topic"":""proof.mqtt/DEVICE-15/gmb"",""pendingCount"":2}",info,"{""level"":""info""}","{""project"":""90a47e04-a329-4122-9c82-2ee75a4562c2"",""environment"":""f6319bd4-2e87-40d4-8547-4ce714038bc1"",""service"":""c236b8cb-3eff-45c5-aca0-23e73e33dc8d"",""deployment"":""69394420-c732-4ebe-a5fd-54c2d5628ea7"",""replica"":""7fc15fda-5103-4647-b7c4-6251ceb0ef53""}",2026-07-23T06:22:07.084140118Z
"2026-07-23T06:21:59.405Z [[32minfo[39m] ✅ PUBACK received {""service"":""mqtt-publisher-lite"",""messageId"":44645}",info,"{""level"":""info""}","{""project"":""90a47e04-a329-4122-9c82-2ee75a4562c2"",""environment"":""f6319bd4-2e87-40d4-8547-4ce714038bc1"",""service"":""c236b8cb-3eff-45c5-aca0-23e73e33dc8d"",""deployment"":""69394420-c732-4ebe-a5fd-54c2d5628ea7"",""replica"":""7fc15fda-5103-4647-b7c4-6251ceb0ef53""}",2026-07-23T06:22:07.084143508Z
"2026-07-23T06:21:59.405Z [[32minfo[39m] ✅ QoS 1 PUBACK confirmed {""service"":""mqtt-publisher-lite"",""deviceId"":""DEVICE-15"",""messageId"":44645,""deliveryTime"":""211ms"",""pendingCount"":1}",info,"{""level"":""info""}","{""project"":""90a47e04-a329-4122-9c82-2ee75a4562c2"",""environment"":""f6319bd4-2e87-40d4-8547-4ce714038bc1"",""service"":""c236b8cb-3eff-45c5-aca0-23e73e33dc8d"",""deployment"":""69394420-c732-4ebe-a5fd-54c2d5628ea7"",""replica"":""7fc15fda-5103-4647-b7c4-6251ceb0ef53""}",2026-07-23T06:22:07.084146608Z
"2026-07-23T06:21:59.405Z [[34mdebug[39m] ✅ [LIFECYCLE:PUBACK_OK] Device confirmed message receipt {""service"":""mqtt-publisher-lite"",""deviceId"":""DEVICE-15""}",info,"{""level"":""info""}","{""project"":""90a47e04-a329-4122-9c82-2ee75a4562c2"",""environment"":""f6319bd4-2e87-40d4-8547-4ce714038bc1"",""service"":""c236b8cb-3eff-45c5-aca0-23e73e33dc8d"",""deployment"":""69394420-c732-4ebe-a5fd-54c2d5628ea7"",""replica"":""7fc15fda-5103-4647-b7c4-6251ceb0ef53""}",2026-07-23T06:22:07.084149718Z
"2026-07-23T06:21:59.405Z [[34mdebug[39m] Message published {""service"":""mqtt-publisher-lite"",""topic"":""proof.mqtt/DEVICE-15/instagram"",""qos"":1,""deliveryTime"":""211ms""}",info,"{""level"":""info""}","{""project"":""90a47e04-a329-4122-9c82-2ee75a4562c2"",""environment"":""f6319bd4-2e87-40d4-8547-4ce714038bc1"",""service"":""c236b8cb-3eff-45c5-aca0-23e73e33dc8d"",""deployment"":""69394420-c732-4ebe-a5fd-54c2d5628ea7"",""replica"":""7fc15fda-5103-4647-b7c4-6251ceb0ef53""}",2026-07-23T06:22:07.084154048Z
"2026-07-23T06:21:59.405Z [[34mdebug[39m] Message received {""service"":""mqtt-publisher-lite"",""topic"":""proof.mqtt/DEVICE-15/instagram"",""size"":228,""retain"":false}",info,"{""level"":""info""}","{""project"":""90a47e04-a329-4122-9c82-2ee75a4562c2"",""environment"":""f6319bd4-2e87-40d4-8547-4ce714038bc1"",""service"":""c236b8cb-3eff-45c5-aca0-23e73e33dc8d"",""deployment"":""69394420-c732-4ebe-a5fd-54c2d5628ea7"",""replica"":""7fc15fda-5103-4647-b7c4-6251ceb0ef53""}",2026-07-23T06:22:07.084157468Z
"2026-07-23T06:21:59.406Z [[34mdebug[39m] Skipping echo message {""service"":""mqtt-publisher-lite"",""topic"":""proof.mqtt/DEVICE-15/instagram"",""age"":""0ms""}",info,"{""level"":""info""}","{""project"":""90a47e04-a329-4122-9c82-2ee75a4562c2"",""environment"":""f6319bd4-2e87-40d4-8547-4ce714038bc1"",""service"":""c236b8cb-3eff-45c5-aca0-23e73e33dc8d"",""deployment"":""69394420-c732-4ebe-a5fd-54c2d5628ea7"",""replica"":""7fc15fda-5103-4647-b7c4-6251ceb0ef53""}",2026-07-23T06:22:07.084160648Z
"2026-07-23T06:21:59.406Z [[34mdebug[39m] Screen message received {""service"":""mqtt-publisher-lite"",""topic"":""proof.mqtt/DEVICE-15/instagram"",""screen"":""instagram""}",info,"{""level"":""info""}","{""project"":""90a47e04-a329-4122-9c82-2ee75a4562c2"",""environment"":""f6319bd4-2e87-40d4-8547-4ce714038bc1"",""service"":""c236b8cb-3eff-45c5-aca0-23e73e33dc8d"",""deployment"":""69394420-c732-4ebe-a5fd-54c2d5628ea7"",""replica"":""7fc15fda-5103-4647-b7c4-6251ceb0ef53""}",2026-07-23T06:22:07.085165129Z
"2026-07-23T06:21:59.506Z [[32minfo[39m] ✅ PUBACK received {""service"":""mqtt-publisher-lite"",""messageId"":44646}",info,"{""level"":""info""}","{""project"":""90a47e04-a329-4122-9c82-2ee75a4562c2"",""environment"":""f6319bd4-2e87-40d4-8547-4ce714038bc1"",""service"":""c236b8cb-3eff-45c5-aca0-23e73e33dc8d"",""deployment"":""69394420-c732-4ebe-a5fd-54c2d5628ea7"",""replica"":""7fc15fda-5103-4647-b7c4-6251ceb0ef53""}",2026-07-23T06:22:07.085173889Z
"2026-07-23T06:21:59.506Z [[32minfo[39m] ✅ QoS 1 PUBACK confirmed {""service"":""mqtt-publisher-lite"",""deviceId"":""DEVICE-15"",""messageId"":44646,""deliveryTime"":""210ms"",""pendingCount"":0}",info,"{""level"":""info""}","{""project"":""90a47e04-a329-4122-9c82-2ee75a4562c2"",""environment"":""f6319bd4-2e87-40d4-8547-4ce714038bc1"",""service"":""c236b8cb-3eff-45c5-aca0-23e73e33dc8d"",""deployment"":""69394420-c732-4ebe-a5fd-54c2d5628ea7"",""replica"":""7fc15fda-5103-4647-b7c4-6251ceb0ef53""}",2026-07-23T06:22:07.085179599Z
"2026-07-23T06:21:59.506Z [[34mdebug[39m] ✅ [LIFECYCLE:PUBACK_OK] Device confirmed message receipt {""service"":""mqtt-publisher-lite"",""deviceId"":""DEVICE-15""}",info,"{""level"":""info""}","{""project"":""90a47e04-a329-4122-9c82-2ee75a4562c2"",""environment"":""f6319bd4-2e87-40d4-8547-4ce714038bc1"",""service"":""c236b8cb-3eff-45c5-aca0-23e73e33dc8d"",""deployment"":""69394420-c732-4ebe-a5fd-54c2d5628ea7"",""replica"":""7fc15fda-5103-4647-b7c4-6251ceb0ef53""}",2026-07-23T06:22:07.085185629Z
"2026-07-23T06:21:59.507Z [[34mdebug[39m] Message published {""service"":""mqtt-publisher-lite"",""topic"":""proof.mqtt/DEVICE-15/gmb"",""qos"":1,""deliveryTime"":""212ms""}",info,"{""level"":""info""}","{""project"":""90a47e04-a329-4122-9c82-2ee75a4562c2"",""environment"":""f6319bd4-2e87-40d4-8547-4ce714038bc1"",""service"":""c236b8cb-3eff-45c5-aca0-23e73e33dc8d"",""deployment"":""69394420-c732-4ebe-a5fd-54c2d5628ea7"",""replica"":""7fc15fda-5103-4647-b7c4-6251ceb0ef53""}",2026-07-23T06:22:07.085191609Z
"2026-07-23T06:21:59.507Z [[34mdebug[39m] Message received {""service"":""mqtt-publisher-lite"",""topic"":""proof.mqtt/DEVICE-15/gmb"",""size"":246,""retain"":false}",info,"{""level"":""info""}","{""project"":""90a47e04-a329-4122-9c82-2ee75a4562c2"",""environment"":""f6319bd4-2e87-40d4-8547-4ce714038bc1"",""service"":""c236b8cb-3eff-45c5-aca0-23e73e33dc8d"",""deployment"":""69394420-c732-4ebe-a5fd-54c2d5628ea7"",""replica"":""7fc15fda-5103-4647-b7c4-6251ceb0ef53""}",2026-07-23T06:22:07.085197649Z
"2026-07-23T06:21:59.507Z [[34mdebug[39m] Skipping echo message {""service"":""mqtt-publisher-lite"",""topic"":""proof.mqtt/DEVICE-15/gmb"",""age"":""0ms""}",info,"{""level"":""info""}","{""project"":""90a47e04-a329-4122-9c82-2ee75a4562c2"",""environment"":""f6319bd4-2e87-40d4-8547-4ce714038bc1"",""service"":""c236b8cb-3eff-45c5-aca0-23e73e33dc8d"",""deployment"":""69394420-c732-4ebe-a5fd-54c2d5628ea7"",""replica"":""7fc15fda-5103-4647-b7c4-6251ceb0ef53""}",2026-07-23T06:22:07.085202889Z
"2026-07-23T06:21:59.507Z [[34mdebug[39m] Screen message received {""service"":""mqtt-publisher-lite"",""topic"":""proof.mqtt/DEVICE-15/gmb"",""screen"":""gmb""}",info,"{""level"":""info""}","{""project"":""90a47e04-a329-4122-9c82-2ee75a4562c2"",""environment"":""f6319bd4-2e87-40d4-8547-4ce714038bc1"",""service"":""c236b8cb-3eff-45c5-aca0-23e73e33dc8d"",""deployment"":""69394420-c732-4ebe-a5fd-54c2d5628ea7"",""replica"":""7fc15fda-5103-4647-b7c4-6251ceb0ef53""}",2026-07-23T06:22:07.085208829Z
"2026-07-23T06:21:59.509Z [[32minfo[39m] [STIM_IG] Published {""service"":""mqtt-publisher-lite"",""deviceId"":""DEVICE-15"",""followers"":14,""target"":500,""mode"":""synthetic"",""achievement"":15,""celebration"":""false"",""done"":false}",info,"{""level"":""info""}","{""project"":""90a47e04-a329-4122-9c82-2ee75a4562c2"",""environment"":""f6319bd4-2e87-40d4-8547-4ce714038bc1"",""service"":""c236b8cb-3eff-45c5-aca0-23e73e33dc8d"",""deployment"":""69394420-c732-4ebe-a5fd-54c2d5628ea7"",""replica"":""7fc15fda-5103-4647-b7c4-6251ceb0ef53""}",2026-07-23T06:22:07.085214409Z
"2026-07-23T06:21:59.607Z [[32minfo[39m] [STIM_GMB] Published {""service"":""mqtt-publisher-lite"",""deviceId"":""DEVICE-15"",""reviews"":12,""target"":100,""mode"":""synthetic"",""celebration"":""false"",""done"":false}",info,"{""level"":""info""}","{""project"":""90a47e04-a329-4122-9c82-2ee75a4562c2"",""environment"":""f6319bd4-2e87-40d4-8547-4ce714038bc1"",""service"":""c236b8cb-3eff-45c5-aca0-23e73e33dc8d"",""deployment"":""69394420-c732-4ebe-a5fd-54c2d5628ea7"",""replica"":""7fc15fda-5103-4647-b7c4-6251ceb0ef53""}",2026-07-23T06:22:07.085220189Z
"2026-07-23T06:22:01.993Z [[32minfo[39m] 📤 QoS 1 message sent {""service"":""mqtt-publisher-lite"",""messageId"":44647,""topic"":""proof.mqtt/DEVICE-13/instagram"",""qos"":1}",info,"{""level"":""info""}","{""project"":""90a47e04-a329-4122-9c82-2ee75a4562c2"",""environment"":""f6319bd4-2e87-40d4-8547-4ce714038bc1"",""service"":""c236b8cb-3eff-45c5-aca0-23e73e33dc8d"",""deployment"":""69394420-c732-4ebe-a5fd-54c2d5628ea7"",""replica"":""7fc15fda-5103-4647-b7c4-6251ceb0ef53""}",2026-07-23T06:22:07.086721616Z
"2026-07-23T06:22:01.993Z [[32minfo[39m] ⏱️ Tracking QoS 1 message (30s timeout) {""service"":""mqtt-publisher-lite"",""deviceId"":""DEVICE-13"",""messageId"":44647,""topic"":""proof.mqtt/DEVICE-13/instagram"",""pendingCount"":1}",info,"{""level"":""info""}","{""project"":""90a47e04-a329-4122-9c82-2ee75a4562c2"",""environment"":""f6319bd4-2e87-40d4-8547-4ce714038bc1"",""service"":""c236b8cb-3eff-45c5-aca0-23e73e33dc8d"",""deployment"":""69394420-c732-4ebe-a5fd-54c2d5628ea7"",""replica"":""7fc15fda-5103-4647-b7c4-6251ceb0ef53""}",2026-07-23T06:22:07.086727996Z
"2026-07-23T06:22:02.094Z [[32minfo[39m] 📤 QoS 1 message sent {""service"":""mqtt-publisher-lite"",""messageId"":44648,""topic"":""proof.mqtt/DEVICE-13/gmb"",""qos"":1}",info,"{""level"":""info""}","{""project"":""90a47e04-a329-4122-9c82-2ee75a4562c2"",""environment"":""f6319bd4-2e87-40d4-8547-4ce714038bc1"",""service"":""c236b8cb-3eff-45c5-aca0-23e73e33dc8d"",""deployment"":""69394420-c732-4ebe-a5fd-54c2d5628ea7"",""replica"":""7fc15fda-5103-4647-b7c4-6251ceb0ef53""}",2026-07-23T06:22:07.086732126Z
"2026-07-23T06:22:02.094Z [[32minfo[39m] ⏱️ Tracking QoS 1 message (30s timeout) {""service"":""mqtt-publisher-lite"",""deviceId"":""DEVICE-13"",""messageId"":44648,""topic"":""proof.mqtt/DEVICE-13/gmb"",""pendingCount"":2}",info,"{""level"":""info""}","{""project"":""90a47e04-a329-4122-9c82-2ee75a4562c2"",""environment"":""f6319bd4-2e87-40d4-8547-4ce714038bc1"",""service"":""c236b8cb-3eff-45c5-aca0-23e73e33dc8d"",""deployment"":""69394420-c732-4ebe-a5fd-54c2d5628ea7"",""replica"":""7fc15fda-5103-4647-b7c4-6251ceb0ef53""}",2026-07-23T06:22:07.086735286Z
"2026-07-23T06:22:02.204Z [[32minfo[39m] ✅ PUBACK received {""service"":""mqtt-publisher-lite"",""messageId"":44647}",info,"{""level"":""info""}","{""project"":""90a47e04-a329-4122-9c82-2ee75a4562c2"",""environment"":""f6319bd4-2e87-40d4-8547-4ce714038bc1"",""service"":""c236b8cb-3eff-45c5-aca0-23e73e33dc8d"",""deployment"":""69394420-c732-4ebe-a5fd-54c2d5628ea7"",""replica"":""7fc15fda-5103-4647-b7c4-6251ceb0ef53""}",2026-07-23T06:22:07.086738466Z
"2026-07-23T06:22:02.204Z [[32minfo[39m] ✅ QoS 1 PUBACK confirmed {""service"":""mqtt-publisher-lite"",""deviceId"":""DEVICE-13"",""messageId"":44647,""deliveryTime"":""211ms"",""pendingCount"":1}",info,"{""level"":""info""}","{""project"":""90a47e04-a329-4122-9c82-2ee75a4562c2"",""environment"":""f6319bd4-2e87-40d4-8547-4ce714038bc1"",""service"":""c236b8cb-3eff-45c5-aca0-23e73e33dc8d"",""deployment"":""69394420-c732-4ebe-a5fd-54c2d5628ea7"",""replica"":""7fc15fda-5103-4647-b7c4-6251ceb0ef53""}",2026-07-23T06:22:07.086741726Z
"2026-07-23T06:22:02.204Z [[34mdebug[39m] ✅ [LIFECYCLE:PUBACK_OK] Device confirmed message receipt {""service"":""mqtt-publisher-lite"",""deviceId"":""DEVICE-13""}",info,"{""level"":""info""}","{""project"":""90a47e04-a329-4122-9c82-2ee75a4562c2"",""environment"":""f6319bd4-2e87-40d4-8547-4ce714038bc1"",""service"":""c236b8cb-3eff-45c5-aca0-23e73e33dc8d"",""deployment"":""69394420-c732-4ebe-a5fd-54c2d5628ea7"",""replica"":""7fc15fda-5103-4647-b7c4-6251ceb0ef53""}",2026-07-23T06:22:07.086745226Z
"2026-07-23T06:22:02.204Z [[34mdebug[39m] Message published {""service"":""mqtt-publisher-lite"",""topic"":""proof.mqtt/DEVICE-13/instagram"",""qos"":1,""deliveryTime"":""211ms""}",info,"{""level"":""info""}","{""project"":""90a47e04-a329-4122-9c82-2ee75a4562c2"",""environment"":""f6319bd4-2e87-40d4-8547-4ce714038bc1"",""service"":""c236b8cb-3eff-45c5-aca0-23e73e33dc8d"",""deployment"":""69394420-c732-4ebe-a5fd-54c2d5628ea7"",""replica"":""7fc15fda-5103-4647-b7c4-6251ceb0ef53""}",2026-07-23T06:22:07.086748906Z
"2026-07-23T06:22:02.205Z [[34mdebug[39m] Message received {""service"":""mqtt-publisher-lite"",""topic"":""proof.mqtt/DEVICE-13/instagram"",""size"":227,""retain"":false}",info,"{""level"":""info""}","{""project"":""90a47e04-a329-4122-9c82-2ee75a4562c2"",""environment"":""f6319bd4-2e87-40d4-8547-4ce714038bc1"",""service"":""c236b8cb-3eff-45c5-aca0-23e73e33dc8d"",""deployment"":""69394420-c732-4ebe-a5fd-54c2d5628ea7"",""replica"":""7fc15fda-5103-4647-b7c4-6251ceb0ef53""}",2026-07-23T06:22:07.086751506Z
"2026-07-23T06:22:02.206Z [[34mdebug[39m] Skipping echo message {""service"":""mqtt-publisher-lite"",""topic"":""proof.mqtt/DEVICE-13/instagram"",""age"":""2ms""}",info,"{""level"":""info""}","{""project"":""90a47e04-a329-4122-9c82-2ee75a4562c2"",""environment"":""f6319bd4-2e87-40d4-8547-4ce714038bc1"",""service"":""c236b8cb-3eff-45c5-aca0-23e73e33dc8d"",""deployment"":""69394420-c732-4ebe-a5fd-54c2d5628ea7"",""replica"":""7fc15fda-5103-4647-b7c4-6251ceb0ef53""}",2026-07-23T06:22:07.086754436Z
"2026-07-23T06:22:02.206Z [[34mdebug[39m] Screen message received {""service"":""mqtt-publisher-lite"",""topic"":""proof.mqtt/DEVICE-13/instagram"",""screen"":""instagram""}",info,"{""level"":""info""}","{""project"":""90a47e04-a329-4122-9c82-2ee75a4562c2"",""environment"":""f6319bd4-2e87-40d4-8547-4ce714038bc1"",""service"":""c236b8cb-3eff-45c5-aca0-23e73e33dc8d"",""deployment"":""69394420-c732-4ebe-a5fd-54c2d5628ea7"",""replica"":""7fc15fda-5103-4647-b7c4-6251ceb0ef53""}",2026-07-23T06:22:07.087978316Z
"2026-07-23T06:22:02.304Z [[32minfo[39m] ✅ PUBACK received {""service"":""mqtt-publisher-lite"",""messageId"":44648}",info,"{""level"":""info""}","{""project"":""90a47e04-a329-4122-9c82-2ee75a4562c2"",""environment"":""f6319bd4-2e87-40d4-8547-4ce714038bc1"",""service"":""c236b8cb-3eff-45c5-aca0-23e73e33dc8d"",""deployment"":""69394420-c732-4ebe-a5fd-54c2d5628ea7"",""replica"":""7fc15fda-5103-4647-b7c4-6251ceb0ef53""}",2026-07-23T06:22:07.087983906Z
"2026-07-23T06:22:02.305Z [[32minfo[39m] ✅ QoS 1 PUBACK confirmed {""service"":""mqtt-publisher-lite"",""deviceId"":""DEVICE-13"",""messageId"":44648,""deliveryTime"":""211ms"",""pendingCount"":0}",info,"{""level"":""info""}","{""project"":""90a47e04-a329-4122-9c82-2ee75a4562c2"",""environment"":""f6319bd4-2e87-40d4-8547-4ce714038bc1"",""service"":""c236b8cb-3eff-45c5-aca0-23e73e33dc8d"",""deployment"":""69394420-c732-4ebe-a5fd-54c2d5628ea7"",""replica"":""7fc15fda-5103-4647-b7c4-6251ceb0ef53""}",2026-07-23T06:22:07.087988956Z
"2026-07-23T06:22:02.305Z [[34mdebug[39m] ✅ [LIFECYCLE:PUBACK_OK] Device confirmed message receipt {""service"":""mqtt-publisher-lite"",""deviceId"":""DEVICE-13""}",info,"{""level"":""info""}","{""project"":""90a47e04-a329-4122-9c82-2ee75a4562c2"",""environment"":""f6319bd4-2e87-40d4-8547-4ce714038bc1"",""service"":""c236b8cb-3eff-45c5-aca0-23e73e33dc8d"",""deployment"":""69394420-c732-4ebe-a5fd-54c2d5628ea7"",""replica"":""7fc15fda-5103-4647-b7c4-6251ceb0ef53""}",2026-07-23T06:22:07.087994486Z
"2026-07-23T06:22:02.305Z [[34mdebug[39m] Message published {""service"":""mqtt-publisher-lite"",""topic"":""proof.mqtt/DEVICE-13/gmb"",""qos"":1,""deliveryTime"":""211ms""}",info,"{""level"":""info""}","{""project"":""90a47e04-a329-4122-9c82-2ee75a4562c2"",""environment"":""f6319bd4-2e87-40d4-8547-4ce714038bc1"",""service"":""c236b8cb-3eff-45c5-aca0-23e73e33dc8d"",""deployment"":""69394420-c732-4ebe-a5fd-54c2d5628ea7"",""replica"":""7fc15fda-5103-4647-b7c4-6251ceb0ef53""}",2026-07-23T06:22:07.087998355Z
"2026-07-23T06:22:02.305Z [[34mdebug[39m] Message received {""service"":""mqtt-publisher-lite"",""topic"":""proof.mqtt/DEVICE-13/gmb"",""size"":245,""retain"":false}",info,"{""level"":""info""}","{""project"":""90a47e04-a329-4122-9c82-2ee75a4562c2"",""environment"":""f6319bd4-2e87-40d4-8547-4ce714038bc1"",""service"":""c236b8cb-3eff-45c5-aca0-23e73e33dc8d"",""deployment"":""69394420-c732-4ebe-a5fd-54c2d5628ea7"",""replica"":""7fc15fda-5103-4647-b7c4-6251ceb0ef53""}",2026-07-23T06:22:07.088002865Z
"2026-07-23T06:22:02.306Z [[34mdebug[39m] Skipping echo message {""service"":""mqtt-publisher-lite"",""topic"":""proof.mqtt/DEVICE-13/gmb"",""age"":""0ms""}",info,"{""level"":""info""}","{""project"":""90a47e04-a329-4122-9c82-2ee75a4562c2"",""environment"":""f6319bd4-2e87-40d4-8547-4ce714038bc1"",""service"":""c236b8cb-3eff-45c5-aca0-23e73e33dc8d"",""deployment"":""69394420-c732-4ebe-a5fd-54c2d5628ea7"",""replica"":""7fc15fda-5103-4647-b7c4-6251ceb0ef53""}",2026-07-23T06:22:07.088008485Z
"2026-07-23T06:22:02.306Z [[34mdebug[39m] Screen message received {""service"":""mqtt-publisher-lite"",""topic"":""proof.mqtt/DEVICE-13/gmb"",""screen"":""gmb""}",info,"{""level"":""info""}","{""project"":""90a47e04-a329-4122-9c82-2ee75a4562c2"",""environment"":""f6319bd4-2e87-40d4-8547-4ce714038bc1"",""service"":""c236b8cb-3eff-45c5-aca0-23e73e33dc8d"",""deployment"":""69394420-c732-4ebe-a5fd-54c2d5628ea7"",""replica"":""7fc15fda-5103-4647-b7c4-6251ceb0ef53""}",2026-07-23T06:22:07.088012695Z
"2026-07-23T06:22:02.307Z [[32minfo[39m] [STIM_IG] Published {""service"":""mqtt-publisher-lite"",""deviceId"":""DEVICE-13"",""followers"":8,""target"":500,""mode"":""synthetic"",""achievement"":10,""celebration"":""false"",""done"":false}",info,"{""level"":""info""}","{""project"":""90a47e04-a329-4122-9c82-2ee75a4562c2"",""environment"":""f6319bd4-2e87-40d4-8547-4ce714038bc1"",""service"":""c236b8cb-3eff-45c5-aca0-23e73e33dc8d"",""deployment"":""69394420-c732-4ebe-a5fd-54c2d5628ea7"",""replica"":""7fc15fda-5103-4647-b7c4-6251ceb0ef53""}",2026-07-23T06:22:07.088016565Z
"2026-07-23T06:22:02.405Z [[32minfo[39m] [STIM_GMB] Published {""service"":""mqtt-publisher-lite"",""deviceId"":""DEVICE-13"",""reviews"":6,""target"":100,""mode"":""synthetic"",""celebration"":""false"",""done"":false}",info,"{""level"":""info""}","{""project"":""90a47e04-a329-4122-9c82-2ee75a4562c2"",""environment"":""f6319bd4-2e87-40d4-8547-4ce714038bc1"",""service"":""c236b8cb-3eff-45c5-aca0-23e73e33dc8d"",""deployment"":""69394420-c732-4ebe-a5fd-54c2d5628ea7"",""replica"":""7fc15fda-5103-4647-b7c4-6251ceb0ef53""}",2026-07-23T06:22:07.088020565Z
"2026-07-23T06:22:12.907Z [[34mdebug[39m] Message received {""service"":""mqtt-publisher-lite"",""topic"":""proof.mqtt/DEVICE-13/lwt"",""size"":69,""retain"":false}",info,"{""level"":""info""}","{""project"":""90a47e04-a329-4122-9c82-2ee75a4562c2"",""environment"":""f6319bd4-2e87-40d4-8547-4ce714038bc1"",""service"":""c236b8cb-3eff-45c5-aca0-23e73e33dc8d"",""deployment"":""69394420-c732-4ebe-a5fd-54c2d5628ea7"",""replica"":""7fc15fda-5103-4647-b7c4-6251ceb0ef53""}",2026-07-23T06:22:12.912884642Z
"2026-07-23T06:22:12.908Z [[32minfo[39m] 📨 Broker-generated LWT message detected {""service"":""mqtt-publisher-lite"",""topic"":""proof.mqtt/DEVICE-13/lwt""}",info,"{""level"":""info""}","{""project"":""90a47e04-a329-4122-9c82-2ee75a4562c2"",""environment"":""f6319bd4-2e87-40d4-8547-4ce714038bc1"",""service"":""c236b8cb-3eff-45c5-aca0-23e73e33dc8d"",""deployment"":""69394420-c732-4ebe-a5fd-54c2d5628ea7"",""replica"":""7fc15fda-5103-4647-b7c4-6251ceb0ef53""}",2026-07-23T06:22:12.912893062Z
"2026-07-23T06:22:12.908Z [[32minfo[39m] 💀 LWT: Device Disconnected (Broker-Generated) {""service"":""mqtt-publisher-lite"",""deviceId"":""DEVICE-13"",""clientId"":""DEVICE-13"",""topic"":""/lwt"",""reason"":""Client disconnected (all types: graceful, crash, power cut, etc.)"",""source"":""broker"",""mechanism"":""Last Will and Testament""}",info,"{""level"":""info""}","{""project"":""90a47e04-a329-4122-9c82-2ee75a4562c2"",""environment"":""f6319bd4-2e87-40d4-8547-4ce714038bc1"",""service"":""c236b8cb-3eff-45c5-aca0-23e73e33dc8d"",""deployment"":""69394420-c732-4ebe-a5fd-54c2d5628ea7"",""replica"":""7fc15fda-5103-4647-b7c4-6251ceb0ef53""}",2026-07-23T06:22:12.912898112Z
"2026-07-23T06:22:12.908Z [[32minfo[39m] 💀 [LIFECYCLE:LWT] Removing device from Redis active cache {""service"":""mqtt-publisher-lite"",""deviceId"":""DEVICE-13""}",info,"{""level"":""info""}","{""project"":""90a47e04-a329-4122-9c82-2ee75a4562c2"",""environment"":""f6319bd4-2e87-40d4-8547-4ce714038bc1"",""service"":""c236b8cb-3eff-45c5-aca0-23e73e33dc8d"",""deployment"":""69394420-c732-4ebe-a5fd-54c2d5628ea7"",""replica"":""7fc15fda-5103-4647-b7c4-6251ceb0ef53""}",2026-07-23T06:22:12.912902662Z
"2026-07-23T06:22:13.232Z [[32minfo[39m] 💀 [LIFECYCLE:LWT] Cleared MQTT publish dedupe hashes {""service"":""mqtt-publisher-lite"",""deviceId"":""DEVICE-13"",""clearedPublishHashes"":1}",info,"{""level"":""info""}","{""project"":""90a47e04-a329-4122-9c82-2ee75a4562c2"",""environment"":""f6319bd4-2e87-40d4-8547-4ce714038bc1"",""service"":""c236b8cb-3eff-45c5-aca0-23e73e33dc8d"",""deployment"":""69394420-c732-4ebe-a5fd-54c2d5628ea7"",""replica"":""7fc15fda-5103-4647-b7c4-6251ceb0ef53""}",2026-07-23T06:22:13.235798040Z
"2026-07-23T06:22:13.233Z [[32minfo[39m] [STIM] /lwt — device disconnected, stopping loops (cache preserved with TTL) {""service"":""mqtt-publisher-lite"",""deviceId"":""DEVICE-13""}",info,"{""level"":""info""}","{""project"":""90a47e04-a329-4122-9c82-2ee75a4562c2"",""environment"":""f6319bd4-2e87-40d4-8547-4ce714038bc1"",""service"":""c236b8cb-3eff-45c5-aca0-23e73e33dc8d"",""deployment"":""69394420-c732-4ebe-a5fd-54c2d5628ea7"",""replica"":""7fc15fda-5103-4647-b7c4-6251ceb0ef53""}",2026-07-23T06:22:13.235803899Z
"2026-07-23T06:22:13.233Z [[32minfo[39m] 💀 [LIFECYCLE:LWT] Device disconnect processed {""service"":""mqtt-publisher-lite"",""deviceId"":""DEVICE-13"",""removedFromRedis"":true}",info,"{""level"":""info""}","{""project"":""90a47e04-a329-4122-9c82-2ee75a4562c2"",""environment"":""f6319bd4-2e87-40d4-8547-4ce714038bc1"",""service"":""c236b8cb-3eff-45c5-aca0-23e73e33dc8d"",""deployment"":""69394420-c732-4ebe-a5fd-54c2d5628ea7"",""replica"":""7fc15fda-5103-4647-b7c4-6251ceb0ef53""}",2026-07-23T06:22:13.235808209Z
"2026-07-23T06:22:14.937Z [[34mdebug[39m] Message received {""service"":""mqtt-publisher-lite"",""topic"":""proof.mqtt/DEVICE-19/lwt"",""size"":88,""retain"":false}",info,"{""level"":""info""}","{""project"":""90a47e04-a329-4122-9c82-2ee75a4562c2"",""environment"":""f6319bd4-2e87-40d4-8547-4ce714038bc1"",""service"":""c236b8cb-3eff-45c5-aca0-23e73e33dc8d"",""deployment"":""69394420-c732-4ebe-a5fd-54c2d5628ea7"",""replica"":""7fc15fda-5103-4647-b7c4-6251ceb0ef53""}",2026-07-23T06:22:14.943741241Z
"2026-07-23T06:22:14.938Z [[32minfo[39m] 📨 Broker-generated LWT message detected {""service"":""mqtt-publisher-lite"",""topic"":""proof.mqtt/DEVICE-19/lwt""}",info,"{""level"":""info""}","{""project"":""90a47e04-a329-4122-9c82-2ee75a4562c2"",""environment"":""f6319bd4-2e87-40d4-8547-4ce714038bc1"",""service"":""c236b8cb-3eff-45c5-aca0-23e73e33dc8d"",""deployment"":""69394420-c732-4ebe-a5fd-54c2d5628ea7"",""replica"":""7fc15fda-5103-4647-b7c4-6251ceb0ef53""}",2026-07-23T06:22:14.943746361Z
"2026-07-23T06:22:14.938Z [[32minfo[39m] 💀 LWT: Device Disconnected (Broker-Generated) {""service"":""mqtt-publisher-lite"",""deviceId"":""DEVICE-19"",""clientId"":""DEVICE-19"",""topic"":""/lwt"",""reason"":""Client disconnected (all types: graceful, crash, power cut, etc.)"",""source"":""broker"",""mechanism"":""Last Will and Testament""}",info,"{""level"":""info""}","{""project"":""90a47e04-a329-4122-9c82-2ee75a4562c2"",""environment"":""f6319bd4-2e87-40d4-8547-4ce714038bc1"",""service"":""c236b8cb-3eff-45c5-aca0-23e73e33dc8d"",""deployment"":""69394420-c732-4ebe-a5fd-54c2d5628ea7"",""replica"":""7fc15fda-5103-4647-b7c4-6251ceb0ef53""}",2026-07-23T06:22:14.943751621Z
"2026-07-23T06:22:14.938Z [[32minfo[39m] 💀 [LIFECYCLE:LWT] Removing device from Redis active cache {""service"":""mqtt-publisher-lite"",""deviceId"":""DEVICE-19""}",info,"{""level"":""info""}","{""project"":""90a47e04-a329-4122-9c82-2ee75a4562c2"",""environment"":""f6319bd4-2e87-40d4-8547-4ce714038bc1"",""service"":""c236b8cb-3eff-45c5-aca0-23e73e33dc8d"",""deployment"":""69394420-c732-4ebe-a5fd-54c2d5628ea7"",""replica"":""7fc15fda-5103-4647-b7c4-6251ceb0ef53""}",2026-07-23T06:22:14.943756191Z
"2026-07-23T06:22:15.239Z [[32minfo[39m] 💀 [LIFECYCLE:LWT] Cleared MQTT publish dedupe hashes {""service"":""mqtt-publisher-lite"",""deviceId"":""DEVICE-19"",""clearedPublishHashes"":1}",info,"{""level"":""info""}","{""project"":""90a47e04-a329-4122-9c82-2ee75a4562c2"",""environment"":""f6319bd4-2e87-40d4-8547-4ce714038bc1"",""service"":""c236b8cb-3eff-45c5-aca0-23e73e33dc8d"",""deployment"":""69394420-c732-4ebe-a5fd-54c2d5628ea7"",""replica"":""7fc15fda-5103-4647-b7c4-6251ceb0ef53""}",2026-07-23T06:22:15.246384089Z
"2026-07-23T06:22:15.239Z [[32minfo[39m] 💀 [LIFECYCLE:LWT] Device disconnect processed {""service"":""mqtt-publisher-lite"",""deviceId"":""DEVICE-19"",""removedFromRedis"":true}",info,"{""level"":""info""}","{""project"":""90a47e04-a329-4122-9c82-2ee75a4562c2"",""environment"":""f6319bd4-2e87-40d4-8547-4ce714038bc1"",""service"":""c236b8cb-3eff-45c5-aca0-23e73e33dc8d"",""deployment"":""69394420-c732-4ebe-a5fd-54c2d5628ea7"",""replica"":""7fc15fda-5103-4647-b7c4-6251ceb0ef53""}",2026-07-23T06:22:15.246390389Z
"2026-07-23T06:22:16.082Z [[34mdebug[39m] Message received {""service"":""mqtt-publisher-lite"",""topic"":""proof.mqtt/DEVICE-13/active"",""size"":229,""retain"":false}",info,"{""level"":""info""}","{""project"":""90a47e04-a329-4122-9c82-2ee75a4562c2"",""environment"":""f6319bd4-2e87-40d4-8547-4ce714038bc1"",""service"":""c236b8cb-3eff-45c5-aca0-23e73e33dc8d"",""deployment"":""69394420-c732-4ebe-a5fd-54c2d5628ea7"",""replica"":""7fc15fda-5103-4647-b7c4-6251ceb0ef53""}",2026-07-23T06:22:16.086589240Z
"2026-07-23T06:22:16.083Z [[32minfo[39m] 📱 Device Registration Received {""service"":""mqtt-publisher-lite"",""deviceId"":""DEVICE-13"",""type"":""device_registration""}",info,"{""level"":""info""}","{""project"":""90a47e04-a329-4122-9c82-2ee75a4562c2"",""environment"":""f6319bd4-2e87-40d4-8547-4ce714038bc1"",""service"":""c236b8cb-3eff-45c5-aca0-23e73e33dc8d"",""deployment"":""69394420-c732-4ebe-a5fd-54c2d5628ea7"",""replica"":""7fc15fda-5103-4647-b7c4-6251ceb0ef53""}",2026-07-23T06:22:16.086595070Z
"2026-07-23T06:22:16.209Z [[32minfo[39m] ✅ Existing device reconnected {""service"":""mqtt-publisher-lite"",""deviceId"":""DEVICE-13""}",info,"{""level"":""info""}","{""project"":""90a47e04-a329-4122-9c82-2ee75a4562c2"",""environment"":""f6319bd4-2e87-40d4-8547-4ce714038bc1"",""service"":""c236b8cb-3eff-45c5-aca0-23e73e33dc8d"",""deployment"":""69394420-c732-4ebe-a5fd-54c2d5628ea7"",""replica"":""7fc15fda-5103-4647-b7c4-6251ceb0ef53""}",2026-07-23T06:22:16.216543979Z
"2026-07-23T06:22:16.210Z [[32minfo[39m] 📤 QoS 1 message sent {""service"":""mqtt-publisher-lite"",""messageId"":44649,""topic"":""proof.mqtt/DEVICE-13/registration_ack"",""qos"":1}",info,"{""level"":""info""}","{""project"":""90a47e04-a329-4122-9c82-2ee75a4562c2"",""environment"":""f6319bd4-2e87-40d4-8547-4ce714038bc1"",""service"":""c236b8cb-3eff-45c5-aca0-23e73e33dc8d"",""deployment"":""69394420-c732-4ebe-a5fd-54c2d5628ea7"",""replica"":""7fc15fda-5103-4647-b7c4-6251ceb0ef53""}",2026-07-23T06:22:16.216548189Z
"2026-07-23T06:22:16.210Z [[32minfo[39m] ⏱️ Tracking QoS 1 message (30s timeout) {""service"":""mqtt-publisher-lite"",""deviceId"":""DEVICE-13"",""messageId"":44649,""topic"":""proof.mqtt/DEVICE-13/registration_ack"",""pendingCount"":1}",info,"{""level"":""info""}","{""project"":""90a47e04-a329-4122-9c82-2ee75a4562c2"",""environment"":""f6319bd4-2e87-40d4-8547-4ce714038bc1"",""service"":""c236b8cb-3eff-45c5-aca0-23e73e33dc8d"",""deployment"":""69394420-c732-4ebe-a5fd-54c2d5628ea7"",""replica"":""7fc15fda-5103-4647-b7c4-6251ceb0ef53""}",2026-07-23T06:22:16.216552349Z
"2026-07-23T06:22:16.420Z [[32minfo[39m] ✅ PUBACK received {""service"":""mqtt-publisher-lite"",""messageId"":44649}",info,"{""level"":""info""}","{""project"":""90a47e04-a329-4122-9c82-2ee75a4562c2"",""environment"":""f6319bd4-2e87-40d4-8547-4ce714038bc1"",""service"":""c236b8cb-3eff-45c5-aca0-23e73e33dc8d"",""deployment"":""69394420-c732-4ebe-a5fd-54c2d5628ea7"",""replica"":""7fc15fda-5103-4647-b7c4-6251ceb0ef53""}",2026-07-23T06:22:16.615710385Z
"2026-07-23T06:22:16.420Z [[32minfo[39m] ✅ QoS 1 PUBACK confirmed {""service"":""mqtt-publisher-lite"",""deviceId"":""DEVICE-13"",""messageId"":44649,""deliveryTime"":""210ms"",""pendingCount"":0}",info,"{""level"":""info""}","{""project"":""90a47e04-a329-4122-9c82-2ee75a4562c2"",""environment"":""f6319bd4-2e87-40d4-8547-4ce714038bc1"",""service"":""c236b8cb-3eff-45c5-aca0-23e73e33dc8d"",""deployment"":""69394420-c732-4ebe-a5fd-54c2d5628ea7"",""replica"":""7fc15fda-5103-4647-b7c4-6251ceb0ef53""}",2026-07-23T06:22:16.615714585Z
"2026-07-23T06:22:16.420Z [[34mdebug[39m] ✅ [LIFECYCLE:PUBACK_OK] Device confirmed message receipt {""service"":""mqtt-publisher-lite"",""deviceId"":""DEVICE-13""}",info,"{""level"":""info""}","{""project"":""90a47e04-a329-4122-9c82-2ee75a4562c2"",""environment"":""f6319bd4-2e87-40d4-8547-4ce714038bc1"",""service"":""c236b8cb-3eff-45c5-aca0-23e73e33dc8d"",""deployment"":""69394420-c732-4ebe-a5fd-54c2d5628ea7"",""replica"":""7fc15fda-5103-4647-b7c4-6251ceb0ef53""}",2026-07-23T06:22:16.615719105Z
"2026-07-23T06:22:16.421Z [[34mdebug[39m] Message published {""service"":""mqtt-publisher-lite"",""topic"":""proof.mqtt/DEVICE-13/registration_ack"",""qos"":1,""deliveryTime"":""211ms""}",info,"{""level"":""info""}","{""project"":""90a47e04-a329-4122-9c82-2ee75a4562c2"",""environment"":""f6319bd4-2e87-40d4-8547-4ce714038bc1"",""service"":""c236b8cb-3eff-45c5-aca0-23e73e33dc8d"",""deployment"":""69394420-c732-4ebe-a5fd-54c2d5628ea7"",""replica"":""7fc15fda-5103-4647-b7c4-6251ceb0ef53""}",2026-07-23T06:22:16.615723875Z
"2026-07-23T06:22:16.421Z [[32minfo[39m] 📤 Registration response sent {""service"":""mqtt-publisher-lite"",""deviceId"":""DEVICE-13"",""success"":true,""isNewDevice"":false}",info,"{""level"":""info""}","{""project"":""90a47e04-a329-4122-9c82-2ee75a4562c2"",""environment"":""f6319bd4-2e87-40d4-8547-4ce714038bc1"",""service"":""c236b8cb-3eff-45c5-aca0-23e73e33dc8d"",""deployment"":""69394420-c732-4ebe-a5fd-54c2d5628ea7"",""replica"":""7fc15fda-5103-4647-b7c4-6251ceb0ef53""}",2026-07-23T06:22:16.615728315Z
"2026-07-23T06:22:16.421Z [[32minfo[39m] 📋 [LIFECYCLE:REGISTER] Caching device in Redis active list {""service"":""mqtt-publisher-lite"",""deviceId"":""DEVICE-13""}",info,"{""level"":""info""}","{""project"":""90a47e04-a329-4122-9c82-2ee75a4562c2"",""environment"":""f6319bd4-2e87-40d4-8547-4ce714038bc1"",""service"":""c236b8cb-3eff-45c5-aca0-23e73e33dc8d"",""deployment"":""69394420-c732-4ebe-a5fd-54c2d5628ea7"",""replica"":""7fc15fda-5103-4647-b7c4-6251ceb0ef53""}",2026-07-23T06:22:16.615732205Z
"2026-07-23T06:22:16.421Z [[32minfo[39m] 📋 [LIFECYCLE:CACHE] Step 1/2 — Device lookup (MongoDB) {""service"":""mqtt-publisher-lite"",""deviceId"":""DEVICE-13""}",info,"{""level"":""info""}","{""project"":""90a47e04-a329-4122-9c82-2ee75a4562c2"",""environment"":""f6319bd4-2e87-40d4-8547-4ce714038bc1"",""service"":""c236b8cb-3eff-45c5-aca0-23e73e33dc8d"",""deployment"":""69394420-c732-4ebe-a5fd-54c2d5628ea7"",""replica"":""7fc15fda-5103-4647-b7c4-6251ceb0ef53""}",2026-07-23T06:22:16.615736665Z
"2026-07-23T06:22:16.424Z [[34mdebug[39m] Message received {""service"":""mqtt-publisher-lite"",""topic"":""proof.mqtt/DEVICE-19/status"",""size"":95,""retain"":false}",info,"{""level"":""info""}","{""project"":""90a47e04-a329-4122-9c82-2ee75a4562c2"",""environment"":""f6319bd4-2e87-40d4-8547-4ce714038bc1"",""service"":""c236b8cb-3eff-45c5-aca0-23e73e33dc8d"",""deployment"":""69394420-c732-4ebe-a5fd-54c2d5628ea7"",""replica"":""7fc15fda-5103-4647-b7c4-6251ceb0ef53""}",2026-07-23T06:22:16.615741055Z
"2026-07-23T06:22:16.425Z [[32minfo[39m] 📊 Device Status Update {""service"":""mqtt-publisher-lite"",""deviceId"":""DEVICE-19"",""status"":""online"",""eventType"":""status"",""uptime"":0.503135261}",info,"{""level"":""info""}","{""project"":""90a47e04-a329-4122-9c82-2ee75a4562c2"",""environment"":""f6319bd4-2e87-40d4-8547-4ce714038bc1"",""service"":""c236b8cb-3eff-45c5-aca0-23e73e33dc8d"",""deployment"":""69394420-c732-4ebe-a5fd-54c2d5628ea7"",""replica"":""7fc15fda-5103-4647-b7c4-6251ceb0ef53""}",2026-07-23T06:22:16.615745295Z
"2026-07-23T06:22:16.425Z [[34mdebug[39m] Message received {""service"":""mqtt-publisher-lite"",""topic"":""proof.mqtt/DEVICE-19/active"",""size"":238,""retain"":false}",info,"{""level"":""info""}","{""project"":""90a47e04-a329-4122-9c82-2ee75a4562c2"",""environment"":""f6319bd4-2e87-40d4-8547-4ce714038bc1"",""service"":""c236b8cb-3eff-45c5-aca0-23e73e33dc8d"",""deployment"":""69394420-c732-4ebe-a5fd-54c2d5628ea7"",""replica"":""7fc15fda-5103-4647-b7c4-6251ceb0ef53""}",2026-07-23T06:22:16.615749715Z
"2026-07-23T06:22:16.426Z [[32minfo[39m] 📱 Device Registration Received {""service"":""mqtt-publisher-lite"",""deviceId"":""DEVICE-19"",""userId"":""ESP32-ABC123"",""deviceType"":""node"",""os"":""linux"",""type"":""device_registration""}",info,"{""level"":""info""}","{""project"":""90a47e04-a329-4122-9c82-2ee75a4562c2"",""environment"":""f6319bd4-2e87-40d4-8547-4ce714038bc1"",""service"":""c236b8cb-3eff-45c5-aca0-23e73e33dc8d"",""deployment"":""69394420-c732-4ebe-a5fd-54c2d5628ea7"",""replica"":""7fc15fda-5103-4647-b7c4-6251ceb0ef53""}",2026-07-23T06:22:16.616148722Z
"2026-07-23T06:22:16.426Z [[34mdebug[39m] OTA telemetry written to InfluxDB {""service"":""mqtt-publisher-lite"",""deviceId"":""DEVICE-19"",""event"":""status""}",info,"{""level"":""info""}","{""project"":""90a47e04-a329-4122-9c82-2ee75a4562c2"",""environment"":""f6319bd4-2e87-40d4-8547-4ce714038bc1"",""service"":""c236b8cb-3eff-45c5-aca0-23e73e33dc8d"",""deployment"":""69394420-c732-4ebe-a5fd-54c2d5628ea7"",""replica"":""7fc15fda-5103-4647-b7c4-6251ceb0ef53""}",2026-07-23T06:22:16.616158382Z
"2026-07-23T06:22:16.554Z [[32minfo[39m] 📋 [LIFECYCLE:CACHE] Step 2/2 — Social (Instagram) for device {""service"":""mqtt-publisher-lite"",""deviceId"":""DEVICE-13"",""userId"":""6937af58f950f0f5356a1599"",""deviceStatus"":""ACTIVE""}",info,"{""level"":""info""}","{""project"":""90a47e04-a329-4122-9c82-2ee75a4562c2"",""environment"":""f6319bd4-2e87-40d4-8547-4ce714038bc1"",""service"":""c236b8cb-3eff-45c5-aca0-23e73e33dc8d"",""deployment"":""69394420-c732-4ebe-a5fd-54c2d5628ea7"",""replica"":""7fc15fda-5103-4647-b7c4-6251ceb0ef53""}",2026-07-23T06:22:16.616163311Z
"2026-07-23T06:22:16.679Z [[33mwarn[39m] 📋 [LIFECYCLE:CACHE] No INSTAGRAM `Social` row for owner — add Instagram for this user in the web app {""service"":""mqtt-publisher-lite"",""deviceId"":""DEVICE-13"",""userId"":""6937af58f950f0f5356a1599""}",info,"{""level"":""info""}","{""project"":""90a47e04-a329-4122-9c82-2ee75a4562c2"",""environment"":""f6319bd4-2e87-40d4-8547-4ce714038bc1"",""service"":""c236b8cb-3eff-45c5-aca0-23e73e33dc8d"",""deployment"":""69394420-c732-4ebe-a5fd-54c2d5628ea7"",""replica"":""7fc15fda-5103-4647-b7c4-6251ceb0ef53""}",2026-07-23T06:22:16.721162920Z
"2026-07-23T06:22:16.680Z [[32minfo[39m] ✅ Existing device reconnected {""service"":""mqtt-publisher-lite"",""deviceId"":""DEVICE-19"",""fwVersion"":""1.0.0""}",info,"{""level"":""info""}","{""project"":""90a47e04-a329-4122-9c82-2ee75a4562c2"",""environment"":""f6319bd4-2e87-40d4-8547-4ce714038bc1"",""service"":""c236b8cb-3eff-45c5-aca0-23e73e33dc8d"",""deployment"":""69394420-c732-4ebe-a5fd-54c2d5628ea7"",""replica"":""7fc15fda-5103-4647-b7c4-6251ceb0ef53""}",2026-07-23T06:22:16.721166530Z
"2026-07-23T06:22:16.681Z [[32minfo[39m] 📤 QoS 1 message sent {""service"":""mqtt-publisher-lite"",""messageId"":44650,""topic"":""proof.mqtt/DEVICE-19/registration_ack"",""qos"":1}",info,"{""level"":""info""}","{""project"":""90a47e04-a329-4122-9c82-2ee75a4562c2"",""environment"":""f6319bd4-2e87-40d4-8547-4ce714038bc1"",""service"":""c236b8cb-3eff-45c5-aca0-23e73e33dc8d"",""deployment"":""69394420-c732-4ebe-a5fd-54c2d5628ea7"",""replica"":""7fc15fda-5103-4647-b7c4-6251ceb0ef53""}",2026-07-23T06:22:16.721169809Z
"2026-07-23T06:22:16.681Z [[32minfo[39m] ⏱️ Tracking QoS 1 message (30s timeout) {""service"":""mqtt-publisher-lite"",""deviceId"":""DEVICE-19"",""messageId"":44650,""topic"":""proof.mqtt/DEVICE-19/registration_ack"",""pendingCount"":1}",info,"{""level"":""info""}","{""project"":""90a47e04-a329-4122-9c82-2ee75a4562c2"",""environment"":""f6319bd4-2e87-40d4-8547-4ce714038bc1"",""service"":""c236b8cb-3eff-45c5-aca0-23e73e33dc8d"",""deployment"":""69394420-c732-4ebe-a5fd-54c2d5628ea7"",""replica"":""7fc15fda-5103-4647-b7c4-6251ceb0ef53""}",2026-07-23T06:22:16.721173059Z
"2026-07-23T06:22:16.681Z [[32minfo[39m] 📋 [LIFECYCLE:CACHE] Active device record written (Mongo → file + Redis IG key) {""service"":""mqtt-publisher-lite"",""deviceId"":""DEVICE-13"",""userId"":""6937af58f950f0f5356a1599"",""instagramFromSocial"":false}",info,"{""level"":""info""}","{""project"":""90a47e04-a329-4122-9c82-2ee75a4562c2"",""environment"":""f6319bd4-2e87-40d4-8547-4ce714038bc1"",""service"":""c236b8cb-3eff-45c5-aca0-23e73e33dc8d"",""deployment"":""69394420-c732-4ebe-a5fd-54c2d5628ea7"",""replica"":""7fc15fda-5103-4647-b7c4-6251ceb0ef53""}",2026-07-23T06:22:16.721175909Z
"2026-07-23T06:22:16.891Z [[32minfo[39m] ✅ PUBACK received {""service"":""mqtt-publisher-lite"",""messageId"":44650}",info,"{""level"":""info""}","{""project"":""90a47e04-a329-4122-9c82-2ee75a4562c2"",""environment"":""f6319bd4-2e87-40d4-8547-4ce714038bc1"",""service"":""c236b8cb-3eff-45c5-aca0-23e73e33dc8d"",""deployment"":""69394420-c732-4ebe-a5fd-54c2d5628ea7"",""replica"":""7fc15fda-5103-4647-b7c4-6251ceb0ef53""}",2026-07-23T06:22:16.894809791Z
"2026-07-23T06:22:16.891Z [[32minfo[39m] ✅ QoS 1 PUBACK confirmed {""service"":""mqtt-publisher-lite"",""deviceId"":""DEVICE-19"",""messageId"":44650,""deliveryTime"":""210ms"",""pendingCount"":0}",info,"{""level"":""info""}","{""project"":""90a47e04-a329-4122-9c82-2ee75a4562c2"",""environment"":""f6319bd4-2e87-40d4-8547-4ce714038bc1"",""service"":""c236b8cb-3eff-45c5-aca0-23e73e33dc8d"",""deployment"":""69394420-c732-4ebe-a5fd-54c2d5628ea7"",""replica"":""7fc15fda-5103-4647-b7c4-6251ceb0ef53""}",2026-07-23T06:22:16.894815580Z
"2026-07-23T06:22:16.891Z [[34mdebug[39m] ✅ [LIFECYCLE:PUBACK_OK] Device confirmed message receipt {""service"":""mqtt-publisher-lite"",""deviceId"":""DEVICE-19""}",info,"{""level"":""info""}","{""project"":""90a47e04-a329-4122-9c82-2ee75a4562c2"",""environment"":""f6319bd4-2e87-40d4-8547-4ce714038bc1"",""service"":""c236b8cb-3eff-45c5-aca0-23e73e33dc8d"",""deployment"":""69394420-c732-4ebe-a5fd-54c2d5628ea7"",""replica"":""7fc15fda-5103-4647-b7c4-6251ceb0ef53""}",2026-07-23T06:22:16.894819820Z
"2026-07-23T06:22:16.891Z [[34mdebug[39m] Message published {""service"":""mqtt-publisher-lite"",""topic"":""proof.mqtt/DEVICE-19/registration_ack"",""qos"":1,""deliveryTime"":""211ms""}",info,"{""level"":""info""}","{""project"":""90a47e04-a329-4122-9c82-2ee75a4562c2"",""environment"":""f6319bd4-2e87-40d4-8547-4ce714038bc1"",""service"":""c236b8cb-3eff-45c5-aca0-23e73e33dc8d"",""deployment"":""69394420-c732-4ebe-a5fd-54c2d5628ea7"",""replica"":""7fc15fda-5103-4647-b7c4-6251ceb0ef53""}",2026-07-23T06:22:16.894825260Z
"2026-07-23T06:22:16.891Z [[32minfo[39m] 📤 Registration response sent {""service"":""mqtt-publisher-lite"",""deviceId"":""DEVICE-19"",""success"":true,""isNewDevice"":false}",info,"{""level"":""info""}","{""project"":""90a47e04-a329-4122-9c82-2ee75a4562c2"",""environment"":""f6319bd4-2e87-40d4-8547-4ce714038bc1"",""service"":""c236b8cb-3eff-45c5-aca0-23e73e33dc8d"",""deployment"":""69394420-c732-4ebe-a5fd-54c2d5628ea7"",""replica"":""7fc15fda-5103-4647-b7c4-6251ceb0ef53""}",2026-07-23T06:22:16.894829520Z
"2026-07-23T06:22:16.892Z [[32minfo[39m] 📋 [LIFECYCLE:REGISTER] Caching device in Redis active list {""service"":""mqtt-publisher-lite"",""deviceId"":""DEVICE-19""}",info,"{""level"":""info""}","{""project"":""90a47e04-a329-4122-9c82-2ee75a4562c2"",""environment"":""f6319bd4-2e87-40d4-8547-4ce714038bc1"",""service"":""c236b8cb-3eff-45c5-aca0-23e73e33dc8d"",""deployment"":""69394420-c732-4ebe-a5fd-54c2d5628ea7"",""replica"":""7fc15fda-5103-4647-b7c4-6251ceb0ef53""}",2026-07-23T06:22:16.894833220Z
"2026-07-23T06:22:16.892Z [[32minfo[39m] 📋 [LIFECYCLE:CACHE] Step 1/2 — Device lookup (MongoDB) {""service"":""mqtt-publisher-lite"",""deviceId"":""DEVICE-19""}",info,"{""level"":""info""}","{""project"":""90a47e04-a329-4122-9c82-2ee75a4562c2"",""environment"":""f6319bd4-2e87-40d4-8547-4ce714038bc1"",""service"":""c236b8cb-3eff-45c5-aca0-23e73e33dc8d"",""deployment"":""69394420-c732-4ebe-a5fd-54c2d5628ea7"",""replica"":""7fc15fda-5103-4647-b7c4-6251ceb0ef53""}",2026-07-23T06:22:16.894836950Z
"2026-07-23T06:22:17.006Z [[32minfo[39m] [STIM] /active — cache valid within TTL, resuming ramp {""service"":""mqtt-publisher-lite"",""deviceId"":""DEVICE-13""}",info,"{""level"":""info""}","{""project"":""90a47e04-a329-4122-9c82-2ee75a4562c2"",""environment"":""f6319bd4-2e87-40d4-8547-4ce714038bc1"",""service"":""c236b8cb-3eff-45c5-aca0-23e73e33dc8d"",""deployment"":""69394420-c732-4ebe-a5fd-54c2d5628ea7"",""replica"":""7fc15fda-5103-4647-b7c4-6251ceb0ef53""}",2026-07-23T06:22:17.007692502Z
"2026-07-23T06:22:17.006Z [[32minfo[39m] 📋 [LIFECYCLE:REGISTER] Device registration complete {""service"":""mqtt-publisher-lite"",""deviceId"":""DEVICE-13""}",info,"{""level"":""info""}","{""project"":""90a47e04-a329-4122-9c82-2ee75a4562c2"",""environment"":""f6319bd4-2e87-40d4-8547-4ce714038bc1"",""service"":""c236b8cb-3eff-45c5-aca0-23e73e33dc8d"",""deployment"":""69394420-c732-4ebe-a5fd-54c2d5628ea7"",""replica"":""7fc15fda-5103-4647-b7c4-6251ceb0ef53""}",2026-07-23T06:22:17.007700702Z
"2026-07-23T06:22:17.039Z [[32minfo[39m] 📋 [LIFECYCLE:CACHE] Step 2/2 — Social (Instagram) for device {""service"":""mqtt-publisher-lite"",""deviceId"":""DEVICE-19"",""userId"":""68d3753f9f99d6b73ae2d991"",""deviceStatus"":""ACTIVE""}",info,"{""level"":""info""}","{""project"":""90a47e04-a329-4122-9c82-2ee75a4562c2"",""environment"":""f6319bd4-2e87-40d4-8547-4ce714038bc1"",""service"":""c236b8cb-3eff-45c5-aca0-23e73e33dc8d"",""deployment"":""69394420-c732-4ebe-a5fd-54c2d5628ea7"",""replica"":""7fc15fda-5103-4647-b7c4-6251ceb0ef53""}",2026-07-23T06:22:17.044579472Z
"2026-07-23T06:22:17.108Z [[32minfo[39m] 📤 QoS 1 message sent {""service"":""mqtt-publisher-lite"",""messageId"":44651,""topic"":""proof.mqtt/DEVICE-13/instagram"",""qos"":1}",info,"{""level"":""info""}","{""project"":""90a47e04-a329-4122-9c82-2ee75a4562c2"",""environment"":""f6319bd4-2e87-40d4-8547-4ce714038bc1"",""service"":""c236b8cb-3eff-45c5-aca0-23e73e33dc8d"",""deployment"":""69394420-c732-4ebe-a5fd-54c2d5628ea7"",""replica"":""7fc15fda-5103-4647-b7c4-6251ceb0ef53""}",2026-07-23T06:22:17.112831398Z
"2026-07-23T06:22:17.108Z [[32minfo[39m] ⏱️ Tracking QoS 1 message (30s timeout) {""service"":""mqtt-publisher-lite"",""deviceId"":""DEVICE-13"",""messageId"":44651,""topic"":""proof.mqtt/DEVICE-13/instagram"",""pendingCount"":1}",info,"{""level"":""info""}","{""project"":""90a47e04-a329-4122-9c82-2ee75a4562c2"",""environment"":""f6319bd4-2e87-40d4-8547-4ce714038bc1"",""service"":""c236b8cb-3eff-45c5-aca0-23e73e33dc8d"",""deployment"":""69394420-c732-4ebe-a5fd-54c2d5628ea7"",""replica"":""7fc15fda-5103-4647-b7c4-6251ceb0ef53""}",2026-07-23T06:22:17.112837198Z
"2026-07-23T06:22:17.187Z [[32minfo[39m] 📋 [LIFECYCLE:CACHE] Active device record written (Mongo → file + Redis IG key) {""service"":""mqtt-publisher-lite"",""deviceId"":""DEVICE-19"",""userId"":""68d3753f9f99d6b73ae2d991"",""instagramFromSocial"":true}",info,"{""level"":""info""}","{""project"":""90a47e04-a329-4122-9c82-2ee75a4562c2"",""environment"":""f6319bd4-2e87-40d4-8547-4ce714038bc1"",""service"":""c236b8cb-3eff-45c5-aca0-23e73e33dc8d"",""deployment"":""69394420-c732-4ebe-a5fd-54c2d5628ea7"",""replica"":""7fc15fda-5103-4647-b7c4-6251ceb0ef53""}",2026-07-23T06:22:17.197094970Z
"2026-07-23T06:22:17.219Z [[32minfo[39m] 📤 QoS 1 message sent {""service"":""mqtt-publisher-lite"",""messageId"":44652,""topic"":""proof.mqtt/DEVICE-13/gmb"",""qos"":1}",info,"{""level"":""info""}","{""project"":""90a47e04-a329-4122-9c82-2ee75a4562c2"",""environment"":""f6319bd4-2e87-40d4-8547-4ce714038bc1"",""service"":""c236b8cb-3eff-45c5-aca0-23e73e33dc8d"",""deployment"":""69394420-c732-4ebe-a5fd-54c2d5628ea7"",""replica"":""7fc15fda-5103-4647-b7c4-6251ceb0ef53""}",2026-07-23T06:22:17.222483287Z
"2026-07-23T06:22:17.219Z [[32minfo[39m] ⏱️ Tracking QoS 1 message (30s timeout) {""service"":""mqtt-publisher-lite"",""deviceId"":""DEVICE-13"",""messageId"":44652,""topic"":""proof.mqtt/DEVICE-13/gmb"",""pendingCount"":2}",info,"{""level"":""info""}","{""project"":""90a47e04-a329-4122-9c82-2ee75a4562c2"",""environment"":""f6319bd4-2e87-40d4-8547-4ce714038bc1"",""service"":""c236b8cb-3eff-45c5-aca0-23e73e33dc8d"",""deployment"":""69394420-c732-4ebe-a5fd-54c2d5628ea7"",""replica"":""7fc15fda-5103-4647-b7c4-6251ceb0ef53""}",2026-07-23T06:22:17.222491447Z
"2026-07-23T06:22:17.249Z [[32minfo[39m] [USER_INTEGRATIONS] Cached {""service"":""mqtt-publisher-lite"",""userId"":""6937af58f950f0f5356a1599"",""hasInstagram"":false,""hasGmb"":false,""posPlatform"":null}",info,"{""level"":""info""}","{""project"":""90a47e04-a329-4122-9c82-2ee75a4562c2"",""environment"":""f6319bd4-2e87-40d4-8547-4ce714038bc1"",""service"":""c236b8cb-3eff-45c5-aca0-23e73e33dc8d"",""deployment"":""69394420-c732-4ebe-a5fd-54c2d5628ea7"",""replica"":""7fc15fda-5103-4647-b7c4-6251ceb0ef53""}",2026-07-23T06:22:17.265184848Z
"2026-07-23T06:22:17.327Z [[32minfo[39m] ✅ PUBACK received {""service"":""mqtt-publisher-lite"",""messageId"":44651}",info,"{""level"":""info""}","{""project"":""90a47e04-a329-4122-9c82-2ee75a4562c2"",""environment"":""f6319bd4-2e87-40d4-8547-4ce714038bc1"",""service"":""c236b8cb-3eff-45c5-aca0-23e73e33dc8d"",""deployment"":""69394420-c732-4ebe-a5fd-54c2d5628ea7"",""replica"":""7fc15fda-5103-4647-b7c4-6251ceb0ef53""}",2026-07-23T06:22:17.329694856Z
"2026-07-23T06:22:17.328Z [[32minfo[39m] ✅ QoS 1 PUBACK confirmed {""service"":""mqtt-publisher-lite"",""deviceId"":""DEVICE-13"",""messageId"":44651,""deliveryTime"":""220ms"",""pendingCount"":1}",info,"{""level"":""info""}","{""project"":""90a47e04-a329-4122-9c82-2ee75a4562c2"",""environment"":""f6319bd4-2e87-40d4-8547-4ce714038bc1"",""service"":""c236b8cb-3eff-45c5-aca0-23e73e33dc8d"",""deployment"":""69394420-c732-4ebe-a5fd-54c2d5628ea7"",""replica"":""7fc15fda-5103-4647-b7c4-6251ceb0ef53""}",2026-07-23T06:22:17.329698526Z
"2026-07-23T06:22:17.328Z [[34mdebug[39m] ✅ [LIFECYCLE:PUBACK_OK] Device confirmed message receipt {""service"":""mqtt-publisher-lite"",""deviceId"":""DEVICE-13""}",info,"{""level"":""info""}","{""project"":""90a47e04-a329-4122-9c82-2ee75a4562c2"",""environment"":""f6319bd4-2e87-40d4-8547-4ce714038bc1"",""service"":""c236b8cb-3eff-45c5-aca0-23e73e33dc8d"",""deployment"":""69394420-c732-4ebe-a5fd-54c2d5628ea7"",""replica"":""7fc15fda-5103-4647-b7c4-6251ceb0ef53""}",2026-07-23T06:22:17.329702426Z
"2026-07-23T06:22:17.328Z [[34mdebug[39m] Message published {""service"":""mqtt-publisher-lite"",""topic"":""proof.mqtt/DEVICE-13/instagram"",""qos"":1,""deliveryTime"":""220ms""}",info,"{""level"":""info""}","{""project"":""90a47e04-a329-4122-9c82-2ee75a4562c2"",""environment"":""f6319bd4-2e87-40d4-8547-4ce714038bc1"",""service"":""c236b8cb-3eff-45c5-aca0-23e73e33dc8d"",""deployment"":""69394420-c732-4ebe-a5fd-54c2d5628ea7"",""replica"":""7fc15fda-5103-4647-b7c4-6251ceb0ef53""}",2026-07-23T06:22:17.329707046Z
"2026-07-23T06:22:17.328Z [[34mdebug[39m] Message received {""service"":""mqtt-publisher-lite"",""topic"":""proof.mqtt/DEVICE-13/instagram"",""size"":227,""retain"":false}",info,"{""level"":""info""}","{""project"":""90a47e04-a329-4122-9c82-2ee75a4562c2"",""environment"":""f6319bd4-2e87-40d4-8547-4ce714038bc1"",""service"":""c236b8cb-3eff-45c5-aca0-23e73e33dc8d"",""deployment"":""69394420-c732-4ebe-a5fd-54c2d5628ea7"",""replica"":""7fc15fda-5103-4647-b7c4-6251ceb0ef53""}",2026-07-23T06:22:17.329710366Z
"2026-07-23T06:22:17.328Z [[34mdebug[39m] Skipping echo message {""service"":""mqtt-publisher-lite"",""topic"":""proof.mqtt/DEVICE-13/instagram"",""age"":""0ms""}",info,"{""level"":""info""}","{""project"":""90a47e04-a329-4122-9c82-2ee75a4562c2"",""environment"":""f6319bd4-2e87-40d4-8547-4ce714038bc1"",""service"":""c236b8cb-3eff-45c5-aca0-23e73e33dc8d"",""deployment"":""69394420-c732-4ebe-a5fd-54c2d5628ea7"",""replica"":""7fc15fda-5103-4647-b7c4-6251ceb0ef53""}",2026-07-23T06:22:17.329713516Z
"2026-07-23T06:22:17.328Z [[34mdebug[39m] Screen message received {""service"":""mqtt-publisher-lite"",""topic"":""proof.mqtt/DEVICE-13/instagram"",""screen"":""instagram""}",info,"{""level"":""info""}","{""project"":""90a47e04-a329-4122-9c82-2ee75a4562c2"",""environment"":""f6319bd4-2e87-40d4-8547-4ce714038bc1"",""service"":""c236b8cb-3eff-45c5-aca0-23e73e33dc8d"",""deployment"":""69394420-c732-4ebe-a5fd-54c2d5628ea7"",""replica"":""7fc15fda-5103-4647-b7c4-6251ceb0ef53""}",2026-07-23T06:22:17.329717536Z
"2026-07-23T06:22:17.444Z [[32minfo[39m] ✅ PUBACK received {""service"":""mqtt-publisher-lite"",""messageId"":44652}",info,"{""level"":""info""}","{""project"":""90a47e04-a329-4122-9c82-2ee75a4562c2"",""environment"":""f6319bd4-2e87-40d4-8547-4ce714038bc1"",""service"":""c236b8cb-3eff-45c5-aca0-23e73e33dc8d"",""deployment"":""69394420-c732-4ebe-a5fd-54c2d5628ea7"",""replica"":""7fc15fda-5103-4647-b7c4-6251ceb0ef53""}",2026-07-23T06:22:17.501296085Z
"2026-07-23T06:22:17.445Z [[32minfo[39m] ✅ QoS 1 PUBACK confirmed {""service"":""mqtt-publisher-lite"",""deviceId"":""DEVICE-13"",""messageId"":44652,""deliveryTime"":""226ms"",""pendingCount"":0}",info,"{""level"":""info""}","{""project"":""90a47e04-a329-4122-9c82-2ee75a4562c2"",""environment"":""f6319bd4-2e87-40d4-8547-4ce714038bc1"",""service"":""c236b8cb-3eff-45c5-aca0-23e73e33dc8d"",""deployment"":""69394420-c732-4ebe-a5fd-54c2d5628ea7"",""replica"":""7fc15fda-5103-4647-b7c4-6251ceb0ef53""}",2026-07-23T06:22:17.501301245Z
"2026-07-23T06:22:17.445Z [[34mdebug[39m] ✅ [LIFECYCLE:PUBACK_OK] Device confirmed message receipt {""service"":""mqtt-publisher-lite"",""deviceId"":""DEVICE-13""}",info,"{""level"":""info""}","{""project"":""90a47e04-a329-4122-9c82-2ee75a4562c2"",""environment"":""f6319bd4-2e87-40d4-8547-4ce714038bc1"",""service"":""c236b8cb-3eff-45c5-aca0-23e73e33dc8d"",""deployment"":""69394420-c732-4ebe-a5fd-54c2d5628ea7"",""replica"":""7fc15fda-5103-4647-b7c4-6251ceb0ef53""}",2026-07-23T06:22:17.501305555Z
"2026-07-23T06:22:17.445Z [[34mdebug[39m] Message published {""service"":""mqtt-publisher-lite"",""topic"":""proof.mqtt/DEVICE-13/gmb"",""qos"":1,""deliveryTime"":""226ms""}",info,"{""level"":""info""}","{""project"":""90a47e04-a329-4122-9c82-2ee75a4562c2"",""environment"":""f6319bd4-2e87-40d4-8547-4ce714038bc1"",""service"":""c236b8cb-3eff-45c5-aca0-23e73e33dc8d"",""deployment"":""69394420-c732-4ebe-a5fd-54c2d5628ea7"",""replica"":""7fc15fda-5103-4647-b7c4-6251ceb0ef53""}",2026-07-23T06:22:17.501309975Z
"2026-07-23T06:22:17.445Z [[34mdebug[39m] Message received {""service"":""mqtt-publisher-lite"",""topic"":""proof.mqtt/DEVICE-13/gmb"",""size"":245,""retain"":false}",info,"{""level"":""info""}","{""project"":""90a47e04-a329-4122-9c82-2ee75a4562c2"",""environment"":""f6319bd4-2e87-40d4-8547-4ce714038bc1"",""service"":""c236b8cb-3eff-45c5-aca0-23e73e33dc8d"",""deployment"":""69394420-c732-4ebe-a5fd-54c2d5628ea7"",""replica"":""7fc15fda-5103-4647-b7c4-6251ceb0ef53""}",2026-07-23T06:22:17.501314175Z
"2026-07-23T06:22:17.445Z [[34mdebug[39m] Skipping echo message {""service"":""mqtt-publisher-lite"",""topic"":""proof.mqtt/DEVICE-13/gmb"",""age"":""0ms""}",info,"{""level"":""info""}","{""project"":""90a47e04-a329-4122-9c82-2ee75a4562c2"",""environment"":""f6319bd4-2e87-40d4-8547-4ce714038bc1"",""service"":""c236b8cb-3eff-45c5-aca0-23e73e33dc8d"",""deployment"":""69394420-c732-4ebe-a5fd-54c2d5628ea7"",""replica"":""7fc15fda-5103-4647-b7c4-6251ceb0ef53""}",2026-07-23T06:22:17.501318624Z
"2026-07-23T06:22:17.445Z [[34mdebug[39m] Screen message received {""service"":""mqtt-publisher-lite"",""topic"":""proof.mqtt/DEVICE-13/gmb"",""screen"":""gmb""}",info,"{""level"":""info""}","{""project"":""90a47e04-a329-4122-9c82-2ee75a4562c2"",""environment"":""f6319bd4-2e87-40d4-8547-4ce714038bc1"",""service"":""c236b8cb-3eff-45c5-aca0-23e73e33dc8d"",""deployment"":""69394420-c732-4ebe-a5fd-54c2d5628ea7"",""replica"":""7fc15fda-5103-4647-b7c4-6251ceb0ef53""}",2026-07-23T06:22:17.501323304Z
"2026-07-23T06:22:17.447Z [[32minfo[39m] [STIM_IG] Published {""service"":""mqtt-publisher-lite"",""deviceId"":""DEVICE-13"",""followers"":9,""target"":500,""mode"":""synthetic"",""achievement"":10,""celebration"":""false"",""done"":false}",info,"{""level"":""info""}","{""project"":""90a47e04-a329-4122-9c82-2ee75a4562c2"",""environment"":""f6319bd4-2e87-40d4-8547-4ce714038bc1"",""service"":""c236b8cb-3eff-45c5-aca0-23e73e33dc8d"",""deployment"":""69394420-c732-4ebe-a5fd-54c2d5628ea7"",""replica"":""7fc15fda-5103-4647-b7c4-6251ceb0ef53""}",2026-07-23T06:22:17.501332274Z
"2026-07-23T06:22:17.541Z [[32minfo[39m] 📋 [LIFECYCLE:REGISTER] Device registration complete {""service"":""mqtt-publisher-lite"",""deviceId"":""DEVICE-19""}",info,"{""level"":""info""}","{""project"":""90a47e04-a329-4122-9c82-2ee75a4562c2"",""environment"":""f6319bd4-2e87-40d4-8547-4ce714038bc1"",""service"":""c236b8cb-3eff-45c5-aca0-23e73e33dc8d"",""deployment"":""69394420-c732-4ebe-a5fd-54c2d5628ea7"",""replica"":""7fc15fda-5103-4647-b7c4-6251ceb0ef53""}",2026-07-23T06:22:17.543691369Z
"2026-07-23T06:22:17.547Z [[32minfo[39m] [STIM_GMB] Published {""service"":""mqtt-publisher-lite"",""deviceId"":""DEVICE-13"",""reviews"":7,""target"":100,""mode"":""synthetic"",""celebration"":""false"",""done"":false}",info,"{""level"":""info""}","{""project"":""90a47e04-a329-4122-9c82-2ee75a4562c2"",""environment"":""f6319bd4-2e87-40d4-8547-4ce714038bc1"",""service"":""c236b8cb-3eff-45c5-aca0-23e73e33dc8d"",""deployment"":""69394420-c732-4ebe-a5fd-54c2d5628ea7"",""replica"":""7fc15fda-5103-4647-b7c4-6251ceb0ef53""}",2026-07-23T06:22:17.549272752Z
"2026-07-23T06:22:17.580Z [[32minfo[39m] [PROMOTION] No running brand canvas — default canvas {""service"":""mqtt-publisher-lite"",""deviceId"":""DEVICE-13"",""userId"":""6937af58f950f0f5356a1599""}",info,"{""level"":""info""}","{""project"":""90a47e04-a329-4122-9c82-2ee75a4562c2"",""environment"":""f6319bd4-2e87-40d4-8547-4ce714038bc1"",""service"":""c236b8cb-3eff-45c5-aca0-23e73e33dc8d"",""deployment"":""69394420-c732-4ebe-a5fd-54c2d5628ea7"",""replica"":""7fc15fda-5103-4647-b7c4-6251ceb0ef53""}",2026-07-23T06:22:17.583213717Z
"2026-07-23T06:22:17.580Z [[32minfo[39m] 📤 QoS 1 message sent {""service"":""mqtt-publisher-lite"",""messageId"":44653,""topic"":""proof.mqtt/DEVICE-13/promotion"",""qos"":1}",info,"{""level"":""info""}","{""project"":""90a47e04-a329-4122-9c82-2ee75a4562c2"",""environment"":""f6319bd4-2e87-40d4-8547-4ce714038bc1"",""service"":""c236b8cb-3eff-45c5-aca0-23e73e33dc8d"",""deployment"":""69394420-c732-4ebe-a5fd-54c2d5628ea7"",""replica"":""7fc15fda-5103-4647-b7c4-6251ceb0ef53""}",2026-07-23T06:22:17.583220447Z
"2026-07-23T06:22:17.580Z [[32minfo[39m] ⏱️ Tracking QoS 1 message (30s timeout) {""service"":""mqtt-publisher-lite"",""deviceId"":""DEVICE-13"",""messageId"":44653,""topic"":""proof.mqtt/DEVICE-13/promotion"",""pendingCount"":1}",info,"{""level"":""info""}","{""project"":""90a47e04-a329-4122-9c82-2ee75a4562c2"",""environment"":""f6319bd4-2e87-40d4-8547-4ce714038bc1"",""service"":""c236b8cb-3eff-45c5-aca0-23e73e33dc8d"",""deployment"":""69394420-c732-4ebe-a5fd-54c2d5628ea7"",""replica"":""7fc15fda-5103-4647-b7c4-6251ceb0ef53""}",2026-07-23T06:22:17.583224087Z
"2026-07-23T06:22:17.808Z [[32minfo[39m] ✅ PUBACK received {""service"":""mqtt-publisher-lite"",""messageId"":44653}",info,"{""level"":""info""}","{""project"":""90a47e04-a329-4122-9c82-2ee75a4562c2"",""environment"":""f6319bd4-2e87-40d4-8547-4ce714038bc1"",""service"":""c236b8cb-3eff-45c5-aca0-23e73e33dc8d"",""deployment"":""69394420-c732-4ebe-a5fd-54c2d5628ea7"",""replica"":""7fc15fda-5103-4647-b7c4-6251ceb0ef53""}",2026-07-23T06:22:17.811722117Z
"2026-07-23T06:22:17.809Z [[32minfo[39m] ✅ QoS 1 PUBACK confirmed {""service"":""mqtt-publisher-lite"",""deviceId"":""DEVICE-13"",""messageId"":44653,""deliveryTime"":""228ms"",""pendingCount"":0}",info,"{""level"":""info""}","{""project"":""90a47e04-a329-4122-9c82-2ee75a4562c2"",""environment"":""f6319bd4-2e87-40d4-8547-4ce714038bc1"",""service"":""c236b8cb-3eff-45c5-aca0-23e73e33dc8d"",""deployment"":""69394420-c732-4ebe-a5fd-54c2d5628ea7"",""replica"":""7fc15fda-5103-4647-b7c4-6251ceb0ef53""}",2026-07-23T06:22:17.811726017Z
"2026-07-23T06:22:17.809Z [[34mdebug[39m] ✅ [LIFECYCLE:PUBACK_OK] Device confirmed message receipt {""service"":""mqtt-publisher-lite"",""deviceId"":""DEVICE-13""}",info,"{""level"":""info""}","{""project"":""90a47e04-a329-4122-9c82-2ee75a4562c2"",""environment"":""f6319bd4-2e87-40d4-8547-4ce714038bc1"",""service"":""c236b8cb-3eff-45c5-aca0-23e73e33dc8d"",""deployment"":""69394420-c732-4ebe-a5fd-54c2d5628ea7"",""replica"":""7fc15fda-5103-4647-b7c4-6251ceb0ef53""}",2026-07-23T06:22:17.811729017Z
"2026-07-23T06:22:17.809Z [[34mdebug[39m] Message published {""service"":""mqtt-publisher-lite"",""topic"":""proof.mqtt/DEVICE-13/promotion"",""qos"":1,""deliveryTime"":""229ms""}",info,"{""level"":""info""}","{""project"":""90a47e04-a329-4122-9c82-2ee75a4562c2"",""environment"":""f6319bd4-2e87-40d4-8547-4ce714038bc1"",""service"":""c236b8cb-3eff-45c5-aca0-23e73e33dc8d"",""deployment"":""69394420-c732-4ebe-a5fd-54c2d5628ea7"",""replica"":""7fc15fda-5103-4647-b7c4-6251ceb0ef53""}",2026-07-23T06:22:17.811732357Z
"2026-07-23T06:22:17.809Z [[34mdebug[39m] Message received {""service"":""mqtt-publisher-lite"",""topic"":""proof.mqtt/DEVICE-13/promotion"",""size"":227,""retain"":false}",info,"{""level"":""info""}","{""project"":""90a47e04-a329-4122-9c82-2ee75a4562c2"",""environment"":""f6319bd4-2e87-40d4-8547-4ce714038bc1"",""service"":""c236b8cb-3eff-45c5-aca0-23e73e33dc8d"",""deployment"":""69394420-c732-4ebe-a5fd-54c2d5628ea7"",""replica"":""7fc15fda-5103-4647-b7c4-6251ceb0ef53""}",2026-07-23T06:22:17.811736847Z
"2026-07-23T06:22:17.809Z [[34mdebug[39m] Skipping echo message {""service"":""mqtt-publisher-lite"",""topic"":""proof.mqtt/DEVICE-13/promotion"",""age"":""0ms""}",info,"{""level"":""info""}","{""project"":""90a47e04-a329-4122-9c82-2ee75a4562c2"",""environment"":""f6319bd4-2e87-40d4-8547-4ce714038bc1"",""service"":""c236b8cb-3eff-45c5-aca0-23e73e33dc8d"",""deployment"":""69394420-c732-4ebe-a5fd-54c2d5628ea7"",""replica"":""7fc15fda-5103-4647-b7c4-6251ceb0ef53""}",2026-07-23T06:22:17.811740347Z
"2026-07-23T06:22:17.809Z [[34mdebug[39m] Screen message received {""service"":""mqtt-publisher-lite"",""topic"":""proof.mqtt/DEVICE-13/promotion"",""screen"":""promotion""}",info,"{""level"":""info""}","{""project"":""90a47e04-a329-4122-9c82-2ee75a4562c2"",""environment"":""f6319bd4-2e87-40d4-8547-4ce714038bc1"",""service"":""c236b8cb-3eff-45c5-aca0-23e73e33dc8d"",""deployment"":""69394420-c732-4ebe-a5fd-54c2d5628ea7"",""replica"":""7fc15fda-5103-4647-b7c4-6251ceb0ef53""}",2026-07-23T06:22:17.811743477Z
"2026-07-23T06:22:17.908Z [[32minfo[39m] 🎨 [DEFAULT:PUBLISHED] Empty default canvas sent {""service"":""mqtt-publisher-lite"",""deviceId"":""DEVICE-13"",""topic"":""proof.mqtt/DEVICE-13/promotion""}",info,"{""level"":""info""}","{""project"":""90a47e04-a329-4122-9c82-2ee75a4562c2"",""environment"":""f6319bd4-2e87-40d4-8547-4ce714038bc1"",""service"":""c236b8cb-3eff-45c5-aca0-23e73e33dc8d"",""deployment"":""69394420-c732-4ebe-a5fd-54c2d5628ea7"",""replica"":""7fc15fda-5103-4647-b7c4-6251ceb0ef53""}",2026-07-23T06:22:17.910127780Z
"2026-07-23T06:22:17.909Z [[32minfo[39m] [CONNECT_REFRESH] Promotion published (connect force) {""service"":""mqtt-publisher-lite"",""deviceId"":""DEVICE-13"",""clearedHashes"":0}",info,"{""level"":""info""}","{""project"":""90a47e04-a329-4122-9c82-2ee75a4562c2"",""environment"":""f6319bd4-2e87-40d4-8547-4ce714038bc1"",""service"":""c236b8cb-3eff-45c5-aca0-23e73e33dc8d"",""deployment"":""69394420-c732-4ebe-a5fd-54c2d5628ea7"",""replica"":""7fc15fda-5103-4647-b7c4-6251ceb0ef53""}",2026-07-23T06:22:17.910133080Z
"2026-07-23T06:22:17.909Z [[32minfo[39m] [DEFERRED_WORK] Drain complete {""service"":""mqtt-publisher-lite"",""processed"":1,""skippedStale"":0,""failed"":0}",info,"{""level"":""info""}","{""project"":""90a47e04-a329-4122-9c82-2ee75a4562c2"",""environment"":""f6319bd4-2e87-40d4-8547-4ce714038bc1"",""service"":""c236b8cb-3eff-45c5-aca0-23e73e33dc8d"",""deployment"":""69394420-c732-4ebe-a5fd-54c2d5628ea7"",""replica"":""7fc15fda-5103-4647-b7c4-6251ceb0ef53""}",2026-07-23T06:22:17.910137270Z
"2026-07-23T06:22:18.057Z [[32minfo[39m] [USER_INTEGRATIONS] Cached {""service"":""mqtt-publisher-lite"",""userId"":""68d3753f9f99d6b73ae2d991"",""hasInstagram"":true,""hasGmb"":true,""posPlatform"":null}",info,"{""level"":""info""}","{""project"":""90a47e04-a329-4122-9c82-2ee75a4562c2"",""environment"":""f6319bd4-2e87-40d4-8547-4ce714038bc1"",""service"":""c236b8cb-3eff-45c5-aca0-23e73e33dc8d"",""deployment"":""69394420-c732-4ebe-a5fd-54c2d5628ea7"",""replica"":""7fc15fda-5103-4647-b7c4-6251ceb0ef53""}",2026-07-23T06:22:18.089992039Z
"2026-07-23T06:22:18.168Z [[32minfo[39m] InfluxDB batch flush {""service"":""mqtt-publisher-lite"",""source"":""metrics_disk_queue_worker"",""count"":3,""lines"":[""device_ota_events,device_id=DEVICE-13,event=boot,source=mqtt-publisher-lite,source_topic=active ip_address=\""127.0.0.1\"" 1784787735000000000"",""device_ota_events,device_id=DEVICE-19,event=status,source=mqtt-publisher-lite,source_topic=status uptime_s=0i 1784787736329000000"",""device_ota_events,device_id=DEVICE-19,event=boot,source=mqtt-publisher-lite,source_topic=active fw_version=\""1.0.0\"",ip_address=\""127.0.0.1\"" 1784787736329000000""]}",info,"{""level"":""info""}","{""project"":""90a47e04-a329-4122-9c82-2ee75a4562c2"",""environment"":""f6319bd4-2e87-40d4-8547-4ce714038bc1"",""service"":""c236b8cb-3eff-45c5-aca0-23e73e33dc8d"",""deployment"":""69394420-c732-4ebe-a5fd-54c2d5628ea7"",""replica"":""7fc15fda-5103-4647-b7c4-6251ceb0ef53""}",2026-07-23T06:22:18.169828239Z
"2026-07-23T06:22:18.984Z [[32minfo[39m] 📤 QoS 2 message sent {""service"":""mqtt-publisher-lite"",""messageId"":44654,""topic"":""proof.mqtt/DEVICE-19/cmd"",""qos"":2}",info,"{""level"":""info""}","{""project"":""90a47e04-a329-4122-9c82-2ee75a4562c2"",""environment"":""f6319bd4-2e87-40d4-8547-4ce714038bc1"",""service"":""c236b8cb-3eff-45c5-aca0-23e73e33dc8d"",""deployment"":""69394420-c732-4ebe-a5fd-54c2d5628ea7"",""replica"":""7fc15fda-5103-4647-b7c4-6251ceb0ef53""}",2026-07-23T06:22:19.027873280Z
"2026-07-23T06:22:18.985Z [[32minfo[39m] ⏱️ Tracking QoS 2 message (30s timeout) {""service"":""mqtt-publisher-lite"",""deviceId"":""DEVICE-19"",""messageId"":44654,""topic"":""proof.mqtt/DEVICE-19/cmd"",""pendingCount"":1}",info,"{""level"":""info""}","{""project"":""90a47e04-a329-4122-9c82-2ee75a4562c2"",""environment"":""f6319bd4-2e87-40d4-8547-4ce714038bc1"",""service"":""c236b8cb-3eff-45c5-aca0-23e73e33dc8d"",""deployment"":""69394420-c732-4ebe-a5fd-54c2d5628ea7"",""replica"":""7fc15fda-5103-4647-b7c4-6251ceb0ef53""}",2026-07-23T06:22:19.027876240Z
"2026-07-23T06:22:18.987Z [[34mdebug[39m] PKI audit event written to InfluxDB {""service"":""mqtt-publisher-lite"",""event"":""OTA_CHECK_OFFERED"",""deviceId"":""DEVICE-19""}",info,"{""level"":""info""}","{""project"":""90a47e04-a329-4122-9c82-2ee75a4562c2"",""environment"":""f6319bd4-2e87-40d4-8547-4ce714038bc1"",""service"":""c236b8cb-3eff-45c5-aca0-23e73e33dc8d"",""deployment"":""69394420-c732-4ebe-a5fd-54c2d5628ea7"",""replica"":""7fc15fda-5103-4647-b7c4-6251ceb0ef53""}",2026-07-23T06:22:19.027889260Z
"2026-07-23T06:22:18.987Z [[34mdebug[39m] Audit event logged to InfluxDB {""service"":""mqtt-publisher-lite"",""sequence"":36,""event"":""OTA_CHECK_OFFERED"",""deviceId"":""DEVICE-19"",""hash"":""ab8f0f79ff65e1a6...""}",info,"{""level"":""info""}","{""project"":""90a47e04-a329-4122-9c82-2ee75a4562c2"",""environment"":""f6319bd4-2e87-40d4-8547-4ce714038bc1"",""service"":""c236b8cb-3eff-45c5-aca0-23e73e33dc8d"",""deployment"":""69394420-c732-4ebe-a5fd-54c2d5628ea7"",""replica"":""7fc15fda-5103-4647-b7c4-6251ceb0ef53""}",2026-07-23T06:22:19.027892480Z
"2026-07-23T06:22:19.414Z [[32minfo[39m] ✅ PUBCOMP received {""service"":""mqtt-publisher-lite"",""messageId"":44654}",info,"{""level"":""info""}","{""project"":""90a47e04-a329-4122-9c82-2ee75a4562c2"",""environment"":""f6319bd4-2e87-40d4-8547-4ce714038bc1"",""service"":""c236b8cb-3eff-45c5-aca0-23e73e33dc8d"",""deployment"":""69394420-c732-4ebe-a5fd-54c2d5628ea7"",""replica"":""7fc15fda-5103-4647-b7c4-6251ceb0ef53""}",2026-07-23T06:22:19.654887813Z
"2026-07-23T06:22:19.414Z [[32minfo[39m] ✅ QoS 2 PUBCOMP confirmed {""service"":""mqtt-publisher-lite"",""deviceId"":""DEVICE-19"",""messageId"":44654,""deliveryTime"":""429ms"",""pendingCount"":0}",info,"{""level"":""info""}","{""project"":""90a47e04-a329-4122-9c82-2ee75a4562c2"",""environment"":""f6319bd4-2e87-40d4-8547-4ce714038bc1"",""service"":""c236b8cb-3eff-45c5-aca0-23e73e33dc8d"",""deployment"":""69394420-c732-4ebe-a5fd-54c2d5628ea7"",""replica"":""7fc15fda-5103-4647-b7c4-6251ceb0ef53""}",2026-07-23T06:22:19.654891893Z
"2026-07-23T06:22:19.415Z [[34mdebug[39m] ✅ [LIFECYCLE:PUBACK_OK] Device confirmed message receipt {""service"":""mqtt-publisher-lite"",""deviceId"":""DEVICE-19""}",info,"{""level"":""info""}","{""project"":""90a47e04-a329-4122-9c82-2ee75a4562c2"",""environment"":""f6319bd4-2e87-40d4-8547-4ce714038bc1"",""service"":""c236b8cb-3eff-45c5-aca0-23e73e33dc8d"",""deployment"":""69394420-c732-4ebe-a5fd-54c2d5628ea7"",""replica"":""7fc15fda-5103-4647-b7c4-6251ceb0ef53""}",2026-07-23T06:22:19.654895793Z
"2026-07-23T06:22:19.415Z [[34mdebug[39m] Message published {""service"":""mqtt-publisher-lite"",""topic"":""proof.mqtt/DEVICE-19/cmd"",""qos"":2,""deliveryTime"":""431ms""}",info,"{""level"":""info""}","{""project"":""90a47e04-a329-4122-9c82-2ee75a4562c2"",""environment"":""f6319bd4-2e87-40d4-8547-4ce714038bc1"",""service"":""c236b8cb-3eff-45c5-aca0-23e73e33dc8d"",""deployment"":""69394420-c732-4ebe-a5fd-54c2d5628ea7"",""replica"":""7fc15fda-5103-4647-b7c4-6251ceb0ef53""}",2026-07-23T06:22:19.654899983Z
"2026-07-23T06:22:19.420Z [[34mdebug[39m] PKI audit event written to InfluxDB {""service"":""mqtt-publisher-lite"",""event"":""OTA_COMMAND_DELIVERED"",""deviceId"":""DEVICE-19""}",info,"{""level"":""info""}","{""project"":""90a47e04-a329-4122-9c82-2ee75a4562c2"",""environment"":""f6319bd4-2e87-40d4-8547-4ce714038bc1"",""service"":""c236b8cb-3eff-45c5-aca0-23e73e33dc8d"",""deployment"":""69394420-c732-4ebe-a5fd-54c2d5628ea7"",""replica"":""7fc15fda-5103-4647-b7c4-6251ceb0ef53""}",2026-07-23T06:22:19.654904093Z
"2026-07-23T06:22:19.421Z [[34mdebug[39m] Audit event logged to InfluxDB {""service"":""mqtt-publisher-lite"",""sequence"":37,""event"":""OTA_COMMAND_DELIVERED"",""deviceId"":""DEVICE-19"",""hash"":""1ff1fb25d4208cfb...""}",info,"{""level"":""info""}","{""project"":""90a47e04-a329-4122-9c82-2ee75a4562c2"",""environment"":""f6319bd4-2e87-40d4-8547-4ce714038bc1"",""service"":""c236b8cb-3eff-45c5-aca0-23e73e33dc8d"",""deployment"":""69394420-c732-4ebe-a5fd-54c2d5628ea7"",""replica"":""7fc15fda-5103-4647-b7c4-6251ceb0ef53""}",2026-07-23T06:22:19.654911763Z
"2026-07-23T06:22:19.554Z [[32minfo[39m] [OTA] Published ota_update cmd {""service"":""mqtt-publisher-lite"",""deviceId"":""DEVICE-19"",""version"":""1.0.1"",""topic"":""proof.mqtt/DEVICE-19/cmd""}",info,"{""level"":""info""}","{""project"":""90a47e04-a329-4122-9c82-2ee75a4562c2"",""environment"":""f6319bd4-2e87-40d4-8547-4ce714038bc1"",""service"":""c236b8cb-3eff-45c5-aca0-23e73e33dc8d"",""deployment"":""69394420-c732-4ebe-a5fd-54c2d5628ea7"",""replica"":""7fc15fda-5103-4647-b7c4-6251ceb0ef53""}",2026-07-23T06:22:19.654915193Z
"2026-07-23T06:22:19.571Z [[34mdebug[39m] PKI audit event written to InfluxDB {""service"":""mqtt-publisher-lite"",""event"":""OTA_COMMAND_ISSUED"",""deviceId"":""DEVICE-19""}",info,"{""level"":""info""}","{""project"":""90a47e04-a329-4122-9c82-2ee75a4562c2"",""environment"":""f6319bd4-2e87-40d4-8547-4ce714038bc1"",""service"":""c236b8cb-3eff-45c5-aca0-23e73e33dc8d"",""deployment"":""69394420-c732-4ebe-a5fd-54c2d5628ea7"",""replica"":""7fc15fda-5103-4647-b7c4-6251ceb0ef53""}",2026-07-23T06:22:19.654919213Z
"2026-07-23T06:22:19.571Z [[34mdebug[39m] Audit event logged to InfluxDB {""service"":""mqtt-publisher-lite"",""sequence"":38,""event"":""OTA_COMMAND_ISSUED"",""deviceId"":""DEVICE-19"",""hash"":""79945d5b29420f49...""}",info,"{""level"":""info""}","{""project"":""90a47e04-a329-4122-9c82-2ee75a4562c2"",""environment"":""f6319bd4-2e87-40d4-8547-4ce714038bc1"",""service"":""c236b8cb-3eff-45c5-aca0-23e73e33dc8d"",""deployment"":""69394420-c732-4ebe-a5fd-54c2d5628ea7"",""replica"":""7fc15fda-5103-4647-b7c4-6251ceb0ef53""}",2026-07-23T06:22:19.654923123Z
"2026-07-23T06:22:21.061Z [[34mdebug[39m] Message received {""service"":""mqtt-publisher-lite"",""topic"":""proof.mqtt/DEVICE-19/status"",""size"":53,""retain"":false}",info,"{""level"":""info""}","{""project"":""90a47e04-a329-4122-9c82-2ee75a4562c2"",""environment"":""f6319bd4-2e87-40d4-8547-4ce714038bc1"",""service"":""c236b8cb-3eff-45c5-aca0-23e73e33dc8d"",""deployment"":""69394420-c732-4ebe-a5fd-54c2d5628ea7"",""replica"":""7fc15fda-5103-4647-b7c4-6251ceb0ef53""}",2026-07-23T06:22:21.062665696Z
"2026-07-23T06:22:21.289Z [[34mdebug[39m] [OTA] Pilot ignores progress/validation event {""service"":""mqtt-publisher-lite"",""deviceId"":""DEVICE-19"",""key"":""ota_progress""}",info,"{""level"":""info""}","{""project"":""90a47e04-a329-4122-9c82-2ee75a4562c2"",""environment"":""f6319bd4-2e87-40d4-8547-4ce714038bc1"",""service"":""c236b8cb-3eff-45c5-aca0-23e73e33dc8d"",""deployment"":""69394420-c732-4ebe-a5fd-54c2d5628ea7"",""replica"":""7fc15fda-5103-4647-b7c4-6251ceb0ef53""}",2026-07-23T06:22:21.311724853Z
"2026-07-23T06:22:21.289Z [[32minfo[39m] 📊 Device Status Update {""service"":""mqtt-publisher-lite"",""deviceId"":""DEVICE-19"",""eventType"":""ota_progress""}",info,"{""level"":""info""}","{""project"":""90a47e04-a329-4122-9c82-2ee75a4562c2"",""environment"":""f6319bd4-2e87-40d4-8547-4ce714038bc1"",""service"":""c236b8cb-3eff-45c5-aca0-23e73e33dc8d"",""deployment"":""69394420-c732-4ebe-a5fd-54c2d5628ea7"",""replica"":""7fc15fda-5103-4647-b7c4-6251ceb0ef53""}",2026-07-23T06:22:21.311729853Z
"2026-07-23T06:22:21.289Z [[34mdebug[39m] OTA telemetry written to InfluxDB {""service"":""mqtt-publisher-lite"",""deviceId"":""DEVICE-19"",""event"":""ota_progress""}",info,"{""level"":""info""}","{""project"":""90a47e04-a329-4122-9c82-2ee75a4562c2"",""environment"":""f6319bd4-2e87-40d4-8547-4ce714038bc1"",""service"":""c236b8cb-3eff-45c5-aca0-23e73e33dc8d"",""deployment"":""69394420-c732-4ebe-a5fd-54c2d5628ea7"",""replica"":""7fc15fda-5103-4647-b7c4-6251ceb0ef53""}",2026-07-23T06:22:21.311733653Z
"2026-07-23T06:22:21.404Z [[32minfo[39m] HTTP request {""service"":""mqtt-publisher-lite"",""method"":""GET"",""path"":""/ota/offer/1.0.1"",""status"":200,""duration"":""130ms""}",info,"{""level"":""info""}","{""project"":""90a47e04-a329-4122-9c82-2ee75a4562c2"",""environment"":""f6319bd4-2e87-40d4-8547-4ce714038bc1"",""service"":""c236b8cb-3eff-45c5-aca0-23e73e33dc8d"",""deployment"":""69394420-c732-4ebe-a5fd-54c2d5628ea7"",""replica"":""7fc15fda-5103-4647-b7c4-6251ceb0ef53""}",2026-07-23T06:22:21.620156252Z
"2026-07-23T06:22:21.694Z [[34mdebug[39m] Message received {""service"":""mqtt-publisher-lite"",""topic"":""proof.mqtt/DEVICE-19/status"",""size"":103,""retain"":false}",info,"{""level"":""info""}","{""project"":""90a47e04-a329-4122-9c82-2ee75a4562c2"",""environment"":""f6319bd4-2e87-40d4-8547-4ce714038bc1"",""service"":""c236b8cb-3eff-45c5-aca0-23e73e33dc8d"",""deployment"":""69394420-c732-4ebe-a5fd-54c2d5628ea7"",""replica"":""7fc15fda-5103-4647-b7c4-6251ceb0ef53""}",2026-07-23T06:22:21.706389538Z
"2026-07-23T06:22:21.920Z [[34mdebug[39m] [OTA] Ignored status event {""service"":""mqtt-publisher-lite"",""deviceId"":""DEVICE-19"",""key"":""ota_failure""}",info,"{""level"":""info""}","{""project"":""90a47e04-a329-4122-9c82-2ee75a4562c2"",""environment"":""f6319bd4-2e87-40d4-8547-4ce714038bc1"",""service"":""c236b8cb-3eff-45c5-aca0-23e73e33dc8d"",""deployment"":""69394420-c732-4ebe-a5fd-54c2d5628ea7"",""replica"":""7fc15fda-5103-4647-b7c4-6251ceb0ef53""}",2026-07-23T06:22:21.923629503Z
"2026-07-23T06:22:21.920Z [[32minfo[39m] 📊 Device Status Update {""service"":""mqtt-publisher-lite"",""deviceId"":""DEVICE-19"",""eventType"":""ota_failure""}",info,"{""level"":""info""}","{""project"":""90a47e04-a329-4122-9c82-2ee75a4562c2"",""environment"":""f6319bd4-2e87-40d4-8547-4ce714038bc1"",""service"":""c236b8cb-3eff-45c5-aca0-23e73e33dc8d"",""deployment"":""69394420-c732-4ebe-a5fd-54c2d5628ea7"",""replica"":""7fc15fda-5103-4647-b7c4-6251ceb0ef53""}",2026-07-23T06:22:21.923635443Z
"2026-07-23T06:22:21.921Z [[34mdebug[39m] OTA telemetry written to InfluxDB {""service"":""mqtt-publisher-lite"",""deviceId"":""DEVICE-19"",""event"":""ota_failure""}",info,"{""level"":""info""}","{""project"":""90a47e04-a329-4122-9c82-2ee75a4562c2"",""environment"":""f6319bd4-2e87-40d4-8547-4ce714038bc1"",""service"":""c236b8cb-3eff-45c5-aca0-23e73e33dc8d"",""deployment"":""69394420-c732-4ebe-a5fd-54c2d5628ea7"",""replica"":""7fc15fda-5103-4647-b7c4-6251ceb0ef53""}",2026-07-23T06:22:21.923638813Z
"2026-07-23T06:22:23.182Z [[32minfo[39m] InfluxDB batch flush {""service"":""mqtt-publisher-lite"",""source"":""compliance_disk_queue_worker"",""count"":3,""lines"":[""pki_audit,device_id=DEVICE-19,event=OTA_CHECK_OFFERED,source=mqtt-publisher-lite count=1i,details=\""{\\\""version\\\"":\\\""4.3.1-mvp\\\"",\\\""currentVersion\\\"":\\\""1.0.0\\\"",\\\""downloadUrl\\\"":\\\""https://ax4egmknthnr.objectstorage.ap-hyderabad-1.oci.customer-oci.com/p/00BnsQs5bXzZd0P6gHXJWiuj40KwZyDzVXI6SAr0qYv3VjvlBpW9HItWckY1CF3m/n/ax4egmknthnr/b/proof-firmware-ota/o/firmware/4.3.1-mvp/firmware.bin\\\""}\"",hash=\""ab8f0f79ff65e1a6d5efa7e2912416324d601453d005349510052c95c3cdd6f9\"",previous_hash=\""ed60839f6aa038f56b02595a9f114c494bb09763d0cd23ca488641e4e1e44148\"",sequence=36i 1784787738983000000"",""pki_audit,device_id=DEVICE-19,event=OTA_COMMAND_DELIVERED,source=mqtt-publisher-lite count=1i,details=\""{\\\""version\\\"":\\\""1.0.1\\\"",\\\""sha256\\\"":\\\""34a9b89edbcaa1c4a9240a0559055b64f72338b11e594f20d70fdb13f32910a6\\\"",\\\""keyFingerprint\\\"":\\\""7328b5af13b95e39\\\""}\"",hash=\""1ff1fb25d4208cfbf2e26abff11c172e248c477e893bfa74cf4fa3c1058e9bc0\"",previous_hash=\""ab8f0f79ff65e1a6d5efa7e2912416324d601453d005349510052c95c3cdd6f9\"",sequence=37i 1784787739415000000"",""pki_audit,device_id=DEVICE-19,event=OTA_COMMAND_ISSUED,source=mqtt-publisher-lite count=1i,details=\""{\\\""version\\\"":\\\""1.0.1\\\"",\\\""sha256\\\"":\\\""34a9b89edbcaa1c4a9240a0559055b64f72338b11e594f20d70fdb13f32910a6\\\"",\\\""force\\\"":false,\\\""topic\\\"":\\\""proof.mqtt/DEVICE-19/cmd\\\"",\\\""keyFingerprint\\\"":\\\""7328b5af13b95e39\\\""}\"",hash=\""79945d5b29420f49a0bbff7b9bcde98c204702528f3b7f4066279893a289e557\"",previous_hash=\""1ff1fb25d4208cfbf2e26abff11c172e248c477e893bfa74cf4fa3c1058e9bc0\"",sequence=38i 1784787739554000000""]}",info,"{""level"":""info""}","{""project"":""90a47e04-a329-4122-9c82-2ee75a4562c2"",""environment"":""f6319bd4-2e87-40d4-8547-4ce714038bc1"",""service"":""c236b8cb-3eff-45c5-aca0-23e73e33dc8d"",""deployment"":""69394420-c732-4ebe-a5fd-54c2d5628ea7"",""replica"":""7fc15fda-5103-4647-b7c4-6251ceb0ef53""}",2026-07-23T06:22:23.184200333Z
"2026-07-23T06:22:29.082Z [[32minfo[39m] 📤 [PUBLISH_CYCLE] Starting publish cycle {""service"":""mqtt-publisher-lite"",""deviceCount"":4,""source"":""redis"",""devices"":[{""id"":""DEVICE-17"",""userId"":""(none)"",""lastSeen"":""2026-07-23T06:21:29.393Z""},{""id"":""DEVICE-15"",""userId"":""68d3753f9f99d6b73ae2d991"",""lastSeen"":""2026-07-23T06:21:59.506Z""},{""id"":""DEVICE-13"",""userId"":""6937af58f950f0f5356a1599"",""lastSeen"":""2026-07-23T06:22:17.809Z""},{""id"":""DEVICE-19"",""userId"":""68d3753f9f99d6b73ae2d991"",""lastSeen"":""2026-07-23T06:22:19.415Z""}]}",info,"{""level"":""info""}","{""project"":""90a47e04-a329-4122-9c82-2ee75a4562c2"",""environment"":""f6319bd4-2e87-40d4-8547-4ce714038bc1"",""service"":""c236b8cb-3eff-45c5-aca0-23e73e33dc8d"",""deployment"":""69394420-c732-4ebe-a5fd-54c2d5628ea7"",""replica"":""7fc15fda-5103-4647-b7c4-6251ceb0ef53""}",2026-07-23T06:22:29.088380921Z
"2026-07-23T06:22:29.181Z [[32minfo[39m] 📤 QoS 1 message sent {""service"":""mqtt-publisher-lite"",""messageId"":44655,""topic"":""proof.mqtt/DEVICE-17/test-gmb"",""qos"":1}",info,"{""level"":""info""}","{""project"":""90a47e04-a329-4122-9c82-2ee75a4562c2"",""environment"":""f6319bd4-2e87-40d4-8547-4ce714038bc1"",""service"":""c236b8cb-3eff-45c5-aca0-23e73e33dc8d"",""deployment"":""69394420-c732-4ebe-a5fd-54c2d5628ea7"",""replica"":""7fc15fda-5103-4647-b7c4-6251ceb0ef53""}",2026-07-23T06:22:29.186773464Z
"2026-07-23T06:22:29.182Z [[32minfo[39m] ⏱️ Tracking QoS 1 message (30s timeout) {""service"":""mqtt-publisher-lite"",""deviceId"":""DEVICE-17"",""messageId"":44655,""topic"":""proof.mqtt/DEVICE-17/test-gmb"",""pendingCount"":1}",info,"{""level"":""info""}","{""project"":""90a47e04-a329-4122-9c82-2ee75a4562c2"",""environment"":""f6319bd4-2e87-40d4-8547-4ce714038bc1"",""service"":""c236b8cb-3eff-45c5-aca0-23e73e33dc8d"",""deployment"":""69394420-c732-4ebe-a5fd-54c2d5628ea7"",""replica"":""7fc15fda-5103-4647-b7c4-6251ceb0ef53""}",2026-07-23T06:22:29.186785034Z
"2026-07-23T06:22:29.193Z [[32minfo[39m] 📤 QoS 1 message sent {""service"":""mqtt-publisher-lite"",""messageId"":44656,""topic"":""proof.mqtt/DEVICE-15/instagram"",""qos"":1}",info,"{""level"":""info""}","{""project"":""90a47e04-a329-4122-9c82-2ee75a4562c2"",""environment"":""f6319bd4-2e87-40d4-8547-4ce714038bc1"",""service"":""c236b8cb-3eff-45c5-aca0-23e73e33dc8d"",""deployment"":""69394420-c732-4ebe-a5fd-54c2d5628ea7"",""replica"":""7fc15fda-5103-4647-b7c4-6251ceb0ef53""}",2026-07-23T06:22:29.194833237Z
"2026-07-23T06:22:29.194Z [[32minfo[39m] ⏱️ Tracking QoS 1 message (30s timeout) {""service"":""mqtt-publisher-lite"",""deviceId"":""DEVICE-15"",""messageId"":44656,""topic"":""proof.mqtt/DEVICE-15/instagram"",""pendingCount"":2}",info,"{""level"":""info""}","{""project"":""90a47e04-a329-4122-9c82-2ee75a4562c2"",""environment"":""f6319bd4-2e87-40d4-8547-4ce714038bc1"",""service"":""c236b8cb-3eff-45c5-aca0-23e73e33dc8d"",""deployment"":""69394420-c732-4ebe-a5fd-54c2d5628ea7"",""replica"":""7fc15fda-5103-4647-b7c4-6251ceb0ef53""}",2026-07-23T06:22:29.194841727Z
"2026-07-23T06:22:29.268Z [[34mdebug[39m] [IG_DIRECT] No Instagram credentials (Redis proof.mqtt:device:{id} or active-devices.json) {""service"":""mqtt-publisher-lite"",""deviceId"":""DEVICE-17"",""trigger"":""scheduled""}",info,"{""level"":""info""}","{""project"":""90a47e04-a329-4122-9c82-2ee75a4562c2"",""environment"":""f6319bd4-2e87-40d4-8547-4ce714038bc1"",""service"":""c236b8cb-3eff-45c5-aca0-23e73e33dc8d"",""deployment"":""69394420-c732-4ebe-a5fd-54c2d5628ea7"",""replica"":""7fc15fda-5103-4647-b7c4-6251ceb0ef53""}",2026-07-23T06:22:29.272127697Z
"2026-07-23T06:22:29.295Z [[32minfo[39m] 📤 QoS 1 message sent {""service"":""mqtt-publisher-lite"",""messageId"":44657,""topic"":""proof.mqtt/DEVICE-15/gmb"",""qos"":1}",info,"{""level"":""info""}","{""project"":""90a47e04-a329-4122-9c82-2ee75a4562c2"",""environment"":""f6319bd4-2e87-40d4-8547-4ce714038bc1"",""service"":""c236b8cb-3eff-45c5-aca0-23e73e33dc8d"",""deployment"":""69394420-c732-4ebe-a5fd-54c2d5628ea7"",""replica"":""7fc15fda-5103-4647-b7c4-6251ceb0ef53""}",2026-07-23T06:22:29.313610709Z
"2026-07-23T06:22:29.295Z [[32minfo[39m] ⏱️ Tracking QoS 1 message (30s timeout) {""service"":""mqtt-publisher-lite"",""deviceId"":""DEVICE-15"",""messageId"":44657,""topic"":""proof.mqtt/DEVICE-15/gmb"",""pendingCount"":3}",info,"{""level"":""info""}","{""project"":""90a47e04-a329-4122-9c82-2ee75a4562c2"",""environment"":""f6319bd4-2e87-40d4-8547-4ce714038bc1"",""service"":""c236b8cb-3eff-45c5-aca0-23e73e33dc8d"",""deployment"":""69394420-c732-4ebe-a5fd-54c2d5628ea7"",""replica"":""7fc15fda-5103-4647-b7c4-6251ceb0ef53""}",2026-07-23T06:22:29.313617289Z
"2026-07-23T06:22:29.368Z [[34mdebug[39m] Instagram fetch audit written to InfluxDB {""service"":""mqtt-publisher-lite"",""deviceId"":""DEVICE-17"",""success"":false}",info,"{""level"":""info""}","{""project"":""90a47e04-a329-4122-9c82-2ee75a4562c2"",""environment"":""f6319bd4-2e87-40d4-8547-4ce714038bc1"",""service"":""c236b8cb-3eff-45c5-aca0-23e73e33dc8d"",""deployment"":""69394420-c732-4ebe-a5fd-54c2d5628ea7"",""replica"":""7fc15fda-5103-4647-b7c4-6251ceb0ef53""}",2026-07-23T06:22:29.370332152Z
"2026-07-23T06:22:29.368Z [[33mwarn[39m] [IG_SCREEN] Skipping MQTT for failed fetch {""service"":""mqtt-publisher-lite"",""deviceId"":""DEVICE-17"",""error"":""no_instagram_credentials""}",info,"{""level"":""info""}","{""project"":""90a47e04-a329-4122-9c82-2ee75a4562c2"",""environment"":""f6319bd4-2e87-40d4-8547-4ce714038bc1"",""service"":""c236b8cb-3eff-45c5-aca0-23e73e33dc8d"",""deployment"":""69394420-c732-4ebe-a5fd-54c2d5628ea7"",""replica"":""7fc15fda-5103-4647-b7c4-6251ceb0ef53""}",2026-07-23T06:22:29.370337502Z
"2026-07-23T06:22:29.369Z [[32minfo[39m] InfluxDB batch flush {""service"":""mqtt-publisher-lite"",""source"":""metrics_disk_queue_worker"",""count"":1,""lines"":[""instagram_fetch_audit,device_id=DEVICE-17,success=false,trigger_type=scheduled duration_ms=0i,error_message=\""no_instagram_credentials\"",user_id_at_time=\""unknown\"" 1784787749268000000""]}",info,"{""level"":""info""}","{""project"":""90a47e04-a329-4122-9c82-2ee75a4562c2"",""environment"":""f6319bd4-2e87-40d4-8547-4ce714038bc1"",""service"":""c236b8cb-3eff-45c5-aca0-23e73e33dc8d"",""deployment"":""69394420-c732-4ebe-a5fd-54c2d5628ea7"",""replica"":""7fc15fda-5103-4647-b7c4-6251ceb0ef53""}",2026-07-23T06:22:29.370341292Z
"2026-07-23T06:22:29.400Z [[32minfo[39m] ✅ PUBACK received {""service"":""mqtt-publisher-lite"",""messageId"":44655}",info,"{""level"":""info""}","{""project"":""90a47e04-a329-4122-9c82-2ee75a4562c2"",""environment"":""f6319bd4-2e87-40d4-8547-4ce714038bc1"",""service"":""c236b8cb-3eff-45c5-aca0-23e73e33dc8d"",""deployment"":""69394420-c732-4ebe-a5fd-54c2d5628ea7"",""replica"":""7fc15fda-5103-4647-b7c4-6251ceb0ef53""}",2026-07-23T06:22:29.411466327Z
"2026-07-23T06:22:29.400Z [[32minfo[39m] ✅ QoS 1 PUBACK confirmed {""service"":""mqtt-publisher-lite"",""deviceId"":""DEVICE-17"",""messageId"":44655,""deliveryTime"":""218ms"",""pendingCount"":2}",info,"{""level"":""info""}","{""project"":""90a47e04-a329-4122-9c82-2ee75a4562c2"",""environment"":""f6319bd4-2e87-40d4-8547-4ce714038bc1"",""service"":""c236b8cb-3eff-45c5-aca0-23e73e33dc8d"",""deployment"":""69394420-c732-4ebe-a5fd-54c2d5628ea7"",""replica"":""7fc15fda-5103-4647-b7c4-6251ceb0ef53""}",2026-07-23T06:22:29.411473047Z
"2026-07-23T06:22:29.400Z [[34mdebug[39m] ✅ [LIFECYCLE:PUBACK_OK] Device confirmed message receipt {""service"":""mqtt-publisher-lite"",""deviceId"":""DEVICE-17""}",info,"{""level"":""info""}","{""project"":""90a47e04-a329-4122-9c82-2ee75a4562c2"",""environment"":""f6319bd4-2e87-40d4-8547-4ce714038bc1"",""service"":""c236b8cb-3eff-45c5-aca0-23e73e33dc8d"",""deployment"":""69394420-c732-4ebe-a5fd-54c2d5628ea7"",""replica"":""7fc15fda-5103-4647-b7c4-6251ceb0ef53""}",2026-07-23T06:22:29.411476817Z
"2026-07-23T06:22:29.400Z [[34mdebug[39m] Message published {""service"":""mqtt-publisher-lite"",""topic"":""proof.mqtt/DEVICE-17/test-gmb"",""qos"":1,""deliveryTime"":""219ms""}",info,"{""level"":""info""}","{""project"":""90a47e04-a329-4122-9c82-2ee75a4562c2"",""environment"":""f6319bd4-2e87-40d4-8547-4ce714038bc1"",""service"":""c236b8cb-3eff-45c5-aca0-23e73e33dc8d"",""deployment"":""69394420-c732-4ebe-a5fd-54c2d5628ea7"",""replica"":""7fc15fda-5103-4647-b7c4-6251ceb0ef53""}",2026-07-23T06:22:29.411483417Z
"2026-07-23T06:22:29.400Z [[34mdebug[39m] Published test-gmb screen {""service"":""mqtt-publisher-lite"",""deviceId"":""DEVICE-17"",""reviews"":459,""milestone"":460}",info,"{""level"":""info""}","{""project"":""90a47e04-a329-4122-9c82-2ee75a4562c2"",""environment"":""f6319bd4-2e87-40d4-8547-4ce714038bc1"",""service"":""c236b8cb-3eff-45c5-aca0-23e73e33dc8d"",""deployment"":""69394420-c732-4ebe-a5fd-54c2d5628ea7"",""replica"":""7fc15fda-5103-4647-b7c4-6251ceb0ef53""}",2026-07-23T06:22:29.411488517Z
"2026-07-23T06:22:29.417Z [[32minfo[39m] ✅ PUBACK received {""service"":""mqtt-publisher-lite"",""messageId"":44656}",info,"{""level"":""info""}","{""project"":""90a47e04-a329-4122-9c82-2ee75a4562c2"",""environment"":""f6319bd4-2e87-40d4-8547-4ce714038bc1"",""service"":""c236b8cb-3eff-45c5-aca0-23e73e33dc8d"",""deployment"":""69394420-c732-4ebe-a5fd-54c2d5628ea7"",""replica"":""7fc15fda-5103-4647-b7c4-6251ceb0ef53""}",2026-07-23T06:22:29.423874303Z
"2026-07-23T06:22:29.417Z [[32minfo[39m] ✅ QoS 1 PUBACK confirmed {""service"":""mqtt-publisher-lite"",""deviceId"":""DEVICE-15"",""messageId"":44656,""deliveryTime"":""223ms"",""pendingCount"":1}",info,"{""level"":""info""}","{""project"":""90a47e04-a329-4122-9c82-2ee75a4562c2"",""environment"":""f6319bd4-2e87-40d4-8547-4ce714038bc1"",""service"":""c236b8cb-3eff-45c5-aca0-23e73e33dc8d"",""deployment"":""69394420-c732-4ebe-a5fd-54c2d5628ea7"",""replica"":""7fc15fda-5103-4647-b7c4-6251ceb0ef53""}",2026-07-23T06:22:29.423881792Z
"2026-07-23T06:22:29.417Z [[34mdebug[39m] ✅ [LIFECYCLE:PUBACK_OK] Device confirmed message receipt {""service"":""mqtt-publisher-lite"",""deviceId"":""DEVICE-15""}",info,"{""level"":""info""}","{""project"":""90a47e04-a329-4122-9c82-2ee75a4562c2"",""environment"":""f6319bd4-2e87-40d4-8547-4ce714038bc1"",""service"":""c236b8cb-3eff-45c5-aca0-23e73e33dc8d"",""deployment"":""69394420-c732-4ebe-a5fd-54c2d5628ea7"",""replica"":""7fc15fda-5103-4647-b7c4-6251ceb0ef53""}",2026-07-23T06:22:29.423886482Z
"2026-07-23T06:22:29.417Z [[34mdebug[39m] Message published {""service"":""mqtt-publisher-lite"",""topic"":""proof.mqtt/DEVICE-15/instagram"",""qos"":1,""deliveryTime"":""224ms""}",info,"{""level"":""info""}","{""project"":""90a47e04-a329-4122-9c82-2ee75a4562c2"",""environment"":""f6319bd4-2e87-40d4-8547-4ce714038bc1"",""service"":""c236b8cb-3eff-45c5-aca0-23e73e33dc8d"",""deployment"":""69394420-c732-4ebe-a5fd-54c2d5628ea7"",""replica"":""7fc15fda-5103-4647-b7c4-6251ceb0ef53""}",2026-07-23T06:22:29.423890952Z
"2026-07-23T06:22:29.417Z [[34mdebug[39m] Message received {""service"":""mqtt-publisher-lite"",""topic"":""proof.mqtt/DEVICE-15/instagram"",""size"":254,""retain"":false}",info,"{""level"":""info""}","{""project"":""90a47e04-a329-4122-9c82-2ee75a4562c2"",""environment"":""f6319bd4-2e87-40d4-8547-4ce714038bc1"",""service"":""c236b8cb-3eff-45c5-aca0-23e73e33dc8d"",""deployment"":""69394420-c732-4ebe-a5fd-54c2d5628ea7"",""replica"":""7fc15fda-5103-4647-b7c4-6251ceb0ef53""}",2026-07-23T06:22:29.423895312Z
"2026-07-23T06:22:29.417Z [[34mdebug[39m] Skipping echo message {""service"":""mqtt-publisher-lite"",""topic"":""proof.mqtt/DEVICE-15/instagram"",""age"":""0ms""}",info,"{""level"":""info""}","{""project"":""90a47e04-a329-4122-9c82-2ee75a4562c2"",""environment"":""f6319bd4-2e87-40d4-8547-4ce714038bc1"",""service"":""c236b8cb-3eff-45c5-aca0-23e73e33dc8d"",""deployment"":""69394420-c732-4ebe-a5fd-54c2d5628ea7"",""replica"":""7fc15fda-5103-4647-b7c4-6251ceb0ef53""}",2026-07-23T06:22:29.423899572Z
"2026-07-23T06:22:29.418Z [[34mdebug[39m] Screen message received {""service"":""mqtt-publisher-lite"",""topic"":""proof.mqtt/DEVICE-15/instagram"",""screen"":""instagram""}",info,"{""level"":""info""}","{""project"":""90a47e04-a329-4122-9c82-2ee75a4562c2"",""environment"":""f6319bd4-2e87-40d4-8547-4ce714038bc1"",""service"":""c236b8cb-3eff-45c5-aca0-23e73e33dc8d"",""deployment"":""69394420-c732-4ebe-a5fd-54c2d5628ea7"",""replica"":""7fc15fda-5103-4647-b7c4-6251ceb0ef53""}",2026-07-23T06:22:29.423905302Z
"2026-07-23T06:22:29.510Z [[34mdebug[39m] ✅ [LIFECYCLE:PUBACK_OK] Device confirmed message receipt {""service"":""mqtt-publisher-lite"",""deviceId"":""DEVICE-15""}",info,"{""level"":""info""}","{""project"":""90a47e04-a329-4122-9c82-2ee75a4562c2"",""environment"":""f6319bd4-2e87-40d4-8547-4ce714038bc1"",""service"":""c236b8cb-3eff-45c5-aca0-23e73e33dc8d"",""deployment"":""69394420-c732-4ebe-a5fd-54c2d5628ea7"",""replica"":""7fc15fda-5103-4647-b7c4-6251ceb0ef53""}",2026-07-23T06:22:29.534925400Z
"2026-07-23T06:22:29.510Z [[34mdebug[39m] Message published {""service"":""mqtt-publisher-lite"",""topic"":""proof.mqtt/DEVICE-15/gmb"",""qos"":1,""deliveryTime"":""215ms""}",info,"{""level"":""info""}","{""project"":""90a47e04-a329-4122-9c82-2ee75a4562c2"",""environment"":""f6319bd4-2e87-40d4-8547-4ce714038bc1"",""service"":""c236b8cb-3eff-45c5-aca0-23e73e33dc8d"",""deployment"":""69394420-c732-4ebe-a5fd-54c2d5628ea7"",""replica"":""7fc15fda-5103-4647-b7c4-6251ceb0ef53""}",2026-07-23T06:22:29.534933500Z
"2026-07-23T06:22:29.510Z [[34mdebug[39m] Message received {""service"":""mqtt-publisher-lite"",""topic"":""proof.mqtt/DEVICE-15/gmb"",""size"":246,""retain"":false}",info,"{""level"":""info""}","{""project"":""90a47e04-a329-4122-9c82-2ee75a4562c2"",""environment"":""f6319bd4-2e87-40d4-8547-4ce714038bc1"",""service"":""c236b8cb-3eff-45c5-aca0-23e73e33dc8d"",""deployment"":""69394420-c732-4ebe-a5fd-54c2d5628ea7"",""replica"":""7fc15fda-5103-4647-b7c4-6251ceb0ef53""}",2026-07-23T06:22:29.534937590Z
"2026-07-23T06:22:29.510Z [[34mdebug[39m] Skipping echo message {""service"":""mqtt-publisher-lite"",""topic"":""proof.mqtt/DEVICE-15/gmb"",""age"":""0ms""}",info,"{""level"":""info""}","{""project"":""90a47e04-a329-4122-9c82-2ee75a4562c2"",""environment"":""f6319bd4-2e87-40d4-8547-4ce714038bc1"",""service"":""c236b8cb-3eff-45c5-aca0-23e73e33dc8d"",""deployment"":""69394420-c732-4ebe-a5fd-54c2d5628ea7"",""replica"":""7fc15fda-5103-4647-b7c4-6251ceb0ef53""}",2026-07-23T06:22:29.534941770Z
"2026-07-23T06:22:29.511Z [[34mdebug[39m] Screen message received {""service"":""mqtt-publisher-lite"",""topic"":""proof.mqtt/DEVICE-15/gmb"",""screen"":""gmb""}",info,"{""level"":""info""}","{""project"":""90a47e04-a329-4122-9c82-2ee75a4562c2"",""environment"":""f6319bd4-2e87-40d4-8547-4ce714038bc1"",""service"":""c236b8cb-3eff-45c5-aca0-23e73e33dc8d"",""deployment"":""69394420-c732-4ebe-a5fd-54c2d5628ea7"",""replica"":""7fc15fda-5103-4647-b7c4-6251ceb0ef53""}",2026-07-23T06:22:29.534945579Z
"2026-07-23T06:22:29.518Z [[32minfo[39m] [STIM_IG] Published {""service"":""mqtt-publisher-lite"",""deviceId"":""DEVICE-15"",""followers"":15,""target"":500,""mode"":""synthetic"",""achievement"":20,""celebration"":""true"",""done"":false}",info,"{""level"":""info""}","{""project"":""90a47e04-a329-4122-9c82-2ee75a4562c2"",""environment"":""f6319bd4-2e87-40d4-8547-4ce714038bc1"",""service"":""c236b8cb-3eff-45c5-aca0-23e73e33dc8d"",""deployment"":""69394420-c732-4ebe-a5fd-54c2d5628ea7"",""replica"":""7fc15fda-5103-4647-b7c4-6251ceb0ef53""}",2026-07-23T06:22:29.534958949Z
"2026-07-23T06:22:29.526Z [[34mdebug[39m] 📤 [PUBLISH_CYCLE] Publishing all screens to device {""service"":""mqtt-publisher-lite"",""deviceId"":""DEVICE-17""}",info,"{""level"":""info""}","{""project"":""90a47e04-a329-4122-9c82-2ee75a4562c2"",""environment"":""f6319bd4-2e87-40d4-8547-4ce714038bc1"",""service"":""c236b8cb-3eff-45c5-aca0-23e73e33dc8d"",""deployment"":""69394420-c732-4ebe-a5fd-54c2d5628ea7"",""replica"":""7fc15fda-5103-4647-b7c4-6251ceb0ef53""}",2026-07-23T06:22:29.534964149Z
"2026-07-23T06:22:29.510Z [[32minfo[39m] ✅ PUBACK received {""service"":""mqtt-publisher-lite"",""messageId"":44657}",info,"{""level"":""info""}","{""project"":""90a47e04-a329-4122-9c82-2ee75a4562c2"",""environment"":""f6319bd4-2e87-40d4-8547-4ce714038bc1"",""service"":""c236b8cb-3eff-45c5-aca0-23e73e33dc8d"",""deployment"":""69394420-c732-4ebe-a5fd-54c2d5628ea7"",""replica"":""7fc15fda-5103-4647-b7c4-6251ceb0ef53""}",2026-07-23T06:22:29.534965399Z
"2026-07-23T06:22:29.510Z [[32minfo[39m] ✅ QoS 1 PUBACK confirmed {""service"":""mqtt-publisher-lite"",""deviceId"":""DEVICE-15"",""messageId"":44657,""deliveryTime"":""215ms"",""pendingCount"":0}",info,"{""level"":""info""}","{""project"":""90a47e04-a329-4122-9c82-2ee75a4562c2"",""environment"":""f6319bd4-2e87-40d4-8547-4ce714038bc1"",""service"":""c236b8cb-3eff-45c5-aca0-23e73e33dc8d"",""deployment"":""69394420-c732-4ebe-a5fd-54c2d5628ea7"",""replica"":""7fc15fda-5103-4647-b7c4-6251ceb0ef53""}",2026-07-23T06:22:29.534968989Z
"2026-07-23T06:22:29.626Z [[34mdebug[39m] [STIM_SKIP] StatsPublisher skipping stim device {""service"":""mqtt-publisher-lite"",""deviceId"":""DEVICE-13""}",info,"{""level"":""info""}","{""project"":""90a47e04-a329-4122-9c82-2ee75a4562c2"",""environment"":""f6319bd4-2e87-40d4-8547-4ce714038bc1"",""service"":""c236b8cb-3eff-45c5-aca0-23e73e33dc8d"",""deployment"":""69394420-c732-4ebe-a5fd-54c2d5628ea7"",""replica"":""7fc15fda-5103-4647-b7c4-6251ceb0ef53""}",2026-07-23T06:22:29.875699397Z
"2026-07-23T06:22:29.724Z [[34mdebug[39m] [STIM_SKIP] StatsPublisher skipping stim device {""service"":""mqtt-publisher-lite"",""deviceId"":""DEVICE-19""}",info,"{""level"":""info""}","{""project"":""90a47e04-a329-4122-9c82-2ee75a4562c2"",""environment"":""f6319bd4-2e87-40d4-8547-4ce714038bc1"",""service"":""c236b8cb-3eff-45c5-aca0-23e73e33dc8d"",""deployment"":""69394420-c732-4ebe-a5fd-54c2d5628ea7"",""replica"":""7fc15fda-5103-4647-b7c4-6251ceb0ef53""}",2026-07-23T06:22:29.875708777Z
"2026-07-23T06:22:29.623Z [[32minfo[39m] [STIM_GMB] Published {""service"":""mqtt-publisher-lite"",""deviceId"":""DEVICE-15"",""reviews"":13,""target"":100,""mode"":""synthetic"",""celebration"":""false"",""done"":false}",info,"{""level"":""info""}","{""project"":""90a47e04-a329-4122-9c82-2ee75a4562c2"",""environment"":""f6319bd4-2e87-40d4-8547-4ce714038bc1"",""service"":""c236b8cb-3eff-45c5-aca0-23e73e33dc8d"",""deployment"":""69394420-c732-4ebe-a5fd-54c2d5628ea7"",""replica"":""7fc15fda-5103-4647-b7c4-6251ceb0ef53""}",2026-07-23T06:22:29.875718647Z
"2026-07-23T06:22:29.626Z [[34mdebug[39m] [STIM_SKIP] StatsPublisher skipping stim device {""service"":""mqtt-publisher-lite"",""deviceId"":""DEVICE-15""}",info,"{""level"":""info""}","{""project"":""90a47e04-a329-4122-9c82-2ee75a4562c2"",""environment"":""f6319bd4-2e87-40d4-8547-4ce714038bc1"",""service"":""c236b8cb-3eff-45c5-aca0-23e73e33dc8d"",""deployment"":""69394420-c732-4ebe-a5fd-54c2d5628ea7"",""replica"":""7fc15fda-5103-4647-b7c4-6251ceb0ef53""}",2026-07-23T06:22:29.875727737Z
"2026-07-23T06:22:29.625Z [[32minfo[39m] [PROMOTION] Default canvas not published {""service"":""mqtt-publisher-lite"",""deviceId"":""DEVICE-17"",""topic"":""proof.mqtt/DEVICE-17/promotion"",""reason"":""unchanged""}",info,"{""level"":""info""}","{""project"":""90a47e04-a329-4122-9c82-2ee75a4562c2"",""environment"":""f6319bd4-2e87-40d4-8547-4ce714038bc1"",""service"":""c236b8cb-3eff-45c5-aca0-23e73e33dc8d"",""deployment"":""69394420-c732-4ebe-a5fd-54c2d5628ea7"",""replica"":""7fc15fda-5103-4647-b7c4-6251ceb0ef53""}",2026-07-23T06:22:29.875730667Z
"2026-07-23T06:22:47.108Z [[32minfo[39m] 📤 QoS 1 message sent {""service"":""mqtt-publisher-lite"",""messageId"":44658,""topic"":""proof.mqtt/DEVICE-13/instagram"",""qos"":1}",info,"{""level"":""info""}","{""project"":""90a47e04-a329-4122-9c82-2ee75a4562c2"",""environment"":""f6319bd4-2e87-40d4-8547-4ce714038bc1"",""service"":""c236b8cb-3eff-45c5-aca0-23e73e33dc8d"",""deployment"":""69394420-c732-4ebe-a5fd-54c2d5628ea7"",""replica"":""7fc15fda-5103-4647-b7c4-6251ceb0ef53""}",2026-07-23T06:22:49.597488292Z
"2026-07-23T06:22:47.108Z [[32minfo[39m] ⏱️ Tracking QoS 1 message (30s timeout) {""service"":""mqtt-publisher-lite"",""deviceId"":""DEVICE-13"",""messageId"":44658,""topic"":""proof.mqtt/DEVICE-13/instagram"",""pendingCount"":1}",info,"{""level"":""info""}","{""project"":""90a47e04-a329-4122-9c82-2ee75a4562c2"",""environment"":""f6319bd4-2e87-40d4-8547-4ce714038bc1"",""service"":""c236b8cb-3eff-45c5-aca0-23e73e33dc8d"",""deployment"":""69394420-c732-4ebe-a5fd-54c2d5628ea7"",""replica"":""7fc15fda-5103-4647-b7c4-6251ceb0ef53""}",2026-07-23T06:22:49.597494552Z
"2026-07-23T06:22:47.219Z [[32minfo[39m] 📤 QoS 1 message sent {""service"":""mqtt-publisher-lite"",""messageId"":44659,""topic"":""proof.mqtt/DEVICE-13/gmb"",""qos"":1}",info,"{""level"":""info""}","{""project"":""90a47e04-a329-4122-9c82-2ee75a4562c2"",""environment"":""f6319bd4-2e87-40d4-8547-4ce714038bc1"",""service"":""c236b8cb-3eff-45c5-aca0-23e73e33dc8d"",""deployment"":""69394420-c732-4ebe-a5fd-54c2d5628ea7"",""replica"":""7fc15fda-5103-4647-b7c4-6251ceb0ef53""}",2026-07-23T06:22:49.597499702Z
"2026-07-23T06:22:47.219Z [[32minfo[39m] ⏱️ Tracking QoS 1 message (30s timeout) {""service"":""mqtt-publisher-lite"",""deviceId"":""DEVICE-13"",""messageId"":44659,""topic"":""proof.mqtt/DEVICE-13/gmb"",""pendingCount"":2}",info,"{""level"":""info""}","{""project"":""90a47e04-a329-4122-9c82-2ee75a4562c2"",""environment"":""f6319bd4-2e87-40d4-8547-4ce714038bc1"",""service"":""c236b8cb-3eff-45c5-aca0-23e73e33dc8d"",""deployment"":""69394420-c732-4ebe-a5fd-54c2d5628ea7"",""replica"":""7fc15fda-5103-4647-b7c4-6251ceb0ef53""}",2026-07-23T06:22:49.597504422Z
"2026-07-23T06:22:47.319Z [[32minfo[39m] ✅ PUBACK received {""service"":""mqtt-publisher-lite"",""messageId"":44658}",info,"{""level"":""info""}","{""project"":""90a47e04-a329-4122-9c82-2ee75a4562c2"",""environment"":""f6319bd4-2e87-40d4-8547-4ce714038bc1"",""service"":""c236b8cb-3eff-45c5-aca0-23e73e33dc8d"",""deployment"":""69394420-c732-4ebe-a5fd-54c2d5628ea7"",""replica"":""7fc15fda-5103-4647-b7c4-6251ceb0ef53""}",2026-07-23T06:22:49.597508811Z
"2026-07-23T06:22:47.319Z [[32minfo[39m] ✅ QoS 1 PUBACK confirmed {""service"":""mqtt-publisher-lite"",""deviceId"":""DEVICE-13"",""messageId"":44658,""deliveryTime"":""211ms"",""pendingCount"":1}",info,"{""level"":""info""}","{""project"":""90a47e04-a329-4122-9c82-2ee75a4562c2"",""environment"":""f6319bd4-2e87-40d4-8547-4ce714038bc1"",""service"":""c236b8cb-3eff-45c5-aca0-23e73e33dc8d"",""deployment"":""69394420-c732-4ebe-a5fd-54c2d5628ea7"",""replica"":""7fc15fda-5103-4647-b7c4-6251ceb0ef53""}",2026-07-23T06:22:49.597512721Z
"2026-07-23T06:22:47.319Z [[34mdebug[39m] ✅ [LIFECYCLE:PUBACK_OK] Device confirmed message receipt {""service"":""mqtt-publisher-lite"",""deviceId"":""DEVICE-13""}",info,"{""level"":""info""}","{""project"":""90a47e04-a329-4122-9c82-2ee75a4562c2"",""environment"":""f6319bd4-2e87-40d4-8547-4ce714038bc1"",""service"":""c236b8cb-3eff-45c5-aca0-23e73e33dc8d"",""deployment"":""69394420-c732-4ebe-a5fd-54c2d5628ea7"",""replica"":""7fc15fda-5103-4647-b7c4-6251ceb0ef53""}",2026-07-23T06:22:49.597516711Z
"2026-07-23T06:22:47.320Z [[34mdebug[39m] Message published {""service"":""mqtt-publisher-lite"",""topic"":""proof.mqtt/DEVICE-13/instagram"",""qos"":1,""deliveryTime"":""212ms""}",info,"{""level"":""info""}","{""project"":""90a47e04-a329-4122-9c82-2ee75a4562c2"",""environment"":""f6319bd4-2e87-40d4-8547-4ce714038bc1"",""service"":""c236b8cb-3eff-45c5-aca0-23e73e33dc8d"",""deployment"":""69394420-c732-4ebe-a5fd-54c2d5628ea7"",""replica"":""7fc15fda-5103-4647-b7c4-6251ceb0ef53""}",2026-07-23T06:22:49.597520711Z
"2026-07-23T06:22:47.320Z [[34mdebug[39m] Message received {""service"":""mqtt-publisher-lite"",""topic"":""proof.mqtt/DEVICE-13/instagram"",""size"":254,""retain"":false}",info,"{""level"":""info""}","{""project"":""90a47e04-a329-4122-9c82-2ee75a4562c2"",""environment"":""f6319bd4-2e87-40d4-8547-4ce714038bc1"",""service"":""c236b8cb-3eff-45c5-aca0-23e73e33dc8d"",""deployment"":""69394420-c732-4ebe-a5fd-54c2d5628ea7"",""replica"":""7fc15fda-5103-4647-b7c4-6251ceb0ef53""}",2026-07-23T06:22:49.597527671Z
"2026-07-23T06:22:47.320Z [[34mdebug[39m] Skipping echo message {""service"":""mqtt-publisher-lite"",""topic"":""proof.mqtt/DEVICE-13/instagram"",""age"":""0ms""}",info,"{""level"":""info""}","{""project"":""90a47e04-a329-4122-9c82-2ee75a4562c2"",""environment"":""f6319bd4-2e87-40d4-8547-4ce714038bc1"",""service"":""c236b8cb-3eff-45c5-aca0-23e73e33dc8d"",""deployment"":""69394420-c732-4ebe-a5fd-54c2d5628ea7"",""replica"":""7fc15fda-5103-4647-b7c4-6251ceb0ef53""}",2026-07-23T06:22:49.597532031Z
"2026-07-23T06:22:47.430Z [[34mdebug[39m] Message published {""service"":""mqtt-publisher-lite"",""topic"":""proof.mqtt/DEVICE-13/gmb"",""qos"":1,""deliveryTime"":""211ms""}",info,"{""level"":""info""}","{""project"":""90a47e04-a329-4122-9c82-2ee75a4562c2"",""environment"":""f6319bd4-2e87-40d4-8547-4ce714038bc1"",""service"":""c236b8cb-3eff-45c5-aca0-23e73e33dc8d"",""deployment"":""69394420-c732-4ebe-a5fd-54c2d5628ea7"",""replica"":""7fc15fda-5103-4647-b7c4-6251ceb0ef53""}",2026-07-23T06:22:49.599483398Z
"2026-07-23T06:22:47.321Z [[34mdebug[39m] Screen message received {""service"":""mqtt-publisher-lite"",""topic"":""proof.mqtt/DEVICE-13/instagram"",""screen"":""instagram""}",info,"{""level"":""info""}","{""project"":""90a47e04-a329-4122-9c82-2ee75a4562c2"",""environment"":""f6319bd4-2e87-40d4-8547-4ce714038bc1"",""service"":""c236b8cb-3eff-45c5-aca0-23e73e33dc8d"",""deployment"":""69394420-c732-4ebe-a5fd-54c2d5628ea7"",""replica"":""7fc15fda-5103-4647-b7c4-6251ceb0ef53""}",2026-07-23T06:22:49.599486688Z
"2026-07-23T06:22:47.430Z [[34mdebug[39m] Message received {""service"":""mqtt-publisher-lite"",""topic"":""proof.mqtt/DEVICE-13/gmb"",""size"":245,""retain"":false}",info,"{""level"":""info""}","{""project"":""90a47e04-a329-4122-9c82-2ee75a4562c2"",""environment"":""f6319bd4-2e87-40d4-8547-4ce714038bc1"",""service"":""c236b8cb-3eff-45c5-aca0-23e73e33dc8d"",""deployment"":""69394420-c732-4ebe-a5fd-54c2d5628ea7"",""replica"":""7fc15fda-5103-4647-b7c4-6251ceb0ef53""}",2026-07-23T06:22:49.599493988Z
"2026-07-23T06:22:47.420Z [[32minfo[39m] [STIM_IG] Published {""service"":""mqtt-publisher-lite"",""deviceId"":""DEVICE-13"",""followers"":10,""target"":500,""mode"":""synthetic"",""achievement"":15,""celebration"":""true"",""done"":false}",info,"{""level"":""info""}","{""project"":""90a47e04-a329-4122-9c82-2ee75a4562c2"",""environment"":""f6319bd4-2e87-40d4-8547-4ce714038bc1"",""service"":""c236b8cb-3eff-45c5-aca0-23e73e33dc8d"",""deployment"":""69394420-c732-4ebe-a5fd-54c2d5628ea7"",""replica"":""7fc15fda-5103-4647-b7c4-6251ceb0ef53""}",2026-07-23T06:22:49.599500308Z
"2026-07-23T06:22:47.430Z [[34mdebug[39m] Skipping echo message {""service"":""mqtt-publisher-lite"",""topic"":""proof.mqtt/DEVICE-13/gmb"",""age"":""0ms""}",info,"{""level"":""info""}","{""project"":""90a47e04-a329-4122-9c82-2ee75a4562c2"",""environment"":""f6319bd4-2e87-40d4-8547-4ce714038bc1"",""service"":""c236b8cb-3eff-45c5-aca0-23e73e33dc8d"",""deployment"":""69394420-c732-4ebe-a5fd-54c2d5628ea7"",""replica"":""7fc15fda-5103-4647-b7c4-6251ceb0ef53""}",2026-07-23T06:22:49.599504608Z
"2026-07-23T06:22:47.429Z [[32minfo[39m] ✅ PUBACK received {""service"":""mqtt-publisher-lite"",""messageId"":44659}",info,"{""level"":""info""}","{""project"":""90a47e04-a329-4122-9c82-2ee75a4562c2"",""environment"":""f6319bd4-2e87-40d4-8547-4ce714038bc1"",""service"":""c236b8cb-3eff-45c5-aca0-23e73e33dc8d"",""deployment"":""69394420-c732-4ebe-a5fd-54c2d5628ea7"",""replica"":""7fc15fda-5103-4647-b7c4-6251ceb0ef53""}",2026-07-23T06:22:49.599511088Z
"2026-07-23T06:22:47.431Z [[34mdebug[39m] Screen message received {""service"":""mqtt-publisher-lite"",""topic"":""proof.mqtt/DEVICE-13/gmb"",""screen"":""gmb""}",info,"{""level"":""info""}","{""project"":""90a47e04-a329-4122-9c82-2ee75a4562c2"",""environment"":""f6319bd4-2e87-40d4-8547-4ce714038bc1"",""service"":""c236b8cb-3eff-45c5-aca0-23e73e33dc8d"",""deployment"":""69394420-c732-4ebe-a5fd-54c2d5628ea7"",""replica"":""7fc15fda-5103-4647-b7c4-6251ceb0ef53""}",2026-07-23T06:22:49.599514508Z
"2026-07-23T06:22:47.529Z [[32minfo[39m] [STIM_GMB] Published {""service"":""mqtt-publisher-lite"",""deviceId"":""DEVICE-13"",""reviews"":8,""target"":100,""mode"":""synthetic"",""celebration"":""false"",""done"":false}",info,"{""level"":""info""}","{""project"":""90a47e04-a329-4122-9c82-2ee75a4562c2"",""environment"":""f6319bd4-2e87-40d4-8547-4ce714038bc1"",""service"":""c236b8cb-3eff-45c5-aca0-23e73e33dc8d"",""deployment"":""69394420-c732-4ebe-a5fd-54c2d5628ea7"",""replica"":""7fc15fda-5103-4647-b7c4-6251ceb0ef53""}",2026-07-23T06:22:49.599520578Z
"2026-07-23T06:22:47.430Z [[32minfo[39m] ✅ QoS 1 PUBACK confirmed {""service"":""mqtt-publisher-lite"",""deviceId"":""DEVICE-13"",""messageId"":44659,""deliveryTime"":""211ms"",""pendingCount"":0}",info,"{""level"":""info""}","{""project"":""90a47e04-a329-4122-9c82-2ee75a4562c2"",""environment"":""f6319bd4-2e87-40d4-8547-4ce714038bc1"",""service"":""c236b8cb-3eff-45c5-aca0-23e73e33dc8d"",""deployment"":""69394420-c732-4ebe-a5fd-54c2d5628ea7"",""replica"":""7fc15fda-5103-4647-b7c4-6251ceb0ef53""}",2026-07-23T06:22:49.599581657Z
"2026-07-23T06:22:47.430Z [[34mdebug[39m] ✅ [LIFECYCLE:PUBACK_OK] Device confirmed message receipt {""service"":""mqtt-publisher-lite"",""deviceId"":""DEVICE-13""}",info,"{""level"":""info""}","{""project"":""90a47e04-a329-4122-9c82-2ee75a4562c2"",""environment"":""f6319bd4-2e87-40d4-8547-4ce714038bc1"",""service"":""c236b8cb-3eff-45c5-aca0-23e73e33dc8d"",""deployment"":""69394420-c732-4ebe-a5fd-54c2d5628ea7"",""replica"":""7fc15fda-5103-4647-b7c4-6251ceb0ef53""}",2026-07-23T06:22:49.599594767Z
"2026-07-23T06:22:59.193Z [[32minfo[39m] 📤 QoS 1 message sent {""service"":""mqtt-publisher-lite"",""messageId"":44660,""topic"":""proof.mqtt/DEVICE-15/instagram"",""qos"":1}",info,"{""level"":""info""}","{""project"":""90a47e04-a329-4122-9c82-2ee75a4562c2"",""environment"":""f6319bd4-2e87-40d4-8547-4ce714038bc1"",""service"":""c236b8cb-3eff-45c5-aca0-23e73e33dc8d"",""deployment"":""69394420-c732-4ebe-a5fd-54c2d5628ea7"",""replica"":""7fc15fda-5103-4647-b7c4-6251ceb0ef53""}",2026-07-23T06:22:59.205598661Z
"2026-07-23T06:22:59.194Z [[32minfo[39m] ⏱️ Tracking QoS 1 message (30s timeout) {""service"":""mqtt-publisher-lite"",""deviceId"":""DEVICE-15"",""messageId"":44660,""topic"":""proof.mqtt/DEVICE-15/instagram"",""pendingCount"":1}",info,"{""level"":""info""}","{""project"":""90a47e04-a329-4122-9c82-2ee75a4562c2"",""environment"":""f6319bd4-2e87-40d4-8547-4ce714038bc1"",""service"":""c236b8cb-3eff-45c5-aca0-23e73e33dc8d"",""deployment"":""69394420-c732-4ebe-a5fd-54c2d5628ea7"",""replica"":""7fc15fda-5103-4647-b7c4-6251ceb0ef53""}",2026-07-23T06:22:59.205602151Z
"2026-07-23T06:22:59.295Z [[32minfo[39m] 📤 QoS 1 message sent {""service"":""mqtt-publisher-lite"",""messageId"":44661,""topic"":""proof.mqtt/DEVICE-15/gmb"",""qos"":1}",info,"{""level"":""info""}","{""project"":""90a47e04-a329-4122-9c82-2ee75a4562c2"",""environment"":""f6319bd4-2e87-40d4-8547-4ce714038bc1"",""service"":""c236b8cb-3eff-45c5-aca0-23e73e33dc8d"",""deployment"":""69394420-c732-4ebe-a5fd-54c2d5628ea7"",""replica"":""7fc15fda-5103-4647-b7c4-6251ceb0ef53""}",2026-07-23T06:22:59.304844687Z
"2026-07-23T06:22:59.295Z [[32minfo[39m] ⏱️ Tracking QoS 1 message (30s timeout) {""service"":""mqtt-publisher-lite"",""deviceId"":""DEVICE-15"",""messageId"":44661,""topic"":""proof.mqtt/DEVICE-15/gmb"",""pendingCount"":2}",info,"{""level"":""info""}","{""project"":""90a47e04-a329-4122-9c82-2ee75a4562c2"",""environment"":""f6319bd4-2e87-40d4-8547-4ce714038bc1"",""service"":""c236b8cb-3eff-45c5-aca0-23e73e33dc8d"",""deployment"":""69394420-c732-4ebe-a5fd-54c2d5628ea7"",""replica"":""7fc15fda-5103-4647-b7c4-6251ceb0ef53""}",2026-07-23T06:22:59.304857017Z
"2026-07-23T06:22:59.404Z [[32minfo[39m] ✅ PUBACK received {""service"":""mqtt-publisher-lite"",""messageId"":44660}",info,"{""level"":""info""}","{""project"":""90a47e04-a329-4122-9c82-2ee75a4562c2"",""environment"":""f6319bd4-2e87-40d4-8547-4ce714038bc1"",""service"":""c236b8cb-3eff-45c5-aca0-23e73e33dc8d"",""deployment"":""69394420-c732-4ebe-a5fd-54c2d5628ea7"",""replica"":""7fc15fda-5103-4647-b7c4-6251ceb0ef53""}",2026-07-23T06:22:59.413252472Z
"2026-07-23T06:22:59.404Z [[32minfo[39m] ✅ QoS 1 PUBACK confirmed {""service"":""mqtt-publisher-lite"",""deviceId"":""DEVICE-15"",""messageId"":44660,""deliveryTime"":""210ms"",""pendingCount"":1}",info,"{""level"":""info""}","{""project"":""90a47e04-a329-4122-9c82-2ee75a4562c2"",""environment"":""f6319bd4-2e87-40d4-8547-4ce714038bc1"",""service"":""c236b8cb-3eff-45c5-aca0-23e73e33dc8d"",""deployment"":""69394420-c732-4ebe-a5fd-54c2d5628ea7"",""replica"":""7fc15fda-5103-4647-b7c4-6251ceb0ef53""}",2026-07-23T06:22:59.413259752Z
"2026-07-23T06:22:59.404Z [[34mdebug[39m] ✅ [LIFECYCLE:PUBACK_OK] Device confirmed message receipt {""service"":""mqtt-publisher-lite"",""deviceId"":""DEVICE-15""}",info,"{""level"":""info""}","{""project"":""90a47e04-a329-4122-9c82-2ee75a4562c2"",""environment"":""f6319bd4-2e87-40d4-8547-4ce714038bc1"",""service"":""c236b8cb-3eff-45c5-aca0-23e73e33dc8d"",""deployment"":""69394420-c732-4ebe-a5fd-54c2d5628ea7"",""replica"":""7fc15fda-5103-4647-b7c4-6251ceb0ef53""}",2026-07-23T06:22:59.413264241Z
"2026-07-23T06:22:59.405Z [[34mdebug[39m] Message published {""service"":""mqtt-publisher-lite"",""topic"":""proof.mqtt/DEVICE-15/instagram"",""qos"":1,""deliveryTime"":""212ms""}",info,"{""level"":""info""}","{""project"":""90a47e04-a329-4122-9c82-2ee75a4562c2"",""environment"":""f6319bd4-2e87-40d4-8547-4ce714038bc1"",""service"":""c236b8cb-3eff-45c5-aca0-23e73e33dc8d"",""deployment"":""69394420-c732-4ebe-a5fd-54c2d5628ea7"",""replica"":""7fc15fda-5103-4647-b7c4-6251ceb0ef53""}",2026-07-23T06:22:59.413268881Z
"2026-07-23T06:22:59.405Z [[34mdebug[39m] Message received {""service"":""mqtt-publisher-lite"",""topic"":""proof.mqtt/DEVICE-15/instagram"",""size"":228,""retain"":false}",info,"{""level"":""info""}","{""project"":""90a47e04-a329-4122-9c82-2ee75a4562c2"",""environment"":""f6319bd4-2e87-40d4-8547-4ce714038bc1"",""service"":""c236b8cb-3eff-45c5-aca0-23e73e33dc8d"",""deployment"":""69394420-c732-4ebe-a5fd-54c2d5628ea7"",""replica"":""7fc15fda-5103-4647-b7c4-6251ceb0ef53""}",2026-07-23T06:22:59.413273131Z
"2026-07-23T06:22:59.405Z [[34mdebug[39m] Skipping echo message {""service"":""mqtt-publisher-lite"",""topic"":""proof.mqtt/DEVICE-15/instagram"",""age"":""0ms""}",info,"{""level"":""info""}","{""project"":""90a47e04-a329-4122-9c82-2ee75a4562c2"",""environment"":""f6319bd4-2e87-40d4-8547-4ce714038bc1"",""service"":""c236b8cb-3eff-45c5-aca0-23e73e33dc8d"",""deployment"":""69394420-c732-4ebe-a5fd-54c2d5628ea7"",""replica"":""7fc15fda-5103-4647-b7c4-6251ceb0ef53""}",2026-07-23T06:22:59.413276861Z
"2026-07-23T06:22:59.406Z [[34mdebug[39m] Screen message received {""service"":""mqtt-publisher-lite"",""topic"":""proof.mqtt/DEVICE-15/instagram"",""screen"":""instagram""}",info,"{""level"":""info""}","{""project"":""90a47e04-a329-4122-9c82-2ee75a4562c2"",""environment"":""f6319bd4-2e87-40d4-8547-4ce714038bc1"",""service"":""c236b8cb-3eff-45c5-aca0-23e73e33dc8d"",""deployment"":""69394420-c732-4ebe-a5fd-54c2d5628ea7"",""replica"":""7fc15fda-5103-4647-b7c4-6251ceb0ef53""}",2026-07-23T06:22:59.413280471Z
"2026-07-23T06:22:59.505Z [[32minfo[39m] [STIM_IG] Published {""service"":""mqtt-publisher-lite"",""deviceId"":""DEVICE-15"",""followers"":16,""target"":500,""mode"":""synthetic"",""achievement"":20,""celebration"":""false"",""done"":false}",info,"{""level"":""info""}","{""project"":""90a47e04-a329-4122-9c82-2ee75a4562c2"",""environment"":""f6319bd4-2e87-40d4-8547-4ce714038bc1"",""service"":""c236b8cb-3eff-45c5-aca0-23e73e33dc8d"",""deployment"":""69394420-c732-4ebe-a5fd-54c2d5628ea7"",""replica"":""7fc15fda-5103-4647-b7c4-6251ceb0ef53""}",2026-07-23T06:22:59.529187975Z
"2026-07-23T06:22:59.506Z [[32minfo[39m] ✅ PUBACK received {""service"":""mqtt-publisher-lite"",""messageId"":44661}",info,"{""level"":""info""}","{""project"":""90a47e04-a329-4122-9c82-2ee75a4562c2"",""environment"":""f6319bd4-2e87-40d4-8547-4ce714038bc1"",""service"":""c236b8cb-3eff-45c5-aca0-23e73e33dc8d"",""deployment"":""69394420-c732-4ebe-a5fd-54c2d5628ea7"",""replica"":""7fc15fda-5103-4647-b7c4-6251ceb0ef53""}",2026-07-23T06:22:59.529191925Z
"2026-07-23T06:22:59.506Z [[32minfo[39m] ✅ QoS 1 PUBACK confirmed {""service"":""mqtt-publisher-lite"",""deviceId"":""DEVICE-15"",""messageId"":44661,""deliveryTime"":""211ms"",""pendingCount"":0}",info,"{""level"":""info""}","{""project"":""90a47e04-a329-4122-9c82-2ee75a4562c2"",""environment"":""f6319bd4-2e87-40d4-8547-4ce714038bc1"",""service"":""c236b8cb-3eff-45c5-aca0-23e73e33dc8d"",""deployment"":""69394420-c732-4ebe-a5fd-54c2d5628ea7"",""replica"":""7fc15fda-5103-4647-b7c4-6251ceb0ef53""}",2026-07-23T06:22:59.529198305Z
"2026-07-23T06:22:59.506Z [[34mdebug[39m] ✅ [LIFECYCLE:PUBACK_OK] Device confirmed message receipt {""service"":""mqtt-publisher-lite"",""deviceId"":""DEVICE-15""}",info,"{""level"":""info""}","{""project"":""90a47e04-a329-4122-9c82-2ee75a4562c2"",""environment"":""f6319bd4-2e87-40d4-8547-4ce714038bc1"",""service"":""c236b8cb-3eff-45c5-aca0-23e73e33dc8d"",""deployment"":""69394420-c732-4ebe-a5fd-54c2d5628ea7"",""replica"":""7fc15fda-5103-4647-b7c4-6251ceb0ef53""}",2026-07-23T06:22:59.529202125Z
"2026-07-23T06:22:59.506Z [[34mdebug[39m] Message published {""service"":""mqtt-publisher-lite"",""topic"":""proof.mqtt/DEVICE-15/gmb"",""qos"":1,""deliveryTime"":""211ms""}",info,"{""level"":""info""}","{""project"":""90a47e04-a329-4122-9c82-2ee75a4562c2"",""environment"":""f6319bd4-2e87-40d4-8547-4ce714038bc1"",""service"":""c236b8cb-3eff-45c5-aca0-23e73e33dc8d"",""deployment"":""69394420-c732-4ebe-a5fd-54c2d5628ea7"",""replica"":""7fc15fda-5103-4647-b7c4-6251ceb0ef53""}",2026-07-23T06:22:59.529205795Z
"2026-07-23T06:22:59.506Z [[34mdebug[39m] Message received {""service"":""mqtt-publisher-lite"",""topic"":""proof.mqtt/DEVICE-15/gmb"",""size"":246,""retain"":false}",info,"{""level"":""info""}","{""project"":""90a47e04-a329-4122-9c82-2ee75a4562c2"",""environment"":""f6319bd4-2e87-40d4-8547-4ce714038bc1"",""service"":""c236b8cb-3eff-45c5-aca0-23e73e33dc8d"",""deployment"":""69394420-c732-4ebe-a5fd-54c2d5628ea7"",""replica"":""7fc15fda-5103-4647-b7c4-6251ceb0ef53""}",2026-07-23T06:22:59.529209565Z
"2026-07-23T06:22:59.506Z [[34mdebug[39m] Skipping echo message {""service"":""mqtt-publisher-lite"",""topic"":""proof.mqtt/DEVICE-15/gmb"",""age"":""0ms""}",info,"{""level"":""info""}","{""project"":""90a47e04-a329-4122-9c82-2ee75a4562c2"",""environment"":""f6319bd4-2e87-40d4-8547-4ce714038bc1"",""service"":""c236b8cb-3eff-45c5-aca0-23e73e33dc8d"",""deployment"":""69394420-c732-4ebe-a5fd-54c2d5628ea7"",""replica"":""7fc15fda-5103-4647-b7c4-6251ceb0ef53""}",2026-07-23T06:22:59.529213915Z
"2026-07-23T06:22:59.507Z [[34mdebug[39m] Screen message received {""service"":""mqtt-publisher-lite"",""topic"":""proof.mqtt/DEVICE-15/gmb"",""screen"":""gmb""}",info,"{""level"":""info""}","{""project"":""90a47e04-a329-4122-9c82-2ee75a4562c2"",""environment"":""f6319bd4-2e87-40d4-8547-4ce714038bc1"",""service"":""c236b8cb-3eff-45c5-aca0-23e73e33dc8d"",""deployment"":""69394420-c732-4ebe-a5fd-54c2d5628ea7"",""replica"":""7fc15fda-5103-4647-b7c4-6251ceb0ef53""}",2026-07-23T06:22:59.529218615Z
"2026-07-23T06:22:59.609Z [[32minfo[39m] [STIM_GMB] Published {""service"":""mqtt-publisher-lite"",""deviceId"":""DEVICE-15"",""reviews"":14,""target"":100,""mode"":""synthetic"",""celebration"":""false"",""done"":false}",info,"{""level"":""info""}","{""project"":""90a47e04-a329-4122-9c82-2ee75a4562c2"",""environment"":""f6319bd4-2e87-40d4-8547-4ce714038bc1"",""service"":""c236b8cb-3eff-45c5-aca0-23e73e33dc8d"",""deployment"":""69394420-c732-4ebe-a5fd-54c2d5628ea7"",""replica"":""7fc15fda-5103-4647-b7c4-6251ceb0ef53""}",2026-07-23T06:22:59.621826816Z
"2026-07-23T06:23:17.108Z [[32minfo[39m] 📤 QoS 1 message sent {""service"":""mqtt-publisher-lite"",""messageId"":44662,""topic"":""proof.mqtt/DEVICE-13/instagram"",""qos"":1}",info,"{""level"":""info""}","{""project"":""90a47e04-a329-4122-9c82-2ee75a4562c2"",""environment"":""f6319bd4-2e87-40d4-8547-4ce714038bc1"",""service"":""c236b8cb-3eff-45c5-aca0-23e73e33dc8d"",""deployment"":""69394420-c732-4ebe-a5fd-54c2d5628ea7"",""replica"":""7fc15fda-5103-4647-b7c4-6251ceb0ef53""}",2026-07-23T06:23:19.626601083Z
"2026-07-23T06:23:17.108Z [[32minfo[39m] ⏱️ Tracking QoS 1 message (30s timeout) {""service"":""mqtt-publisher-lite"",""deviceId"":""DEVICE-13"",""messageId"":44662,""topic"":""proof.mqtt/DEVICE-13/instagram"",""pendingCount"":1}",info,"{""level"":""info""}","{""project"":""90a47e04-a329-4122-9c82-2ee75a4562c2"",""environment"":""f6319bd4-2e87-40d4-8547-4ce714038bc1"",""service"":""c236b8cb-3eff-45c5-aca0-23e73e33dc8d"",""deployment"":""69394420-c732-4ebe-a5fd-54c2d5628ea7"",""replica"":""7fc15fda-5103-4647-b7c4-6251ceb0ef53""}",2026-07-23T06:23:19.626604853Z
"2026-07-23T06:23:17.219Z [[32minfo[39m] 📤 QoS 1 message sent {""service"":""mqtt-publisher-lite"",""messageId"":44663,""topic"":""proof.mqtt/DEVICE-13/gmb"",""qos"":1}",info,"{""level"":""info""}","{""project"":""90a47e04-a329-4122-9c82-2ee75a4562c2"",""environment"":""f6319bd4-2e87-40d4-8547-4ce714038bc1"",""service"":""c236b8cb-3eff-45c5-aca0-23e73e33dc8d"",""deployment"":""69394420-c732-4ebe-a5fd-54c2d5628ea7"",""replica"":""7fc15fda-5103-4647-b7c4-6251ceb0ef53""}",2026-07-23T06:23:19.626608793Z
"2026-07-23T06:23:17.219Z [[32minfo[39m] ⏱️ Tracking QoS 1 message (30s timeout) {""service"":""mqtt-publisher-lite"",""deviceId"":""DEVICE-13"",""messageId"":44663,""topic"":""proof.mqtt/DEVICE-13/gmb"",""pendingCount"":2}",info,"{""level"":""info""}","{""project"":""90a47e04-a329-4122-9c82-2ee75a4562c2"",""environment"":""f6319bd4-2e87-40d4-8547-4ce714038bc1"",""service"":""c236b8cb-3eff-45c5-aca0-23e73e33dc8d"",""deployment"":""69394420-c732-4ebe-a5fd-54c2d5628ea7"",""replica"":""7fc15fda-5103-4647-b7c4-6251ceb0ef53""}",2026-07-23T06:23:19.626612783Z
"2026-07-23T06:23:17.319Z [[32minfo[39m] ✅ PUBACK received {""service"":""mqtt-publisher-lite"",""messageId"":44662}",info,"{""level"":""info""}","{""project"":""90a47e04-a329-4122-9c82-2ee75a4562c2"",""environment"":""f6319bd4-2e87-40d4-8547-4ce714038bc1"",""service"":""c236b8cb-3eff-45c5-aca0-23e73e33dc8d"",""deployment"":""69394420-c732-4ebe-a5fd-54c2d5628ea7"",""replica"":""7fc15fda-5103-4647-b7c4-6251ceb0ef53""}",2026-07-23T06:23:19.626616233Z
"2026-07-23T06:23:17.319Z [[32minfo[39m] ✅ QoS 1 PUBACK confirmed {""service"":""mqtt-publisher-lite"",""deviceId"":""DEVICE-13"",""messageId"":44662,""deliveryTime"":""211ms"",""pendingCount"":1}",info,"{""level"":""info""}","{""project"":""90a47e04-a329-4122-9c82-2ee75a4562c2"",""environment"":""f6319bd4-2e87-40d4-8547-4ce714038bc1"",""service"":""c236b8cb-3eff-45c5-aca0-23e73e33dc8d"",""deployment"":""69394420-c732-4ebe-a5fd-54c2d5628ea7"",""replica"":""7fc15fda-5103-4647-b7c4-6251ceb0ef53""}",2026-07-23T06:23:19.626619603Z
"2026-07-23T06:23:17.319Z [[34mdebug[39m] ✅ [LIFECYCLE:PUBACK_OK] Device confirmed message receipt {""service"":""mqtt-publisher-lite"",""deviceId"":""DEVICE-13""}",info,"{""level"":""info""}","{""project"":""90a47e04-a329-4122-9c82-2ee75a4562c2"",""environment"":""f6319bd4-2e87-40d4-8547-4ce714038bc1"",""service"":""c236b8cb-3eff-45c5-aca0-23e73e33dc8d"",""deployment"":""69394420-c732-4ebe-a5fd-54c2d5628ea7"",""replica"":""7fc15fda-5103-4647-b7c4-6251ceb0ef53""}",2026-07-23T06:23:19.626622513Z
"2026-07-23T06:23:17.319Z [[34mdebug[39m] Message published {""service"":""mqtt-publisher-lite"",""topic"":""proof.mqtt/DEVICE-13/instagram"",""qos"":1,""deliveryTime"":""211ms""}",info,"{""level"":""info""}","{""project"":""90a47e04-a329-4122-9c82-2ee75a4562c2"",""environment"":""f6319bd4-2e87-40d4-8547-4ce714038bc1"",""service"":""c236b8cb-3eff-45c5-aca0-23e73e33dc8d"",""deployment"":""69394420-c732-4ebe-a5fd-54c2d5628ea7"",""replica"":""7fc15fda-5103-4647-b7c4-6251ceb0ef53""}",2026-07-23T06:23:19.626625283Z
"2026-07-23T06:23:17.320Z [[34mdebug[39m] Message received {""service"":""mqtt-publisher-lite"",""topic"":""proof.mqtt/DEVICE-13/instagram"",""size"":228,""retain"":false}",info,"{""level"":""info""}","{""project"":""90a47e04-a329-4122-9c82-2ee75a4562c2"",""environment"":""f6319bd4-2e87-40d4-8547-4ce714038bc1"",""service"":""c236b8cb-3eff-45c5-aca0-23e73e33dc8d"",""deployment"":""69394420-c732-4ebe-a5fd-54c2d5628ea7"",""replica"":""7fc15fda-5103-4647-b7c4-6251ceb0ef53""}",2026-07-23T06:23:19.626628723Z
"2026-07-23T06:23:17.320Z [[34mdebug[39m] Skipping echo message {""service"":""mqtt-publisher-lite"",""topic"":""proof.mqtt/DEVICE-13/instagram"",""age"":""1ms""}",info,"{""level"":""info""}","{""project"":""90a47e04-a329-4122-9c82-2ee75a4562c2"",""environment"":""f6319bd4-2e87-40d4-8547-4ce714038bc1"",""service"":""c236b8cb-3eff-45c5-aca0-23e73e33dc8d"",""deployment"":""69394420-c732-4ebe-a5fd-54c2d5628ea7"",""replica"":""7fc15fda-5103-4647-b7c4-6251ceb0ef53""}",2026-07-23T06:23:19.626631763Z
"2026-07-23T06:23:17.320Z [[34mdebug[39m] Screen message received {""service"":""mqtt-publisher-lite"",""topic"":""proof.mqtt/DEVICE-13/instagram"",""screen"":""instagram""}",info,"{""level"":""info""}","{""project"":""90a47e04-a329-4122-9c82-2ee75a4562c2"",""environment"":""f6319bd4-2e87-40d4-8547-4ce714038bc1"",""service"":""c236b8cb-3eff-45c5-aca0-23e73e33dc8d"",""deployment"":""69394420-c732-4ebe-a5fd-54c2d5628ea7"",""replica"":""7fc15fda-5103-4647-b7c4-6251ceb0ef53""}",2026-07-23T06:23:19.627649026Z
"2026-07-23T06:23:17.419Z [[32minfo[39m] [STIM_IG] Published {""service"":""mqtt-publisher-lite"",""deviceId"":""DEVICE-13"",""followers"":11,""target"":500,""mode"":""synthetic"",""achievement"":15,""celebration"":""false"",""done"":false}",info,"{""level"":""info""}","{""project"":""90a47e04-a329-4122-9c82-2ee75a4562c2"",""environment"":""f6319bd4-2e87-40d4-8547-4ce714038bc1"",""service"":""c236b8cb-3eff-45c5-aca0-23e73e33dc8d"",""deployment"":""69394420-c732-4ebe-a5fd-54c2d5628ea7"",""replica"":""7fc15fda-5103-4647-b7c4-6251ceb0ef53""}",2026-07-23T06:23:19.627654076Z
"2026-07-23T06:23:17.429Z [[32minfo[39m] ✅ PUBACK received {""service"":""mqtt-publisher-lite"",""messageId"":44663}",info,"{""level"":""info""}","{""project"":""90a47e04-a329-4122-9c82-2ee75a4562c2"",""environment"":""f6319bd4-2e87-40d4-8547-4ce714038bc1"",""service"":""c236b8cb-3eff-45c5-aca0-23e73e33dc8d"",""deployment"":""69394420-c732-4ebe-a5fd-54c2d5628ea7"",""replica"":""7fc15fda-5103-4647-b7c4-6251ceb0ef53""}",2026-07-23T06:23:19.627657956Z
"2026-07-23T06:23:17.429Z [[32minfo[39m] ✅ QoS 1 PUBACK confirmed {""service"":""mqtt-publisher-lite"",""deviceId"":""DEVICE-13"",""messageId"":44663,""deliveryTime"":""210ms"",""pendingCount"":0}",info,"{""level"":""info""}","{""project"":""90a47e04-a329-4122-9c82-2ee75a4562c2"",""environment"":""f6319bd4-2e87-40d4-8547-4ce714038bc1"",""service"":""c236b8cb-3eff-45c5-aca0-23e73e33dc8d"",""deployment"":""69394420-c732-4ebe-a5fd-54c2d5628ea7"",""replica"":""7fc15fda-5103-4647-b7c4-6251ceb0ef53""}",2026-07-23T06:23:19.627661066Z
"2026-07-23T06:23:17.429Z [[34mdebug[39m] ✅ [LIFECYCLE:PUBACK_OK] Device confirmed message receipt {""service"":""mqtt-publisher-lite"",""deviceId"":""DEVICE-13""}",info,"{""level"":""info""}","{""project"":""90a47e04-a329-4122-9c82-2ee75a4562c2"",""environment"":""f6319bd4-2e87-40d4-8547-4ce714038bc1"",""service"":""c236b8cb-3eff-45c5-aca0-23e73e33dc8d"",""deployment"":""69394420-c732-4ebe-a5fd-54c2d5628ea7"",""replica"":""7fc15fda-5103-4647-b7c4-6251ceb0ef53""}",2026-07-23T06:23:19.627664146Z
"2026-07-23T06:23:17.430Z [[34mdebug[39m] Message published {""service"":""mqtt-publisher-lite"",""topic"":""proof.mqtt/DEVICE-13/gmb"",""qos"":1,""deliveryTime"":""211ms""}",info,"{""level"":""info""}","{""project"":""90a47e04-a329-4122-9c82-2ee75a4562c2"",""environment"":""f6319bd4-2e87-40d4-8547-4ce714038bc1"",""service"":""c236b8cb-3eff-45c5-aca0-23e73e33dc8d"",""deployment"":""69394420-c732-4ebe-a5fd-54c2d5628ea7"",""replica"":""7fc15fda-5103-4647-b7c4-6251ceb0ef53""}",2026-07-23T06:23:19.627667156Z
"2026-07-23T06:23:17.430Z [[34mdebug[39m] Message received {""service"":""mqtt-publisher-lite"",""topic"":""proof.mqtt/DEVICE-13/gmb"",""size"":245,""retain"":false}",info,"{""level"":""info""}","{""project"":""90a47e04-a329-4122-9c82-2ee75a4562c2"",""environment"":""f6319bd4-2e87-40d4-8547-4ce714038bc1"",""service"":""c236b8cb-3eff-45c5-aca0-23e73e33dc8d"",""deployment"":""69394420-c732-4ebe-a5fd-54c2d5628ea7"",""replica"":""7fc15fda-5103-4647-b7c4-6251ceb0ef53""}",2026-07-23T06:23:19.627670356Z
"2026-07-23T06:23:17.430Z [[34mdebug[39m] Skipping echo message {""service"":""mqtt-publisher-lite"",""topic"":""proof.mqtt/DEVICE-13/gmb"",""age"":""0ms""}",info,"{""level"":""info""}","{""project"":""90a47e04-a329-4122-9c82-2ee75a4562c2"",""environment"":""f6319bd4-2e87-40d4-8547-4ce714038bc1"",""service"":""c236b8cb-3eff-45c5-aca0-23e73e33dc8d"",""deployment"":""69394420-c732-4ebe-a5fd-54c2d5628ea7"",""replica"":""7fc15fda-5103-4647-b7c4-6251ceb0ef53""}",2026-07-23T06:23:19.627674056Z
"2026-07-23T06:23:17.430Z [[34mdebug[39m] Screen message received {""service"":""mqtt-publisher-lite"",""topic"":""proof.mqtt/DEVICE-13/gmb"",""screen"":""gmb""}",info,"{""level"":""info""}","{""project"":""90a47e04-a329-4122-9c82-2ee75a4562c2"",""environment"":""f6319bd4-2e87-40d4-8547-4ce714038bc1"",""service"":""c236b8cb-3eff-45c5-aca0-23e73e33dc8d"",""deployment"":""69394420-c732-4ebe-a5fd-54c2d5628ea7"",""replica"":""7fc15fda-5103-4647-b7c4-6251ceb0ef53""}",2026-07-23T06:23:19.627676976Z
"2026-07-23T06:23:17.529Z [[32minfo[39m] [STIM_GMB] Published {""service"":""mqtt-publisher-lite"",""deviceId"":""DEVICE-13"",""reviews"":9,""target"":100,""mode"":""synthetic"",""celebration"":""false"",""done"":false}",info,"{""level"":""info""}","{""project"":""90a47e04-a329-4122-9c82-2ee75a4562c2"",""environment"":""f6319bd4-2e87-40d4-8547-4ce714038bc1"",""service"":""c236b8cb-3eff-45c5-aca0-23e73e33dc8d"",""deployment"":""69394420-c732-4ebe-a5fd-54c2d5628ea7"",""replica"":""7fc15fda-5103-4647-b7c4-6251ceb0ef53""}",2026-07-23T06:23:19.627680026Z
"2026-07-23T06:23:29.082Z [[32minfo[39m] 📤 [PUBLISH_CYCLE] Starting publish cycle {""service"":""mqtt-publisher-lite"",""deviceCount"":4,""source"":""redis"",""devices"":[{""id"":""DEVICE-17"",""userId"":""(none)"",""lastSeen"":""2026-07-23T06:21:29.393Z""},{""id"":""DEVICE-15"",""userId"":""68d3753f9f99d6b73ae2d991"",""lastSeen"":""2026-07-23T06:22:59.506Z""},{""id"":""DEVICE-13"",""userId"":""6937af58f950f0f5356a1599"",""lastSeen"":""2026-07-23T06:23:17.429Z""},{""id"":""DEVICE-19"",""userId"":""68d3753f9f99d6b73ae2d991"",""lastSeen"":""2026-07-23T06:22:19.415Z""}]}",info,"{""level"":""info""}","{""project"":""90a47e04-a329-4122-9c82-2ee75a4562c2"",""environment"":""f6319bd4-2e87-40d4-8547-4ce714038bc1"",""service"":""c236b8cb-3eff-45c5-aca0-23e73e33dc8d"",""deployment"":""69394420-c732-4ebe-a5fd-54c2d5628ea7"",""replica"":""7fc15fda-5103-4647-b7c4-6251ceb0ef53""}",2026-07-23T06:23:29.107812939Z
"2026-07-23T06:23:29.181Z [[32minfo[39m] 📤 QoS 1 message sent {""service"":""mqtt-publisher-lite"",""messageId"":44664,""topic"":""proof.mqtt/DEVICE-17/test-gmb"",""qos"":1}",info,"{""level"":""info""}","{""project"":""90a47e04-a329-4122-9c82-2ee75a4562c2"",""environment"":""f6319bd4-2e87-40d4-8547-4ce714038bc1"",""service"":""c236b8cb-3eff-45c5-aca0-23e73e33dc8d"",""deployment"":""69394420-c732-4ebe-a5fd-54c2d5628ea7"",""replica"":""7fc15fda-5103-4647-b7c4-6251ceb0ef53""}",2026-07-23T06:23:29.191588414Z
"2026-07-23T06:23:29.182Z [[32minfo[39m] ⏱️ Tracking QoS 1 message (30s timeout) {""service"":""mqtt-publisher-lite"",""deviceId"":""DEVICE-17"",""messageId"":44664,""topic"":""proof.mqtt/DEVICE-17/test-gmb"",""pendingCount"":1}",info,"{""level"":""info""}","{""project"":""90a47e04-a329-4122-9c82-2ee75a4562c2"",""environment"":""f6319bd4-2e87-40d4-8547-4ce714038bc1"",""service"":""c236b8cb-3eff-45c5-aca0-23e73e33dc8d"",""deployment"":""69394420-c732-4ebe-a5fd-54c2d5628ea7"",""replica"":""7fc15fda-5103-4647-b7c4-6251ceb0ef53""}",2026-07-23T06:23:29.191603714Z
"2026-07-23T06:23:29.193Z [[32minfo[39m] 📤 QoS 1 message sent {""service"":""mqtt-publisher-lite"",""messageId"":44665,""topic"":""proof.mqtt/DEVICE-15/instagram"",""qos"":1}",info,"{""level"":""info""}","{""project"":""90a47e04-a329-4122-9c82-2ee75a4562c2"",""environment"":""f6319bd4-2e87-40d4-8547-4ce714038bc1"",""service"":""c236b8cb-3eff-45c5-aca0-23e73e33dc8d"",""deployment"":""69394420-c732-4ebe-a5fd-54c2d5628ea7"",""replica"":""7fc15fda-5103-4647-b7c4-6251ceb0ef53""}",2026-07-23T06:23:29.197985670Z
"2026-07-23T06:23:29.193Z [[32minfo[39m] ⏱️ Tracking QoS 1 message (30s timeout) {""service"":""mqtt-publisher-lite"",""deviceId"":""DEVICE-15"",""messageId"":44665,""topic"":""proof.mqtt/DEVICE-15/instagram"",""pendingCount"":2}",info,"{""level"":""info""}","{""project"":""90a47e04-a329-4122-9c82-2ee75a4562c2"",""environment"":""f6319bd4-2e87-40d4-8547-4ce714038bc1"",""service"":""c236b8cb-3eff-45c5-aca0-23e73e33dc8d"",""deployment"":""69394420-c732-4ebe-a5fd-54c2d5628ea7"",""replica"":""7fc15fda-5103-4647-b7c4-6251ceb0ef53""}",2026-07-23T06:23:29.197992420Z
"2026-07-23T06:23:29.295Z [[32minfo[39m] 📤 QoS 1 message sent {""service"":""mqtt-publisher-lite"",""messageId"":44666,""topic"":""proof.mqtt/DEVICE-15/gmb"",""qos"":1}",info,"{""level"":""info""}","{""project"":""90a47e04-a329-4122-9c82-2ee75a4562c2"",""environment"":""f6319bd4-2e87-40d4-8547-4ce714038bc1"",""service"":""c236b8cb-3eff-45c5-aca0-23e73e33dc8d"",""deployment"":""69394420-c732-4ebe-a5fd-54c2d5628ea7"",""replica"":""7fc15fda-5103-4647-b7c4-6251ceb0ef53""}",2026-07-23T06:23:29.484167484Z
"2026-07-23T06:23:29.295Z [[32minfo[39m] ⏱️ Tracking QoS 1 message (30s timeout) {""service"":""mqtt-publisher-lite"",""deviceId"":""DEVICE-15"",""messageId"":44666,""topic"":""proof.mqtt/DEVICE-15/gmb"",""pendingCount"":3}",info,"{""level"":""info""}","{""project"":""90a47e04-a329-4122-9c82-2ee75a4562c2"",""environment"":""f6319bd4-2e87-40d4-8547-4ce714038bc1"",""service"":""c236b8cb-3eff-45c5-aca0-23e73e33dc8d"",""deployment"":""69394420-c732-4ebe-a5fd-54c2d5628ea7"",""replica"":""7fc15fda-5103-4647-b7c4-6251ceb0ef53""}",2026-07-23T06:23:29.484171294Z
"2026-07-23T06:23:29.392Z [[32minfo[39m] ✅ PUBACK received {""service"":""mqtt-publisher-lite"",""messageId"":44664}",info,"{""level"":""info""}","{""project"":""90a47e04-a329-4122-9c82-2ee75a4562c2"",""environment"":""f6319bd4-2e87-40d4-8547-4ce714038bc1"",""service"":""c236b8cb-3eff-45c5-aca0-23e73e33dc8d"",""deployment"":""69394420-c732-4ebe-a5fd-54c2d5628ea7"",""replica"":""7fc15fda-5103-4647-b7c4-6251ceb0ef53""}",2026-07-23T06:23:29.484174254Z
"2026-07-23T06:23:29.392Z [[32minfo[39m] ✅ QoS 1 PUBACK confirmed {""service"":""mqtt-publisher-lite"",""deviceId"":""DEVICE-17"",""messageId"":44664,""deliveryTime"":""210ms"",""pendingCount"":2}",info,"{""level"":""info""}","{""project"":""90a47e04-a329-4122-9c82-2ee75a4562c2"",""environment"":""f6319bd4-2e87-40d4-8547-4ce714038bc1"",""service"":""c236b8cb-3eff-45c5-aca0-23e73e33dc8d"",""deployment"":""69394420-c732-4ebe-a5fd-54c2d5628ea7"",""replica"":""7fc15fda-5103-4647-b7c4-6251ceb0ef53""}",2026-07-23T06:23:29.484177074Z
"2026-07-23T06:23:29.392Z [[34mdebug[39m] ✅ [LIFECYCLE:PUBACK_OK] Device confirmed message receipt {""service"":""mqtt-publisher-lite"",""deviceId"":""DEVICE-17""}",info,"{""level"":""info""}","{""project"":""90a47e04-a329-4122-9c82-2ee75a4562c2"",""environment"":""f6319bd4-2e87-40d4-8547-4ce714038bc1"",""service"":""c236b8cb-3eff-45c5-aca0-23e73e33dc8d"",""deployment"":""69394420-c732-4ebe-a5fd-54c2d5628ea7"",""replica"":""7fc15fda-5103-4647-b7c4-6251ceb0ef53""}",2026-07-23T06:23:29.484179724Z
"2026-07-23T06:23:29.392Z [[34mdebug[39m] Message published {""service"":""mqtt-publisher-lite"",""topic"":""proof.mqtt/DEVICE-17/test-gmb"",""qos"":1,""deliveryTime"":""211ms""}",info,"{""level"":""info""}","{""project"":""90a47e04-a329-4122-9c82-2ee75a4562c2"",""environment"":""f6319bd4-2e87-40d4-8547-4ce714038bc1"",""service"":""c236b8cb-3eff-45c5-aca0-23e73e33dc8d"",""deployment"":""69394420-c732-4ebe-a5fd-54c2d5628ea7"",""replica"":""7fc15fda-5103-4647-b7c4-6251ceb0ef53""}",2026-07-23T06:23:29.484182494Z
"2026-07-23T06:23:29.393Z [[34mdebug[39m] Published test-gmb screen {""service"":""mqtt-publisher-lite"",""deviceId"":""DEVICE-17"",""reviews"":478,""milestone"":480}",info,"{""level"":""info""}","{""project"":""90a47e04-a329-4122-9c82-2ee75a4562c2"",""environment"":""f6319bd4-2e87-40d4-8547-4ce714038bc1"",""service"":""c236b8cb-3eff-45c5-aca0-23e73e33dc8d"",""deployment"":""69394420-c732-4ebe-a5fd-54c2d5628ea7"",""replica"":""7fc15fda-5103-4647-b7c4-6251ceb0ef53""}",2026-07-23T06:23:29.484185054Z
"2026-07-23T06:23:29.403Z [[32minfo[39m] ✅ PUBACK received {""service"":""mqtt-publisher-lite"",""messageId"":44665}",info,"{""level"":""info""}","{""project"":""90a47e04-a329-4122-9c82-2ee75a4562c2"",""environment"":""f6319bd4-2e87-40d4-8547-4ce714038bc1"",""service"":""c236b8cb-3eff-45c5-aca0-23e73e33dc8d"",""deployment"":""69394420-c732-4ebe-a5fd-54c2d5628ea7"",""replica"":""7fc15fda-5103-4647-b7c4-6251ceb0ef53""}",2026-07-23T06:23:29.484188124Z
"2026-07-23T06:23:29.404Z [[32minfo[39m] ✅ QoS 1 PUBACK confirmed {""service"":""mqtt-publisher-lite"",""deviceId"":""DEVICE-15"",""messageId"":44665,""deliveryTime"":""211ms"",""pendingCount"":1}",info,"{""level"":""info""}","{""project"":""90a47e04-a329-4122-9c82-2ee75a4562c2"",""environment"":""f6319bd4-2e87-40d4-8547-4ce714038bc1"",""service"":""c236b8cb-3eff-45c5-aca0-23e73e33dc8d"",""deployment"":""69394420-c732-4ebe-a5fd-54c2d5628ea7"",""replica"":""7fc15fda-5103-4647-b7c4-6251ceb0ef53""}",2026-07-23T06:23:29.484190764Z
"2026-07-23T06:23:29.404Z [[34mdebug[39m] ✅ [LIFECYCLE:PUBACK_OK] Device confirmed message receipt {""service"":""mqtt-publisher-lite"",""deviceId"":""DEVICE-15""}",info,"{""level"":""info""}","{""project"":""90a47e04-a329-4122-9c82-2ee75a4562c2"",""environment"":""f6319bd4-2e87-40d4-8547-4ce714038bc1"",""service"":""c236b8cb-3eff-45c5-aca0-23e73e33dc8d"",""deployment"":""69394420-c732-4ebe-a5fd-54c2d5628ea7"",""replica"":""7fc15fda-5103-4647-b7c4-6251ceb0ef53""}",2026-07-23T06:23:29.484193454Z
"2026-07-23T06:23:29.404Z [[34mdebug[39m] Message published {""service"":""mqtt-publisher-lite"",""topic"":""proof.mqtt/DEVICE-15/instagram"",""qos"":1,""deliveryTime"":""211ms""}",info,"{""level"":""info""}","{""project"":""90a47e04-a329-4122-9c82-2ee75a4562c2"",""environment"":""f6319bd4-2e87-40d4-8547-4ce714038bc1"",""service"":""c236b8cb-3eff-45c5-aca0-23e73e33dc8d"",""deployment"":""69394420-c732-4ebe-a5fd-54c2d5628ea7"",""replica"":""7fc15fda-5103-4647-b7c4-6251ceb0ef53""}",2026-07-23T06:23:29.485518625Z
"2026-07-23T06:23:29.404Z [[34mdebug[39m] Message received {""service"":""mqtt-publisher-lite"",""topic"":""proof.mqtt/DEVICE-15/instagram"",""size"":228,""retain"":false}",info,"{""level"":""info""}","{""project"":""90a47e04-a329-4122-9c82-2ee75a4562c2"",""environment"":""f6319bd4-2e87-40d4-8547-4ce714038bc1"",""service"":""c236b8cb-3eff-45c5-aca0-23e73e33dc8d"",""deployment"":""69394420-c732-4ebe-a5fd-54c2d5628ea7"",""replica"":""7fc15fda-5103-4647-b7c4-6251ceb0ef53""}",2026-07-23T06:23:29.485522545Z
"2026-07-23T06:23:29.404Z [[34mdebug[39m] Skipping echo message {""service"":""mqtt-publisher-lite"",""topic"":""proof.mqtt/DEVICE-15/instagram"",""age"":""0ms""}",info,"{""level"":""info""}","{""project"":""90a47e04-a329-4122-9c82-2ee75a4562c2"",""environment"":""f6319bd4-2e87-40d4-8547-4ce714038bc1"",""service"":""c236b8cb-3eff-45c5-aca0-23e73e33dc8d"",""deployment"":""69394420-c732-4ebe-a5fd-54c2d5628ea7"",""replica"":""7fc15fda-5103-4647-b7c4-6251ceb0ef53""}",2026-07-23T06:23:29.485526265Z
"2026-07-23T06:23:29.404Z [[34mdebug[39m] Screen message received {""service"":""mqtt-publisher-lite"",""topic"":""proof.mqtt/DEVICE-15/instagram"",""screen"":""instagram""}",info,"{""level"":""info""}","{""project"":""90a47e04-a329-4122-9c82-2ee75a4562c2"",""environment"":""f6319bd4-2e87-40d4-8547-4ce714038bc1"",""service"":""c236b8cb-3eff-45c5-aca0-23e73e33dc8d"",""deployment"":""69394420-c732-4ebe-a5fd-54c2d5628ea7"",""replica"":""7fc15fda-5103-4647-b7c4-6251ceb0ef53""}",2026-07-23T06:23:29.485530055Z
"2026-07-23T06:23:29.505Z [[32minfo[39m] [STIM_IG] Published {""service"":""mqtt-publisher-lite"",""deviceId"":""DEVICE-15"",""followers"":17,""target"":500,""mode"":""synthetic"",""achievement"":20,""celebration"":""false"",""done"":false}",info,"{""level"":""info""}","{""project"":""90a47e04-a329-4122-9c82-2ee75a4562c2"",""environment"":""f6319bd4-2e87-40d4-8547-4ce714038bc1"",""service"":""c236b8cb-3eff-45c5-aca0-23e73e33dc8d"",""deployment"":""69394420-c732-4ebe-a5fd-54c2d5628ea7"",""replica"":""7fc15fda-5103-4647-b7c4-6251ceb0ef53""}",2026-07-23T06:23:29.510261455Z
"2026-07-23T06:23:29.505Z [[32minfo[39m] ✅ PUBACK received {""service"":""mqtt-publisher-lite"",""messageId"":44666}",info,"{""level"":""info""}","{""project"":""90a47e04-a329-4122-9c82-2ee75a4562c2"",""environment"":""f6319bd4-2e87-40d4-8547-4ce714038bc1"",""service"":""c236b8cb-3eff-45c5-aca0-23e73e33dc8d"",""deployment"":""69394420-c732-4ebe-a5fd-54c2d5628ea7"",""replica"":""7fc15fda-5103-4647-b7c4-6251ceb0ef53""}",2026-07-23T06:23:29.510272015Z
"2026-07-23T06:23:29.505Z [[32minfo[39m] ✅ QoS 1 PUBACK confirmed {""service"":""mqtt-publisher-lite"",""deviceId"":""DEVICE-15"",""messageId"":44666,""deliveryTime"":""210ms"",""pendingCount"":0}",info,"{""level"":""info""}","{""project"":""90a47e04-a329-4122-9c82-2ee75a4562c2"",""environment"":""f6319bd4-2e87-40d4-8547-4ce714038bc1"",""service"":""c236b8cb-3eff-45c5-aca0-23e73e33dc8d"",""deployment"":""69394420-c732-4ebe-a5fd-54c2d5628ea7"",""replica"":""7fc15fda-5103-4647-b7c4-6251ceb0ef53""}",2026-07-23T06:23:29.510277065Z
"2026-07-23T06:23:29.505Z [[34mdebug[39m] ✅ [LIFECYCLE:PUBACK_OK] Device confirmed message receipt {""service"":""mqtt-publisher-lite"",""deviceId"":""DEVICE-15""}",info,"{""level"":""info""}","{""project"":""90a47e04-a329-4122-9c82-2ee75a4562c2"",""environment"":""f6319bd4-2e87-40d4-8547-4ce714038bc1"",""service"":""c236b8cb-3eff-45c5-aca0-23e73e33dc8d"",""deployment"":""69394420-c732-4ebe-a5fd-54c2d5628ea7"",""replica"":""7fc15fda-5103-4647-b7c4-6251ceb0ef53""}",2026-07-23T06:23:29.510284335Z
"2026-07-23T06:23:29.505Z [[34mdebug[39m] Message published {""service"":""mqtt-publisher-lite"",""topic"":""proof.mqtt/DEVICE-15/gmb"",""qos"":1,""deliveryTime"":""210ms""}",info,"{""level"":""info""}","{""project"":""90a47e04-a329-4122-9c82-2ee75a4562c2"",""environment"":""f6319bd4-2e87-40d4-8547-4ce714038bc1"",""service"":""c236b8cb-3eff-45c5-aca0-23e73e33dc8d"",""deployment"":""69394420-c732-4ebe-a5fd-54c2d5628ea7"",""replica"":""7fc15fda-5103-4647-b7c4-6251ceb0ef53""}",2026-07-23T06:23:29.510288845Z
"2026-07-23T06:23:29.505Z [[34mdebug[39m] Message received {""service"":""mqtt-publisher-lite"",""topic"":""proof.mqtt/DEVICE-15/gmb"",""size"":272,""retain"":false}",info,"{""level"":""info""}","{""project"":""90a47e04-a329-4122-9c82-2ee75a4562c2"",""environment"":""f6319bd4-2e87-40d4-8547-4ce714038bc1"",""service"":""c236b8cb-3eff-45c5-aca0-23e73e33dc8d"",""deployment"":""69394420-c732-4ebe-a5fd-54c2d5628ea7"",""replica"":""7fc15fda-5103-4647-b7c4-6251ceb0ef53""}",2026-07-23T06:23:29.510293815Z
"2026-07-23T06:23:29.505Z [[34mdebug[39m] Skipping echo message {""service"":""mqtt-publisher-lite"",""topic"":""proof.mqtt/DEVICE-15/gmb"",""age"":""0ms""}",info,"{""level"":""info""}","{""project"":""90a47e04-a329-4122-9c82-2ee75a4562c2"",""environment"":""f6319bd4-2e87-40d4-8547-4ce714038bc1"",""service"":""c236b8cb-3eff-45c5-aca0-23e73e33dc8d"",""deployment"":""69394420-c732-4ebe-a5fd-54c2d5628ea7"",""replica"":""7fc15fda-5103-4647-b7c4-6251ceb0ef53""}",2026-07-23T06:23:29.510297995Z
"2026-07-23T06:23:29.506Z [[34mdebug[39m] Screen message received {""service"":""mqtt-publisher-lite"",""topic"":""proof.mqtt/DEVICE-15/gmb"",""screen"":""gmb""}",info,"{""level"":""info""}","{""project"":""90a47e04-a329-4122-9c82-2ee75a4562c2"",""environment"":""f6319bd4-2e87-40d4-8547-4ce714038bc1"",""service"":""c236b8cb-3eff-45c5-aca0-23e73e33dc8d"",""deployment"":""69394420-c732-4ebe-a5fd-54c2d5628ea7"",""replica"":""7fc15fda-5103-4647-b7c4-6251ceb0ef53""}",2026-07-23T06:23:29.510301965Z
"2026-07-23T06:23:29.528Z [[34mdebug[39m] 📤 [PUBLISH_CYCLE] Publishing all screens to device {""service"":""mqtt-publisher-lite"",""deviceId"":""DEVICE-17""}",info,"{""level"":""info""}","{""project"":""90a47e04-a329-4122-9c82-2ee75a4562c2"",""environment"":""f6319bd4-2e87-40d4-8547-4ce714038bc1"",""service"":""c236b8cb-3eff-45c5-aca0-23e73e33dc8d"",""deployment"":""69394420-c732-4ebe-a5fd-54c2d5628ea7"",""replica"":""7fc15fda-5103-4647-b7c4-6251ceb0ef53""}",2026-07-23T06:23:29.535184194Z
"2026-07-23T06:23:29.606Z [[32minfo[39m] [STIM_GMB] Published {""service"":""mqtt-publisher-lite"",""deviceId"":""DEVICE-15"",""reviews"":15,""target"":100,""mode"":""synthetic"",""celebration"":""true"",""done"":false}",info,"{""level"":""info""}","{""project"":""90a47e04-a329-4122-9c82-2ee75a4562c2"",""environment"":""f6319bd4-2e87-40d4-8547-4ce714038bc1"",""service"":""c236b8cb-3eff-45c5-aca0-23e73e33dc8d"",""deployment"":""69394420-c732-4ebe-a5fd-54c2d5628ea7"",""replica"":""7fc15fda-5103-4647-b7c4-6251ceb0ef53""}",2026-07-23T06:23:29.640223892Z
"2026-07-23T06:23:29.636Z [[32minfo[39m] [PROMOTION] Default canvas not published {""service"":""mqtt-publisher-lite"",""deviceId"":""DEVICE-17"",""topic"":""proof.mqtt/DEVICE-17/promotion"",""reason"":""unchanged""}",info,"{""level"":""info""}","{""project"":""90a47e04-a329-4122-9c82-2ee75a4562c2"",""environment"":""f6319bd4-2e87-40d4-8547-4ce714038bc1"",""service"":""c236b8cb-3eff-45c5-aca0-23e73e33dc8d"",""deployment"":""69394420-c732-4ebe-a5fd-54c2d5628ea7"",""replica"":""7fc15fda-5103-4647-b7c4-6251ceb0ef53""}",2026-07-23T06:23:29.640229262Z
"2026-07-23T06:23:29.636Z [[34mdebug[39m] [STIM_SKIP] StatsPublisher skipping stim device {""service"":""mqtt-publisher-lite"",""deviceId"":""DEVICE-15""}",info,"{""level"":""info""}","{""project"":""90a47e04-a329-4122-9c82-2ee75a4562c2"",""environment"":""f6319bd4-2e87-40d4-8547-4ce714038bc1"",""service"":""c236b8cb-3eff-45c5-aca0-23e73e33dc8d"",""deployment"":""69394420-c732-4ebe-a5fd-54c2d5628ea7"",""replica"":""7fc15fda-5103-4647-b7c4-6251ceb0ef53""}",2026-07-23T06:23:29.640233352Z
"2026-07-23T06:23:29.637Z [[34mdebug[39m] [STIM_SKIP] StatsPublisher skipping stim device {""service"":""mqtt-publisher-lite"",""deviceId"":""DEVICE-13""}",info,"{""level"":""info""}","{""project"":""90a47e04-a329-4122-9c82-2ee75a4562c2"",""environment"":""f6319bd4-2e87-40d4-8547-4ce714038bc1"",""service"":""c236b8cb-3eff-45c5-aca0-23e73e33dc8d"",""deployment"":""69394420-c732-4ebe-a5fd-54c2d5628ea7"",""replica"":""7fc15fda-5103-4647-b7c4-6251ceb0ef53""}",2026-07-23T06:23:29.640238052Z
"2026-07-23T06:23:29.736Z [[34mdebug[39m] [STIM_SKIP] StatsPublisher skipping stim device {""service"":""mqtt-publisher-lite"",""deviceId"":""DEVICE-19""}",info,"{""level"":""info""}","{""project"":""90a47e04-a329-4122-9c82-2ee75a4562c2"",""environment"":""f6319bd4-2e87-40d4-8547-4ce714038bc1"",""service"":""c236b8cb-3eff-45c5-aca0-23e73e33dc8d"",""deployment"":""69394420-c732-4ebe-a5fd-54c2d5628ea7"",""replica"":""7fc15fda-5103-4647-b7c4-6251ceb0ef53""}",2026-07-23T06:23:29.773801685Z
"2026-07-23T06:23:47.219Z [[32minfo[39m] ⏱️ Tracking QoS 1 message (30s timeout) {""service"":""mqtt-publisher-lite"",""deviceId"":""DEVICE-13"",""messageId"":44668,""topic"":""proof.mqtt/DEVICE-13/gmb"",""pendingCount"":2}",info,"{""level"":""info""}","{""project"":""90a47e04-a329-4122-9c82-2ee75a4562c2"",""environment"":""f6319bd4-2e87-40d4-8547-4ce714038bc1"",""service"":""c236b8cb-3eff-45c5-aca0-23e73e33dc8d"",""deployment"":""69394420-c732-4ebe-a5fd-54c2d5628ea7"",""replica"":""7fc15fda-5103-4647-b7c4-6251ceb0ef53""}",2026-07-23T06:23:49.853359645Z
"2026-07-23T06:23:47.319Z [[32minfo[39m] ✅ PUBACK received {""service"":""mqtt-publisher-lite"",""messageId"":44667}",info,"{""level"":""info""}","{""project"":""90a47e04-a329-4122-9c82-2ee75a4562c2"",""environment"":""f6319bd4-2e87-40d4-8547-4ce714038bc1"",""service"":""c236b8cb-3eff-45c5-aca0-23e73e33dc8d"",""deployment"":""69394420-c732-4ebe-a5fd-54c2d5628ea7"",""replica"":""7fc15fda-5103-4647-b7c4-6251ceb0ef53""}",2026-07-23T06:23:49.853366325Z
"2026-07-23T06:23:47.108Z [[32minfo[39m] 📤 QoS 1 message sent {""service"":""mqtt-publisher-lite"",""messageId"":44667,""topic"":""proof.mqtt/DEVICE-13/instagram"",""qos"":1}",info,"{""level"":""info""}","{""project"":""90a47e04-a329-4122-9c82-2ee75a4562c2"",""environment"":""f6319bd4-2e87-40d4-8547-4ce714038bc1"",""service"":""c236b8cb-3eff-45c5-aca0-23e73e33dc8d"",""deployment"":""69394420-c732-4ebe-a5fd-54c2d5628ea7"",""replica"":""7fc15fda-5103-4647-b7c4-6251ceb0ef53""}",2026-07-23T06:23:49.853384545Z
"2026-07-23T06:23:47.319Z [[32minfo[39m] ✅ QoS 1 PUBACK confirmed {""service"":""mqtt-publisher-lite"",""deviceId"":""DEVICE-13"",""messageId"":44667,""deliveryTime"":""211ms"",""pendingCount"":1}",info,"{""level"":""info""}","{""project"":""90a47e04-a329-4122-9c82-2ee75a4562c2"",""environment"":""f6319bd4-2e87-40d4-8547-4ce714038bc1"",""service"":""c236b8cb-3eff-45c5-aca0-23e73e33dc8d"",""deployment"":""69394420-c732-4ebe-a5fd-54c2d5628ea7"",""replica"":""7fc15fda-5103-4647-b7c4-6251ceb0ef53""}",2026-07-23T06:23:49.853393645Z
"2026-07-23T06:23:47.108Z [[32minfo[39m] ⏱️ Tracking QoS 1 message (30s timeout) {""service"":""mqtt-publisher-lite"",""deviceId"":""DEVICE-13"",""messageId"":44667,""topic"":""proof.mqtt/DEVICE-13/instagram"",""pendingCount"":1}",info,"{""level"":""info""}","{""project"":""90a47e04-a329-4122-9c82-2ee75a4562c2"",""environment"":""f6319bd4-2e87-40d4-8547-4ce714038bc1"",""service"":""c236b8cb-3eff-45c5-aca0-23e73e33dc8d"",""deployment"":""69394420-c732-4ebe-a5fd-54c2d5628ea7"",""replica"":""7fc15fda-5103-4647-b7c4-6251ceb0ef53""}",2026-07-23T06:23:49.853395385Z
"2026-07-23T06:23:47.219Z [[32minfo[39m] 📤 QoS 1 message sent {""service"":""mqtt-publisher-lite"",""messageId"":44668,""topic"":""proof.mqtt/DEVICE-13/gmb"",""qos"":1}",info,"{""level"":""info""}","{""project"":""90a47e04-a329-4122-9c82-2ee75a4562c2"",""environment"":""f6319bd4-2e87-40d4-8547-4ce714038bc1"",""service"":""c236b8cb-3eff-45c5-aca0-23e73e33dc8d"",""deployment"":""69394420-c732-4ebe-a5fd-54c2d5628ea7"",""replica"":""7fc15fda-5103-4647-b7c4-6251ceb0ef53""}",2026-07-23T06:23:49.853403094Z
"2026-07-23T06:23:47.319Z [[34mdebug[39m] ✅ [LIFECYCLE:PUBACK_OK] Device confirmed message receipt {""service"":""mqtt-publisher-lite"",""deviceId"":""DEVICE-13""}",info,"{""level"":""info""}","{""project"":""90a47e04-a329-4122-9c82-2ee75a4562c2"",""environment"":""f6319bd4-2e87-40d4-8547-4ce714038bc1"",""service"":""c236b8cb-3eff-45c5-aca0-23e73e33dc8d"",""deployment"":""69394420-c732-4ebe-a5fd-54c2d5628ea7"",""replica"":""7fc15fda-5103-4647-b7c4-6251ceb0ef53""}",2026-07-23T06:23:49.853408444Z
"2026-07-23T06:23:47.320Z [[34mdebug[39m] Skipping echo message {""service"":""mqtt-publisher-lite"",""topic"":""proof.mqtt/DEVICE-13/instagram"",""age"":""1ms""}",info,"{""level"":""info""}","{""project"":""90a47e04-a329-4122-9c82-2ee75a4562c2"",""environment"":""f6319bd4-2e87-40d4-8547-4ce714038bc1"",""service"":""c236b8cb-3eff-45c5-aca0-23e73e33dc8d"",""deployment"":""69394420-c732-4ebe-a5fd-54c2d5628ea7"",""replica"":""7fc15fda-5103-4647-b7c4-6251ceb0ef53""}",2026-07-23T06:23:49.853423034Z
"2026-07-23T06:23:47.319Z [[34mdebug[39m] Message published {""service"":""mqtt-publisher-lite"",""topic"":""proof.mqtt/DEVICE-13/instagram"",""qos"":1,""deliveryTime"":""211ms""}",info,"{""level"":""info""}","{""project"":""90a47e04-a329-4122-9c82-2ee75a4562c2"",""environment"":""f6319bd4-2e87-40d4-8547-4ce714038bc1"",""service"":""c236b8cb-3eff-45c5-aca0-23e73e33dc8d"",""deployment"":""69394420-c732-4ebe-a5fd-54c2d5628ea7"",""replica"":""7fc15fda-5103-4647-b7c4-6251ceb0ef53""}",2026-07-23T06:23:49.853423084Z
"2026-07-23T06:23:47.320Z [[34mdebug[39m] Message received {""service"":""mqtt-publisher-lite"",""topic"":""proof.mqtt/DEVICE-13/instagram"",""size"":228,""retain"":false}",info,"{""level"":""info""}","{""project"":""90a47e04-a329-4122-9c82-2ee75a4562c2"",""environment"":""f6319bd4-2e87-40d4-8547-4ce714038bc1"",""service"":""c236b8cb-3eff-45c5-aca0-23e73e33dc8d"",""deployment"":""69394420-c732-4ebe-a5fd-54c2d5628ea7"",""replica"":""7fc15fda-5103-4647-b7c4-6251ceb0ef53""}",2026-07-23T06:23:49.853436914Z
"2026-07-23T06:23:47.320Z [[34mdebug[39m] Screen message received {""service"":""mqtt-publisher-lite"",""topic"":""proof.mqtt/DEVICE-13/instagram"",""screen"":""instagram""}",info,"{""level"":""info""}","{""project"":""90a47e04-a329-4122-9c82-2ee75a4562c2"",""environment"":""f6319bd4-2e87-40d4-8547-4ce714038bc1"",""service"":""c236b8cb-3eff-45c5-aca0-23e73e33dc8d"",""deployment"":""69394420-c732-4ebe-a5fd-54c2d5628ea7"",""replica"":""7fc15fda-5103-4647-b7c4-6251ceb0ef53""}",2026-07-23T06:23:49.855457900Z
"2026-07-23T06:23:47.419Z [[32minfo[39m] [STIM_IG] Published {""service"":""mqtt-publisher-lite"",""deviceId"":""DEVICE-13"",""followers"":12,""target"":500,""mode"":""synthetic"",""achievement"":15,""celebration"":""false"",""done"":false}",info,"{""level"":""info""}","{""project"":""90a47e04-a329-4122-9c82-2ee75a4562c2"",""environment"":""f6319bd4-2e87-40d4-8547-4ce714038bc1"",""service"":""c236b8cb-3eff-45c5-aca0-23e73e33dc8d"",""deployment"":""69394420-c732-4ebe-a5fd-54c2d5628ea7"",""replica"":""7fc15fda-5103-4647-b7c4-6251ceb0ef53""}",2026-07-23T06:23:49.855462490Z
"2026-07-23T06:23:47.429Z [[32minfo[39m] ✅ PUBACK received {""service"":""mqtt-publisher-lite"",""messageId"":44668}",info,"{""level"":""info""}","{""project"":""90a47e04-a329-4122-9c82-2ee75a4562c2"",""environment"":""f6319bd4-2e87-40d4-8547-4ce714038bc1"",""service"":""c236b8cb-3eff-45c5-aca0-23e73e33dc8d"",""deployment"":""69394420-c732-4ebe-a5fd-54c2d5628ea7"",""replica"":""7fc15fda-5103-4647-b7c4-6251ceb0ef53""}",2026-07-23T06:23:49.855466170Z
"2026-07-23T06:23:47.430Z [[32minfo[39m] ✅ QoS 1 PUBACK confirmed {""service"":""mqtt-publisher-lite"",""deviceId"":""DEVICE-13"",""messageId"":44668,""deliveryTime"":""211ms"",""pendingCount"":0}",info,"{""level"":""info""}","{""project"":""90a47e04-a329-4122-9c82-2ee75a4562c2"",""environment"":""f6319bd4-2e87-40d4-8547-4ce714038bc1"",""service"":""c236b8cb-3eff-45c5-aca0-23e73e33dc8d"",""deployment"":""69394420-c732-4ebe-a5fd-54c2d5628ea7"",""replica"":""7fc15fda-5103-4647-b7c4-6251ceb0ef53""}",2026-07-23T06:23:49.855469630Z
"2026-07-23T06:23:47.430Z [[34mdebug[39m] ✅ [LIFECYCLE:PUBACK_OK] Device confirmed message receipt {""service"":""mqtt-publisher-lite"",""deviceId"":""DEVICE-13""}",info,"{""level"":""info""}","{""project"":""90a47e04-a329-4122-9c82-2ee75a4562c2"",""environment"":""f6319bd4-2e87-40d4-8547-4ce714038bc1"",""service"":""c236b8cb-3eff-45c5-aca0-23e73e33dc8d"",""deployment"":""69394420-c732-4ebe-a5fd-54c2d5628ea7"",""replica"":""7fc15fda-5103-4647-b7c4-6251ceb0ef53""}",2026-07-23T06:23:49.855473450Z
"2026-07-23T06:23:47.431Z [[34mdebug[39m] Message published {""service"":""mqtt-publisher-lite"",""topic"":""proof.mqtt/DEVICE-13/gmb"",""qos"":1,""deliveryTime"":""212ms""}",info,"{""level"":""info""}","{""project"":""90a47e04-a329-4122-9c82-2ee75a4562c2"",""environment"":""f6319bd4-2e87-40d4-8547-4ce714038bc1"",""service"":""c236b8cb-3eff-45c5-aca0-23e73e33dc8d"",""deployment"":""69394420-c732-4ebe-a5fd-54c2d5628ea7"",""replica"":""7fc15fda-5103-4647-b7c4-6251ceb0ef53""}",2026-07-23T06:23:49.855477670Z
"2026-07-23T06:23:47.431Z [[34mdebug[39m] Message received {""service"":""mqtt-publisher-lite"",""topic"":""proof.mqtt/DEVICE-13/gmb"",""size"":272,""retain"":false}",info,"{""level"":""info""}","{""project"":""90a47e04-a329-4122-9c82-2ee75a4562c2"",""environment"":""f6319bd4-2e87-40d4-8547-4ce714038bc1"",""service"":""c236b8cb-3eff-45c5-aca0-23e73e33dc8d"",""deployment"":""69394420-c732-4ebe-a5fd-54c2d5628ea7"",""replica"":""7fc15fda-5103-4647-b7c4-6251ceb0ef53""}",2026-07-23T06:23:49.855481420Z
"2026-07-23T06:23:47.431Z [[34mdebug[39m] Skipping echo message {""service"":""mqtt-publisher-lite"",""topic"":""proof.mqtt/DEVICE-13/gmb"",""age"":""0ms""}",info,"{""level"":""info""}","{""project"":""90a47e04-a329-4122-9c82-2ee75a4562c2"",""environment"":""f6319bd4-2e87-40d4-8547-4ce714038bc1"",""service"":""c236b8cb-3eff-45c5-aca0-23e73e33dc8d"",""deployment"":""69394420-c732-4ebe-a5fd-54c2d5628ea7"",""replica"":""7fc15fda-5103-4647-b7c4-6251ceb0ef53""}",2026-07-23T06:23:49.855485560Z
"2026-07-23T06:23:47.432Z [[34mdebug[39m] Screen message received {""service"":""mqtt-publisher-lite"",""topic"":""proof.mqtt/DEVICE-13/gmb"",""screen"":""gmb""}",info,"{""level"":""info""}","{""project"":""90a47e04-a329-4122-9c82-2ee75a4562c2"",""environment"":""f6319bd4-2e87-40d4-8547-4ce714038bc1"",""service"":""c236b8cb-3eff-45c5-aca0-23e73e33dc8d"",""deployment"":""69394420-c732-4ebe-a5fd-54c2d5628ea7"",""replica"":""7fc15fda-5103-4647-b7c4-6251ceb0ef53""}",2026-07-23T06:23:49.855489240Z
"2026-07-23T06:23:47.531Z [[32minfo[39m] [STIM_GMB] Published {""service"":""mqtt-publisher-lite"",""deviceId"":""DEVICE-13"",""reviews"":10,""target"":100,""mode"":""synthetic"",""celebration"":""true"",""done"":false}",info,"{""level"":""info""}","{""project"":""90a47e04-a329-4122-9c82-2ee75a4562c2"",""environment"":""f6319bd4-2e87-40d4-8547-4ce714038bc1"",""service"":""c236b8cb-3eff-45c5-aca0-23e73e33dc8d"",""deployment"":""69394420-c732-4ebe-a5fd-54c2d5628ea7"",""replica"":""7fc15fda-5103-4647-b7c4-6251ceb0ef53""}",2026-07-23T06:23:49.855493050Z
"2026-07-23T06:23:59.193Z [[32minfo[39m] 📤 QoS 1 message sent {""service"":""mqtt-publisher-lite"",""messageId"":44669,""topic"":""proof.mqtt/DEVICE-15/instagram"",""qos"":1}",info,"{""level"":""info""}","{""project"":""90a47e04-a329-4122-9c82-2ee75a4562c2"",""environment"":""f6319bd4-2e87-40d4-8547-4ce714038bc1"",""service"":""c236b8cb-3eff-45c5-aca0-23e73e33dc8d"",""deployment"":""69394420-c732-4ebe-a5fd-54c2d5628ea7"",""replica"":""7fc15fda-5103-4647-b7c4-6251ceb0ef53""}",2026-07-23T06:23:59.200396379Z
"2026-07-23T06:23:59.193Z [[32minfo[39m] ⏱️ Tracking QoS 1 message (30s timeout) {""service"":""mqtt-publisher-lite"",""deviceId"":""DEVICE-15"",""messageId"":44669,""topic"":""proof.mqtt/DEVICE-15/instagram"",""pendingCount"":1}",info,"{""level"":""info""}","{""project"":""90a47e04-a329-4122-9c82-2ee75a4562c2"",""environment"":""f6319bd4-2e87-40d4-8547-4ce714038bc1"",""service"":""c236b8cb-3eff-45c5-aca0-23e73e33dc8d"",""deployment"":""69394420-c732-4ebe-a5fd-54c2d5628ea7"",""replica"":""7fc15fda-5103-4647-b7c4-6251ceb0ef53""}",2026-07-23T06:23:59.200401859Z
"2026-07-23T06:23:59.278Z [[34mdebug[39m] [IG_DIRECT] No Instagram credentials (Redis proof.mqtt:device:{id} or active-devices.json) {""service"":""mqtt-publisher-lite"",""deviceId"":""DEVICE-17"",""trigger"":""scheduled""}",info,"{""level"":""info""}","{""project"":""90a47e04-a329-4122-9c82-2ee75a4562c2"",""environment"":""f6319bd4-2e87-40d4-8547-4ce714038bc1"",""service"":""c236b8cb-3eff-45c5-aca0-23e73e33dc8d"",""deployment"":""69394420-c732-4ebe-a5fd-54c2d5628ea7"",""replica"":""7fc15fda-5103-4647-b7c4-6251ceb0ef53""}",2026-07-23T06:23:59.279635328Z
"2026-07-23T06:23:59.294Z [[32minfo[39m] 📤 QoS 1 message sent {""service"":""mqtt-publisher-lite"",""messageId"":44670,""topic"":""proof.mqtt/DEVICE-15/gmb"",""qos"":1}",info,"{""level"":""info""}","{""project"":""90a47e04-a329-4122-9c82-2ee75a4562c2"",""environment"":""f6319bd4-2e87-40d4-8547-4ce714038bc1"",""service"":""c236b8cb-3eff-45c5-aca0-23e73e33dc8d"",""deployment"":""69394420-c732-4ebe-a5fd-54c2d5628ea7"",""replica"":""7fc15fda-5103-4647-b7c4-6251ceb0ef53""}",2026-07-23T06:23:59.296518981Z
"2026-07-23T06:23:59.295Z [[32minfo[39m] ⏱️ Tracking QoS 1 message (30s timeout) {""service"":""mqtt-publisher-lite"",""deviceId"":""DEVICE-15"",""messageId"":44670,""topic"":""proof.mqtt/DEVICE-15/gmb"",""pendingCount"":2}",info,"{""level"":""info""}","{""project"":""90a47e04-a329-4122-9c82-2ee75a4562c2"",""environment"":""f6319bd4-2e87-40d4-8547-4ce714038bc1"",""service"":""c236b8cb-3eff-45c5-aca0-23e73e33dc8d"",""deployment"":""69394420-c732-4ebe-a5fd-54c2d5628ea7"",""replica"":""7fc15fda-5103-4647-b7c4-6251ceb0ef53""}",2026-07-23T06:23:59.296522411Z
"2026-07-23T06:23:59.378Z [[34mdebug[39m] Instagram fetch audit written to InfluxDB {""service"":""mqtt-publisher-lite"",""deviceId"":""DEVICE-17"",""success"":false}",info,"{""level"":""info""}","{""project"":""90a47e04-a329-4122-9c82-2ee75a4562c2"",""environment"":""f6319bd4-2e87-40d4-8547-4ce714038bc1"",""service"":""c236b8cb-3eff-45c5-aca0-23e73e33dc8d"",""deployment"":""69394420-c732-4ebe-a5fd-54c2d5628ea7"",""replica"":""7fc15fda-5103-4647-b7c4-6251ceb0ef53""}",2026-07-23T06:23:59.379122298Z
"2026-07-23T06:23:59.378Z [[33mwarn[39m] [IG_SCREEN] Skipping MQTT for failed fetch {""service"":""mqtt-publisher-lite"",""deviceId"":""DEVICE-17"",""error"":""no_instagram_credentials""}",info,"{""level"":""info""}","{""project"":""90a47e04-a329-4122-9c82-2ee75a4562c2"",""environment"":""f6319bd4-2e87-40d4-8547-4ce714038bc1"",""service"":""c236b8cb-3eff-45c5-aca0-23e73e33dc8d"",""deployment"":""69394420-c732-4ebe-a5fd-54c2d5628ea7"",""replica"":""7fc15fda-5103-4647-b7c4-6251ceb0ef53""}",2026-07-23T06:23:59.379129528Z
"2026-07-23T06:23:59.379Z [[32minfo[39m] InfluxDB batch flush {""service"":""mqtt-publisher-lite"",""source"":""metrics_disk_queue_worker"",""count"":1,""lines"":[""instagram_fetch_audit,device_id=DEVICE-17,success=false,trigger_type=scheduled duration_ms=0i,error_message=\""no_instagram_credentials\"",user_id_at_time=\""unknown\"" 1784787839278000000""]}",info,"{""level"":""info""}","{""project"":""90a47e04-a329-4122-9c82-2ee75a4562c2"",""environment"":""f6319bd4-2e87-40d4-8547-4ce714038bc1"",""service"":""c236b8cb-3eff-45c5-aca0-23e73e33dc8d"",""deployment"":""69394420-c732-4ebe-a5fd-54c2d5628ea7"",""replica"":""7fc15fda-5103-4647-b7c4-6251ceb0ef53""}",2026-07-23T06:23:59.381104724Z
"2026-07-23T06:23:59.408Z [[34mdebug[39m] Message received {""service"":""mqtt-publisher-lite"",""topic"":""proof.mqtt/DEVICE-15/instagram"",""size"":228,""retain"":false}",info,"{""level"":""info""}","{""project"":""90a47e04-a329-4122-9c82-2ee75a4562c2"",""environment"":""f6319bd4-2e87-40d4-8547-4ce714038bc1"",""service"":""c236b8cb-3eff-45c5-aca0-23e73e33dc8d"",""deployment"":""69394420-c732-4ebe-a5fd-54c2d5628ea7"",""replica"":""7fc15fda-5103-4647-b7c4-6251ceb0ef53""}",2026-07-23T06:23:59.426384719Z
"2026-07-23T06:23:59.409Z [[34mdebug[39m] Skipping echo message {""service"":""mqtt-publisher-lite"",""topic"":""proof.mqtt/DEVICE-15/instagram"",""age"":""0ms""}",info,"{""level"":""info""}","{""project"":""90a47e04-a329-4122-9c82-2ee75a4562c2"",""environment"":""f6319bd4-2e87-40d4-8547-4ce714038bc1"",""service"":""c236b8cb-3eff-45c5-aca0-23e73e33dc8d"",""deployment"":""69394420-c732-4ebe-a5fd-54c2d5628ea7"",""replica"":""7fc15fda-5103-4647-b7c4-6251ceb0ef53""}",2026-07-23T06:23:59.426392959Z
"2026-07-23T06:23:59.409Z [[34mdebug[39m] Screen message received {""service"":""mqtt-publisher-lite"",""topic"":""proof.mqtt/DEVICE-15/instagram"",""screen"":""instagram""}",info,"{""level"":""info""}","{""project"":""90a47e04-a329-4122-9c82-2ee75a4562c2"",""environment"":""f6319bd4-2e87-40d4-8547-4ce714038bc1"",""service"":""c236b8cb-3eff-45c5-aca0-23e73e33dc8d"",""deployment"":""69394420-c732-4ebe-a5fd-54c2d5628ea7"",""replica"":""7fc15fda-5103-4647-b7c4-6251ceb0ef53""}",2026-07-23T06:23:59.426397759Z
"2026-07-23T06:23:59.408Z [[32minfo[39m] ✅ PUBACK received {""service"":""mqtt-publisher-lite"",""messageId"":44669}",info,"{""level"":""info""}","{""project"":""90a47e04-a329-4122-9c82-2ee75a4562c2"",""environment"":""f6319bd4-2e87-40d4-8547-4ce714038bc1"",""service"":""c236b8cb-3eff-45c5-aca0-23e73e33dc8d"",""deployment"":""69394420-c732-4ebe-a5fd-54c2d5628ea7"",""replica"":""7fc15fda-5103-4647-b7c4-6251ceb0ef53""}",2026-07-23T06:23:59.426420889Z
"2026-07-23T06:23:59.408Z [[32minfo[39m] ✅ QoS 1 PUBACK confirmed {""service"":""mqtt-publisher-lite"",""deviceId"":""DEVICE-15"",""messageId"":44669,""deliveryTime"":""215ms"",""pendingCount"":1}",info,"{""level"":""info""}","{""project"":""90a47e04-a329-4122-9c82-2ee75a4562c2"",""environment"":""f6319bd4-2e87-40d4-8547-4ce714038bc1"",""service"":""c236b8cb-3eff-45c5-aca0-23e73e33dc8d"",""deployment"":""69394420-c732-4ebe-a5fd-54c2d5628ea7"",""replica"":""7fc15fda-5103-4647-b7c4-6251ceb0ef53""}",2026-07-23T06:23:59.426424579Z
"2026-07-23T06:23:59.408Z [[34mdebug[39m] ✅ [LIFECYCLE:PUBACK_OK] Device confirmed message receipt {""service"":""mqtt-publisher-lite"",""deviceId"":""DEVICE-15""}",info,"{""level"":""info""}","{""project"":""90a47e04-a329-4122-9c82-2ee75a4562c2"",""environment"":""f6319bd4-2e87-40d4-8547-4ce714038bc1"",""service"":""c236b8cb-3eff-45c5-aca0-23e73e33dc8d"",""deployment"":""69394420-c732-4ebe-a5fd-54c2d5628ea7"",""replica"":""7fc15fda-5103-4647-b7c4-6251ceb0ef53""}",2026-07-23T06:23:59.426428369Z
"2026-07-23T06:23:59.408Z [[34mdebug[39m] Message published {""service"":""mqtt-publisher-lite"",""topic"":""proof.mqtt/DEVICE-15/instagram"",""qos"":1,""deliveryTime"":""215ms""}",info,"{""level"":""info""}","{""project"":""90a47e04-a329-4122-9c82-2ee75a4562c2"",""environment"":""f6319bd4-2e87-40d4-8547-4ce714038bc1"",""service"":""c236b8cb-3eff-45c5-aca0-23e73e33dc8d"",""deployment"":""69394420-c732-4ebe-a5fd-54c2d5628ea7"",""replica"":""7fc15fda-5103-4647-b7c4-6251ceb0ef53""}",2026-07-23T06:23:59.426433229Z
"2026-07-23T06:23:59.506Z [[34mdebug[39m] Screen message received {""service"":""mqtt-publisher-lite"",""topic"":""proof.mqtt/DEVICE-15/gmb"",""screen"":""gmb""}",info,"{""level"":""info""}","{""project"":""90a47e04-a329-4122-9c82-2ee75a4562c2"",""environment"":""f6319bd4-2e87-40d4-8547-4ce714038bc1"",""service"":""c236b8cb-3eff-45c5-aca0-23e73e33dc8d"",""deployment"":""69394420-c732-4ebe-a5fd-54c2d5628ea7"",""replica"":""7fc15fda-5103-4647-b7c4-6251ceb0ef53""}",2026-07-23T06:23:59.516734112Z
"2026-07-23T06:23:59.510Z [[32minfo[39m] [STIM_IG] Published {""service"":""mqtt-publisher-lite"",""deviceId"":""DEVICE-15"",""followers"":18,""target"":500,""mode"":""synthetic"",""achievement"":20,""celebration"":""false"",""done"":false}",info,"{""level"":""info""}","{""project"":""90a47e04-a329-4122-9c82-2ee75a4562c2"",""environment"":""f6319bd4-2e87-40d4-8547-4ce714038bc1"",""service"":""c236b8cb-3eff-45c5-aca0-23e73e33dc8d"",""deployment"":""69394420-c732-4ebe-a5fd-54c2d5628ea7"",""replica"":""7fc15fda-5103-4647-b7c4-6251ceb0ef53""}",2026-07-23T06:23:59.516740102Z
"2026-07-23T06:23:59.505Z [[32minfo[39m] ✅ PUBACK received {""service"":""mqtt-publisher-lite"",""messageId"":44670}",info,"{""level"":""info""}","{""project"":""90a47e04-a329-4122-9c82-2ee75a4562c2"",""environment"":""f6319bd4-2e87-40d4-8547-4ce714038bc1"",""service"":""c236b8cb-3eff-45c5-aca0-23e73e33dc8d"",""deployment"":""69394420-c732-4ebe-a5fd-54c2d5628ea7"",""replica"":""7fc15fda-5103-4647-b7c4-6251ceb0ef53""}",2026-07-23T06:23:59.516749852Z
"2026-07-23T06:23:59.506Z [[34mdebug[39m] Message received {""service"":""mqtt-publisher-lite"",""topic"":""proof.mqtt/DEVICE-15/gmb"",""size"":246,""retain"":false}",info,"{""level"":""info""}","{""project"":""90a47e04-a329-4122-9c82-2ee75a4562c2"",""environment"":""f6319bd4-2e87-40d4-8547-4ce714038bc1"",""service"":""c236b8cb-3eff-45c5-aca0-23e73e33dc8d"",""deployment"":""69394420-c732-4ebe-a5fd-54c2d5628ea7"",""replica"":""7fc15fda-5103-4647-b7c4-6251ceb0ef53""}",2026-07-23T06:23:59.516800141Z
"2026-07-23T06:23:59.505Z [[32minfo[39m] ✅ QoS 1 PUBACK confirmed {""service"":""mqtt-publisher-lite"",""deviceId"":""DEVICE-15"",""messageId"":44670,""deliveryTime"":""210ms"",""pendingCount"":0}",info,"{""level"":""info""}","{""project"":""90a47e04-a329-4122-9c82-2ee75a4562c2"",""environment"":""f6319bd4-2e87-40d4-8547-4ce714038bc1"",""service"":""c236b8cb-3eff-45c5-aca0-23e73e33dc8d"",""deployment"":""69394420-c732-4ebe-a5fd-54c2d5628ea7"",""replica"":""7fc15fda-5103-4647-b7c4-6251ceb0ef53""}",2026-07-23T06:23:59.516807641Z
"2026-07-23T06:23:59.505Z [[34mdebug[39m] ✅ [LIFECYCLE:PUBACK_OK] Device confirmed message receipt {""service"":""mqtt-publisher-lite"",""deviceId"":""DEVICE-15""}",info,"{""level"":""info""}","{""project"":""90a47e04-a329-4122-9c82-2ee75a4562c2"",""environment"":""f6319bd4-2e87-40d4-8547-4ce714038bc1"",""service"":""c236b8cb-3eff-45c5-aca0-23e73e33dc8d"",""deployment"":""69394420-c732-4ebe-a5fd-54c2d5628ea7"",""replica"":""7fc15fda-5103-4647-b7c4-6251ceb0ef53""}",2026-07-23T06:23:59.516815301Z
"2026-07-23T06:23:59.506Z [[34mdebug[39m] Skipping echo message {""service"":""mqtt-publisher-lite"",""topic"":""proof.mqtt/DEVICE-15/gmb"",""age"":""1ms""}",info,"{""level"":""info""}","{""project"":""90a47e04-a329-4122-9c82-2ee75a4562c2"",""environment"":""f6319bd4-2e87-40d4-8547-4ce714038bc1"",""service"":""c236b8cb-3eff-45c5-aca0-23e73e33dc8d"",""deployment"":""69394420-c732-4ebe-a5fd-54c2d5628ea7"",""replica"":""7fc15fda-5103-4647-b7c4-6251ceb0ef53""}",2026-07-23T06:23:59.516820541Z
"2026-07-23T06:23:59.505Z [[34mdebug[39m] Message published {""service"":""mqtt-publisher-lite"",""topic"":""proof.mqtt/DEVICE-15/gmb"",""qos"":1,""deliveryTime"":""211ms""}",info,"{""level"":""info""}","{""project"":""90a47e04-a329-4122-9c82-2ee75a4562c2"",""environment"":""f6319bd4-2e87-40d4-8547-4ce714038bc1"",""service"":""c236b8cb-3eff-45c5-aca0-23e73e33dc8d"",""deployment"":""69394420-c732-4ebe-a5fd-54c2d5628ea7"",""replica"":""7fc15fda-5103-4647-b7c4-6251ceb0ef53""}",2026-07-23T06:23:59.516823671Z
"2026-07-23T06:23:59.605Z [[32minfo[39m] [STIM_GMB] Published {""service"":""mqtt-publisher-lite"",""deviceId"":""DEVICE-15"",""reviews"":16,""target"":100,""mode"":""synthetic"",""celebration"":""false"",""done"":false}",info,"{""level"":""info""}","{""project"":""90a47e04-a329-4122-9c82-2ee75a4562c2"",""environment"":""f6319bd4-2e87-40d4-8547-4ce714038bc1"",""service"":""c236b8cb-3eff-45c5-aca0-23e73e33dc8d"",""deployment"":""69394420-c732-4ebe-a5fd-54c2d5628ea7"",""replica"":""7fc15fda-5103-4647-b7c4-6251ceb0ef53""}",2026-07-23T06:23:59.612329168Z
"2026-07-23T06:24:17.108Z [[32minfo[39m] 📤 QoS 1 message sent {""service"":""mqtt-publisher-lite"",""messageId"":44671,""topic"":""proof.mqtt/DEVICE-13/instagram"",""qos"":1}",info,"{""level"":""info""}","{""project"":""90a47e04-a329-4122-9c82-2ee75a4562c2"",""environment"":""f6319bd4-2e87-40d4-8547-4ce714038bc1"",""service"":""c236b8cb-3eff-45c5-aca0-23e73e33dc8d"",""deployment"":""69394420-c732-4ebe-a5fd-54c2d5628ea7"",""replica"":""7fc15fda-5103-4647-b7c4-6251ceb0ef53""}",2026-07-23T06:24:19.617372029Z
"2026-07-23T06:24:17.108Z [[32minfo[39m] ⏱️ Tracking QoS 1 message (30s timeout) {""service"":""mqtt-publisher-lite"",""deviceId"":""DEVICE-13"",""messageId"":44671,""topic"":""proof.mqtt/DEVICE-13/instagram"",""pendingCount"":1}",info,"{""level"":""info""}","{""project"":""90a47e04-a329-4122-9c82-2ee75a4562c2"",""environment"":""f6319bd4-2e87-40d4-8547-4ce714038bc1"",""service"":""c236b8cb-3eff-45c5-aca0-23e73e33dc8d"",""deployment"":""69394420-c732-4ebe-a5fd-54c2d5628ea7"",""replica"":""7fc15fda-5103-4647-b7c4-6251ceb0ef53""}",2026-07-23T06:24:19.617379019Z
"2026-07-23T06:24:17.219Z [[32minfo[39m] 📤 QoS 1 message sent {""service"":""mqtt-publisher-lite"",""messageId"":44672,""topic"":""proof.mqtt/DEVICE-13/gmb"",""qos"":1}",info,"{""level"":""info""}","{""project"":""90a47e04-a329-4122-9c82-2ee75a4562c2"",""environment"":""f6319bd4-2e87-40d4-8547-4ce714038bc1"",""service"":""c236b8cb-3eff-45c5-aca0-23e73e33dc8d"",""deployment"":""69394420-c732-4ebe-a5fd-54c2d5628ea7"",""replica"":""7fc15fda-5103-4647-b7c4-6251ceb0ef53""}",2026-07-23T06:24:19.617383729Z
"2026-07-23T06:24:17.219Z [[32minfo[39m] ⏱️ Tracking QoS 1 message (30s timeout) {""service"":""mqtt-publisher-lite"",""deviceId"":""DEVICE-13"",""messageId"":44672,""topic"":""proof.mqtt/DEVICE-13/gmb"",""pendingCount"":2}",info,"{""level"":""info""}","{""project"":""90a47e04-a329-4122-9c82-2ee75a4562c2"",""environment"":""f6319bd4-2e87-40d4-8547-4ce714038bc1"",""service"":""c236b8cb-3eff-45c5-aca0-23e73e33dc8d"",""deployment"":""69394420-c732-4ebe-a5fd-54c2d5628ea7"",""replica"":""7fc15fda-5103-4647-b7c4-6251ceb0ef53""}",2026-07-23T06:24:19.617386929Z
"2026-07-23T06:24:17.318Z [[32minfo[39m] ✅ PUBACK received {""service"":""mqtt-publisher-lite"",""messageId"":44671}",info,"{""level"":""info""}","{""project"":""90a47e04-a329-4122-9c82-2ee75a4562c2"",""environment"":""f6319bd4-2e87-40d4-8547-4ce714038bc1"",""service"":""c236b8cb-3eff-45c5-aca0-23e73e33dc8d"",""deployment"":""69394420-c732-4ebe-a5fd-54c2d5628ea7"",""replica"":""7fc15fda-5103-4647-b7c4-6251ceb0ef53""}",2026-07-23T06:24:19.617389469Z
"2026-07-23T06:24:17.319Z [[32minfo[39m] ✅ QoS 1 PUBACK confirmed {""service"":""mqtt-publisher-lite"",""deviceId"":""DEVICE-13"",""messageId"":44671,""deliveryTime"":""211ms"",""pendingCount"":1}",info,"{""level"":""info""}","{""project"":""90a47e04-a329-4122-9c82-2ee75a4562c2"",""environment"":""f6319bd4-2e87-40d4-8547-4ce714038bc1"",""service"":""c236b8cb-3eff-45c5-aca0-23e73e33dc8d"",""deployment"":""69394420-c732-4ebe-a5fd-54c2d5628ea7"",""replica"":""7fc15fda-5103-4647-b7c4-6251ceb0ef53""}",2026-07-23T06:24:19.617392799Z
"2026-07-23T06:24:17.319Z [[34mdebug[39m] ✅ [LIFECYCLE:PUBACK_OK] Device confirmed message receipt {""service"":""mqtt-publisher-lite"",""deviceId"":""DEVICE-13""}",info,"{""level"":""info""}","{""project"":""90a47e04-a329-4122-9c82-2ee75a4562c2"",""environment"":""f6319bd4-2e87-40d4-8547-4ce714038bc1"",""service"":""c236b8cb-3eff-45c5-aca0-23e73e33dc8d"",""deployment"":""69394420-c732-4ebe-a5fd-54c2d5628ea7"",""replica"":""7fc15fda-5103-4647-b7c4-6251ceb0ef53""}",2026-07-23T06:24:19.617396179Z
"2026-07-23T06:24:17.319Z [[34mdebug[39m] Message published {""service"":""mqtt-publisher-lite"",""topic"":""proof.mqtt/DEVICE-13/instagram"",""qos"":1,""deliveryTime"":""211ms""}",info,"{""level"":""info""}","{""project"":""90a47e04-a329-4122-9c82-2ee75a4562c2"",""environment"":""f6319bd4-2e87-40d4-8547-4ce714038bc1"",""service"":""c236b8cb-3eff-45c5-aca0-23e73e33dc8d"",""deployment"":""69394420-c732-4ebe-a5fd-54c2d5628ea7"",""replica"":""7fc15fda-5103-4647-b7c4-6251ceb0ef53""}",2026-07-23T06:24:19.617401839Z
"2026-07-23T06:24:17.319Z [[34mdebug[39m] Message received {""service"":""mqtt-publisher-lite"",""topic"":""proof.mqtt/DEVICE-13/instagram"",""size"":228,""retain"":false}",info,"{""level"":""info""}","{""project"":""90a47e04-a329-4122-9c82-2ee75a4562c2"",""environment"":""f6319bd4-2e87-40d4-8547-4ce714038bc1"",""service"":""c236b8cb-3eff-45c5-aca0-23e73e33dc8d"",""deployment"":""69394420-c732-4ebe-a5fd-54c2d5628ea7"",""replica"":""7fc15fda-5103-4647-b7c4-6251ceb0ef53""}",2026-07-23T06:24:19.617404799Z
"2026-07-23T06:24:17.319Z [[34mdebug[39m] Skipping echo message {""service"":""mqtt-publisher-lite"",""topic"":""proof.mqtt/DEVICE-13/instagram"",""age"":""0ms""}",info,"{""level"":""info""}","{""project"":""90a47e04-a329-4122-9c82-2ee75a4562c2"",""environment"":""f6319bd4-2e87-40d4-8547-4ce714038bc1"",""service"":""c236b8cb-3eff-45c5-aca0-23e73e33dc8d"",""deployment"":""69394420-c732-4ebe-a5fd-54c2d5628ea7"",""replica"":""7fc15fda-5103-4647-b7c4-6251ceb0ef53""}",2026-07-23T06:24:19.617408289Z
"2026-07-23T06:24:17.320Z [[34mdebug[39m] Screen message received {""service"":""mqtt-publisher-lite"",""topic"":""proof.mqtt/DEVICE-13/instagram"",""screen"":""instagram""}",info,"{""level"":""info""}","{""project"":""90a47e04-a329-4122-9c82-2ee75a4562c2"",""environment"":""f6319bd4-2e87-40d4-8547-4ce714038bc1"",""service"":""c236b8cb-3eff-45c5-aca0-23e73e33dc8d"",""deployment"":""69394420-c732-4ebe-a5fd-54c2d5628ea7"",""replica"":""7fc15fda-5103-4647-b7c4-6251ceb0ef53""}",2026-07-23T06:24:19.618065234Z
"2026-07-23T06:24:17.419Z [[32minfo[39m] [STIM_IG] Published {""service"":""mqtt-publisher-lite"",""deviceId"":""DEVICE-13"",""followers"":13,""target"":500,""mode"":""synthetic"",""achievement"":15,""celebration"":""false"",""done"":false}",info,"{""level"":""info""}","{""project"":""90a47e04-a329-4122-9c82-2ee75a4562c2"",""environment"":""f6319bd4-2e87-40d4-8547-4ce714038bc1"",""service"":""c236b8cb-3eff-45c5-aca0-23e73e33dc8d"",""deployment"":""69394420-c732-4ebe-a5fd-54c2d5628ea7"",""replica"":""7fc15fda-5103-4647-b7c4-6251ceb0ef53""}",2026-07-23T06:24:19.618068744Z
"2026-07-23T06:24:17.429Z [[32minfo[39m] ✅ PUBACK received {""service"":""mqtt-publisher-lite"",""messageId"":44672}",info,"{""level"":""info""}","{""project"":""90a47e04-a329-4122-9c82-2ee75a4562c2"",""environment"":""f6319bd4-2e87-40d4-8547-4ce714038bc1"",""service"":""c236b8cb-3eff-45c5-aca0-23e73e33dc8d"",""deployment"":""69394420-c732-4ebe-a5fd-54c2d5628ea7"",""replica"":""7fc15fda-5103-4647-b7c4-6251ceb0ef53""}",2026-07-23T06:24:19.618072614Z
"2026-07-23T06:24:17.429Z [[32minfo[39m] ✅ QoS 1 PUBACK confirmed {""service"":""mqtt-publisher-lite"",""deviceId"":""DEVICE-13"",""messageId"":44672,""deliveryTime"":""210ms"",""pendingCount"":0}",info,"{""level"":""info""}","{""project"":""90a47e04-a329-4122-9c82-2ee75a4562c2"",""environment"":""f6319bd4-2e87-40d4-8547-4ce714038bc1"",""service"":""c236b8cb-3eff-45c5-aca0-23e73e33dc8d"",""deployment"":""69394420-c732-4ebe-a5fd-54c2d5628ea7"",""replica"":""7fc15fda-5103-4647-b7c4-6251ceb0ef53""}",2026-07-23T06:24:19.618076164Z
"2026-07-23T06:24:17.429Z [[34mdebug[39m] ✅ [LIFECYCLE:PUBACK_OK] Device confirmed message receipt {""service"":""mqtt-publisher-lite"",""deviceId"":""DEVICE-13""}",info,"{""level"":""info""}","{""project"":""90a47e04-a329-4122-9c82-2ee75a4562c2"",""environment"":""f6319bd4-2e87-40d4-8547-4ce714038bc1"",""service"":""c236b8cb-3eff-45c5-aca0-23e73e33dc8d"",""deployment"":""69394420-c732-4ebe-a5fd-54c2d5628ea7"",""replica"":""7fc15fda-5103-4647-b7c4-6251ceb0ef53""}",2026-07-23T06:24:19.618079544Z
"2026-07-23T06:24:17.429Z [[34mdebug[39m] Message published {""service"":""mqtt-publisher-lite"",""topic"":""proof.mqtt/DEVICE-13/gmb"",""qos"":1,""deliveryTime"":""211ms""}",info,"{""level"":""info""}","{""project"":""90a47e04-a329-4122-9c82-2ee75a4562c2"",""environment"":""f6319bd4-2e87-40d4-8547-4ce714038bc1"",""service"":""c236b8cb-3eff-45c5-aca0-23e73e33dc8d"",""deployment"":""69394420-c732-4ebe-a5fd-54c2d5628ea7"",""replica"":""7fc15fda-5103-4647-b7c4-6251ceb0ef53""}",2026-07-23T06:24:19.618082784Z
"2026-07-23T06:24:17.430Z [[34mdebug[39m] Message received {""service"":""mqtt-publisher-lite"",""topic"":""proof.mqtt/DEVICE-13/gmb"",""size"":246,""retain"":false}",info,"{""level"":""info""}","{""project"":""90a47e04-a329-4122-9c82-2ee75a4562c2"",""environment"":""f6319bd4-2e87-40d4-8547-4ce714038bc1"",""service"":""c236b8cb-3eff-45c5-aca0-23e73e33dc8d"",""deployment"":""69394420-c732-4ebe-a5fd-54c2d5628ea7"",""replica"":""7fc15fda-5103-4647-b7c4-6251ceb0ef53""}",2026-07-23T06:24:19.618085844Z
"2026-07-23T06:24:17.430Z [[34mdebug[39m] Skipping echo message {""service"":""mqtt-publisher-lite"",""topic"":""proof.mqtt/DEVICE-13/gmb"",""age"":""1ms""}",info,"{""level"":""info""}","{""project"":""90a47e04-a329-4122-9c82-2ee75a4562c2"",""environment"":""f6319bd4-2e87-40d4-8547-4ce714038bc1"",""service"":""c236b8cb-3eff-45c5-aca0-23e73e33dc8d"",""deployment"":""69394420-c732-4ebe-a5fd-54c2d5628ea7"",""replica"":""7fc15fda-5103-4647-b7c4-6251ceb0ef53""}",2026-07-23T06:24:19.618089234Z
"2026-07-23T06:24:17.430Z [[34mdebug[39m] Screen message received {""service"":""mqtt-publisher-lite"",""topic"":""proof.mqtt/DEVICE-13/gmb"",""screen"":""gmb""}",info,"{""level"":""info""}","{""project"":""90a47e04-a329-4122-9c82-2ee75a4562c2"",""environment"":""f6319bd4-2e87-40d4-8547-4ce714038bc1"",""service"":""c236b8cb-3eff-45c5-aca0-23e73e33dc8d"",""deployment"":""69394420-c732-4ebe-a5fd-54c2d5628ea7"",""replica"":""7fc15fda-5103-4647-b7c4-6251ceb0ef53""}",2026-07-23T06:24:19.618092514Z
"2026-07-23T06:24:17.529Z [[32minfo[39m] [STIM_GMB] Published {""service"":""mqtt-publisher-lite"",""deviceId"":""DEVICE-13"",""reviews"":11,""target"":100,""mode"":""synthetic"",""celebration"":""false"",""done"":false}",info,"{""level"":""info""}","{""project"":""90a47e04-a329-4122-9c82-2ee75a4562c2"",""environment"":""f6319bd4-2e87-40d4-8547-4ce714038bc1"",""service"":""c236b8cb-3eff-45c5-aca0-23e73e33dc8d"",""deployment"":""69394420-c732-4ebe-a5fd-54c2d5628ea7"",""replica"":""7fc15fda-5103-4647-b7c4-6251ceb0ef53""}",2026-07-23T06:24:19.618096404Z
"2026-07-23T06:24:29.100Z [[32minfo[39m] 📤 [PUBLISH_CYCLE] Starting publish cycle {""service"":""mqtt-publisher-lite"",""deviceCount"":4,""source"":""redis"",""devices"":[{""id"":""DEVICE-17"",""userId"":""(none)"",""lastSeen"":""2026-07-23T06:23:29.392Z""},{""id"":""DEVICE-15"",""userId"":""68d3753f9f99d6b73ae2d991"",""lastSeen"":""2026-07-23T06:23:59.505Z""},{""id"":""DEVICE-13"",""userId"":""6937af58f950f0f5356a1599"",""lastSeen"":""2026-07-23T06:24:17.429Z""},{""id"":""DEVICE-19"",""userId"":""68d3753f9f99d6b73ae2d991"",""lastSeen"":""2026-07-23T06:22:19.415Z""}]}",info,"{""level"":""info""}","{""project"":""90a47e04-a329-4122-9c82-2ee75a4562c2"",""environment"":""f6319bd4-2e87-40d4-8547-4ce714038bc1"",""service"":""c236b8cb-3eff-45c5-aca0-23e73e33dc8d"",""deployment"":""69394420-c732-4ebe-a5fd-54c2d5628ea7"",""replica"":""7fc15fda-5103-4647-b7c4-6251ceb0ef53""}",2026-07-23T06:24:29.293514544Z
"2026-07-23T06:24:29.193Z [[32minfo[39m] 📤 QoS 1 message sent {""service"":""mqtt-publisher-lite"",""messageId"":44673,""topic"":""proof.mqtt/DEVICE-15/instagram"",""qos"":1}",info,"{""level"":""info""}","{""project"":""90a47e04-a329-4122-9c82-2ee75a4562c2"",""environment"":""f6319bd4-2e87-40d4-8547-4ce714038bc1"",""service"":""c236b8cb-3eff-45c5-aca0-23e73e33dc8d"",""deployment"":""69394420-c732-4ebe-a5fd-54c2d5628ea7"",""replica"":""7fc15fda-5103-4647-b7c4-6251ceb0ef53""}",2026-07-23T06:24:29.293517424Z
"2026-07-23T06:24:29.193Z [[32minfo[39m] ⏱️ Tracking QoS 1 message (30s timeout) {""service"":""mqtt-publisher-lite"",""deviceId"":""DEVICE-15"",""messageId"":44673,""topic"":""proof.mqtt/DEVICE-15/instagram"",""pendingCount"":1}",info,"{""level"":""info""}","{""project"":""90a47e04-a329-4122-9c82-2ee75a4562c2"",""environment"":""f6319bd4-2e87-40d4-8547-4ce714038bc1"",""service"":""c236b8cb-3eff-45c5-aca0-23e73e33dc8d"",""deployment"":""69394420-c732-4ebe-a5fd-54c2d5628ea7"",""replica"":""7fc15fda-5103-4647-b7c4-6251ceb0ef53""}",2026-07-23T06:24:29.293520254Z
"2026-07-23T06:24:29.200Z [[32minfo[39m] 📤 QoS 1 message sent {""service"":""mqtt-publisher-lite"",""messageId"":44674,""topic"":""proof.mqtt/DEVICE-17/test-gmb"",""qos"":1}",info,"{""level"":""info""}","{""project"":""90a47e04-a329-4122-9c82-2ee75a4562c2"",""environment"":""f6319bd4-2e87-40d4-8547-4ce714038bc1"",""service"":""c236b8cb-3eff-45c5-aca0-23e73e33dc8d"",""deployment"":""69394420-c732-4ebe-a5fd-54c2d5628ea7"",""replica"":""7fc15fda-5103-4647-b7c4-6251ceb0ef53""}",2026-07-23T06:24:29.293523234Z
"2026-07-23T06:24:29.200Z [[32minfo[39m] ⏱️ Tracking QoS 1 message (30s timeout) {""service"":""mqtt-publisher-lite"",""deviceId"":""DEVICE-17"",""messageId"":44674,""topic"":""proof.mqtt/DEVICE-17/test-gmb"",""pendingCount"":2}",info,"{""level"":""info""}","{""project"":""90a47e04-a329-4122-9c82-2ee75a4562c2"",""environment"":""f6319bd4-2e87-40d4-8547-4ce714038bc1"",""service"":""c236b8cb-3eff-45c5-aca0-23e73e33dc8d"",""deployment"":""69394420-c732-4ebe-a5fd-54c2d5628ea7"",""replica"":""7fc15fda-5103-4647-b7c4-6251ceb0ef53""}",2026-07-23T06:24:29.293526214Z
"2026-07-23T06:24:29.294Z [[32minfo[39m] 📤 QoS 1 message sent {""service"":""mqtt-publisher-lite"",""messageId"":44675,""topic"":""proof.mqtt/DEVICE-15/gmb"",""qos"":1}",info,"{""level"":""info""}","{""project"":""90a47e04-a329-4122-9c82-2ee75a4562c2"",""environment"":""f6319bd4-2e87-40d4-8547-4ce714038bc1"",""service"":""c236b8cb-3eff-45c5-aca0-23e73e33dc8d"",""deployment"":""69394420-c732-4ebe-a5fd-54c2d5628ea7"",""replica"":""7fc15fda-5103-4647-b7c4-6251ceb0ef53""}",2026-07-23T06:24:29.296182756Z
"2026-07-23T06:24:29.295Z [[32minfo[39m] ⏱️ Tracking QoS 1 message (30s timeout) {""service"":""mqtt-publisher-lite"",""deviceId"":""DEVICE-15"",""messageId"":44675,""topic"":""proof.mqtt/DEVICE-15/gmb"",""pendingCount"":3}",info,"{""level"":""info""}","{""project"":""90a47e04-a329-4122-9c82-2ee75a4562c2"",""environment"":""f6319bd4-2e87-40d4-8547-4ce714038bc1"",""service"":""c236b8cb-3eff-45c5-aca0-23e73e33dc8d"",""deployment"":""69394420-c732-4ebe-a5fd-54c2d5628ea7"",""replica"":""7fc15fda-5103-4647-b7c4-6251ceb0ef53""}",2026-07-23T06:24:29.296189016Z
"2026-07-23T06:24:29.404Z [[34mdebug[39m] Message received {""service"":""mqtt-publisher-lite"",""topic"":""proof.mqtt/DEVICE-15/instagram"",""size"":228,""retain"":false}",info,"{""level"":""info""}","{""project"":""90a47e04-a329-4122-9c82-2ee75a4562c2"",""environment"":""f6319bd4-2e87-40d4-8547-4ce714038bc1"",""service"":""c236b8cb-3eff-45c5-aca0-23e73e33dc8d"",""deployment"":""69394420-c732-4ebe-a5fd-54c2d5628ea7"",""replica"":""7fc15fda-5103-4647-b7c4-6251ceb0ef53""}",2026-07-23T06:24:29.413380883Z
"2026-07-23T06:24:29.405Z [[34mdebug[39m] Skipping echo message {""service"":""mqtt-publisher-lite"",""topic"":""proof.mqtt/DEVICE-15/instagram"",""age"":""1ms""}",info,"{""level"":""info""}","{""project"":""90a47e04-a329-4122-9c82-2ee75a4562c2"",""environment"":""f6319bd4-2e87-40d4-8547-4ce714038bc1"",""service"":""c236b8cb-3eff-45c5-aca0-23e73e33dc8d"",""deployment"":""69394420-c732-4ebe-a5fd-54c2d5628ea7"",""replica"":""7fc15fda-5103-4647-b7c4-6251ceb0ef53""}",2026-07-23T06:24:29.413388043Z
"2026-07-23T06:24:29.405Z [[34mdebug[39m] Screen message received {""service"":""mqtt-publisher-lite"",""topic"":""proof.mqtt/DEVICE-15/instagram"",""screen"":""instagram""}",info,"{""level"":""info""}","{""project"":""90a47e04-a329-4122-9c82-2ee75a4562c2"",""environment"":""f6319bd4-2e87-40d4-8547-4ce714038bc1"",""service"":""c236b8cb-3eff-45c5-aca0-23e73e33dc8d"",""deployment"":""69394420-c732-4ebe-a5fd-54c2d5628ea7"",""replica"":""7fc15fda-5103-4647-b7c4-6251ceb0ef53""}",2026-07-23T06:24:29.413391973Z
"2026-07-23T06:24:29.410Z [[32minfo[39m] ✅ PUBACK received {""service"":""mqtt-publisher-lite"",""messageId"":44674}",info,"{""level"":""info""}","{""project"":""90a47e04-a329-4122-9c82-2ee75a4562c2"",""environment"":""f6319bd4-2e87-40d4-8547-4ce714038bc1"",""service"":""c236b8cb-3eff-45c5-aca0-23e73e33dc8d"",""deployment"":""69394420-c732-4ebe-a5fd-54c2d5628ea7"",""replica"":""7fc15fda-5103-4647-b7c4-6251ceb0ef53""}",2026-07-23T06:24:29.413395703Z
"2026-07-23T06:24:29.410Z [[32minfo[39m] ✅ QoS 1 PUBACK confirmed {""service"":""mqtt-publisher-lite"",""deviceId"":""DEVICE-17"",""messageId"":44674,""deliveryTime"":""210ms"",""pendingCount"":1}",info,"{""level"":""info""}","{""project"":""90a47e04-a329-4122-9c82-2ee75a4562c2"",""environment"":""f6319bd4-2e87-40d4-8547-4ce714038bc1"",""service"":""c236b8cb-3eff-45c5-aca0-23e73e33dc8d"",""deployment"":""69394420-c732-4ebe-a5fd-54c2d5628ea7"",""replica"":""7fc15fda-5103-4647-b7c4-6251ceb0ef53""}",2026-07-23T06:24:29.413399633Z
"2026-07-23T06:24:29.410Z [[34mdebug[39m] ✅ [LIFECYCLE:PUBACK_OK] Device confirmed message receipt {""service"":""mqtt-publisher-lite"",""deviceId"":""DEVICE-17""}",info,"{""level"":""info""}","{""project"":""90a47e04-a329-4122-9c82-2ee75a4562c2"",""environment"":""f6319bd4-2e87-40d4-8547-4ce714038bc1"",""service"":""c236b8cb-3eff-45c5-aca0-23e73e33dc8d"",""deployment"":""69394420-c732-4ebe-a5fd-54c2d5628ea7"",""replica"":""7fc15fda-5103-4647-b7c4-6251ceb0ef53""}",2026-07-23T06:24:29.413406533Z
"2026-07-23T06:24:29.410Z [[34mdebug[39m] Message published {""service"":""mqtt-publisher-lite"",""topic"":""proof.mqtt/DEVICE-17/test-gmb"",""qos"":1,""deliveryTime"":""210ms""}",info,"{""level"":""info""}","{""project"":""90a47e04-a329-4122-9c82-2ee75a4562c2"",""environment"":""f6319bd4-2e87-40d4-8547-4ce714038bc1"",""service"":""c236b8cb-3eff-45c5-aca0-23e73e33dc8d"",""deployment"":""69394420-c732-4ebe-a5fd-54c2d5628ea7"",""replica"":""7fc15fda-5103-4647-b7c4-6251ceb0ef53""}",2026-07-23T06:24:29.413411043Z
"2026-07-23T06:24:29.403Z [[32minfo[39m] ✅ PUBACK received {""service"":""mqtt-publisher-lite"",""messageId"":44673}",info,"{""level"":""info""}","{""project"":""90a47e04-a329-4122-9c82-2ee75a4562c2"",""environment"":""f6319bd4-2e87-40d4-8547-4ce714038bc1"",""service"":""c236b8cb-3eff-45c5-aca0-23e73e33dc8d"",""deployment"":""69394420-c732-4ebe-a5fd-54c2d5628ea7"",""replica"":""7fc15fda-5103-4647-b7c4-6251ceb0ef53""}",2026-07-23T06:24:29.413449323Z
"2026-07-23T06:24:29.404Z [[32minfo[39m] ✅ QoS 1 PUBACK confirmed {""service"":""mqtt-publisher-lite"",""deviceId"":""DEVICE-15"",""messageId"":44673,""deliveryTime"":""211ms"",""pendingCount"":2}",info,"{""level"":""info""}","{""project"":""90a47e04-a329-4122-9c82-2ee75a4562c2"",""environment"":""f6319bd4-2e87-40d4-8547-4ce714038bc1"",""service"":""c236b8cb-3eff-45c5-aca0-23e73e33dc8d"",""deployment"":""69394420-c732-4ebe-a5fd-54c2d5628ea7"",""replica"":""7fc15fda-5103-4647-b7c4-6251ceb0ef53""}",2026-07-23T06:24:29.413453413Z
"2026-07-23T06:24:29.404Z [[34mdebug[39m] ✅ [LIFECYCLE:PUBACK_OK] Device confirmed message receipt {""service"":""mqtt-publisher-lite"",""deviceId"":""DEVICE-15""}",info,"{""level"":""info""}","{""project"":""90a47e04-a329-4122-9c82-2ee75a4562c2"",""environment"":""f6319bd4-2e87-40d4-8547-4ce714038bc1"",""service"":""c236b8cb-3eff-45c5-aca0-23e73e33dc8d"",""deployment"":""69394420-c732-4ebe-a5fd-54c2d5628ea7"",""replica"":""7fc15fda-5103-4647-b7c4-6251ceb0ef53""}",2026-07-23T06:24:29.413458113Z
"2026-07-23T06:24:29.404Z [[34mdebug[39m] Message published {""service"":""mqtt-publisher-lite"",""topic"":""proof.mqtt/DEVICE-15/instagram"",""qos"":1,""deliveryTime"":""211ms""}",info,"{""level"":""info""}","{""project"":""90a47e04-a329-4122-9c82-2ee75a4562c2"",""environment"":""f6319bd4-2e87-40d4-8547-4ce714038bc1"",""service"":""c236b8cb-3eff-45c5-aca0-23e73e33dc8d"",""deployment"":""69394420-c732-4ebe-a5fd-54c2d5628ea7"",""replica"":""7fc15fda-5103-4647-b7c4-6251ceb0ef53""}",2026-07-23T06:24:29.413462003Z
"2026-07-23T06:24:29.410Z [[34mdebug[39m] Published test-gmb screen {""service"":""mqtt-publisher-lite"",""deviceId"":""DEVICE-17"",""reviews"":495,""milestone"":500}",info,"{""level"":""info""}","{""project"":""90a47e04-a329-4122-9c82-2ee75a4562c2"",""environment"":""f6319bd4-2e87-40d4-8547-4ce714038bc1"",""service"":""c236b8cb-3eff-45c5-aca0-23e73e33dc8d"",""deployment"":""69394420-c732-4ebe-a5fd-54c2d5628ea7"",""replica"":""7fc15fda-5103-4647-b7c4-6251ceb0ef53""}",2026-07-23T06:24:29.414098668Z
"2026-07-23T06:24:29.504Z [[32minfo[39m] [STIM_IG] Published {""service"":""mqtt-publisher-lite"",""deviceId"":""DEVICE-15"",""followers"":19,""target"":500,""mode"":""synthetic"",""achievement"":20,""celebration"":""false"",""done"":false}",info,"{""level"":""info""}","{""project"":""90a47e04-a329-4122-9c82-2ee75a4562c2"",""environment"":""f6319bd4-2e87-40d4-8547-4ce714038bc1"",""service"":""c236b8cb-3eff-45c5-aca0-23e73e33dc8d"",""deployment"":""69394420-c732-4ebe-a5fd-54c2d5628ea7"",""replica"":""7fc15fda-5103-4647-b7c4-6251ceb0ef53""}",2026-07-23T06:24:29.507231644Z
"2026-07-23T06:24:29.505Z [[32minfo[39m] ✅ PUBACK received {""service"":""mqtt-publisher-lite"",""messageId"":44675}",info,"{""level"":""info""}","{""project"":""90a47e04-a329-4122-9c82-2ee75a4562c2"",""environment"":""f6319bd4-2e87-40d4-8547-4ce714038bc1"",""service"":""c236b8cb-3eff-45c5-aca0-23e73e33dc8d"",""deployment"":""69394420-c732-4ebe-a5fd-54c2d5628ea7"",""replica"":""7fc15fda-5103-4647-b7c4-6251ceb0ef53""}",2026-07-23T06:24:29.507239163Z
"2026-07-23T06:24:29.505Z [[32minfo[39m] ✅ QoS 1 PUBACK confirmed {""service"":""mqtt-publisher-lite"",""deviceId"":""DEVICE-15"",""messageId"":44675,""deliveryTime"":""210ms"",""pendingCount"":0}",info,"{""level"":""info""}","{""project"":""90a47e04-a329-4122-9c82-2ee75a4562c2"",""environment"":""f6319bd4-2e87-40d4-8547-4ce714038bc1"",""service"":""c236b8cb-3eff-45c5-aca0-23e73e33dc8d"",""deployment"":""69394420-c732-4ebe-a5fd-54c2d5628ea7"",""replica"":""7fc15fda-5103-4647-b7c4-6251ceb0ef53""}",2026-07-23T06:24:29.507243973Z
"2026-07-23T06:24:29.505Z [[34mdebug[39m] ✅ [LIFECYCLE:PUBACK_OK] Device confirmed message receipt {""service"":""mqtt-publisher-lite"",""deviceId"":""DEVICE-15""}",info,"{""level"":""info""}","{""project"":""90a47e04-a329-4122-9c82-2ee75a4562c2"",""environment"":""f6319bd4-2e87-40d4-8547-4ce714038bc1"",""service"":""c236b8cb-3eff-45c5-aca0-23e73e33dc8d"",""deployment"":""69394420-c732-4ebe-a5fd-54c2d5628ea7"",""replica"":""7fc15fda-5103-4647-b7c4-6251ceb0ef53""}",2026-07-23T06:24:29.507248493Z
"2026-07-23T06:24:29.505Z [[34mdebug[39m] Message published {""service"":""mqtt-publisher-lite"",""topic"":""proof.mqtt/DEVICE-15/gmb"",""qos"":1,""deliveryTime"":""211ms""}",info,"{""level"":""info""}","{""project"":""90a47e04-a329-4122-9c82-2ee75a4562c2"",""environment"":""f6319bd4-2e87-40d4-8547-4ce714038bc1"",""service"":""c236b8cb-3eff-45c5-aca0-23e73e33dc8d"",""deployment"":""69394420-c732-4ebe-a5fd-54c2d5628ea7"",""replica"":""7fc15fda-5103-4647-b7c4-6251ceb0ef53""}",2026-07-23T06:24:29.507252383Z
"2026-07-23T06:24:29.506Z [[34mdebug[39m] Message received {""service"":""mqtt-publisher-lite"",""topic"":""proof.mqtt/DEVICE-15/gmb"",""size"":246,""retain"":false}",info,"{""level"":""info""}","{""project"":""90a47e04-a329-4122-9c82-2ee75a4562c2"",""environment"":""f6319bd4-2e87-40d4-8547-4ce714038bc1"",""service"":""c236b8cb-3eff-45c5-aca0-23e73e33dc8d"",""deployment"":""69394420-c732-4ebe-a5fd-54c2d5628ea7"",""replica"":""7fc15fda-5103-4647-b7c4-6251ceb0ef53""}",2026-07-23T06:24:29.507256643Z
"2026-07-23T06:24:29.506Z [[34mdebug[39m] Skipping echo message {""service"":""mqtt-publisher-lite"",""topic"":""proof.mqtt/DEVICE-15/gmb"",""age"":""1ms""}",info,"{""level"":""info""}","{""project"":""90a47e04-a329-4122-9c82-2ee75a4562c2"",""environment"":""f6319bd4-2e87-40d4-8547-4ce714038bc1"",""service"":""c236b8cb-3eff-45c5-aca0-23e73e33dc8d"",""deployment"":""69394420-c732-4ebe-a5fd-54c2d5628ea7"",""replica"":""7fc15fda-5103-4647-b7c4-6251ceb0ef53""}",2026-07-23T06:24:29.507260813Z
"2026-07-23T06:24:29.506Z [[34mdebug[39m] Screen message received {""service"":""mqtt-publisher-lite"",""topic"":""proof.mqtt/DEVICE-15/gmb"",""screen"":""gmb""}",info,"{""level"":""info""}","{""project"":""90a47e04-a329-4122-9c82-2ee75a4562c2"",""environment"":""f6319bd4-2e87-40d4-8547-4ce714038bc1"",""service"":""c236b8cb-3eff-45c5-aca0-23e73e33dc8d"",""deployment"":""69394420-c732-4ebe-a5fd-54c2d5628ea7"",""replica"":""7fc15fda-5103-4647-b7c4-6251ceb0ef53""}",2026-07-23T06:24:29.507265403Z
"2026-07-23T06:24:29.538Z [[34mdebug[39m] 📤 [PUBLISH_CYCLE] Publishing all screens to device {""service"":""mqtt-publisher-lite"",""deviceId"":""DEVICE-17""}",info,"{""level"":""info""}","{""project"":""90a47e04-a329-4122-9c82-2ee75a4562c2"",""environment"":""f6319bd4-2e87-40d4-8547-4ce714038bc1"",""service"":""c236b8cb-3eff-45c5-aca0-23e73e33dc8d"",""deployment"":""69394420-c732-4ebe-a5fd-54c2d5628ea7"",""replica"":""7fc15fda-5103-4647-b7c4-6251ceb0ef53""}",2026-07-23T06:24:29.548683523Z
"2026-07-23T06:24:29.605Z [[32minfo[39m] [STIM_GMB] Published {""service"":""mqtt-publisher-lite"",""deviceId"":""DEVICE-15"",""reviews"":17,""target"":100,""mode"":""synthetic"",""celebration"":""false"",""done"":false}",info,"{""level"":""info""}","{""project"":""90a47e04-a329-4122-9c82-2ee75a4562c2"",""environment"":""f6319bd4-2e87-40d4-8547-4ce714038bc1"",""service"":""c236b8cb-3eff-45c5-aca0-23e73e33dc8d"",""deployment"":""69394420-c732-4ebe-a5fd-54c2d5628ea7"",""replica"":""7fc15fda-5103-4647-b7c4-6251ceb0ef53""}",2026-07-23T06:24:29.607764318Z
"2026-07-23T06:24:29.653Z [[32minfo[39m] [PROMOTION] Default canvas not published {""service"":""mqtt-publisher-lite"",""deviceId"":""DEVICE-17"",""topic"":""proof.mqtt/DEVICE-17/promotion"",""reason"":""unchanged""}",info,"{""level"":""info""}","{""project"":""90a47e04-a329-4122-9c82-2ee75a4562c2"",""environment"":""f6319bd4-2e87-40d4-8547-4ce714038bc1"",""service"":""c236b8cb-3eff-45c5-aca0-23e73e33dc8d"",""deployment"":""69394420-c732-4ebe-a5fd-54c2d5628ea7"",""replica"":""7fc15fda-5103-4647-b7c4-6251ceb0ef53""}",2026-07-23T06:24:29.687656717Z
"2026-07-23T06:24:29.653Z [[34mdebug[39m] [STIM_SKIP] StatsPublisher skipping stim device {""service"":""mqtt-publisher-lite"",""deviceId"":""DEVICE-15""}",info,"{""level"":""info""}","{""project"":""90a47e04-a329-4122-9c82-2ee75a4562c2"",""environment"":""f6319bd4-2e87-40d4-8547-4ce714038bc1"",""service"":""c236b8cb-3eff-45c5-aca0-23e73e33dc8d"",""deployment"":""69394420-c732-4ebe-a5fd-54c2d5628ea7"",""replica"":""7fc15fda-5103-4647-b7c4-6251ceb0ef53""}",2026-07-23T06:24:29.687663257Z
"2026-07-23T06:24:29.653Z [[34mdebug[39m] [STIM_SKIP] StatsPublisher skipping stim device {""service"":""mqtt-publisher-lite"",""deviceId"":""DEVICE-13""}",info,"{""level"":""info""}","{""project"":""90a47e04-a329-4122-9c82-2ee75a4562c2"",""environment"":""f6319bd4-2e87-40d4-8547-4ce714038bc1"",""service"":""c236b8cb-3eff-45c5-aca0-23e73e33dc8d"",""deployment"":""69394420-c732-4ebe-a5fd-54c2d5628ea7"",""replica"":""7fc15fda-5103-4647-b7c4-6251ceb0ef53""}",2026-07-23T06:24:29.687667697Z
"2026-07-23T06:24:29.752Z [[34mdebug[39m] [STIM_SKIP] StatsPublisher skipping stim device {""service"":""mqtt-publisher-lite"",""deviceId"":""DEVICE-19""}",info,"{""level"":""info""}","{""project"":""90a47e04-a329-4122-9c82-2ee75a4562c2"",""environment"":""f6319bd4-2e87-40d4-8547-4ce714038bc1"",""service"":""c236b8cb-3eff-45c5-aca0-23e73e33dc8d"",""deployment"":""69394420-c732-4ebe-a5fd-54c2d5628ea7"",""replica"":""7fc15fda-5103-4647-b7c4-6251ceb0ef53""}",2026-07-23T06:24:29.769979670Z
"2026-07-23T06:24:47.108Z [[32minfo[39m] 📤 QoS 1 message sent {""service"":""mqtt-publisher-lite"",""messageId"":44676,""topic"":""proof.mqtt/DEVICE-13/instagram"",""qos"":1}",info,"{""level"":""info""}","{""project"":""90a47e04-a329-4122-9c82-2ee75a4562c2"",""environment"":""f6319bd4-2e87-40d4-8547-4ce714038bc1"",""service"":""c236b8cb-3eff-45c5-aca0-23e73e33dc8d"",""deployment"":""69394420-c732-4ebe-a5fd-54c2d5628ea7"",""replica"":""7fc15fda-5103-4647-b7c4-6251ceb0ef53""}",2026-07-23T06:24:49.787984037Z
"2026-07-23T06:24:47.108Z [[32minfo[39m] ⏱️ Tracking QoS 1 message (30s timeout) {""service"":""mqtt-publisher-lite"",""deviceId"":""DEVICE-13"",""messageId"":44676,""topic"":""proof.mqtt/DEVICE-13/instagram"",""pendingCount"":1}",info,"{""level"":""info""}","{""project"":""90a47e04-a329-4122-9c82-2ee75a4562c2"",""environment"":""f6319bd4-2e87-40d4-8547-4ce714038bc1"",""service"":""c236b8cb-3eff-45c5-aca0-23e73e33dc8d"",""deployment"":""69394420-c732-4ebe-a5fd-54c2d5628ea7"",""replica"":""7fc15fda-5103-4647-b7c4-6251ceb0ef53""}",2026-07-23T06:24:49.787988287Z
"2026-07-23T06:24:47.219Z [[32minfo[39m] 📤 QoS 1 message sent {""service"":""mqtt-publisher-lite"",""messageId"":44677,""topic"":""proof.mqtt/DEVICE-13/gmb"",""qos"":1}",info,"{""level"":""info""}","{""project"":""90a47e04-a329-4122-9c82-2ee75a4562c2"",""environment"":""f6319bd4-2e87-40d4-8547-4ce714038bc1"",""service"":""c236b8cb-3eff-45c5-aca0-23e73e33dc8d"",""deployment"":""69394420-c732-4ebe-a5fd-54c2d5628ea7"",""replica"":""7fc15fda-5103-4647-b7c4-6251ceb0ef53""}",2026-07-23T06:24:49.787993067Z
"2026-07-23T06:24:47.219Z [[32minfo[39m] ⏱️ Tracking QoS 1 message (30s timeout) {""service"":""mqtt-publisher-lite"",""deviceId"":""DEVICE-13"",""messageId"":44677,""topic"":""proof.mqtt/DEVICE-13/gmb"",""pendingCount"":2}",info,"{""level"":""info""}","{""project"":""90a47e04-a329-4122-9c82-2ee75a4562c2"",""environment"":""f6319bd4-2e87-40d4-8547-4ce714038bc1"",""service"":""c236b8cb-3eff-45c5-aca0-23e73e33dc8d"",""deployment"":""69394420-c732-4ebe-a5fd-54c2d5628ea7"",""replica"":""7fc15fda-5103-4647-b7c4-6251ceb0ef53""}",2026-07-23T06:24:49.787995897Z
"2026-07-23T06:24:47.318Z [[32minfo[39m] ✅ PUBACK received {""service"":""mqtt-publisher-lite"",""messageId"":44676}",info,"{""level"":""info""}","{""project"":""90a47e04-a329-4122-9c82-2ee75a4562c2"",""environment"":""f6319bd4-2e87-40d4-8547-4ce714038bc1"",""service"":""c236b8cb-3eff-45c5-aca0-23e73e33dc8d"",""deployment"":""69394420-c732-4ebe-a5fd-54c2d5628ea7"",""replica"":""7fc15fda-5103-4647-b7c4-6251ceb0ef53""}",2026-07-23T06:24:49.787999007Z
"2026-07-23T06:24:47.319Z [[32minfo[39m] ✅ QoS 1 PUBACK confirmed {""service"":""mqtt-publisher-lite"",""deviceId"":""DEVICE-13"",""messageId"":44676,""deliveryTime"":""211ms"",""pendingCount"":1}",info,"{""level"":""info""}","{""project"":""90a47e04-a329-4122-9c82-2ee75a4562c2"",""environment"":""f6319bd4-2e87-40d4-8547-4ce714038bc1"",""service"":""c236b8cb-3eff-45c5-aca0-23e73e33dc8d"",""deployment"":""69394420-c732-4ebe-a5fd-54c2d5628ea7"",""replica"":""7fc15fda-5103-4647-b7c4-6251ceb0ef53""}",2026-07-23T06:24:49.788002267Z
"2026-07-23T06:24:47.319Z [[34mdebug[39m] ✅ [LIFECYCLE:PUBACK_OK] Device confirmed message receipt {""service"":""mqtt-publisher-lite"",""deviceId"":""DEVICE-13""}",info,"{""level"":""info""}","{""project"":""90a47e04-a329-4122-9c82-2ee75a4562c2"",""environment"":""f6319bd4-2e87-40d4-8547-4ce714038bc1"",""service"":""c236b8cb-3eff-45c5-aca0-23e73e33dc8d"",""deployment"":""69394420-c732-4ebe-a5fd-54c2d5628ea7"",""replica"":""7fc15fda-5103-4647-b7c4-6251ceb0ef53""}",2026-07-23T06:24:49.788005677Z
"2026-07-23T06:24:47.319Z [[34mdebug[39m] Message published {""service"":""mqtt-publisher-lite"",""topic"":""proof.mqtt/DEVICE-13/instagram"",""qos"":1,""deliveryTime"":""212ms""}",info,"{""level"":""info""}","{""project"":""90a47e04-a329-4122-9c82-2ee75a4562c2"",""environment"":""f6319bd4-2e87-40d4-8547-4ce714038bc1"",""service"":""c236b8cb-3eff-45c5-aca0-23e73e33dc8d"",""deployment"":""69394420-c732-4ebe-a5fd-54c2d5628ea7"",""replica"":""7fc15fda-5103-4647-b7c4-6251ceb0ef53""}",2026-07-23T06:24:49.788008487Z
"2026-07-23T06:24:47.319Z [[34mdebug[39m] Message received {""service"":""mqtt-publisher-lite"",""topic"":""proof.mqtt/DEVICE-13/instagram"",""size"":228,""retain"":false}",info,"{""level"":""info""}","{""project"":""90a47e04-a329-4122-9c82-2ee75a4562c2"",""environment"":""f6319bd4-2e87-40d4-8547-4ce714038bc1"",""service"":""c236b8cb-3eff-45c5-aca0-23e73e33dc8d"",""deployment"":""69394420-c732-4ebe-a5fd-54c2d5628ea7"",""replica"":""7fc15fda-5103-4647-b7c4-6251ceb0ef53""}",2026-07-23T06:24:49.788011507Z
"2026-07-23T06:24:47.319Z [[34mdebug[39m] Skipping echo message {""service"":""mqtt-publisher-lite"",""topic"":""proof.mqtt/DEVICE-13/instagram"",""age"":""0ms""}",info,"{""level"":""info""}","{""project"":""90a47e04-a329-4122-9c82-2ee75a4562c2"",""environment"":""f6319bd4-2e87-40d4-8547-4ce714038bc1"",""service"":""c236b8cb-3eff-45c5-aca0-23e73e33dc8d"",""deployment"":""69394420-c732-4ebe-a5fd-54c2d5628ea7"",""replica"":""7fc15fda-5103-4647-b7c4-6251ceb0ef53""}",2026-07-23T06:24:49.788014487Z
"2026-07-23T06:24:47.319Z [[34mdebug[39m] Screen message received {""service"":""mqtt-publisher-lite"",""topic"":""proof.mqtt/DEVICE-13/instagram"",""screen"":""instagram""}",info,"{""level"":""info""}","{""project"":""90a47e04-a329-4122-9c82-2ee75a4562c2"",""environment"":""f6319bd4-2e87-40d4-8547-4ce714038bc1"",""service"":""c236b8cb-3eff-45c5-aca0-23e73e33dc8d"",""deployment"":""69394420-c732-4ebe-a5fd-54c2d5628ea7"",""replica"":""7fc15fda-5103-4647-b7c4-6251ceb0ef53""}",2026-07-23T06:24:49.788792582Z
"2026-07-23T06:24:47.431Z [[34mdebug[39m] Screen message received {""service"":""mqtt-publisher-lite"",""topic"":""proof.mqtt/DEVICE-13/gmb"",""screen"":""gmb""}",info,"{""level"":""info""}","{""project"":""90a47e04-a329-4122-9c82-2ee75a4562c2"",""environment"":""f6319bd4-2e87-40d4-8547-4ce714038bc1"",""service"":""c236b8cb-3eff-45c5-aca0-23e73e33dc8d"",""deployment"":""69394420-c732-4ebe-a5fd-54c2d5628ea7"",""replica"":""7fc15fda-5103-4647-b7c4-6251ceb0ef53""}",2026-07-23T06:24:49.788796352Z
"2026-07-23T06:24:47.418Z [[32minfo[39m] [STIM_IG] Published {""service"":""mqtt-publisher-lite"",""deviceId"":""DEVICE-13"",""followers"":14,""target"":500,""mode"":""synthetic"",""achievement"":15,""celebration"":""false"",""done"":false}",info,"{""level"":""info""}","{""project"":""90a47e04-a329-4122-9c82-2ee75a4562c2"",""environment"":""f6319bd4-2e87-40d4-8547-4ce714038bc1"",""service"":""c236b8cb-3eff-45c5-aca0-23e73e33dc8d"",""deployment"":""69394420-c732-4ebe-a5fd-54c2d5628ea7"",""replica"":""7fc15fda-5103-4647-b7c4-6251ceb0ef53""}",2026-07-23T06:24:49.788797712Z
"2026-07-23T06:24:47.430Z [[32minfo[39m] ✅ PUBACK received {""service"":""mqtt-publisher-lite"",""messageId"":44677}",info,"{""level"":""info""}","{""project"":""90a47e04-a329-4122-9c82-2ee75a4562c2"",""environment"":""f6319bd4-2e87-40d4-8547-4ce714038bc1"",""service"":""c236b8cb-3eff-45c5-aca0-23e73e33dc8d"",""deployment"":""69394420-c732-4ebe-a5fd-54c2d5628ea7"",""replica"":""7fc15fda-5103-4647-b7c4-6251ceb0ef53""}",2026-07-23T06:24:49.788801612Z
"2026-07-23T06:24:47.530Z [[32minfo[39m] [STIM_GMB] Published {""service"":""mqtt-publisher-lite"",""deviceId"":""DEVICE-13"",""reviews"":12,""target"":100,""mode"":""synthetic"",""celebration"":""false"",""done"":false}",info,"{""level"":""info""}","{""project"":""90a47e04-a329-4122-9c82-2ee75a4562c2"",""environment"":""f6319bd4-2e87-40d4-8547-4ce714038bc1"",""service"":""c236b8cb-3eff-45c5-aca0-23e73e33dc8d"",""deployment"":""69394420-c732-4ebe-a5fd-54c2d5628ea7"",""replica"":""7fc15fda-5103-4647-b7c4-6251ceb0ef53""}",2026-07-23T06:24:49.788803782Z
"2026-07-23T06:24:47.430Z [[32minfo[39m] ✅ QoS 1 PUBACK confirmed {""service"":""mqtt-publisher-lite"",""deviceId"":""DEVICE-13"",""messageId"":44677,""deliveryTime"":""211ms"",""pendingCount"":0}",info,"{""level"":""info""}","{""project"":""90a47e04-a329-4122-9c82-2ee75a4562c2"",""environment"":""f6319bd4-2e87-40d4-8547-4ce714038bc1"",""service"":""c236b8cb-3eff-45c5-aca0-23e73e33dc8d"",""deployment"":""69394420-c732-4ebe-a5fd-54c2d5628ea7"",""replica"":""7fc15fda-5103-4647-b7c4-6251ceb0ef53""}",2026-07-23T06:24:49.788805172Z
"2026-07-23T06:24:47.430Z [[34mdebug[39m] ✅ [LIFECYCLE:PUBACK_OK] Device confirmed message receipt {""service"":""mqtt-publisher-lite"",""deviceId"":""DEVICE-13""}",info,"{""level"":""info""}","{""project"":""90a47e04-a329-4122-9c82-2ee75a4562c2"",""environment"":""f6319bd4-2e87-40d4-8547-4ce714038bc1"",""service"":""c236b8cb-3eff-45c5-aca0-23e73e33dc8d"",""deployment"":""69394420-c732-4ebe-a5fd-54c2d5628ea7"",""replica"":""7fc15fda-5103-4647-b7c4-6251ceb0ef53""}",2026-07-23T06:24:49.788808372Z
"2026-07-23T06:24:47.430Z [[34mdebug[39m] Message published {""service"":""mqtt-publisher-lite"",""topic"":""proof.mqtt/DEVICE-13/gmb"",""qos"":1,""deliveryTime"":""211ms""}",info,"{""level"":""info""}","{""project"":""90a47e04-a329-4122-9c82-2ee75a4562c2"",""environment"":""f6319bd4-2e87-40d4-8547-4ce714038bc1"",""service"":""c236b8cb-3eff-45c5-aca0-23e73e33dc8d"",""deployment"":""69394420-c732-4ebe-a5fd-54c2d5628ea7"",""replica"":""7fc15fda-5103-4647-b7c4-6251ceb0ef53""}",2026-07-23T06:24:49.788812042Z
"2026-07-23T06:24:47.430Z [[34mdebug[39m] Message received {""service"":""mqtt-publisher-lite"",""topic"":""proof.mqtt/DEVICE-13/gmb"",""size"":246,""retain"":false}",info,"{""level"":""info""}","{""project"":""90a47e04-a329-4122-9c82-2ee75a4562c2"",""environment"":""f6319bd4-2e87-40d4-8547-4ce714038bc1"",""service"":""c236b8cb-3eff-45c5-aca0-23e73e33dc8d"",""deployment"":""69394420-c732-4ebe-a5fd-54c2d5628ea7"",""replica"":""7fc15fda-5103-4647-b7c4-6251ceb0ef53""}",2026-07-23T06:24:49.788815402Z
"2026-07-23T06:24:47.430Z [[34mdebug[39m] Skipping echo message {""service"":""mqtt-publisher-lite"",""topic"":""proof.mqtt/DEVICE-13/gmb"",""age"":""0ms""}",info,"{""level"":""info""}","{""project"":""90a47e04-a329-4122-9c82-2ee75a4562c2"",""environment"":""f6319bd4-2e87-40d4-8547-4ce714038bc1"",""service"":""c236b8cb-3eff-45c5-aca0-23e73e33dc8d"",""deployment"":""69394420-c732-4ebe-a5fd-54c2d5628ea7"",""replica"":""7fc15fda-5103-4647-b7c4-6251ceb0ef53""}",2026-07-23T06:24:49.788818462Z
"2026-07-23T06:24:59.193Z [[32minfo[39m] 📤 QoS 1 message sent {""service"":""mqtt-publisher-lite"",""messageId"":44678,""topic"":""proof.mqtt/DEVICE-15/instagram"",""qos"":1}",info,"{""level"":""info""}","{""project"":""90a47e04-a329-4122-9c82-2ee75a4562c2"",""environment"":""f6319bd4-2e87-40d4-8547-4ce714038bc1"",""service"":""c236b8cb-3eff-45c5-aca0-23e73e33dc8d"",""deployment"":""69394420-c732-4ebe-a5fd-54c2d5628ea7"",""replica"":""7fc15fda-5103-4647-b7c4-6251ceb0ef53""}",2026-07-23T06:24:59.196618334Z
"2026-07-23T06:24:59.193Z [[32minfo[39m] ⏱️ Tracking QoS 1 message (30s timeout) {""service"":""mqtt-publisher-lite"",""deviceId"":""DEVICE-15"",""messageId"":44678,""topic"":""proof.mqtt/DEVICE-15/instagram"",""pendingCount"":1}",info,"{""level"":""info""}","{""project"":""90a47e04-a329-4122-9c82-2ee75a4562c2"",""environment"":""f6319bd4-2e87-40d4-8547-4ce714038bc1"",""service"":""c236b8cb-3eff-45c5-aca0-23e73e33dc8d"",""deployment"":""69394420-c732-4ebe-a5fd-54c2d5628ea7"",""replica"":""7fc15fda-5103-4647-b7c4-6251ceb0ef53""}",2026-07-23T06:24:59.196631354Z
"2026-07-23T06:24:59.294Z [[32minfo[39m] 📤 QoS 1 message sent {""service"":""mqtt-publisher-lite"",""messageId"":44679,""topic"":""proof.mqtt/DEVICE-15/gmb"",""qos"":1}",info,"{""level"":""info""}","{""project"":""90a47e04-a329-4122-9c82-2ee75a4562c2"",""environment"":""f6319bd4-2e87-40d4-8547-4ce714038bc1"",""service"":""c236b8cb-3eff-45c5-aca0-23e73e33dc8d"",""deployment"":""69394420-c732-4ebe-a5fd-54c2d5628ea7"",""replica"":""7fc15fda-5103-4647-b7c4-6251ceb0ef53""}",2026-07-23T06:24:59.296145508Z
"2026-07-23T06:24:59.295Z [[32minfo[39m] ⏱️ Tracking QoS 1 message (30s timeout) {""service"":""mqtt-publisher-lite"",""deviceId"":""DEVICE-15"",""messageId"":44679,""topic"":""proof.mqtt/DEVICE-15/gmb"",""pendingCount"":2}",info,"{""level"":""info""}","{""project"":""90a47e04-a329-4122-9c82-2ee75a4562c2"",""environment"":""f6319bd4-2e87-40d4-8547-4ce714038bc1"",""service"":""c236b8cb-3eff-45c5-aca0-23e73e33dc8d"",""deployment"":""69394420-c732-4ebe-a5fd-54c2d5628ea7"",""replica"":""7fc15fda-5103-4647-b7c4-6251ceb0ef53""}",2026-07-23T06:24:59.296157868Z
"2026-07-23T06:24:59.405Z [[32minfo[39m] ✅ PUBACK received {""service"":""mqtt-publisher-lite"",""messageId"":44678}",info,"{""level"":""info""}","{""project"":""90a47e04-a329-4122-9c82-2ee75a4562c2"",""environment"":""f6319bd4-2e87-40d4-8547-4ce714038bc1"",""service"":""c236b8cb-3eff-45c5-aca0-23e73e33dc8d"",""deployment"":""69394420-c732-4ebe-a5fd-54c2d5628ea7"",""replica"":""7fc15fda-5103-4647-b7c4-6251ceb0ef53""}",2026-07-23T06:24:59.409396166Z
"2026-07-23T06:24:59.405Z [[32minfo[39m] ✅ QoS 1 PUBACK confirmed {""service"":""mqtt-publisher-lite"",""deviceId"":""DEVICE-15"",""messageId"":44678,""deliveryTime"":""212ms"",""pendingCount"":1}",info,"{""level"":""info""}","{""project"":""90a47e04-a329-4122-9c82-2ee75a4562c2"",""environment"":""f6319bd4-2e87-40d4-8547-4ce714038bc1"",""service"":""c236b8cb-3eff-45c5-aca0-23e73e33dc8d"",""deployment"":""69394420-c732-4ebe-a5fd-54c2d5628ea7"",""replica"":""7fc15fda-5103-4647-b7c4-6251ceb0ef53""}",2026-07-23T06:24:59.409401746Z
"2026-07-23T06:24:59.405Z [[34mdebug[39m] ✅ [LIFECYCLE:PUBACK_OK] Device confirmed message receipt {""service"":""mqtt-publisher-lite"",""deviceId"":""DEVICE-15""}",info,"{""level"":""info""}","{""project"":""90a47e04-a329-4122-9c82-2ee75a4562c2"",""environment"":""f6319bd4-2e87-40d4-8547-4ce714038bc1"",""service"":""c236b8cb-3eff-45c5-aca0-23e73e33dc8d"",""deployment"":""69394420-c732-4ebe-a5fd-54c2d5628ea7"",""replica"":""7fc15fda-5103-4647-b7c4-6251ceb0ef53""}",2026-07-23T06:24:59.409405186Z
"2026-07-23T06:24:59.405Z [[34mdebug[39m] Message published {""service"":""mqtt-publisher-lite"",""topic"":""proof.mqtt/DEVICE-15/instagram"",""qos"":1,""deliveryTime"":""212ms""}",info,"{""level"":""info""}","{""project"":""90a47e04-a329-4122-9c82-2ee75a4562c2"",""environment"":""f6319bd4-2e87-40d4-8547-4ce714038bc1"",""service"":""c236b8cb-3eff-45c5-aca0-23e73e33dc8d"",""deployment"":""69394420-c732-4ebe-a5fd-54c2d5628ea7"",""replica"":""7fc15fda-5103-4647-b7c4-6251ceb0ef53""}",2026-07-23T06:24:59.409407846Z
"2026-07-23T06:24:59.405Z [[34mdebug[39m] Message received {""service"":""mqtt-publisher-lite"",""topic"":""proof.mqtt/DEVICE-15/instagram"",""size"":254,""retain"":false}",info,"{""level"":""info""}","{""project"":""90a47e04-a329-4122-9c82-2ee75a4562c2"",""environment"":""f6319bd4-2e87-40d4-8547-4ce714038bc1"",""service"":""c236b8cb-3eff-45c5-aca0-23e73e33dc8d"",""deployment"":""69394420-c732-4ebe-a5fd-54c2d5628ea7"",""replica"":""7fc15fda-5103-4647-b7c4-6251ceb0ef53""}",2026-07-23T06:24:59.409410776Z
"2026-07-23T06:24:59.405Z [[34mdebug[39m] Skipping echo message {""service"":""mqtt-publisher-lite"",""topic"":""proof.mqtt/DEVICE-15/instagram"",""age"":""0ms""}",info,"{""level"":""info""}","{""project"":""90a47e04-a329-4122-9c82-2ee75a4562c2"",""environment"":""f6319bd4-2e87-40d4-8547-4ce714038bc1"",""service"":""c236b8cb-3eff-45c5-aca0-23e73e33dc8d"",""deployment"":""69394420-c732-4ebe-a5fd-54c2d5628ea7"",""replica"":""7fc15fda-5103-4647-b7c4-6251ceb0ef53""}",2026-07-23T06:24:59.409413496Z
"2026-07-23T06:24:59.406Z [[34mdebug[39m] Screen message received {""service"":""mqtt-publisher-lite"",""topic"":""proof.mqtt/DEVICE-15/instagram"",""screen"":""instagram""}",info,"{""level"":""info""}","{""project"":""90a47e04-a329-4122-9c82-2ee75a4562c2"",""environment"":""f6319bd4-2e87-40d4-8547-4ce714038bc1"",""service"":""c236b8cb-3eff-45c5-aca0-23e73e33dc8d"",""deployment"":""69394420-c732-4ebe-a5fd-54c2d5628ea7"",""replica"":""7fc15fda-5103-4647-b7c4-6251ceb0ef53""}",2026-07-23T06:24:59.409424496Z
"2026-07-23T06:24:59.505Z [[32minfo[39m] ✅ PUBACK received {""service"":""mqtt-publisher-lite"",""messageId"":44679}",info,"{""level"":""info""}","{""project"":""90a47e04-a329-4122-9c82-2ee75a4562c2"",""environment"":""f6319bd4-2e87-40d4-8547-4ce714038bc1"",""service"":""c236b8cb-3eff-45c5-aca0-23e73e33dc8d"",""deployment"":""69394420-c732-4ebe-a5fd-54c2d5628ea7"",""replica"":""7fc15fda-5103-4647-b7c4-6251ceb0ef53""}",2026-07-23T06:24:59.725347127Z
"2026-07-23T06:24:59.505Z [[32minfo[39m] ✅ QoS 1 PUBACK confirmed {""service"":""mqtt-publisher-lite"",""deviceId"":""DEVICE-15"",""messageId"":44679,""deliveryTime"":""210ms"",""pendingCount"":0}",info,"{""level"":""info""}","{""project"":""90a47e04-a329-4122-9c82-2ee75a4562c2"",""environment"":""f6319bd4-2e87-40d4-8547-4ce714038bc1"",""service"":""c236b8cb-3eff-45c5-aca0-23e73e33dc8d"",""deployment"":""69394420-c732-4ebe-a5fd-54c2d5628ea7"",""replica"":""7fc15fda-5103-4647-b7c4-6251ceb0ef53""}",2026-07-23T06:24:59.725351767Z
"2026-07-23T06:24:59.506Z [[34mdebug[39m] ✅ [LIFECYCLE:PUBACK_OK] Device confirmed message receipt {""service"":""mqtt-publisher-lite"",""deviceId"":""DEVICE-15""}",info,"{""level"":""info""}","{""project"":""90a47e04-a329-4122-9c82-2ee75a4562c2"",""environment"":""f6319bd4-2e87-40d4-8547-4ce714038bc1"",""service"":""c236b8cb-3eff-45c5-aca0-23e73e33dc8d"",""deployment"":""69394420-c732-4ebe-a5fd-54c2d5628ea7"",""replica"":""7fc15fda-5103-4647-b7c4-6251ceb0ef53""}",2026-07-23T06:24:59.725357887Z
"2026-07-23T06:24:59.506Z [[34mdebug[39m] Message published {""service"":""mqtt-publisher-lite"",""topic"":""proof.mqtt/DEVICE-15/gmb"",""qos"":1,""deliveryTime"":""212ms""}",info,"{""level"":""info""}","{""project"":""90a47e04-a329-4122-9c82-2ee75a4562c2"",""environment"":""f6319bd4-2e87-40d4-8547-4ce714038bc1"",""service"":""c236b8cb-3eff-45c5-aca0-23e73e33dc8d"",""deployment"":""69394420-c732-4ebe-a5fd-54c2d5628ea7"",""replica"":""7fc15fda-5103-4647-b7c4-6251ceb0ef53""}",2026-07-23T06:24:59.725362777Z
"2026-07-23T06:24:59.506Z [[34mdebug[39m] Message received {""service"":""mqtt-publisher-lite"",""topic"":""proof.mqtt/DEVICE-15/gmb"",""size"":246,""retain"":false}",info,"{""level"":""info""}","{""project"":""90a47e04-a329-4122-9c82-2ee75a4562c2"",""environment"":""f6319bd4-2e87-40d4-8547-4ce714038bc1"",""service"":""c236b8cb-3eff-45c5-aca0-23e73e33dc8d"",""deployment"":""69394420-c732-4ebe-a5fd-54c2d5628ea7"",""replica"":""7fc15fda-5103-4647-b7c4-6251ceb0ef53""}",2026-07-23T06:24:59.725367057Z
"2026-07-23T06:24:59.506Z [[34mdebug[39m] Skipping echo message {""service"":""mqtt-publisher-lite"",""topic"":""proof.mqtt/DEVICE-15/gmb"",""age"":""0ms""}",info,"{""level"":""info""}","{""project"":""90a47e04-a329-4122-9c82-2ee75a4562c2"",""environment"":""f6319bd4-2e87-40d4-8547-4ce714038bc1"",""service"":""c236b8cb-3eff-45c5-aca0-23e73e33dc8d"",""deployment"":""69394420-c732-4ebe-a5fd-54c2d5628ea7"",""replica"":""7fc15fda-5103-4647-b7c4-6251ceb0ef53""}",2026-07-23T06:24:59.725372287Z
"2026-07-23T06:24:59.506Z [[34mdebug[39m] Screen message received {""service"":""mqtt-publisher-lite"",""topic"":""proof.mqtt/DEVICE-15/gmb"",""screen"":""gmb""}",info,"{""level"":""info""}","{""project"":""90a47e04-a329-4122-9c82-2ee75a4562c2"",""environment"":""f6319bd4-2e87-40d4-8547-4ce714038bc1"",""service"":""c236b8cb-3eff-45c5-aca0-23e73e33dc8d"",""deployment"":""69394420-c732-4ebe-a5fd-54c2d5628ea7"",""replica"":""7fc15fda-5103-4647-b7c4-6251ceb0ef53""}",2026-07-23T06:24:59.725376557Z
"2026-07-23T06:24:59.508Z [[32minfo[39m] [STIM_IG] Published {""service"":""mqtt-publisher-lite"",""deviceId"":""DEVICE-15"",""followers"":20,""target"":500,""mode"":""synthetic"",""achievement"":25,""celebration"":""true"",""done"":false}",info,"{""level"":""info""}","{""project"":""90a47e04-a329-4122-9c82-2ee75a4562c2"",""environment"":""f6319bd4-2e87-40d4-8547-4ce714038bc1"",""service"":""c236b8cb-3eff-45c5-aca0-23e73e33dc8d"",""deployment"":""69394420-c732-4ebe-a5fd-54c2d5628ea7"",""replica"":""7fc15fda-5103-4647-b7c4-6251ceb0ef53""}",2026-07-23T06:24:59.725381167Z
"2026-07-23T06:24:59.606Z [[32minfo[39m] [STIM_GMB] Published {""service"":""mqtt-publisher-lite"",""deviceId"":""DEVICE-15"",""reviews"":18,""target"":100,""mode"":""synthetic"",""celebration"":""false"",""done"":false}",info,"{""level"":""info""}","{""project"":""90a47e04-a329-4122-9c82-2ee75a4562c2"",""environment"":""f6319bd4-2e87-40d4-8547-4ce714038bc1"",""service"":""c236b8cb-3eff-45c5-aca0-23e73e33dc8d"",""deployment"":""69394420-c732-4ebe-a5fd-54c2d5628ea7"",""replica"":""7fc15fda-5103-4647-b7c4-6251ceb0ef53""}",2026-07-23T06:24:59.725385567Z
"2026-07-23T06:25:17.319Z [[34mdebug[39m] Message received {""service"":""mqtt-publisher-lite"",""topic"":""proof.mqtt/DEVICE-13/instagram"",""size"":254,""retain"":false}",info,"{""level"":""info""}","{""project"":""90a47e04-a329-4122-9c82-2ee75a4562c2"",""environment"":""f6319bd4-2e87-40d4-8547-4ce714038bc1"",""service"":""c236b8cb-3eff-45c5-aca0-23e73e33dc8d"",""deployment"":""69394420-c732-4ebe-a5fd-54c2d5628ea7"",""replica"":""7fc15fda-5103-4647-b7c4-6251ceb0ef53""}",2026-07-23T06:25:19.525131758Z
"2026-07-23T06:25:17.319Z [[34mdebug[39m] Skipping echo message {""service"":""mqtt-publisher-lite"",""topic"":""proof.mqtt/DEVICE-13/instagram"",""age"":""0ms""}",info,"{""level"":""info""}","{""project"":""90a47e04-a329-4122-9c82-2ee75a4562c2"",""environment"":""f6319bd4-2e87-40d4-8547-4ce714038bc1"",""service"":""c236b8cb-3eff-45c5-aca0-23e73e33dc8d"",""deployment"":""69394420-c732-4ebe-a5fd-54c2d5628ea7"",""replica"":""7fc15fda-5103-4647-b7c4-6251ceb0ef53""}",2026-07-23T06:25:19.525138518Z
"2026-07-23T06:25:17.108Z [[32minfo[39m] 📤 QoS 1 message sent {""service"":""mqtt-publisher-lite"",""messageId"":44680,""topic"":""proof.mqtt/DEVICE-13/instagram"",""qos"":1}",info,"{""level"":""info""}","{""project"":""90a47e04-a329-4122-9c82-2ee75a4562c2"",""environment"":""f6319bd4-2e87-40d4-8547-4ce714038bc1"",""service"":""c236b8cb-3eff-45c5-aca0-23e73e33dc8d"",""deployment"":""69394420-c732-4ebe-a5fd-54c2d5628ea7"",""replica"":""7fc15fda-5103-4647-b7c4-6251ceb0ef53""}",2026-07-23T06:25:19.525149038Z
"2026-07-23T06:25:17.108Z [[32minfo[39m] ⏱️ Tracking QoS 1 message (30s timeout) {""service"":""mqtt-publisher-lite"",""deviceId"":""DEVICE-13"",""messageId"":44680,""topic"":""proof.mqtt/DEVICE-13/instagram"",""pendingCount"":1}",info,"{""level"":""info""}","{""project"":""90a47e04-a329-4122-9c82-2ee75a4562c2"",""environment"":""f6319bd4-2e87-40d4-8547-4ce714038bc1"",""service"":""c236b8cb-3eff-45c5-aca0-23e73e33dc8d"",""deployment"":""69394420-c732-4ebe-a5fd-54c2d5628ea7"",""replica"":""7fc15fda-5103-4647-b7c4-6251ceb0ef53""}",2026-07-23T06:25:19.525160508Z
"2026-07-23T06:25:17.218Z [[32minfo[39m] 📤 QoS 1 message sent {""service"":""mqtt-publisher-lite"",""messageId"":44681,""topic"":""proof.mqtt/DEVICE-13/gmb"",""qos"":1}",info,"{""level"":""info""}","{""project"":""90a47e04-a329-4122-9c82-2ee75a4562c2"",""environment"":""f6319bd4-2e87-40d4-8547-4ce714038bc1"",""service"":""c236b8cb-3eff-45c5-aca0-23e73e33dc8d"",""deployment"":""69394420-c732-4ebe-a5fd-54c2d5628ea7"",""replica"":""7fc15fda-5103-4647-b7c4-6251ceb0ef53""}",2026-07-23T06:25:19.525165808Z
"2026-07-23T06:25:17.219Z [[32minfo[39m] ⏱️ Tracking QoS 1 message (30s timeout) {""service"":""mqtt-publisher-lite"",""deviceId"":""DEVICE-13"",""messageId"":44681,""topic"":""proof.mqtt/DEVICE-13/gmb"",""pendingCount"":2}",info,"{""level"":""info""}","{""project"":""90a47e04-a329-4122-9c82-2ee75a4562c2"",""environment"":""f6319bd4-2e87-40d4-8547-4ce714038bc1"",""service"":""c236b8cb-3eff-45c5-aca0-23e73e33dc8d"",""deployment"":""69394420-c732-4ebe-a5fd-54c2d5628ea7"",""replica"":""7fc15fda-5103-4647-b7c4-6251ceb0ef53""}",2026-07-23T06:25:19.525170168Z
"2026-07-23T06:25:17.318Z [[32minfo[39m] ✅ PUBACK received {""service"":""mqtt-publisher-lite"",""messageId"":44680}",info,"{""level"":""info""}","{""project"":""90a47e04-a329-4122-9c82-2ee75a4562c2"",""environment"":""f6319bd4-2e87-40d4-8547-4ce714038bc1"",""service"":""c236b8cb-3eff-45c5-aca0-23e73e33dc8d"",""deployment"":""69394420-c732-4ebe-a5fd-54c2d5628ea7"",""replica"":""7fc15fda-5103-4647-b7c4-6251ceb0ef53""}",2026-07-23T06:25:19.525175958Z
"2026-07-23T06:25:17.319Z [[32minfo[39m] ✅ QoS 1 PUBACK confirmed {""service"":""mqtt-publisher-lite"",""deviceId"":""DEVICE-13"",""messageId"":44680,""deliveryTime"":""211ms"",""pendingCount"":1}",info,"{""level"":""info""}","{""project"":""90a47e04-a329-4122-9c82-2ee75a4562c2"",""environment"":""f6319bd4-2e87-40d4-8547-4ce714038bc1"",""service"":""c236b8cb-3eff-45c5-aca0-23e73e33dc8d"",""deployment"":""69394420-c732-4ebe-a5fd-54c2d5628ea7"",""replica"":""7fc15fda-5103-4647-b7c4-6251ceb0ef53""}",2026-07-23T06:25:19.525180038Z
"2026-07-23T06:25:17.319Z [[34mdebug[39m] ✅ [LIFECYCLE:PUBACK_OK] Device confirmed message receipt {""service"":""mqtt-publisher-lite"",""deviceId"":""DEVICE-13""}",info,"{""level"":""info""}","{""project"":""90a47e04-a329-4122-9c82-2ee75a4562c2"",""environment"":""f6319bd4-2e87-40d4-8547-4ce714038bc1"",""service"":""c236b8cb-3eff-45c5-aca0-23e73e33dc8d"",""deployment"":""69394420-c732-4ebe-a5fd-54c2d5628ea7"",""replica"":""7fc15fda-5103-4647-b7c4-6251ceb0ef53""}",2026-07-23T06:25:19.525183808Z
"2026-07-23T06:25:17.319Z [[34mdebug[39m] Message published {""service"":""mqtt-publisher-lite"",""topic"":""proof.mqtt/DEVICE-13/instagram"",""qos"":1,""deliveryTime"":""212ms""}",info,"{""level"":""info""}","{""project"":""90a47e04-a329-4122-9c82-2ee75a4562c2"",""environment"":""f6319bd4-2e87-40d4-8547-4ce714038bc1"",""service"":""c236b8cb-3eff-45c5-aca0-23e73e33dc8d"",""deployment"":""69394420-c732-4ebe-a5fd-54c2d5628ea7"",""replica"":""7fc15fda-5103-4647-b7c4-6251ceb0ef53""}",2026-07-23T06:25:19.525187218Z
"2026-07-23T06:25:17.320Z [[34mdebug[39m] Screen message received {""service"":""mqtt-publisher-lite"",""topic"":""proof.mqtt/DEVICE-13/instagram"",""screen"":""instagram""}",info,"{""level"":""info""}","{""project"":""90a47e04-a329-4122-9c82-2ee75a4562c2"",""environment"":""f6319bd4-2e87-40d4-8547-4ce714038bc1"",""service"":""c236b8cb-3eff-45c5-aca0-23e73e33dc8d"",""deployment"":""69394420-c732-4ebe-a5fd-54c2d5628ea7"",""replica"":""7fc15fda-5103-4647-b7c4-6251ceb0ef53""}",2026-07-23T06:25:19.526676087Z
"2026-07-23T06:25:17.419Z [[32minfo[39m] [STIM_IG] Published {""service"":""mqtt-publisher-lite"",""deviceId"":""DEVICE-13"",""followers"":15,""target"":500,""mode"":""synthetic"",""achievement"":20,""celebration"":""true"",""done"":false}",info,"{""level"":""info""}","{""project"":""90a47e04-a329-4122-9c82-2ee75a4562c2"",""environment"":""f6319bd4-2e87-40d4-8547-4ce714038bc1"",""service"":""c236b8cb-3eff-45c5-aca0-23e73e33dc8d"",""deployment"":""69394420-c732-4ebe-a5fd-54c2d5628ea7"",""replica"":""7fc15fda-5103-4647-b7c4-6251ceb0ef53""}",2026-07-23T06:25:19.526680907Z
"2026-07-23T06:25:17.429Z [[32minfo[39m] ✅ PUBACK received {""service"":""mqtt-publisher-lite"",""messageId"":44681}",info,"{""level"":""info""}","{""project"":""90a47e04-a329-4122-9c82-2ee75a4562c2"",""environment"":""f6319bd4-2e87-40d4-8547-4ce714038bc1"",""service"":""c236b8cb-3eff-45c5-aca0-23e73e33dc8d"",""deployment"":""69394420-c732-4ebe-a5fd-54c2d5628ea7"",""replica"":""7fc15fda-5103-4647-b7c4-6251ceb0ef53""}",2026-07-23T06:25:19.526684677Z
"2026-07-23T06:25:17.429Z [[32minfo[39m] ✅ QoS 1 PUBACK confirmed {""service"":""mqtt-publisher-lite"",""deviceId"":""DEVICE-13"",""messageId"":44681,""deliveryTime"":""211ms"",""pendingCount"":0}",info,"{""level"":""info""}","{""project"":""90a47e04-a329-4122-9c82-2ee75a4562c2"",""environment"":""f6319bd4-2e87-40d4-8547-4ce714038bc1"",""service"":""c236b8cb-3eff-45c5-aca0-23e73e33dc8d"",""deployment"":""69394420-c732-4ebe-a5fd-54c2d5628ea7"",""replica"":""7fc15fda-5103-4647-b7c4-6251ceb0ef53""}",2026-07-23T06:25:19.526688657Z
"2026-07-23T06:25:17.429Z [[34mdebug[39m] ✅ [LIFECYCLE:PUBACK_OK] Device confirmed message receipt {""service"":""mqtt-publisher-lite"",""deviceId"":""DEVICE-13""}",info,"{""level"":""info""}","{""project"":""90a47e04-a329-4122-9c82-2ee75a4562c2"",""environment"":""f6319bd4-2e87-40d4-8547-4ce714038bc1"",""service"":""c236b8cb-3eff-45c5-aca0-23e73e33dc8d"",""deployment"":""69394420-c732-4ebe-a5fd-54c2d5628ea7"",""replica"":""7fc15fda-5103-4647-b7c4-6251ceb0ef53""}",2026-07-23T06:25:19.526692247Z
"2026-07-23T06:25:17.429Z [[34mdebug[39m] Message published {""service"":""mqtt-publisher-lite"",""topic"":""proof.mqtt/DEVICE-13/gmb"",""qos"":1,""deliveryTime"":""211ms""}",info,"{""level"":""info""}","{""project"":""90a47e04-a329-4122-9c82-2ee75a4562c2"",""environment"":""f6319bd4-2e87-40d4-8547-4ce714038bc1"",""service"":""c236b8cb-3eff-45c5-aca0-23e73e33dc8d"",""deployment"":""69394420-c732-4ebe-a5fd-54c2d5628ea7"",""replica"":""7fc15fda-5103-4647-b7c4-6251ceb0ef53""}",2026-07-23T06:25:19.526695957Z
"2026-07-23T06:25:17.430Z [[34mdebug[39m] Message received {""service"":""mqtt-publisher-lite"",""topic"":""proof.mqtt/DEVICE-13/gmb"",""size"":246,""retain"":false}",info,"{""level"":""info""}","{""project"":""90a47e04-a329-4122-9c82-2ee75a4562c2"",""environment"":""f6319bd4-2e87-40d4-8547-4ce714038bc1"",""service"":""c236b8cb-3eff-45c5-aca0-23e73e33dc8d"",""deployment"":""69394420-c732-4ebe-a5fd-54c2d5628ea7"",""replica"":""7fc15fda-5103-4647-b7c4-6251ceb0ef53""}",2026-07-23T06:25:19.526700027Z
"2026-07-23T06:25:17.430Z [[34mdebug[39m] Skipping echo message {""service"":""mqtt-publisher-lite"",""topic"":""proof.mqtt/DEVICE-13/gmb"",""age"":""1ms""}",info,"{""level"":""info""}","{""project"":""90a47e04-a329-4122-9c82-2ee75a4562c2"",""environment"":""f6319bd4-2e87-40d4-8547-4ce714038bc1"",""service"":""c236b8cb-3eff-45c5-aca0-23e73e33dc8d"",""deployment"":""69394420-c732-4ebe-a5fd-54c2d5628ea7"",""replica"":""7fc15fda-5103-4647-b7c4-6251ceb0ef53""}",2026-07-23T06:25:19.526704247Z
"2026-07-23T06:25:17.430Z [[34mdebug[39m] Screen message received {""service"":""mqtt-publisher-lite"",""topic"":""proof.mqtt/DEVICE-13/gmb"",""screen"":""gmb""}",info,"{""level"":""info""}","{""project"":""90a47e04-a329-4122-9c82-2ee75a4562c2"",""environment"":""f6319bd4-2e87-40d4-8547-4ce714038bc1"",""service"":""c236b8cb-3eff-45c5-aca0-23e73e33dc8d"",""deployment"":""69394420-c732-4ebe-a5fd-54c2d5628ea7"",""replica"":""7fc15fda-5103-4647-b7c4-6251ceb0ef53""}",2026-07-23T06:25:19.526707757Z
"2026-07-23T06:25:17.529Z [[32minfo[39m] [STIM_GMB] Published {""service"":""mqtt-publisher-lite"",""deviceId"":""DEVICE-13"",""reviews"":13,""target"":100,""mode"":""synthetic"",""celebration"":""false"",""done"":false}",info,"{""level"":""info""}","{""project"":""90a47e04-a329-4122-9c82-2ee75a4562c2"",""environment"":""f6319bd4-2e87-40d4-8547-4ce714038bc1"",""service"":""c236b8cb-3eff-45c5-aca0-23e73e33dc8d"",""deployment"":""69394420-c732-4ebe-a5fd-54c2d5628ea7"",""replica"":""7fc15fda-5103-4647-b7c4-6251ceb0ef53""}",2026-07-23T06:25:19.526712057Z
"2026-07-23T06:25:29.132Z [[32minfo[39m] 📤 [PUBLISH_CYCLE] Starting publish cycle {""service"":""mqtt-publisher-lite"",""deviceCount"":4,""source"":""redis"",""devices"":[{""id"":""DEVICE-17"",""userId"":""(none)"",""lastSeen"":""2026-07-23T06:24:29.410Z""},{""id"":""DEVICE-15"",""userId"":""68d3753f9f99d6b73ae2d991"",""lastSeen"":""2026-07-23T06:24:59.506Z""},{""id"":""DEVICE-13"",""userId"":""6937af58f950f0f5356a1599"",""lastSeen"":""2026-07-23T06:25:17.429Z""},{""id"":""DEVICE-19"",""userId"":""68d3753f9f99d6b73ae2d991"",""lastSeen"":""2026-07-23T06:22:19.415Z""}]}",info,"{""level"":""info""}","{""project"":""90a47e04-a329-4122-9c82-2ee75a4562c2"",""environment"":""f6319bd4-2e87-40d4-8547-4ce714038bc1"",""service"":""c236b8cb-3eff-45c5-aca0-23e73e33dc8d"",""deployment"":""69394420-c732-4ebe-a5fd-54c2d5628ea7"",""replica"":""7fc15fda-5103-4647-b7c4-6251ceb0ef53""}",2026-07-23T06:25:29.179034752Z
"2026-07-23T06:25:29.193Z [[32minfo[39m] 📤 QoS 1 message sent {""service"":""mqtt-publisher-lite"",""messageId"":44682,""topic"":""proof.mqtt/DEVICE-15/instagram"",""qos"":1}",info,"{""level"":""info""}","{""project"":""90a47e04-a329-4122-9c82-2ee75a4562c2"",""environment"":""f6319bd4-2e87-40d4-8547-4ce714038bc1"",""service"":""c236b8cb-3eff-45c5-aca0-23e73e33dc8d"",""deployment"":""69394420-c732-4ebe-a5fd-54c2d5628ea7"",""replica"":""7fc15fda-5103-4647-b7c4-6251ceb0ef53""}",2026-07-23T06:25:29.196966814Z
"2026-07-23T06:25:29.193Z [[32minfo[39m] ⏱️ Tracking QoS 1 message (30s timeout) {""service"":""mqtt-publisher-lite"",""deviceId"":""DEVICE-15"",""messageId"":44682,""topic"":""proof.mqtt/DEVICE-15/instagram"",""pendingCount"":1}",info,"{""level"":""info""}","{""project"":""90a47e04-a329-4122-9c82-2ee75a4562c2"",""environment"":""f6319bd4-2e87-40d4-8547-4ce714038bc1"",""service"":""c236b8cb-3eff-45c5-aca0-23e73e33dc8d"",""deployment"":""69394420-c732-4ebe-a5fd-54c2d5628ea7"",""replica"":""7fc15fda-5103-4647-b7c4-6251ceb0ef53""}",2026-07-23T06:25:29.196972254Z
"2026-07-23T06:25:29.241Z [[32minfo[39m] 📤 QoS 1 message sent {""service"":""mqtt-publisher-lite"",""messageId"":44683,""topic"":""proof.mqtt/DEVICE-17/test-gmb"",""qos"":1}",info,"{""level"":""info""}","{""project"":""90a47e04-a329-4122-9c82-2ee75a4562c2"",""environment"":""f6319bd4-2e87-40d4-8547-4ce714038bc1"",""service"":""c236b8cb-3eff-45c5-aca0-23e73e33dc8d"",""deployment"":""69394420-c732-4ebe-a5fd-54c2d5628ea7"",""replica"":""7fc15fda-5103-4647-b7c4-6251ceb0ef53""}",2026-07-23T06:25:29.246216151Z
"2026-07-23T06:25:29.241Z [[32minfo[39m] ⏱️ Tracking QoS 1 message (30s timeout) {""service"":""mqtt-publisher-lite"",""deviceId"":""DEVICE-17"",""messageId"":44683,""topic"":""proof.mqtt/DEVICE-17/test-gmb"",""pendingCount"":2}",info,"{""level"":""info""}","{""project"":""90a47e04-a329-4122-9c82-2ee75a4562c2"",""environment"":""f6319bd4-2e87-40d4-8547-4ce714038bc1"",""service"":""c236b8cb-3eff-45c5-aca0-23e73e33dc8d"",""deployment"":""69394420-c732-4ebe-a5fd-54c2d5628ea7"",""replica"":""7fc15fda-5103-4647-b7c4-6251ceb0ef53""}",2026-07-23T06:25:29.246223691Z
"2026-07-23T06:25:29.293Z [[34mdebug[39m] [IG_DIRECT] No Instagram credentials (Redis proof.mqtt:device:{id} or active-devices.json) {""service"":""mqtt-publisher-lite"",""deviceId"":""DEVICE-17"",""trigger"":""scheduled""}",info,"{""level"":""info""}","{""project"":""90a47e04-a329-4122-9c82-2ee75a4562c2"",""environment"":""f6319bd4-2e87-40d4-8547-4ce714038bc1"",""service"":""c236b8cb-3eff-45c5-aca0-23e73e33dc8d"",""deployment"":""69394420-c732-4ebe-a5fd-54c2d5628ea7"",""replica"":""7fc15fda-5103-4647-b7c4-6251ceb0ef53""}",2026-07-23T06:25:29.325908702Z
"2026-07-23T06:25:29.294Z [[32minfo[39m] 📤 QoS 1 message sent {""service"":""mqtt-publisher-lite"",""messageId"":44684,""topic"":""proof.mqtt/DEVICE-15/gmb"",""qos"":1}",info,"{""level"":""info""}","{""project"":""90a47e04-a329-4122-9c82-2ee75a4562c2"",""environment"":""f6319bd4-2e87-40d4-8547-4ce714038bc1"",""service"":""c236b8cb-3eff-45c5-aca0-23e73e33dc8d"",""deployment"":""69394420-c732-4ebe-a5fd-54c2d5628ea7"",""replica"":""7fc15fda-5103-4647-b7c4-6251ceb0ef53""}",2026-07-23T06:25:29.325913182Z
"2026-07-23T06:25:29.294Z [[32minfo[39m] ⏱️ Tracking QoS 1 message (30s timeout) {""service"":""mqtt-publisher-lite"",""deviceId"":""DEVICE-15"",""messageId"":44684,""topic"":""proof.mqtt/DEVICE-15/gmb"",""pendingCount"":3}",info,"{""level"":""info""}","{""project"":""90a47e04-a329-4122-9c82-2ee75a4562c2"",""environment"":""f6319bd4-2e87-40d4-8547-4ce714038bc1"",""service"":""c236b8cb-3eff-45c5-aca0-23e73e33dc8d"",""deployment"":""69394420-c732-4ebe-a5fd-54c2d5628ea7"",""replica"":""7fc15fda-5103-4647-b7c4-6251ceb0ef53""}",2026-07-23T06:25:29.325916812Z
"2026-07-23T06:25:29.393Z [[34mdebug[39m] Instagram fetch audit written to InfluxDB {""service"":""mqtt-publisher-lite"",""deviceId"":""DEVICE-17"",""success"":false}",info,"{""level"":""info""}","{""project"":""90a47e04-a329-4122-9c82-2ee75a4562c2"",""environment"":""f6319bd4-2e87-40d4-8547-4ce714038bc1"",""service"":""c236b8cb-3eff-45c5-aca0-23e73e33dc8d"",""deployment"":""69394420-c732-4ebe-a5fd-54c2d5628ea7"",""replica"":""7fc15fda-5103-4647-b7c4-6251ceb0ef53""}",2026-07-23T06:25:29.399614275Z
"2026-07-23T06:25:29.394Z [[33mwarn[39m] [IG_SCREEN] Skipping MQTT for failed fetch {""service"":""mqtt-publisher-lite"",""deviceId"":""DEVICE-17"",""error"":""no_instagram_credentials""}",info,"{""level"":""info""}","{""project"":""90a47e04-a329-4122-9c82-2ee75a4562c2"",""environment"":""f6319bd4-2e87-40d4-8547-4ce714038bc1"",""service"":""c236b8cb-3eff-45c5-aca0-23e73e33dc8d"",""deployment"":""69394420-c732-4ebe-a5fd-54c2d5628ea7"",""replica"":""7fc15fda-5103-4647-b7c4-6251ceb0ef53""}",2026-07-23T06:25:29.399619795Z
"2026-07-23T06:25:29.395Z [[32minfo[39m] InfluxDB batch flush {""service"":""mqtt-publisher-lite"",""source"":""metrics_disk_queue_worker"",""count"":1,""lines"":[""instagram_fetch_audit,device_id=DEVICE-17,success=false,trigger_type=scheduled duration_ms=0i,error_message=\""no_instagram_credentials\"",user_id_at_time=\""unknown\"" 1784787929293000000""]}",info,"{""level"":""info""}","{""project"":""90a47e04-a329-4122-9c82-2ee75a4562c2"",""environment"":""f6319bd4-2e87-40d4-8547-4ce714038bc1"",""service"":""c236b8cb-3eff-45c5-aca0-23e73e33dc8d"",""deployment"":""69394420-c732-4ebe-a5fd-54c2d5628ea7"",""replica"":""7fc15fda-5103-4647-b7c4-6251ceb0ef53""}",2026-07-23T06:25:29.399623595Z
"2026-07-23T06:25:29.403Z [[32minfo[39m] ✅ PUBACK received {""service"":""mqtt-publisher-lite"",""messageId"":44682}",info,"{""level"":""info""}","{""project"":""90a47e04-a329-4122-9c82-2ee75a4562c2"",""environment"":""f6319bd4-2e87-40d4-8547-4ce714038bc1"",""service"":""c236b8cb-3eff-45c5-aca0-23e73e33dc8d"",""deployment"":""69394420-c732-4ebe-a5fd-54c2d5628ea7"",""replica"":""7fc15fda-5103-4647-b7c4-6251ceb0ef53""}",2026-07-23T06:25:29.405150115Z
"2026-07-23T06:25:29.403Z [[32minfo[39m] ✅ QoS 1 PUBACK confirmed {""service"":""mqtt-publisher-lite"",""deviceId"":""DEVICE-15"",""messageId"":44682,""deliveryTime"":""210ms"",""pendingCount"":2}",info,"{""level"":""info""}","{""project"":""90a47e04-a329-4122-9c82-2ee75a4562c2"",""environment"":""f6319bd4-2e87-40d4-8547-4ce714038bc1"",""service"":""c236b8cb-3eff-45c5-aca0-23e73e33dc8d"",""deployment"":""69394420-c732-4ebe-a5fd-54c2d5628ea7"",""replica"":""7fc15fda-5103-4647-b7c4-6251ceb0ef53""}",2026-07-23T06:25:29.405155605Z
"2026-07-23T06:25:29.403Z [[34mdebug[39m] ✅ [LIFECYCLE:PUBACK_OK] Device confirmed message receipt {""service"":""mqtt-publisher-lite"",""deviceId"":""DEVICE-15""}",info,"{""level"":""info""}","{""project"":""90a47e04-a329-4122-9c82-2ee75a4562c2"",""environment"":""f6319bd4-2e87-40d4-8547-4ce714038bc1"",""service"":""c236b8cb-3eff-45c5-aca0-23e73e33dc8d"",""deployment"":""69394420-c732-4ebe-a5fd-54c2d5628ea7"",""replica"":""7fc15fda-5103-4647-b7c4-6251ceb0ef53""}",2026-07-23T06:25:29.405158885Z
"2026-07-23T06:25:29.403Z [[34mdebug[39m] Message published {""service"":""mqtt-publisher-lite"",""topic"":""proof.mqtt/DEVICE-15/instagram"",""qos"":1,""deliveryTime"":""211ms""}",info,"{""level"":""info""}","{""project"":""90a47e04-a329-4122-9c82-2ee75a4562c2"",""environment"":""f6319bd4-2e87-40d4-8547-4ce714038bc1"",""service"":""c236b8cb-3eff-45c5-aca0-23e73e33dc8d"",""deployment"":""69394420-c732-4ebe-a5fd-54c2d5628ea7"",""replica"":""7fc15fda-5103-4647-b7c4-6251ceb0ef53""}",2026-07-23T06:25:29.405162305Z
"2026-07-23T06:25:29.404Z [[34mdebug[39m] Message received {""service"":""mqtt-publisher-lite"",""topic"":""proof.mqtt/DEVICE-15/instagram"",""size"":228,""retain"":false}",info,"{""level"":""info""}","{""project"":""90a47e04-a329-4122-9c82-2ee75a4562c2"",""environment"":""f6319bd4-2e87-40d4-8547-4ce714038bc1"",""service"":""c236b8cb-3eff-45c5-aca0-23e73e33dc8d"",""deployment"":""69394420-c732-4ebe-a5fd-54c2d5628ea7"",""replica"":""7fc15fda-5103-4647-b7c4-6251ceb0ef53""}",2026-07-23T06:25:29.405165595Z
"2026-07-23T06:25:29.404Z [[34mdebug[39m] Skipping echo message {""service"":""mqtt-publisher-lite"",""topic"":""proof.mqtt/DEVICE-15/instagram"",""age"":""1ms""}",info,"{""level"":""info""}","{""project"":""90a47e04-a329-4122-9c82-2ee75a4562c2"",""environment"":""f6319bd4-2e87-40d4-8547-4ce714038bc1"",""service"":""c236b8cb-3eff-45c5-aca0-23e73e33dc8d"",""deployment"":""69394420-c732-4ebe-a5fd-54c2d5628ea7"",""replica"":""7fc15fda-5103-4647-b7c4-6251ceb0ef53""}",2026-07-23T06:25:29.405168265Z
"2026-07-23T06:25:29.404Z [[34mdebug[39m] Screen message received {""service"":""mqtt-publisher-lite"",""topic"":""proof.mqtt/DEVICE-15/instagram"",""screen"":""instagram""}",info,"{""level"":""info""}","{""project"":""90a47e04-a329-4122-9c82-2ee75a4562c2"",""environment"":""f6319bd4-2e87-40d4-8547-4ce714038bc1"",""service"":""c236b8cb-3eff-45c5-aca0-23e73e33dc8d"",""deployment"":""69394420-c732-4ebe-a5fd-54c2d5628ea7"",""replica"":""7fc15fda-5103-4647-b7c4-6251ceb0ef53""}",2026-07-23T06:25:29.405170935Z
"2026-07-23T06:25:29.461Z [[32minfo[39m] ✅ PUBACK received {""service"":""mqtt-publisher-lite"",""messageId"":44683}",info,"{""level"":""info""}","{""project"":""90a47e04-a329-4122-9c82-2ee75a4562c2"",""environment"":""f6319bd4-2e87-40d4-8547-4ce714038bc1"",""service"":""c236b8cb-3eff-45c5-aca0-23e73e33dc8d"",""deployment"":""69394420-c732-4ebe-a5fd-54c2d5628ea7"",""replica"":""7fc15fda-5103-4647-b7c4-6251ceb0ef53""}",2026-07-23T06:25:29.463674316Z
"2026-07-23T06:25:29.461Z [[32minfo[39m] ✅ QoS 1 PUBACK confirmed {""service"":""mqtt-publisher-lite"",""deviceId"":""DEVICE-17"",""messageId"":44683,""deliveryTime"":""220ms"",""pendingCount"":1}",info,"{""level"":""info""}","{""project"":""90a47e04-a329-4122-9c82-2ee75a4562c2"",""environment"":""f6319bd4-2e87-40d4-8547-4ce714038bc1"",""service"":""c236b8cb-3eff-45c5-aca0-23e73e33dc8d"",""deployment"":""69394420-c732-4ebe-a5fd-54c2d5628ea7"",""replica"":""7fc15fda-5103-4647-b7c4-6251ceb0ef53""}",2026-07-23T06:25:29.463682876Z
"2026-07-23T06:25:29.461Z [[34mdebug[39m] ✅ [LIFECYCLE:PUBACK_OK] Device confirmed message receipt {""service"":""mqtt-publisher-lite"",""deviceId"":""DEVICE-17""}",info,"{""level"":""info""}","{""project"":""90a47e04-a329-4122-9c82-2ee75a4562c2"",""environment"":""f6319bd4-2e87-40d4-8547-4ce714038bc1"",""service"":""c236b8cb-3eff-45c5-aca0-23e73e33dc8d"",""deployment"":""69394420-c732-4ebe-a5fd-54c2d5628ea7"",""replica"":""7fc15fda-5103-4647-b7c4-6251ceb0ef53""}",2026-07-23T06:25:29.463686266Z
"2026-07-23T06:25:29.462Z [[34mdebug[39m] Message published {""service"":""mqtt-publisher-lite"",""topic"":""proof.mqtt/DEVICE-17/test-gmb"",""qos"":1,""deliveryTime"":""221ms""}",info,"{""level"":""info""}","{""project"":""90a47e04-a329-4122-9c82-2ee75a4562c2"",""environment"":""f6319bd4-2e87-40d4-8547-4ce714038bc1"",""service"":""c236b8cb-3eff-45c5-aca0-23e73e33dc8d"",""deployment"":""69394420-c732-4ebe-a5fd-54c2d5628ea7"",""replica"":""7fc15fda-5103-4647-b7c4-6251ceb0ef53""}",2026-07-23T06:25:29.463689286Z
"2026-07-23T06:25:29.462Z [[34mdebug[39m] Published test-gmb screen {""service"":""mqtt-publisher-lite"",""deviceId"":""DEVICE-17"",""reviews"":507,""milestone"":510}",info,"{""level"":""info""}","{""project"":""90a47e04-a329-4122-9c82-2ee75a4562c2"",""environment"":""f6319bd4-2e87-40d4-8547-4ce714038bc1"",""service"":""c236b8cb-3eff-45c5-aca0-23e73e33dc8d"",""deployment"":""69394420-c732-4ebe-a5fd-54c2d5628ea7"",""replica"":""7fc15fda-5103-4647-b7c4-6251ceb0ef53""}",2026-07-23T06:25:29.463692896Z
"2026-07-23T06:25:29.535Z [[32minfo[39m] [STIM_IG] Published {""service"":""mqtt-publisher-lite"",""deviceId"":""DEVICE-15"",""followers"":21,""target"":500,""mode"":""synthetic"",""achievement"":25,""celebration"":""false"",""done"":false}",info,"{""level"":""info""}","{""project"":""90a47e04-a329-4122-9c82-2ee75a4562c2"",""environment"":""f6319bd4-2e87-40d4-8547-4ce714038bc1"",""service"":""c236b8cb-3eff-45c5-aca0-23e73e33dc8d"",""deployment"":""69394420-c732-4ebe-a5fd-54c2d5628ea7"",""replica"":""7fc15fda-5103-4647-b7c4-6251ceb0ef53""}",2026-07-23T06:25:29.539782032Z
"2026-07-23T06:25:29.536Z [[32minfo[39m] ✅ PUBACK received {""service"":""mqtt-publisher-lite"",""messageId"":44684}",info,"{""level"":""info""}","{""project"":""90a47e04-a329-4122-9c82-2ee75a4562c2"",""environment"":""f6319bd4-2e87-40d4-8547-4ce714038bc1"",""service"":""c236b8cb-3eff-45c5-aca0-23e73e33dc8d"",""deployment"":""69394420-c732-4ebe-a5fd-54c2d5628ea7"",""replica"":""7fc15fda-5103-4647-b7c4-6251ceb0ef53""}",2026-07-23T06:25:29.539787712Z
"2026-07-23T06:25:29.536Z [[32minfo[39m] ✅ QoS 1 PUBACK confirmed {""service"":""mqtt-publisher-lite"",""deviceId"":""DEVICE-15"",""messageId"":44684,""deliveryTime"":""242ms"",""pendingCount"":0}",info,"{""level"":""info""}","{""project"":""90a47e04-a329-4122-9c82-2ee75a4562c2"",""environment"":""f6319bd4-2e87-40d4-8547-4ce714038bc1"",""service"":""c236b8cb-3eff-45c5-aca0-23e73e33dc8d"",""deployment"":""69394420-c732-4ebe-a5fd-54c2d5628ea7"",""replica"":""7fc15fda-5103-4647-b7c4-6251ceb0ef53""}",2026-07-23T06:25:29.539793542Z
"2026-07-23T06:25:29.536Z [[34mdebug[39m] ✅ [LIFECYCLE:PUBACK_OK] Device confirmed message receipt {""service"":""mqtt-publisher-lite"",""deviceId"":""DEVICE-15""}",info,"{""level"":""info""}","{""project"":""90a47e04-a329-4122-9c82-2ee75a4562c2"",""environment"":""f6319bd4-2e87-40d4-8547-4ce714038bc1"",""service"":""c236b8cb-3eff-45c5-aca0-23e73e33dc8d"",""deployment"":""69394420-c732-4ebe-a5fd-54c2d5628ea7"",""replica"":""7fc15fda-5103-4647-b7c4-6251ceb0ef53""}",2026-07-23T06:25:29.539799802Z
"2026-07-23T06:25:29.536Z [[34mdebug[39m] Message published {""service"":""mqtt-publisher-lite"",""topic"":""proof.mqtt/DEVICE-15/gmb"",""qos"":1,""deliveryTime"":""242ms""}",info,"{""level"":""info""}","{""project"":""90a47e04-a329-4122-9c82-2ee75a4562c2"",""environment"":""f6319bd4-2e87-40d4-8547-4ce714038bc1"",""service"":""c236b8cb-3eff-45c5-aca0-23e73e33dc8d"",""deployment"":""69394420-c732-4ebe-a5fd-54c2d5628ea7"",""replica"":""7fc15fda-5103-4647-b7c4-6251ceb0ef53""}",2026-07-23T06:25:29.539809012Z
"2026-07-23T06:25:29.536Z [[34mdebug[39m] Message received {""service"":""mqtt-publisher-lite"",""topic"":""proof.mqtt/DEVICE-15/gmb"",""size"":246,""retain"":false}",info,"{""level"":""info""}","{""project"":""90a47e04-a329-4122-9c82-2ee75a4562c2"",""environment"":""f6319bd4-2e87-40d4-8547-4ce714038bc1"",""service"":""c236b8cb-3eff-45c5-aca0-23e73e33dc8d"",""deployment"":""69394420-c732-4ebe-a5fd-54c2d5628ea7"",""replica"":""7fc15fda-5103-4647-b7c4-6251ceb0ef53""}",2026-07-23T06:25:29.539814852Z
"2026-07-23T06:25:29.536Z [[34mdebug[39m] Skipping echo message {""service"":""mqtt-publisher-lite"",""topic"":""proof.mqtt/DEVICE-15/gmb"",""age"":""0ms""}",info,"{""level"":""info""}","{""project"":""90a47e04-a329-4122-9c82-2ee75a4562c2"",""environment"":""f6319bd4-2e87-40d4-8547-4ce714038bc1"",""service"":""c236b8cb-3eff-45c5-aca0-23e73e33dc8d"",""deployment"":""69394420-c732-4ebe-a5fd-54c2d5628ea7"",""replica"":""7fc15fda-5103-4647-b7c4-6251ceb0ef53""}",2026-07-23T06:25:29.539819982Z
"2026-07-23T06:25:29.536Z [[34mdebug[39m] Screen message received {""service"":""mqtt-publisher-lite"",""topic"":""proof.mqtt/DEVICE-15/gmb"",""screen"":""gmb""}",info,"{""level"":""info""}","{""project"":""90a47e04-a329-4122-9c82-2ee75a4562c2"",""environment"":""f6319bd4-2e87-40d4-8547-4ce714038bc1"",""service"":""c236b8cb-3eff-45c5-aca0-23e73e33dc8d"",""deployment"":""69394420-c732-4ebe-a5fd-54c2d5628ea7"",""replica"":""7fc15fda-5103-4647-b7c4-6251ceb0ef53""}",2026-07-23T06:25:29.539826262Z
"2026-07-23T06:25:29.595Z [[34mdebug[39m] 📤 [PUBLISH_CYCLE] Publishing all screens to device {""service"":""mqtt-publisher-lite"",""deviceId"":""DEVICE-17""}",info,"{""level"":""info""}","{""project"":""90a47e04-a329-4122-9c82-2ee75a4562c2"",""environment"":""f6319bd4-2e87-40d4-8547-4ce714038bc1"",""service"":""c236b8cb-3eff-45c5-aca0-23e73e33dc8d"",""deployment"":""69394420-c732-4ebe-a5fd-54c2d5628ea7"",""replica"":""7fc15fda-5103-4647-b7c4-6251ceb0ef53""}",2026-07-23T06:25:29.596084119Z
"2026-07-23T06:25:29.659Z [[32minfo[39m] [STIM_GMB] Published {""service"":""mqtt-publisher-lite"",""deviceId"":""DEVICE-15"",""reviews"":19,""target"":100,""mode"":""synthetic"",""celebration"":""false"",""done"":false}",info,"{""level"":""info""}","{""project"":""90a47e04-a329-4122-9c82-2ee75a4562c2"",""environment"":""f6319bd4-2e87-40d4-8547-4ce714038bc1"",""service"":""c236b8cb-3eff-45c5-aca0-23e73e33dc8d"",""deployment"":""69394420-c732-4ebe-a5fd-54c2d5628ea7"",""replica"":""7fc15fda-5103-4647-b7c4-6251ceb0ef53""}",2026-07-23T06:25:29.678961077Z
"2026-07-23T06:25:29.725Z [[32minfo[39m] [PROMOTION] Default canvas not published {""service"":""mqtt-publisher-lite"",""deviceId"":""DEVICE-17"",""topic"":""proof.mqtt/DEVICE-17/promotion"",""reason"":""unchanged""}",info,"{""level"":""info""}","{""project"":""90a47e04-a329-4122-9c82-2ee75a4562c2"",""environment"":""f6319bd4-2e87-40d4-8547-4ce714038bc1"",""service"":""c236b8cb-3eff-45c5-aca0-23e73e33dc8d"",""deployment"":""69394420-c732-4ebe-a5fd-54c2d5628ea7"",""replica"":""7fc15fda-5103-4647-b7c4-6251ceb0ef53""}",2026-07-23T06:25:29.732903681Z
"2026-07-23T06:25:29.725Z [[34mdebug[39m] [STIM_SKIP] StatsPublisher skipping stim device {""service"":""mqtt-publisher-lite"",""deviceId"":""DEVICE-15""}",info,"{""level"":""info""}","{""project"":""90a47e04-a329-4122-9c82-2ee75a4562c2"",""environment"":""f6319bd4-2e87-40d4-8547-4ce714038bc1"",""service"":""c236b8cb-3eff-45c5-aca0-23e73e33dc8d"",""deployment"":""69394420-c732-4ebe-a5fd-54c2d5628ea7"",""replica"":""7fc15fda-5103-4647-b7c4-6251ceb0ef53""}",2026-07-23T06:25:29.732911111Z
"2026-07-23T06:25:29.725Z [[34mdebug[39m] [STIM_SKIP] StatsPublisher skipping stim device {""service"":""mqtt-publisher-lite"",""deviceId"":""DEVICE-13""}",info,"{""level"":""info""}","{""project"":""90a47e04-a329-4122-9c82-2ee75a4562c2"",""environment"":""f6319bd4-2e87-40d4-8547-4ce714038bc1"",""service"":""c236b8cb-3eff-45c5-aca0-23e73e33dc8d"",""deployment"":""69394420-c732-4ebe-a5fd-54c2d5628ea7"",""replica"":""7fc15fda-5103-4647-b7c4-6251ceb0ef53""}",2026-07-23T06:25:29.732916571Z
"2026-07-23T06:25:29.824Z [[34mdebug[39m] [STIM_SKIP] StatsPublisher skipping stim device {""service"":""mqtt-publisher-lite"",""deviceId"":""DEVICE-19""}",info,"{""level"":""info""}","{""project"":""90a47e04-a329-4122-9c82-2ee75a4562c2"",""environment"":""f6319bd4-2e87-40d4-8547-4ce714038bc1"",""service"":""c236b8cb-3eff-45c5-aca0-23e73e33dc8d"",""deployment"":""69394420-c732-4ebe-a5fd-54c2d5628ea7"",""replica"":""7fc15fda-5103-4647-b7c4-6251ceb0ef53""}",2026-07-23T06:25:29.984123314Z
"2026-07-23T06:25:47.108Z [[32minfo[39m] 📤 QoS 1 message sent {""service"":""mqtt-publisher-lite"",""messageId"":44685,""topic"":""proof.mqtt/DEVICE-13/instagram"",""qos"":1}",info,"{""level"":""info""}","{""project"":""90a47e04-a329-4122-9c82-2ee75a4562c2"",""environment"":""f6319bd4-2e87-40d4-8547-4ce714038bc1"",""service"":""c236b8cb-3eff-45c5-aca0-23e73e33dc8d"",""deployment"":""69394420-c732-4ebe-a5fd-54c2d5628ea7"",""replica"":""7fc15fda-5103-4647-b7c4-6251ceb0ef53""}",2026-07-23T06:25:49.906290259Z
"2026-07-23T06:25:47.108Z [[32minfo[39m] ⏱️ Tracking QoS 1 message (30s timeout) {""service"":""mqtt-publisher-lite"",""deviceId"":""DEVICE-13"",""messageId"":44685,""topic"":""proof.mqtt/DEVICE-13/instagram"",""pendingCount"":1}",info,"{""level"":""info""}","{""project"":""90a47e04-a329-4122-9c82-2ee75a4562c2"",""environment"":""f6319bd4-2e87-40d4-8547-4ce714038bc1"",""service"":""c236b8cb-3eff-45c5-aca0-23e73e33dc8d"",""deployment"":""69394420-c732-4ebe-a5fd-54c2d5628ea7"",""replica"":""7fc15fda-5103-4647-b7c4-6251ceb0ef53""}",2026-07-23T06:25:49.906295379Z
"2026-07-23T06:25:47.219Z [[32minfo[39m] 📤 QoS 1 message sent {""service"":""mqtt-publisher-lite"",""messageId"":44686,""topic"":""proof.mqtt/DEVICE-13/gmb"",""qos"":1}",info,"{""level"":""info""}","{""project"":""90a47e04-a329-4122-9c82-2ee75a4562c2"",""environment"":""f6319bd4-2e87-40d4-8547-4ce714038bc1"",""service"":""c236b8cb-3eff-45c5-aca0-23e73e33dc8d"",""deployment"":""69394420-c732-4ebe-a5fd-54c2d5628ea7"",""replica"":""7fc15fda-5103-4647-b7c4-6251ceb0ef53""}",2026-07-23T06:25:49.906300719Z
"2026-07-23T06:25:47.219Z [[32minfo[39m] ⏱️ Tracking QoS 1 message (30s timeout) {""service"":""mqtt-publisher-lite"",""deviceId"":""DEVICE-13"",""messageId"":44686,""topic"":""proof.mqtt/DEVICE-13/gmb"",""pendingCount"":2}",info,"{""level"":""info""}","{""project"":""90a47e04-a329-4122-9c82-2ee75a4562c2"",""environment"":""f6319bd4-2e87-40d4-8547-4ce714038bc1"",""service"":""c236b8cb-3eff-45c5-aca0-23e73e33dc8d"",""deployment"":""69394420-c732-4ebe-a5fd-54c2d5628ea7"",""replica"":""7fc15fda-5103-4647-b7c4-6251ceb0ef53""}",2026-07-23T06:25:49.906305099Z
"2026-07-23T06:25:47.318Z [[32minfo[39m] ✅ PUBACK received {""service"":""mqtt-publisher-lite"",""messageId"":44685}",info,"{""level"":""info""}","{""project"":""90a47e04-a329-4122-9c82-2ee75a4562c2"",""environment"":""f6319bd4-2e87-40d4-8547-4ce714038bc1"",""service"":""c236b8cb-3eff-45c5-aca0-23e73e33dc8d"",""deployment"":""69394420-c732-4ebe-a5fd-54c2d5628ea7"",""replica"":""7fc15fda-5103-4647-b7c4-6251ceb0ef53""}",2026-07-23T06:25:49.906312809Z
"2026-07-23T06:25:47.319Z [[32minfo[39m] ✅ QoS 1 PUBACK confirmed {""service"":""mqtt-publisher-lite"",""deviceId"":""DEVICE-13"",""messageId"":44685,""deliveryTime"":""210ms"",""pendingCount"":1}",info,"{""level"":""info""}","{""project"":""90a47e04-a329-4122-9c82-2ee75a4562c2"",""environment"":""f6319bd4-2e87-40d4-8547-4ce714038bc1"",""service"":""c236b8cb-3eff-45c5-aca0-23e73e33dc8d"",""deployment"":""69394420-c732-4ebe-a5fd-54c2d5628ea7"",""replica"":""7fc15fda-5103-4647-b7c4-6251ceb0ef53""}",2026-07-23T06:25:49.906317549Z
"2026-07-23T06:25:47.319Z [[34mdebug[39m] ✅ [LIFECYCLE:PUBACK_OK] Device confirmed message receipt {""service"":""mqtt-publisher-lite"",""deviceId"":""DEVICE-13""}",info,"{""level"":""info""}","{""project"":""90a47e04-a329-4122-9c82-2ee75a4562c2"",""environment"":""f6319bd4-2e87-40d4-8547-4ce714038bc1"",""service"":""c236b8cb-3eff-45c5-aca0-23e73e33dc8d"",""deployment"":""69394420-c732-4ebe-a5fd-54c2d5628ea7"",""replica"":""7fc15fda-5103-4647-b7c4-6251ceb0ef53""}",2026-07-23T06:25:49.906322289Z
"2026-07-23T06:25:47.319Z [[34mdebug[39m] Message published {""service"":""mqtt-publisher-lite"",""topic"":""proof.mqtt/DEVICE-13/instagram"",""qos"":1,""deliveryTime"":""212ms""}",info,"{""level"":""info""}","{""project"":""90a47e04-a329-4122-9c82-2ee75a4562c2"",""environment"":""f6319bd4-2e87-40d4-8547-4ce714038bc1"",""service"":""c236b8cb-3eff-45c5-aca0-23e73e33dc8d"",""deployment"":""69394420-c732-4ebe-a5fd-54c2d5628ea7"",""replica"":""7fc15fda-5103-4647-b7c4-6251ceb0ef53""}",2026-07-23T06:25:49.906326639Z
"2026-07-23T06:25:47.319Z [[34mdebug[39m] Message received {""service"":""mqtt-publisher-lite"",""topic"":""proof.mqtt/DEVICE-13/instagram"",""size"":228,""retain"":false}",info,"{""level"":""info""}","{""project"":""90a47e04-a329-4122-9c82-2ee75a4562c2"",""environment"":""f6319bd4-2e87-40d4-8547-4ce714038bc1"",""service"":""c236b8cb-3eff-45c5-aca0-23e73e33dc8d"",""deployment"":""69394420-c732-4ebe-a5fd-54c2d5628ea7"",""replica"":""7fc15fda-5103-4647-b7c4-6251ceb0ef53""}",2026-07-23T06:25:49.906330479Z
"2026-07-23T06:25:47.319Z [[34mdebug[39m] Skipping echo message {""service"":""mqtt-publisher-lite"",""topic"":""proof.mqtt/DEVICE-13/instagram"",""age"":""0ms""}",info,"{""level"":""info""}","{""project"":""90a47e04-a329-4122-9c82-2ee75a4562c2"",""environment"":""f6319bd4-2e87-40d4-8547-4ce714038bc1"",""service"":""c236b8cb-3eff-45c5-aca0-23e73e33dc8d"",""deployment"":""69394420-c732-4ebe-a5fd-54c2d5628ea7"",""replica"":""7fc15fda-5103-4647-b7c4-6251ceb0ef53""}",2026-07-23T06:25:49.906334839Z
"2026-07-23T06:25:47.319Z [[34mdebug[39m] Screen message received {""service"":""mqtt-publisher-lite"",""topic"":""proof.mqtt/DEVICE-13/instagram"",""screen"":""instagram""}",info,"{""level"":""info""}","{""project"":""90a47e04-a329-4122-9c82-2ee75a4562c2"",""environment"":""f6319bd4-2e87-40d4-8547-4ce714038bc1"",""service"":""c236b8cb-3eff-45c5-aca0-23e73e33dc8d"",""deployment"":""69394420-c732-4ebe-a5fd-54c2d5628ea7"",""replica"":""7fc15fda-5103-4647-b7c4-6251ceb0ef53""}",2026-07-23T06:25:49.909708205Z
"2026-07-23T06:25:47.418Z [[32minfo[39m] [STIM_IG] Published {""service"":""mqtt-publisher-lite"",""deviceId"":""DEVICE-13"",""followers"":16,""target"":500,""mode"":""synthetic"",""achievement"":20,""celebration"":""false"",""done"":false}",info,"{""level"":""info""}","{""project"":""90a47e04-a329-4122-9c82-2ee75a4562c2"",""environment"":""f6319bd4-2e87-40d4-8547-4ce714038bc1"",""service"":""c236b8cb-3eff-45c5-aca0-23e73e33dc8d"",""deployment"":""69394420-c732-4ebe-a5fd-54c2d5628ea7"",""replica"":""7fc15fda-5103-4647-b7c4-6251ceb0ef53""}",2026-07-23T06:25:49.909714035Z
"2026-07-23T06:25:47.429Z [[32minfo[39m] ✅ PUBACK received {""service"":""mqtt-publisher-lite"",""messageId"":44686}",info,"{""level"":""info""}","{""project"":""90a47e04-a329-4122-9c82-2ee75a4562c2"",""environment"":""f6319bd4-2e87-40d4-8547-4ce714038bc1"",""service"":""c236b8cb-3eff-45c5-aca0-23e73e33dc8d"",""deployment"":""69394420-c732-4ebe-a5fd-54c2d5628ea7"",""replica"":""7fc15fda-5103-4647-b7c4-6251ceb0ef53""}",2026-07-23T06:25:49.909719175Z
"2026-07-23T06:25:47.429Z [[32minfo[39m] ✅ QoS 1 PUBACK confirmed {""service"":""mqtt-publisher-lite"",""deviceId"":""DEVICE-13"",""messageId"":44686,""deliveryTime"":""210ms"",""pendingCount"":0}",info,"{""level"":""info""}","{""project"":""90a47e04-a329-4122-9c82-2ee75a4562c2"",""environment"":""f6319bd4-2e87-40d4-8547-4ce714038bc1"",""service"":""c236b8cb-3eff-45c5-aca0-23e73e33dc8d"",""deployment"":""69394420-c732-4ebe-a5fd-54c2d5628ea7"",""replica"":""7fc15fda-5103-4647-b7c4-6251ceb0ef53""}",2026-07-23T06:25:49.909722664Z
"2026-07-23T06:25:47.429Z [[34mdebug[39m] ✅ [LIFECYCLE:PUBACK_OK] Device confirmed message receipt {""service"":""mqtt-publisher-lite"",""deviceId"":""DEVICE-13""}",info,"{""level"":""info""}","{""project"":""90a47e04-a329-4122-9c82-2ee75a4562c2"",""environment"":""f6319bd4-2e87-40d4-8547-4ce714038bc1"",""service"":""c236b8cb-3eff-45c5-aca0-23e73e33dc8d"",""deployment"":""69394420-c732-4ebe-a5fd-54c2d5628ea7"",""replica"":""7fc15fda-5103-4647-b7c4-6251ceb0ef53""}",2026-07-23T06:25:49.909726654Z
"2026-07-23T06:25:47.429Z [[34mdebug[39m] Message published {""service"":""mqtt-publisher-lite"",""topic"":""proof.mqtt/DEVICE-13/gmb"",""qos"":1,""deliveryTime"":""211ms""}",info,"{""level"":""info""}","{""project"":""90a47e04-a329-4122-9c82-2ee75a4562c2"",""environment"":""f6319bd4-2e87-40d4-8547-4ce714038bc1"",""service"":""c236b8cb-3eff-45c5-aca0-23e73e33dc8d"",""deployment"":""69394420-c732-4ebe-a5fd-54c2d5628ea7"",""replica"":""7fc15fda-5103-4647-b7c4-6251ceb0ef53""}",2026-07-23T06:25:49.909730964Z
"2026-07-23T06:25:47.430Z [[34mdebug[39m] Message received {""service"":""mqtt-publisher-lite"",""topic"":""proof.mqtt/DEVICE-13/gmb"",""size"":246,""retain"":false}",info,"{""level"":""info""}","{""project"":""90a47e04-a329-4122-9c82-2ee75a4562c2"",""environment"":""f6319bd4-2e87-40d4-8547-4ce714038bc1"",""service"":""c236b8cb-3eff-45c5-aca0-23e73e33dc8d"",""deployment"":""69394420-c732-4ebe-a5fd-54c2d5628ea7"",""replica"":""7fc15fda-5103-4647-b7c4-6251ceb0ef53""}",2026-07-23T06:25:49.909734434Z
"2026-07-23T06:25:47.430Z [[34mdebug[39m] Skipping echo message {""service"":""mqtt-publisher-lite"",""topic"":""proof.mqtt/DEVICE-13/gmb"",""age"":""1ms""}",info,"{""level"":""info""}","{""project"":""90a47e04-a329-4122-9c82-2ee75a4562c2"",""environment"":""f6319bd4-2e87-40d4-8547-4ce714038bc1"",""service"":""c236b8cb-3eff-45c5-aca0-23e73e33dc8d"",""deployment"":""69394420-c732-4ebe-a5fd-54c2d5628ea7"",""replica"":""7fc15fda-5103-4647-b7c4-6251ceb0ef53""}",2026-07-23T06:25:49.909739794Z
"2026-07-23T06:25:47.430Z [[34mdebug[39m] Screen message received {""service"":""mqtt-publisher-lite"",""topic"":""proof.mqtt/DEVICE-13/gmb"",""screen"":""gmb""}",info,"{""level"":""info""}","{""project"":""90a47e04-a329-4122-9c82-2ee75a4562c2"",""environment"":""f6319bd4-2e87-40d4-8547-4ce714038bc1"",""service"":""c236b8cb-3eff-45c5-aca0-23e73e33dc8d"",""deployment"":""69394420-c732-4ebe-a5fd-54c2d5628ea7"",""replica"":""7fc15fda-5103-4647-b7c4-6251ceb0ef53""}",2026-07-23T06:25:49.909742874Z
"2026-07-23T06:25:47.529Z [[32minfo[39m] [STIM_GMB] Published {""service"":""mqtt-publisher-lite"",""deviceId"":""DEVICE-13"",""reviews"":14,""target"":100,""mode"":""synthetic"",""celebration"":""false"",""done"":false}",info,"{""level"":""info""}","{""project"":""90a47e04-a329-4122-9c82-2ee75a4562c2"",""environment"":""f6319bd4-2e87-40d4-8547-4ce714038bc1"",""service"":""c236b8cb-3eff-45c5-aca0-23e73e33dc8d"",""deployment"":""69394420-c732-4ebe-a5fd-54c2d5628ea7"",""replica"":""7fc15fda-5103-4647-b7c4-6251ceb0ef53""}",2026-07-23T06:25:49.909746144Z
"2026-07-23T06:25:59.193Z [[32minfo[39m] 📤 QoS 1 message sent {""service"":""mqtt-publisher-lite"",""messageId"":44687,""topic"":""proof.mqtt/DEVICE-15/instagram"",""qos"":1}",info,"{""level"":""info""}","{""project"":""90a47e04-a329-4122-9c82-2ee75a4562c2"",""environment"":""f6319bd4-2e87-40d4-8547-4ce714038bc1"",""service"":""c236b8cb-3eff-45c5-aca0-23e73e33dc8d"",""deployment"":""69394420-c732-4ebe-a5fd-54c2d5628ea7"",""replica"":""7fc15fda-5103-4647-b7c4-6251ceb0ef53""}",2026-07-23T06:25:59.210857651Z
"2026-07-23T06:25:59.193Z [[32minfo[39m] ⏱️ Tracking QoS 1 message (30s timeout) {""service"":""mqtt-publisher-lite"",""deviceId"":""DEVICE-15"",""messageId"":44687,""topic"":""proof.mqtt/DEVICE-15/instagram"",""pendingCount"":1}",info,"{""level"":""info""}","{""project"":""90a47e04-a329-4122-9c82-2ee75a4562c2"",""environment"":""f6319bd4-2e87-40d4-8547-4ce714038bc1"",""service"":""c236b8cb-3eff-45c5-aca0-23e73e33dc8d"",""deployment"":""69394420-c732-4ebe-a5fd-54c2d5628ea7"",""replica"":""7fc15fda-5103-4647-b7c4-6251ceb0ef53""}",2026-07-23T06:25:59.210865721Z
"2026-07-23T06:25:59.405Z [[34mdebug[39m] Screen message received {""service"":""mqtt-publisher-lite"",""topic"":""proof.mqtt/DEVICE-15/instagram"",""screen"":""instagram""}",info,"{""level"":""info""}","{""project"":""90a47e04-a329-4122-9c82-2ee75a4562c2"",""environment"":""f6319bd4-2e87-40d4-8547-4ce714038bc1"",""service"":""c236b8cb-3eff-45c5-aca0-23e73e33dc8d"",""deployment"":""69394420-c732-4ebe-a5fd-54c2d5628ea7"",""replica"":""7fc15fda-5103-4647-b7c4-6251ceb0ef53""}",2026-07-23T06:25:59.459840555Z
"2026-07-23T06:25:59.294Z [[32minfo[39m] 📤 QoS 1 message sent {""service"":""mqtt-publisher-lite"",""messageId"":44688,""topic"":""proof.mqtt/DEVICE-15/gmb"",""qos"":1}",info,"{""level"":""info""}","{""project"":""90a47e04-a329-4122-9c82-2ee75a4562c2"",""environment"":""f6319bd4-2e87-40d4-8547-4ce714038bc1"",""service"":""c236b8cb-3eff-45c5-aca0-23e73e33dc8d"",""deployment"":""69394420-c732-4ebe-a5fd-54c2d5628ea7"",""replica"":""7fc15fda-5103-4647-b7c4-6251ceb0ef53""}",2026-07-23T06:25:59.460199512Z
"2026-07-23T06:25:59.295Z [[32minfo[39m] ⏱️ Tracking QoS 1 message (30s timeout) {""service"":""mqtt-publisher-lite"",""deviceId"":""DEVICE-15"",""messageId"":44688,""topic"":""proof.mqtt/DEVICE-15/gmb"",""pendingCount"":2}",info,"{""level"":""info""}","{""project"":""90a47e04-a329-4122-9c82-2ee75a4562c2"",""environment"":""f6319bd4-2e87-40d4-8547-4ce714038bc1"",""service"":""c236b8cb-3eff-45c5-aca0-23e73e33dc8d"",""deployment"":""69394420-c732-4ebe-a5fd-54c2d5628ea7"",""replica"":""7fc15fda-5103-4647-b7c4-6251ceb0ef53""}",2026-07-23T06:25:59.460203262Z
"2026-07-23T06:25:59.403Z [[32minfo[39m] ✅ PUBACK received {""service"":""mqtt-publisher-lite"",""messageId"":44687}",info,"{""level"":""info""}","{""project"":""90a47e04-a329-4122-9c82-2ee75a4562c2"",""environment"":""f6319bd4-2e87-40d4-8547-4ce714038bc1"",""service"":""c236b8cb-3eff-45c5-aca0-23e73e33dc8d"",""deployment"":""69394420-c732-4ebe-a5fd-54c2d5628ea7"",""replica"":""7fc15fda-5103-4647-b7c4-6251ceb0ef53""}",2026-07-23T06:25:59.460207272Z
"2026-07-23T06:25:59.404Z [[32minfo[39m] ✅ QoS 1 PUBACK confirmed {""service"":""mqtt-publisher-lite"",""deviceId"":""DEVICE-15"",""messageId"":44687,""deliveryTime"":""211ms"",""pendingCount"":1}",info,"{""level"":""info""}","{""project"":""90a47e04-a329-4122-9c82-2ee75a4562c2"",""environment"":""f6319bd4-2e87-40d4-8547-4ce714038bc1"",""service"":""c236b8cb-3eff-45c5-aca0-23e73e33dc8d"",""deployment"":""69394420-c732-4ebe-a5fd-54c2d5628ea7"",""replica"":""7fc15fda-5103-4647-b7c4-6251ceb0ef53""}",2026-07-23T06:25:59.460211002Z
"2026-07-23T06:25:59.404Z [[34mdebug[39m] ✅ [LIFECYCLE:PUBACK_OK] Device confirmed message receipt {""service"":""mqtt-publisher-lite"",""deviceId"":""DEVICE-15""}",info,"{""level"":""info""}","{""project"":""90a47e04-a329-4122-9c82-2ee75a4562c2"",""environment"":""f6319bd4-2e87-40d4-8547-4ce714038bc1"",""service"":""c236b8cb-3eff-45c5-aca0-23e73e33dc8d"",""deployment"":""69394420-c732-4ebe-a5fd-54c2d5628ea7"",""replica"":""7fc15fda-5103-4647-b7c4-6251ceb0ef53""}",2026-07-23T06:25:59.460215532Z
"2026-07-23T06:25:59.404Z [[34mdebug[39m] Message published {""service"":""mqtt-publisher-lite"",""topic"":""proof.mqtt/DEVICE-15/instagram"",""qos"":1,""deliveryTime"":""212ms""}",info,"{""level"":""info""}","{""project"":""90a47e04-a329-4122-9c82-2ee75a4562c2"",""environment"":""f6319bd4-2e87-40d4-8547-4ce714038bc1"",""service"":""c236b8cb-3eff-45c5-aca0-23e73e33dc8d"",""deployment"":""69394420-c732-4ebe-a5fd-54c2d5628ea7"",""replica"":""7fc15fda-5103-4647-b7c4-6251ceb0ef53""}",2026-07-23T06:25:59.460219582Z
"2026-07-23T06:25:59.404Z [[34mdebug[39m] Message received {""service"":""mqtt-publisher-lite"",""topic"":""proof.mqtt/DEVICE-15/instagram"",""size"":228,""retain"":false}",info,"{""level"":""info""}","{""project"":""90a47e04-a329-4122-9c82-2ee75a4562c2"",""environment"":""f6319bd4-2e87-40d4-8547-4ce714038bc1"",""service"":""c236b8cb-3eff-45c5-aca0-23e73e33dc8d"",""deployment"":""69394420-c732-4ebe-a5fd-54c2d5628ea7"",""replica"":""7fc15fda-5103-4647-b7c4-6251ceb0ef53""}",2026-07-23T06:25:59.460224952Z
"2026-07-23T06:25:59.404Z [[34mdebug[39m] Skipping echo message {""service"":""mqtt-publisher-lite"",""topic"":""proof.mqtt/DEVICE-15/instagram"",""age"":""0ms""}",info,"{""level"":""info""}","{""project"":""90a47e04-a329-4122-9c82-2ee75a4562c2"",""environment"":""f6319bd4-2e87-40d4-8547-4ce714038bc1"",""service"":""c236b8cb-3eff-45c5-aca0-23e73e33dc8d"",""deployment"":""69394420-c732-4ebe-a5fd-54c2d5628ea7"",""replica"":""7fc15fda-5103-4647-b7c4-6251ceb0ef53""}",2026-07-23T06:25:59.460229232Z
"2026-07-23T06:25:59.503Z [[32minfo[39m] [STIM_IG] Published {""service"":""mqtt-publisher-lite"",""deviceId"":""DEVICE-15"",""followers"":22,""target"":500,""mode"":""synthetic"",""achievement"":25,""celebration"":""false"",""done"":false}",info,"{""level"":""info""}","{""project"":""90a47e04-a329-4122-9c82-2ee75a4562c2"",""environment"":""f6319bd4-2e87-40d4-8547-4ce714038bc1"",""service"":""c236b8cb-3eff-45c5-aca0-23e73e33dc8d"",""deployment"":""69394420-c732-4ebe-a5fd-54c2d5628ea7"",""replica"":""7fc15fda-5103-4647-b7c4-6251ceb0ef53""}",2026-07-23T06:25:59.521817148Z
"2026-07-23T06:25:59.505Z [[32minfo[39m] ✅ PUBACK received {""service"":""mqtt-publisher-lite"",""messageId"":44688}",info,"{""level"":""info""}","{""project"":""90a47e04-a329-4122-9c82-2ee75a4562c2"",""environment"":""f6319bd4-2e87-40d4-8547-4ce714038bc1"",""service"":""c236b8cb-3eff-45c5-aca0-23e73e33dc8d"",""deployment"":""69394420-c732-4ebe-a5fd-54c2d5628ea7"",""replica"":""7fc15fda-5103-4647-b7c4-6251ceb0ef53""}",2026-07-23T06:25:59.521823608Z
"2026-07-23T06:25:59.505Z [[32minfo[39m] ✅ QoS 1 PUBACK confirmed {""service"":""mqtt-publisher-lite"",""deviceId"":""DEVICE-15"",""messageId"":44688,""deliveryTime"":""210ms"",""pendingCount"":0}",info,"{""level"":""info""}","{""project"":""90a47e04-a329-4122-9c82-2ee75a4562c2"",""environment"":""f6319bd4-2e87-40d4-8547-4ce714038bc1"",""service"":""c236b8cb-3eff-45c5-aca0-23e73e33dc8d"",""deployment"":""69394420-c732-4ebe-a5fd-54c2d5628ea7"",""replica"":""7fc15fda-5103-4647-b7c4-6251ceb0ef53""}",2026-07-23T06:25:59.521827888Z
"2026-07-23T06:25:59.505Z [[34mdebug[39m] ✅ [LIFECYCLE:PUBACK_OK] Device confirmed message receipt {""service"":""mqtt-publisher-lite"",""deviceId"":""DEVICE-15""}",info,"{""level"":""info""}","{""project"":""90a47e04-a329-4122-9c82-2ee75a4562c2"",""environment"":""f6319bd4-2e87-40d4-8547-4ce714038bc1"",""service"":""c236b8cb-3eff-45c5-aca0-23e73e33dc8d"",""deployment"":""69394420-c732-4ebe-a5fd-54c2d5628ea7"",""replica"":""7fc15fda-5103-4647-b7c4-6251ceb0ef53""}",2026-07-23T06:25:59.521831448Z
"2026-07-23T06:25:59.505Z [[34mdebug[39m] Message published {""service"":""mqtt-publisher-lite"",""topic"":""proof.mqtt/DEVICE-15/gmb"",""qos"":1,""deliveryTime"":""211ms""}",info,"{""level"":""info""}","{""project"":""90a47e04-a329-4122-9c82-2ee75a4562c2"",""environment"":""f6319bd4-2e87-40d4-8547-4ce714038bc1"",""service"":""c236b8cb-3eff-45c5-aca0-23e73e33dc8d"",""deployment"":""69394420-c732-4ebe-a5fd-54c2d5628ea7"",""replica"":""7fc15fda-5103-4647-b7c4-6251ceb0ef53""}",2026-07-23T06:25:59.521834978Z
"2026-07-23T06:25:59.506Z [[34mdebug[39m] Message received {""service"":""mqtt-publisher-lite"",""topic"":""proof.mqtt/DEVICE-15/gmb"",""size"":272,""retain"":false}",info,"{""level"":""info""}","{""project"":""90a47e04-a329-4122-9c82-2ee75a4562c2"",""environment"":""f6319bd4-2e87-40d4-8547-4ce714038bc1"",""service"":""c236b8cb-3eff-45c5-aca0-23e73e33dc8d"",""deployment"":""69394420-c732-4ebe-a5fd-54c2d5628ea7"",""replica"":""7fc15fda-5103-4647-b7c4-6251ceb0ef53""}",2026-07-23T06:25:59.521838518Z
"2026-07-23T06:25:59.506Z [[34mdebug[39m] Skipping echo message {""service"":""mqtt-publisher-lite"",""topic"":""proof.mqtt/DEVICE-15/gmb"",""age"":""1ms""}",info,"{""level"":""info""}","{""project"":""90a47e04-a329-4122-9c82-2ee75a4562c2"",""environment"":""f6319bd4-2e87-40d4-8547-4ce714038bc1"",""service"":""c236b8cb-3eff-45c5-aca0-23e73e33dc8d"",""deployment"":""69394420-c732-4ebe-a5fd-54c2d5628ea7"",""replica"":""7fc15fda-5103-4647-b7c4-6251ceb0ef53""}",2026-07-23T06:25:59.521841828Z
"2026-07-23T06:25:59.506Z [[34mdebug[39m] Screen message received {""service"":""mqtt-publisher-lite"",""topic"":""proof.mqtt/DEVICE-15/gmb"",""screen"":""gmb""}",info,"{""level"":""info""}","{""project"":""90a47e04-a329-4122-9c82-2ee75a4562c2"",""environment"":""f6319bd4-2e87-40d4-8547-4ce714038bc1"",""service"":""c236b8cb-3eff-45c5-aca0-23e73e33dc8d"",""deployment"":""69394420-c732-4ebe-a5fd-54c2d5628ea7"",""replica"":""7fc15fda-5103-4647-b7c4-6251ceb0ef53""}",2026-07-23T06:25:59.521846418Z
"2026-07-23T06:25:59.605Z [[32minfo[39m] [STIM_GMB] Published {""service"":""mqtt-publisher-lite"",""deviceId"":""DEVICE-15"",""reviews"":20,""target"":100,""mode"":""synthetic"",""celebration"":""true"",""done"":false}",info,"{""level"":""info""}","{""project"":""90a47e04-a329-4122-9c82-2ee75a4562c2"",""environment"":""f6319bd4-2e87-40d4-8547-4ce714038bc1"",""service"":""c236b8cb-3eff-45c5-aca0-23e73e33dc8d"",""deployment"":""69394420-c732-4ebe-a5fd-54c2d5628ea7"",""replica"":""7fc15fda-5103-4647-b7c4-6251ceb0ef53""}",2026-07-23T06:25:59.612536664Z
"2026-07-23T06:26:17.107Z [[32minfo[39m] 📤 QoS 1 message sent {""service"":""mqtt-publisher-lite"",""messageId"":44689,""topic"":""proof.mqtt/DEVICE-13/instagram"",""qos"":1}",info,"{""level"":""info""}","{""project"":""90a47e04-a329-4122-9c82-2ee75a4562c2"",""environment"":""f6319bd4-2e87-40d4-8547-4ce714038bc1"",""service"":""c236b8cb-3eff-45c5-aca0-23e73e33dc8d"",""deployment"":""69394420-c732-4ebe-a5fd-54c2d5628ea7"",""replica"":""7fc15fda-5103-4647-b7c4-6251ceb0ef53""}",2026-07-23T06:26:19.307505571Z
"2026-07-23T06:26:17.108Z [[32minfo[39m] ⏱️ Tracking QoS 1 message (30s timeout) {""service"":""mqtt-publisher-lite"",""deviceId"":""DEVICE-13"",""messageId"":44689,""topic"":""proof.mqtt/DEVICE-13/instagram"",""pendingCount"":1}",info,"{""level"":""info""}","{""project"":""90a47e04-a329-4122-9c82-2ee75a4562c2"",""environment"":""f6319bd4-2e87-40d4-8547-4ce714038bc1"",""service"":""c236b8cb-3eff-45c5-aca0-23e73e33dc8d"",""deployment"":""69394420-c732-4ebe-a5fd-54c2d5628ea7"",""replica"":""7fc15fda-5103-4647-b7c4-6251ceb0ef53""}",2026-07-23T06:26:19.307511361Z
"2026-07-23T06:26:17.218Z [[32minfo[39m] 📤 QoS 1 message sent {""service"":""mqtt-publisher-lite"",""messageId"":44690,""topic"":""proof.mqtt/DEVICE-13/gmb"",""qos"":1}",info,"{""level"":""info""}","{""project"":""90a47e04-a329-4122-9c82-2ee75a4562c2"",""environment"":""f6319bd4-2e87-40d4-8547-4ce714038bc1"",""service"":""c236b8cb-3eff-45c5-aca0-23e73e33dc8d"",""deployment"":""69394420-c732-4ebe-a5fd-54c2d5628ea7"",""replica"":""7fc15fda-5103-4647-b7c4-6251ceb0ef53""}",2026-07-23T06:26:19.307520471Z
"2026-07-23T06:26:17.218Z [[32minfo[39m] ⏱️ Tracking QoS 1 message (30s timeout) {""service"":""mqtt-publisher-lite"",""deviceId"":""DEVICE-13"",""messageId"":44690,""topic"":""proof.mqtt/DEVICE-13/gmb"",""pendingCount"":2}",info,"{""level"":""info""}","{""project"":""90a47e04-a329-4122-9c82-2ee75a4562c2"",""environment"":""f6319bd4-2e87-40d4-8547-4ce714038bc1"",""service"":""c236b8cb-3eff-45c5-aca0-23e73e33dc8d"",""deployment"":""69394420-c732-4ebe-a5fd-54c2d5628ea7"",""replica"":""7fc15fda-5103-4647-b7c4-6251ceb0ef53""}",2026-07-23T06:26:19.307525041Z
"2026-07-23T06:26:17.318Z [[32minfo[39m] ✅ PUBACK received {""service"":""mqtt-publisher-lite"",""messageId"":44689}",info,"{""level"":""info""}","{""project"":""90a47e04-a329-4122-9c82-2ee75a4562c2"",""environment"":""f6319bd4-2e87-40d4-8547-4ce714038bc1"",""service"":""c236b8cb-3eff-45c5-aca0-23e73e33dc8d"",""deployment"":""69394420-c732-4ebe-a5fd-54c2d5628ea7"",""replica"":""7fc15fda-5103-4647-b7c4-6251ceb0ef53""}",2026-07-23T06:26:19.307528711Z
"2026-07-23T06:26:17.318Z [[32minfo[39m] ✅ QoS 1 PUBACK confirmed {""service"":""mqtt-publisher-lite"",""deviceId"":""DEVICE-13"",""messageId"":44689,""deliveryTime"":""210ms"",""pendingCount"":1}",info,"{""level"":""info""}","{""project"":""90a47e04-a329-4122-9c82-2ee75a4562c2"",""environment"":""f6319bd4-2e87-40d4-8547-4ce714038bc1"",""service"":""c236b8cb-3eff-45c5-aca0-23e73e33dc8d"",""deployment"":""69394420-c732-4ebe-a5fd-54c2d5628ea7"",""replica"":""7fc15fda-5103-4647-b7c4-6251ceb0ef53""}",2026-07-23T06:26:19.307532491Z
"2026-07-23T06:26:17.318Z [[34mdebug[39m] ✅ [LIFECYCLE:PUBACK_OK] Device confirmed message receipt {""service"":""mqtt-publisher-lite"",""deviceId"":""DEVICE-13""}",info,"{""level"":""info""}","{""project"":""90a47e04-a329-4122-9c82-2ee75a4562c2"",""environment"":""f6319bd4-2e87-40d4-8547-4ce714038bc1"",""service"":""c236b8cb-3eff-45c5-aca0-23e73e33dc8d"",""deployment"":""69394420-c732-4ebe-a5fd-54c2d5628ea7"",""replica"":""7fc15fda-5103-4647-b7c4-6251ceb0ef53""}",2026-07-23T06:26:19.307536021Z
"2026-07-23T06:26:17.318Z [[34mdebug[39m] Message published {""service"":""mqtt-publisher-lite"",""topic"":""proof.mqtt/DEVICE-13/instagram"",""qos"":1,""deliveryTime"":""211ms""}",info,"{""level"":""info""}","{""project"":""90a47e04-a329-4122-9c82-2ee75a4562c2"",""environment"":""f6319bd4-2e87-40d4-8547-4ce714038bc1"",""service"":""c236b8cb-3eff-45c5-aca0-23e73e33dc8d"",""deployment"":""69394420-c732-4ebe-a5fd-54c2d5628ea7"",""replica"":""7fc15fda-5103-4647-b7c4-6251ceb0ef53""}",2026-07-23T06:26:19.307539651Z
"2026-07-23T06:26:17.319Z [[34mdebug[39m] Message received {""service"":""mqtt-publisher-lite"",""topic"":""proof.mqtt/DEVICE-13/instagram"",""size"":228,""retain"":false}",info,"{""level"":""info""}","{""project"":""90a47e04-a329-4122-9c82-2ee75a4562c2"",""environment"":""f6319bd4-2e87-40d4-8547-4ce714038bc1"",""service"":""c236b8cb-3eff-45c5-aca0-23e73e33dc8d"",""deployment"":""69394420-c732-4ebe-a5fd-54c2d5628ea7"",""replica"":""7fc15fda-5103-4647-b7c4-6251ceb0ef53""}",2026-07-23T06:26:19.307542501Z
"2026-07-23T06:26:17.319Z [[34mdebug[39m] Skipping echo message {""service"":""mqtt-publisher-lite"",""topic"":""proof.mqtt/DEVICE-13/instagram"",""age"":""1ms""}",info,"{""level"":""info""}","{""project"":""90a47e04-a329-4122-9c82-2ee75a4562c2"",""environment"":""f6319bd4-2e87-40d4-8547-4ce714038bc1"",""service"":""c236b8cb-3eff-45c5-aca0-23e73e33dc8d"",""deployment"":""69394420-c732-4ebe-a5fd-54c2d5628ea7"",""replica"":""7fc15fda-5103-4647-b7c4-6251ceb0ef53""}",2026-07-23T06:26:19.307545441Z
"2026-07-23T06:26:17.319Z [[34mdebug[39m] Screen message received {""service"":""mqtt-publisher-lite"",""topic"":""proof.mqtt/DEVICE-13/instagram"",""screen"":""instagram""}",info,"{""level"":""info""}","{""project"":""90a47e04-a329-4122-9c82-2ee75a4562c2"",""environment"":""f6319bd4-2e87-40d4-8547-4ce714038bc1"",""service"":""c236b8cb-3eff-45c5-aca0-23e73e33dc8d"",""deployment"":""69394420-c732-4ebe-a5fd-54c2d5628ea7"",""replica"":""7fc15fda-5103-4647-b7c4-6251ceb0ef53""}",2026-07-23T06:26:19.308747992Z
"2026-07-23T06:26:17.418Z [[32minfo[39m] [STIM_IG] Published {""service"":""mqtt-publisher-lite"",""deviceId"":""DEVICE-13"",""followers"":17,""target"":500,""mode"":""synthetic"",""achievement"":20,""celebration"":""false"",""done"":false}",info,"{""level"":""info""}","{""project"":""90a47e04-a329-4122-9c82-2ee75a4562c2"",""environment"":""f6319bd4-2e87-40d4-8547-4ce714038bc1"",""service"":""c236b8cb-3eff-45c5-aca0-23e73e33dc8d"",""deployment"":""69394420-c732-4ebe-a5fd-54c2d5628ea7"",""replica"":""7fc15fda-5103-4647-b7c4-6251ceb0ef53""}",2026-07-23T06:26:19.308753792Z
"2026-07-23T06:26:17.429Z [[32minfo[39m] ✅ PUBACK received {""service"":""mqtt-publisher-lite"",""messageId"":44690}",info,"{""level"":""info""}","{""project"":""90a47e04-a329-4122-9c82-2ee75a4562c2"",""environment"":""f6319bd4-2e87-40d4-8547-4ce714038bc1"",""service"":""c236b8cb-3eff-45c5-aca0-23e73e33dc8d"",""deployment"":""69394420-c732-4ebe-a5fd-54c2d5628ea7"",""replica"":""7fc15fda-5103-4647-b7c4-6251ceb0ef53""}",2026-07-23T06:26:19.308758362Z
"2026-07-23T06:26:17.429Z [[32minfo[39m] ✅ QoS 1 PUBACK confirmed {""service"":""mqtt-publisher-lite"",""deviceId"":""DEVICE-13"",""messageId"":44690,""deliveryTime"":""211ms"",""pendingCount"":0}",info,"{""level"":""info""}","{""project"":""90a47e04-a329-4122-9c82-2ee75a4562c2"",""environment"":""f6319bd4-2e87-40d4-8547-4ce714038bc1"",""service"":""c236b8cb-3eff-45c5-aca0-23e73e33dc8d"",""deployment"":""69394420-c732-4ebe-a5fd-54c2d5628ea7"",""replica"":""7fc15fda-5103-4647-b7c4-6251ceb0ef53""}",2026-07-23T06:26:19.308762362Z
"2026-07-23T06:26:17.429Z [[34mdebug[39m] ✅ [LIFECYCLE:PUBACK_OK] Device confirmed message receipt {""service"":""mqtt-publisher-lite"",""deviceId"":""DEVICE-13""}",info,"{""level"":""info""}","{""project"":""90a47e04-a329-4122-9c82-2ee75a4562c2"",""environment"":""f6319bd4-2e87-40d4-8547-4ce714038bc1"",""service"":""c236b8cb-3eff-45c5-aca0-23e73e33dc8d"",""deployment"":""69394420-c732-4ebe-a5fd-54c2d5628ea7"",""replica"":""7fc15fda-5103-4647-b7c4-6251ceb0ef53""}",2026-07-23T06:26:19.308767052Z
"2026-07-23T06:26:17.429Z [[34mdebug[39m] Message published {""service"":""mqtt-publisher-lite"",""topic"":""proof.mqtt/DEVICE-13/gmb"",""qos"":1,""deliveryTime"":""211ms""}",info,"{""level"":""info""}","{""project"":""90a47e04-a329-4122-9c82-2ee75a4562c2"",""environment"":""f6319bd4-2e87-40d4-8547-4ce714038bc1"",""service"":""c236b8cb-3eff-45c5-aca0-23e73e33dc8d"",""deployment"":""69394420-c732-4ebe-a5fd-54c2d5628ea7"",""replica"":""7fc15fda-5103-4647-b7c4-6251ceb0ef53""}",2026-07-23T06:26:19.308770952Z
"2026-07-23T06:26:17.429Z [[34mdebug[39m] Message received {""service"":""mqtt-publisher-lite"",""topic"":""proof.mqtt/DEVICE-13/gmb"",""size"":272,""retain"":false}",info,"{""level"":""info""}","{""project"":""90a47e04-a329-4122-9c82-2ee75a4562c2"",""environment"":""f6319bd4-2e87-40d4-8547-4ce714038bc1"",""service"":""c236b8cb-3eff-45c5-aca0-23e73e33dc8d"",""deployment"":""69394420-c732-4ebe-a5fd-54c2d5628ea7"",""replica"":""7fc15fda-5103-4647-b7c4-6251ceb0ef53""}",2026-07-23T06:26:19.308774882Z
"2026-07-23T06:26:17.429Z [[34mdebug[39m] Skipping echo message {""service"":""mqtt-publisher-lite"",""topic"":""proof.mqtt/DEVICE-13/gmb"",""age"":""0ms""}",info,"{""level"":""info""}","{""project"":""90a47e04-a329-4122-9c82-2ee75a4562c2"",""environment"":""f6319bd4-2e87-40d4-8547-4ce714038bc1"",""service"":""c236b8cb-3eff-45c5-aca0-23e73e33dc8d"",""deployment"":""69394420-c732-4ebe-a5fd-54c2d5628ea7"",""replica"":""7fc15fda-5103-4647-b7c4-6251ceb0ef53""}",2026-07-23T06:26:19.308778642Z
"2026-07-23T06:26:17.429Z [[34mdebug[39m] Screen message received {""service"":""mqtt-publisher-lite"",""topic"":""proof.mqtt/DEVICE-13/gmb"",""screen"":""gmb""}",info,"{""level"":""info""}","{""project"":""90a47e04-a329-4122-9c82-2ee75a4562c2"",""environment"":""f6319bd4-2e87-40d4-8547-4ce714038bc1"",""service"":""c236b8cb-3eff-45c5-aca0-23e73e33dc8d"",""deployment"":""69394420-c732-4ebe-a5fd-54c2d5628ea7"",""replica"":""7fc15fda-5103-4647-b7c4-6251ceb0ef53""}",2026-07-23T06:26:19.308782252Z
"2026-07-23T06:26:17.529Z [[32minfo[39m] [STIM_GMB] Published {""service"":""mqtt-publisher-lite"",""deviceId"":""DEVICE-13"",""reviews"":15,""target"":100,""mode"":""synthetic"",""celebration"":""true"",""done"":false}",info,"{""level"":""info""}","{""project"":""90a47e04-a329-4122-9c82-2ee75a4562c2"",""environment"":""f6319bd4-2e87-40d4-8547-4ce714038bc1"",""service"":""c236b8cb-3eff-45c5-aca0-23e73e33dc8d"",""deployment"":""69394420-c732-4ebe-a5fd-54c2d5628ea7"",""replica"":""7fc15fda-5103-4647-b7c4-6251ceb0ef53""}",2026-07-23T06:26:19.308786142Z
"2026-07-23T06:26:29.100Z [[32minfo[39m] 📤 [PUBLISH_CYCLE] Starting publish cycle {""service"":""mqtt-publisher-lite"",""deviceCount"":4,""source"":""redis"",""devices"":[{""id"":""DEVICE-17"",""userId"":""(none)"",""lastSeen"":""2026-07-23T06:24:29.410Z""},{""id"":""DEVICE-15"",""userId"":""68d3753f9f99d6b73ae2d991"",""lastSeen"":""2026-07-23T06:25:59.505Z""},{""id"":""DEVICE-13"",""userId"":""6937af58f950f0f5356a1599"",""lastSeen"":""2026-07-23T06:26:17.429Z""},{""id"":""DEVICE-19"",""userId"":""68d3753f9f99d6b73ae2d991"",""lastSeen"":""2026-07-23T06:22:19.415Z""}]}",info,"{""level"":""info""}","{""project"":""90a47e04-a329-4122-9c82-2ee75a4562c2"",""environment"":""f6319bd4-2e87-40d4-8547-4ce714038bc1"",""service"":""c236b8cb-3eff-45c5-aca0-23e73e33dc8d"",""deployment"":""69394420-c732-4ebe-a5fd-54c2d5628ea7"",""replica"":""7fc15fda-5103-4647-b7c4-6251ceb0ef53""}",2026-07-23T06:26:29.121035834Z
"2026-07-23T06:26:29.192Z [[32minfo[39m] 📤 QoS 1 message sent {""service"":""mqtt-publisher-lite"",""messageId"":44691,""topic"":""proof.mqtt/DEVICE-15/instagram"",""qos"":1}",info,"{""level"":""info""}","{""project"":""90a47e04-a329-4122-9c82-2ee75a4562c2"",""environment"":""f6319bd4-2e87-40d4-8547-4ce714038bc1"",""service"":""c236b8cb-3eff-45c5-aca0-23e73e33dc8d"",""deployment"":""69394420-c732-4ebe-a5fd-54c2d5628ea7"",""replica"":""7fc15fda-5103-4647-b7c4-6251ceb0ef53""}",2026-07-23T06:26:29.208744566Z
"2026-07-23T06:26:29.193Z [[32minfo[39m] ⏱️ Tracking QoS 1 message (30s timeout) {""service"":""mqtt-publisher-lite"",""deviceId"":""DEVICE-15"",""messageId"":44691,""topic"":""proof.mqtt/DEVICE-15/instagram"",""pendingCount"":1}",info,"{""level"":""info""}","{""project"":""90a47e04-a329-4122-9c82-2ee75a4562c2"",""environment"":""f6319bd4-2e87-40d4-8547-4ce714038bc1"",""service"":""c236b8cb-3eff-45c5-aca0-23e73e33dc8d"",""deployment"":""69394420-c732-4ebe-a5fd-54c2d5628ea7"",""replica"":""7fc15fda-5103-4647-b7c4-6251ceb0ef53""}",2026-07-23T06:26:29.208748316Z
"2026-07-23T06:26:29.199Z [[32minfo[39m] 📤 QoS 1 message sent {""service"":""mqtt-publisher-lite"",""messageId"":44692,""topic"":""proof.mqtt/DEVICE-17/test-gmb"",""qos"":1}",info,"{""level"":""info""}","{""project"":""90a47e04-a329-4122-9c82-2ee75a4562c2"",""environment"":""f6319bd4-2e87-40d4-8547-4ce714038bc1"",""service"":""c236b8cb-3eff-45c5-aca0-23e73e33dc8d"",""deployment"":""69394420-c732-4ebe-a5fd-54c2d5628ea7"",""replica"":""7fc15fda-5103-4647-b7c4-6251ceb0ef53""}",2026-07-23T06:26:29.208752216Z
"2026-07-23T06:26:29.199Z [[32minfo[39m] ⏱️ Tracking QoS 1 message (30s timeout) {""service"":""mqtt-publisher-lite"",""deviceId"":""DEVICE-17"",""messageId"":44692,""topic"":""proof.mqtt/DEVICE-17/test-gmb"",""pendingCount"":2}",info,"{""level"":""info""}","{""project"":""90a47e04-a329-4122-9c82-2ee75a4562c2"",""environment"":""f6319bd4-2e87-40d4-8547-4ce714038bc1"",""service"":""c236b8cb-3eff-45c5-aca0-23e73e33dc8d"",""deployment"":""69394420-c732-4ebe-a5fd-54c2d5628ea7"",""replica"":""7fc15fda-5103-4647-b7c4-6251ceb0ef53""}",2026-07-23T06:26:29.208755966Z
"2026-07-23T06:26:29.294Z [[32minfo[39m] 📤 QoS 1 message sent {""service"":""mqtt-publisher-lite"",""messageId"":44693,""topic"":""proof.mqtt/DEVICE-15/gmb"",""qos"":1}",info,"{""level"":""info""}","{""project"":""90a47e04-a329-4122-9c82-2ee75a4562c2"",""environment"":""f6319bd4-2e87-40d4-8547-4ce714038bc1"",""service"":""c236b8cb-3eff-45c5-aca0-23e73e33dc8d"",""deployment"":""69394420-c732-4ebe-a5fd-54c2d5628ea7"",""replica"":""7fc15fda-5103-4647-b7c4-6251ceb0ef53""}",2026-07-23T06:26:29.307001822Z
"2026-07-23T06:26:29.294Z [[32minfo[39m] ⏱️ Tracking QoS 1 message (30s timeout) {""service"":""mqtt-publisher-lite"",""deviceId"":""DEVICE-15"",""messageId"":44693,""topic"":""proof.mqtt/DEVICE-15/gmb"",""pendingCount"":3}",info,"{""level"":""info""}","{""project"":""90a47e04-a329-4122-9c82-2ee75a4562c2"",""environment"":""f6319bd4-2e87-40d4-8547-4ce714038bc1"",""service"":""c236b8cb-3eff-45c5-aca0-23e73e33dc8d"",""deployment"":""69394420-c732-4ebe-a5fd-54c2d5628ea7"",""replica"":""7fc15fda-5103-4647-b7c4-6251ceb0ef53""}",2026-07-23T06:26:29.307005092Z
"2026-07-23T06:26:29.403Z [[32minfo[39m] ✅ PUBACK received {""service"":""mqtt-publisher-lite"",""messageId"":44691}",info,"{""level"":""info""}","{""project"":""90a47e04-a329-4122-9c82-2ee75a4562c2"",""environment"":""f6319bd4-2e87-40d4-8547-4ce714038bc1"",""service"":""c236b8cb-3eff-45c5-aca0-23e73e33dc8d"",""deployment"":""69394420-c732-4ebe-a5fd-54c2d5628ea7"",""replica"":""7fc15fda-5103-4647-b7c4-6251ceb0ef53""}",2026-07-23T06:26:29.405788234Z
"2026-07-23T06:26:29.403Z [[32minfo[39m] ✅ QoS 1 PUBACK confirmed {""service"":""mqtt-publisher-lite"",""deviceId"":""DEVICE-15"",""messageId"":44691,""deliveryTime"":""210ms"",""pendingCount"":2}",info,"{""level"":""info""}","{""project"":""90a47e04-a329-4122-9c82-2ee75a4562c2"",""environment"":""f6319bd4-2e87-40d4-8547-4ce714038bc1"",""service"":""c236b8cb-3eff-45c5-aca0-23e73e33dc8d"",""deployment"":""69394420-c732-4ebe-a5fd-54c2d5628ea7"",""replica"":""7fc15fda-5103-4647-b7c4-6251ceb0ef53""}",2026-07-23T06:26:29.405792854Z
"2026-07-23T06:26:29.403Z [[34mdebug[39m] ✅ [LIFECYCLE:PUBACK_OK] Device confirmed message receipt {""service"":""mqtt-publisher-lite"",""deviceId"":""DEVICE-15""}",info,"{""level"":""info""}","{""project"":""90a47e04-a329-4122-9c82-2ee75a4562c2"",""environment"":""f6319bd4-2e87-40d4-8547-4ce714038bc1"",""service"":""c236b8cb-3eff-45c5-aca0-23e73e33dc8d"",""deployment"":""69394420-c732-4ebe-a5fd-54c2d5628ea7"",""replica"":""7fc15fda-5103-4647-b7c4-6251ceb0ef53""}",2026-07-23T06:26:29.405796944Z
"2026-07-23T06:26:29.404Z [[34mdebug[39m] Message published {""service"":""mqtt-publisher-lite"",""topic"":""proof.mqtt/DEVICE-15/instagram"",""qos"":1,""deliveryTime"":""212ms""}",info,"{""level"":""info""}","{""project"":""90a47e04-a329-4122-9c82-2ee75a4562c2"",""environment"":""f6319bd4-2e87-40d4-8547-4ce714038bc1"",""service"":""c236b8cb-3eff-45c5-aca0-23e73e33dc8d"",""deployment"":""69394420-c732-4ebe-a5fd-54c2d5628ea7"",""replica"":""7fc15fda-5103-4647-b7c4-6251ceb0ef53""}",2026-07-23T06:26:29.405800854Z
"2026-07-23T06:26:29.404Z [[34mdebug[39m] Message received {""service"":""mqtt-publisher-lite"",""topic"":""proof.mqtt/DEVICE-15/instagram"",""size"":228,""retain"":false}",info,"{""level"":""info""}","{""project"":""90a47e04-a329-4122-9c82-2ee75a4562c2"",""environment"":""f6319bd4-2e87-40d4-8547-4ce714038bc1"",""service"":""c236b8cb-3eff-45c5-aca0-23e73e33dc8d"",""deployment"":""69394420-c732-4ebe-a5fd-54c2d5628ea7"",""replica"":""7fc15fda-5103-4647-b7c4-6251ceb0ef53""}",2026-07-23T06:26:29.405804724Z
"2026-07-23T06:26:29.404Z [[34mdebug[39m] Skipping echo message {""service"":""mqtt-publisher-lite"",""topic"":""proof.mqtt/DEVICE-15/instagram"",""age"":""0ms""}",info,"{""level"":""info""}","{""project"":""90a47e04-a329-4122-9c82-2ee75a4562c2"",""environment"":""f6319bd4-2e87-40d4-8547-4ce714038bc1"",""service"":""c236b8cb-3eff-45c5-aca0-23e73e33dc8d"",""deployment"":""69394420-c732-4ebe-a5fd-54c2d5628ea7"",""replica"":""7fc15fda-5103-4647-b7c4-6251ceb0ef53""}",2026-07-23T06:26:29.405813064Z
"2026-07-23T06:26:29.405Z [[34mdebug[39m] Screen message received {""service"":""mqtt-publisher-lite"",""topic"":""proof.mqtt/DEVICE-15/instagram"",""screen"":""instagram""}",info,"{""level"":""info""}","{""project"":""90a47e04-a329-4122-9c82-2ee75a4562c2"",""environment"":""f6319bd4-2e87-40d4-8547-4ce714038bc1"",""service"":""c236b8cb-3eff-45c5-aca0-23e73e33dc8d"",""deployment"":""69394420-c732-4ebe-a5fd-54c2d5628ea7"",""replica"":""7fc15fda-5103-4647-b7c4-6251ceb0ef53""}",2026-07-23T06:26:29.405817664Z
"2026-07-23T06:26:29.409Z [[32minfo[39m] ✅ PUBACK received {""service"":""mqtt-publisher-lite"",""messageId"":44692}",info,"{""level"":""info""}","{""project"":""90a47e04-a329-4122-9c82-2ee75a4562c2"",""environment"":""f6319bd4-2e87-40d4-8547-4ce714038bc1"",""service"":""c236b8cb-3eff-45c5-aca0-23e73e33dc8d"",""deployment"":""69394420-c732-4ebe-a5fd-54c2d5628ea7"",""replica"":""7fc15fda-5103-4647-b7c4-6251ceb0ef53""}",2026-07-23T06:26:29.412058028Z
"2026-07-23T06:26:29.409Z [[32minfo[39m] ✅ QoS 1 PUBACK confirmed {""service"":""mqtt-publisher-lite"",""deviceId"":""DEVICE-17"",""messageId"":44692,""deliveryTime"":""210ms"",""pendingCount"":1}",info,"{""level"":""info""}","{""project"":""90a47e04-a329-4122-9c82-2ee75a4562c2"",""environment"":""f6319bd4-2e87-40d4-8547-4ce714038bc1"",""service"":""c236b8cb-3eff-45c5-aca0-23e73e33dc8d"",""deployment"":""69394420-c732-4ebe-a5fd-54c2d5628ea7"",""replica"":""7fc15fda-5103-4647-b7c4-6251ceb0ef53""}",2026-07-23T06:26:29.412063478Z
"2026-07-23T06:26:29.409Z [[34mdebug[39m] ✅ [LIFECYCLE:PUBACK_OK] Device confirmed message receipt {""service"":""mqtt-publisher-lite"",""deviceId"":""DEVICE-17""}",info,"{""level"":""info""}","{""project"":""90a47e04-a329-4122-9c82-2ee75a4562c2"",""environment"":""f6319bd4-2e87-40d4-8547-4ce714038bc1"",""service"":""c236b8cb-3eff-45c5-aca0-23e73e33dc8d"",""deployment"":""69394420-c732-4ebe-a5fd-54c2d5628ea7"",""replica"":""7fc15fda-5103-4647-b7c4-6251ceb0ef53""}",2026-07-23T06:26:29.412067378Z
"2026-07-23T06:26:29.410Z [[34mdebug[39m] Message published {""service"":""mqtt-publisher-lite"",""topic"":""proof.mqtt/DEVICE-17/test-gmb"",""qos"":1,""deliveryTime"":""211ms""}",info,"{""level"":""info""}","{""project"":""90a47e04-a329-4122-9c82-2ee75a4562c2"",""environment"":""f6319bd4-2e87-40d4-8547-4ce714038bc1"",""service"":""c236b8cb-3eff-45c5-aca0-23e73e33dc8d"",""deployment"":""69394420-c732-4ebe-a5fd-54c2d5628ea7"",""replica"":""7fc15fda-5103-4647-b7c4-6251ceb0ef53""}",2026-07-23T06:26:29.412070728Z
"2026-07-23T06:26:29.410Z [[34mdebug[39m] Published test-gmb screen {""service"":""mqtt-publisher-lite"",""deviceId"":""DEVICE-17"",""reviews"":513,""milestone"":515}",info,"{""level"":""info""}","{""project"":""90a47e04-a329-4122-9c82-2ee75a4562c2"",""environment"":""f6319bd4-2e87-40d4-8547-4ce714038bc1"",""service"":""c236b8cb-3eff-45c5-aca0-23e73e33dc8d"",""deployment"":""69394420-c732-4ebe-a5fd-54c2d5628ea7"",""replica"":""7fc15fda-5103-4647-b7c4-6251ceb0ef53""}",2026-07-23T06:26:29.412073968Z
"2026-07-23T06:26:29.510Z [[32minfo[39m] [STIM_IG] Published {""service"":""mqtt-publisher-lite"",""deviceId"":""DEVICE-15"",""followers"":23,""target"":500,""mode"":""synthetic"",""achievement"":25,""celebration"":""false"",""done"":false}",info,"{""level"":""info""}","{""project"":""90a47e04-a329-4122-9c82-2ee75a4562c2"",""environment"":""f6319bd4-2e87-40d4-8547-4ce714038bc1"",""service"":""c236b8cb-3eff-45c5-aca0-23e73e33dc8d"",""deployment"":""69394420-c732-4ebe-a5fd-54c2d5628ea7"",""replica"":""7fc15fda-5103-4647-b7c4-6251ceb0ef53""}",2026-07-23T06:26:29.512924785Z
"2026-07-23T06:26:29.510Z [[32minfo[39m] ✅ PUBACK received {""service"":""mqtt-publisher-lite"",""messageId"":44693}",info,"{""level"":""info""}","{""project"":""90a47e04-a329-4122-9c82-2ee75a4562c2"",""environment"":""f6319bd4-2e87-40d4-8547-4ce714038bc1"",""service"":""c236b8cb-3eff-45c5-aca0-23e73e33dc8d"",""deployment"":""69394420-c732-4ebe-a5fd-54c2d5628ea7"",""replica"":""7fc15fda-5103-4647-b7c4-6251ceb0ef53""}",2026-07-23T06:26:29.512929645Z
"2026-07-23T06:26:29.510Z [[32minfo[39m] ✅ QoS 1 PUBACK confirmed {""service"":""mqtt-publisher-lite"",""deviceId"":""DEVICE-15"",""messageId"":44693,""deliveryTime"":""216ms"",""pendingCount"":0}",info,"{""level"":""info""}","{""project"":""90a47e04-a329-4122-9c82-2ee75a4562c2"",""environment"":""f6319bd4-2e87-40d4-8547-4ce714038bc1"",""service"":""c236b8cb-3eff-45c5-aca0-23e73e33dc8d"",""deployment"":""69394420-c732-4ebe-a5fd-54c2d5628ea7"",""replica"":""7fc15fda-5103-4647-b7c4-6251ceb0ef53""}",2026-07-23T06:26:29.512933085Z
"2026-07-23T06:26:29.510Z [[34mdebug[39m] ✅ [LIFECYCLE:PUBACK_OK] Device confirmed message receipt {""service"":""mqtt-publisher-lite"",""deviceId"":""DEVICE-15""}",info,"{""level"":""info""}","{""project"":""90a47e04-a329-4122-9c82-2ee75a4562c2"",""environment"":""f6319bd4-2e87-40d4-8547-4ce714038bc1"",""service"":""c236b8cb-3eff-45c5-aca0-23e73e33dc8d"",""deployment"":""69394420-c732-4ebe-a5fd-54c2d5628ea7"",""replica"":""7fc15fda-5103-4647-b7c4-6251ceb0ef53""}",2026-07-23T06:26:29.512936375Z
"2026-07-23T06:26:29.510Z [[34mdebug[39m] Message published {""service"":""mqtt-publisher-lite"",""topic"":""proof.mqtt/DEVICE-15/gmb"",""qos"":1,""deliveryTime"":""216ms""}",info,"{""level"":""info""}","{""project"":""90a47e04-a329-4122-9c82-2ee75a4562c2"",""environment"":""f6319bd4-2e87-40d4-8547-4ce714038bc1"",""service"":""c236b8cb-3eff-45c5-aca0-23e73e33dc8d"",""deployment"":""69394420-c732-4ebe-a5fd-54c2d5628ea7"",""replica"":""7fc15fda-5103-4647-b7c4-6251ceb0ef53""}",2026-07-23T06:26:29.512940035Z
"2026-07-23T06:26:29.510Z [[34mdebug[39m] Message received {""service"":""mqtt-publisher-lite"",""topic"":""proof.mqtt/DEVICE-15/gmb"",""size"":246,""retain"":false}",info,"{""level"":""info""}","{""project"":""90a47e04-a329-4122-9c82-2ee75a4562c2"",""environment"":""f6319bd4-2e87-40d4-8547-4ce714038bc1"",""service"":""c236b8cb-3eff-45c5-aca0-23e73e33dc8d"",""deployment"":""69394420-c732-4ebe-a5fd-54c2d5628ea7"",""replica"":""7fc15fda-5103-4647-b7c4-6251ceb0ef53""}",2026-07-23T06:26:29.512943475Z
"2026-07-23T06:26:29.510Z [[34mdebug[39m] Skipping echo message {""service"":""mqtt-publisher-lite"",""topic"":""proof.mqtt/DEVICE-15/gmb"",""age"":""0ms""}",info,"{""level"":""info""}","{""project"":""90a47e04-a329-4122-9c82-2ee75a4562c2"",""environment"":""f6319bd4-2e87-40d4-8547-4ce714038bc1"",""service"":""c236b8cb-3eff-45c5-aca0-23e73e33dc8d"",""deployment"":""69394420-c732-4ebe-a5fd-54c2d5628ea7"",""replica"":""7fc15fda-5103-4647-b7c4-6251ceb0ef53""}",2026-07-23T06:26:29.512946065Z
"2026-07-23T06:26:29.510Z [[34mdebug[39m] Screen message received {""service"":""mqtt-publisher-lite"",""topic"":""proof.mqtt/DEVICE-15/gmb"",""screen"":""gmb""}",info,"{""level"":""info""}","{""project"":""90a47e04-a329-4122-9c82-2ee75a4562c2"",""environment"":""f6319bd4-2e87-40d4-8547-4ce714038bc1"",""service"":""c236b8cb-3eff-45c5-aca0-23e73e33dc8d"",""deployment"":""69394420-c732-4ebe-a5fd-54c2d5628ea7"",""replica"":""7fc15fda-5103-4647-b7c4-6251ceb0ef53""}",2026-07-23T06:26:29.512949285Z
"2026-07-23T06:26:29.550Z [[34mdebug[39m] 📤 [PUBLISH_CYCLE] Publishing all screens to device {""service"":""mqtt-publisher-lite"",""deviceId"":""DEVICE-17""}",info,"{""level"":""info""}","{""project"":""90a47e04-a329-4122-9c82-2ee75a4562c2"",""environment"":""f6319bd4-2e87-40d4-8547-4ce714038bc1"",""service"":""c236b8cb-3eff-45c5-aca0-23e73e33dc8d"",""deployment"":""69394420-c732-4ebe-a5fd-54c2d5628ea7"",""replica"":""7fc15fda-5103-4647-b7c4-6251ceb0ef53""}",2026-07-23T06:26:29.557470301Z
"2026-07-23T06:26:29.620Z [[32minfo[39m] [STIM_GMB] Published {""service"":""mqtt-publisher-lite"",""deviceId"":""DEVICE-15"",""reviews"":21,""target"":100,""mode"":""synthetic"",""celebration"":""false"",""done"":false}",info,"{""level"":""info""}","{""project"":""90a47e04-a329-4122-9c82-2ee75a4562c2"",""environment"":""f6319bd4-2e87-40d4-8547-4ce714038bc1"",""service"":""c236b8cb-3eff-45c5-aca0-23e73e33dc8d"",""deployment"":""69394420-c732-4ebe-a5fd-54c2d5628ea7"",""replica"":""7fc15fda-5103-4647-b7c4-6251ceb0ef53""}",2026-07-23T06:26:29.897282161Z
"2026-07-23T06:26:29.687Z [[32minfo[39m] [PROMOTION] Default canvas not published {""service"":""mqtt-publisher-lite"",""deviceId"":""DEVICE-17"",""topic"":""proof.mqtt/DEVICE-17/promotion"",""reason"":""unchanged""}",info,"{""level"":""info""}","{""project"":""90a47e04-a329-4122-9c82-2ee75a4562c2"",""environment"":""f6319bd4-2e87-40d4-8547-4ce714038bc1"",""service"":""c236b8cb-3eff-45c5-aca0-23e73e33dc8d"",""deployment"":""69394420-c732-4ebe-a5fd-54c2d5628ea7"",""replica"":""7fc15fda-5103-4647-b7c4-6251ceb0ef53""}",2026-07-23T06:26:29.897287071Z
"2026-07-23T06:26:29.687Z [[34mdebug[39m] [STIM_SKIP] StatsPublisher skipping stim device {""service"":""mqtt-publisher-lite"",""deviceId"":""DEVICE-15""}",info,"{""level"":""info""}","{""project"":""90a47e04-a329-4122-9c82-2ee75a4562c2"",""environment"":""f6319bd4-2e87-40d4-8547-4ce714038bc1"",""service"":""c236b8cb-3eff-45c5-aca0-23e73e33dc8d"",""deployment"":""69394420-c732-4ebe-a5fd-54c2d5628ea7"",""replica"":""7fc15fda-5103-4647-b7c4-6251ceb0ef53""}",2026-07-23T06:26:29.897292281Z
"2026-07-23T06:26:29.687Z [[34mdebug[39m] [STIM_SKIP] StatsPublisher skipping stim device {""service"":""mqtt-publisher-lite"",""deviceId"":""DEVICE-13""}",info,"{""level"":""info""}","{""project"":""90a47e04-a329-4122-9c82-2ee75a4562c2"",""environment"":""f6319bd4-2e87-40d4-8547-4ce714038bc1"",""service"":""c236b8cb-3eff-45c5-aca0-23e73e33dc8d"",""deployment"":""69394420-c732-4ebe-a5fd-54c2d5628ea7"",""replica"":""7fc15fda-5103-4647-b7c4-6251ceb0ef53""}",2026-07-23T06:26:29.897297761Z
"2026-07-23T06:26:29.786Z [[34mdebug[39m] [STIM_SKIP] StatsPublisher skipping stim device {""service"":""mqtt-publisher-lite"",""deviceId"":""DEVICE-19""}",info,"{""level"":""info""}","{""project"":""90a47e04-a329-4122-9c82-2ee75a4562c2"",""environment"":""f6319bd4-2e87-40d4-8547-4ce714038bc1"",""service"":""c236b8cb-3eff-45c5-aca0-23e73e33dc8d"",""deployment"":""69394420-c732-4ebe-a5fd-54c2d5628ea7"",""replica"":""7fc15fda-5103-4647-b7c4-6251ceb0ef53""}",2026-07-23T06:26:29.897302531Z
"2026-07-23T06:26:47.327Z [[34mdebug[39m] ✅ [LIFECYCLE:PUBACK_OK] Device confirmed message receipt {""service"":""mqtt-publisher-lite"",""deviceId"":""DEVICE-13""}",info,"{""level"":""info""}","{""project"":""90a47e04-a329-4122-9c82-2ee75a4562c2"",""environment"":""f6319bd4-2e87-40d4-8547-4ce714038bc1"",""service"":""c236b8cb-3eff-45c5-aca0-23e73e33dc8d"",""deployment"":""69394420-c732-4ebe-a5fd-54c2d5628ea7"",""replica"":""7fc15fda-5103-4647-b7c4-6251ceb0ef53""}",2026-07-23T06:26:50.149614534Z
"2026-07-23T06:26:47.327Z [[34mdebug[39m] Message published {""service"":""mqtt-publisher-lite"",""topic"":""proof.mqtt/DEVICE-13/instagram"",""qos"":1,""deliveryTime"":""220ms""}",info,"{""level"":""info""}","{""project"":""90a47e04-a329-4122-9c82-2ee75a4562c2"",""environment"":""f6319bd4-2e87-40d4-8547-4ce714038bc1"",""service"":""c236b8cb-3eff-45c5-aca0-23e73e33dc8d"",""deployment"":""69394420-c732-4ebe-a5fd-54c2d5628ea7"",""replica"":""7fc15fda-5103-4647-b7c4-6251ceb0ef53""}",2026-07-23T06:26:50.149623604Z
"2026-07-23T06:26:47.328Z [[34mdebug[39m] Message received {""service"":""mqtt-publisher-lite"",""topic"":""proof.mqtt/DEVICE-13/instagram"",""size"":228,""retain"":false}",info,"{""level"":""info""}","{""project"":""90a47e04-a329-4122-9c82-2ee75a4562c2"",""environment"":""f6319bd4-2e87-40d4-8547-4ce714038bc1"",""service"":""c236b8cb-3eff-45c5-aca0-23e73e33dc8d"",""deployment"":""69394420-c732-4ebe-a5fd-54c2d5628ea7"",""replica"":""7fc15fda-5103-4647-b7c4-6251ceb0ef53""}",2026-07-23T06:26:50.149629484Z
"2026-07-23T06:26:47.328Z [[34mdebug[39m] Skipping echo message {""service"":""mqtt-publisher-lite"",""topic"":""proof.mqtt/DEVICE-13/instagram"",""age"":""1ms""}",info,"{""level"":""info""}","{""project"":""90a47e04-a329-4122-9c82-2ee75a4562c2"",""environment"":""f6319bd4-2e87-40d4-8547-4ce714038bc1"",""service"":""c236b8cb-3eff-45c5-aca0-23e73e33dc8d"",""deployment"":""69394420-c732-4ebe-a5fd-54c2d5628ea7"",""replica"":""7fc15fda-5103-4647-b7c4-6251ceb0ef53""}",2026-07-23T06:26:50.149634114Z
"2026-07-23T06:26:47.218Z [[32minfo[39m] ⏱️ Tracking QoS 1 message (30s timeout) {""service"":""mqtt-publisher-lite"",""deviceId"":""DEVICE-13"",""messageId"":44695,""topic"":""proof.mqtt/DEVICE-13/gmb"",""pendingCount"":2}",info,"{""level"":""info""}","{""project"":""90a47e04-a329-4122-9c82-2ee75a4562c2"",""environment"":""f6319bd4-2e87-40d4-8547-4ce714038bc1"",""service"":""c236b8cb-3eff-45c5-aca0-23e73e33dc8d"",""deployment"":""69394420-c732-4ebe-a5fd-54c2d5628ea7"",""replica"":""7fc15fda-5103-4647-b7c4-6251ceb0ef53""}",2026-07-23T06:26:50.149643224Z
"2026-07-23T06:26:47.327Z [[32minfo[39m] ✅ PUBACK received {""service"":""mqtt-publisher-lite"",""messageId"":44694}",info,"{""level"":""info""}","{""project"":""90a47e04-a329-4122-9c82-2ee75a4562c2"",""environment"":""f6319bd4-2e87-40d4-8547-4ce714038bc1"",""service"":""c236b8cb-3eff-45c5-aca0-23e73e33dc8d"",""deployment"":""69394420-c732-4ebe-a5fd-54c2d5628ea7"",""replica"":""7fc15fda-5103-4647-b7c4-6251ceb0ef53""}",2026-07-23T06:26:50.149653874Z
"2026-07-23T06:26:47.327Z [[32minfo[39m] ✅ QoS 1 PUBACK confirmed {""service"":""mqtt-publisher-lite"",""deviceId"":""DEVICE-13"",""messageId"":44694,""deliveryTime"":""220ms"",""pendingCount"":1}",info,"{""level"":""info""}","{""project"":""90a47e04-a329-4122-9c82-2ee75a4562c2"",""environment"":""f6319bd4-2e87-40d4-8547-4ce714038bc1"",""service"":""c236b8cb-3eff-45c5-aca0-23e73e33dc8d"",""deployment"":""69394420-c732-4ebe-a5fd-54c2d5628ea7"",""replica"":""7fc15fda-5103-4647-b7c4-6251ceb0ef53""}",2026-07-23T06:26:50.149660634Z
"2026-07-23T06:26:47.107Z [[32minfo[39m] 📤 QoS 1 message sent {""service"":""mqtt-publisher-lite"",""messageId"":44694,""topic"":""proof.mqtt/DEVICE-13/instagram"",""qos"":1}",info,"{""level"":""info""}","{""project"":""90a47e04-a329-4122-9c82-2ee75a4562c2"",""environment"":""f6319bd4-2e87-40d4-8547-4ce714038bc1"",""service"":""c236b8cb-3eff-45c5-aca0-23e73e33dc8d"",""deployment"":""69394420-c732-4ebe-a5fd-54c2d5628ea7"",""replica"":""7fc15fda-5103-4647-b7c4-6251ceb0ef53""}",2026-07-23T06:26:50.149663394Z
"2026-07-23T06:26:47.107Z [[32minfo[39m] ⏱️ Tracking QoS 1 message (30s timeout) {""service"":""mqtt-publisher-lite"",""deviceId"":""DEVICE-13"",""messageId"":44694,""topic"":""proof.mqtt/DEVICE-13/instagram"",""pendingCount"":1}",info,"{""level"":""info""}","{""project"":""90a47e04-a329-4122-9c82-2ee75a4562c2"",""environment"":""f6319bd4-2e87-40d4-8547-4ce714038bc1"",""service"":""c236b8cb-3eff-45c5-aca0-23e73e33dc8d"",""deployment"":""69394420-c732-4ebe-a5fd-54c2d5628ea7"",""replica"":""7fc15fda-5103-4647-b7c4-6251ceb0ef53""}",2026-07-23T06:26:50.149677764Z
"2026-07-23T06:26:47.218Z [[32minfo[39m] 📤 QoS 1 message sent {""service"":""mqtt-publisher-lite"",""messageId"":44695,""topic"":""proof.mqtt/DEVICE-13/gmb"",""qos"":1}",info,"{""level"":""info""}","{""project"":""90a47e04-a329-4122-9c82-2ee75a4562c2"",""environment"":""f6319bd4-2e87-40d4-8547-4ce714038bc1"",""service"":""c236b8cb-3eff-45c5-aca0-23e73e33dc8d"",""deployment"":""69394420-c732-4ebe-a5fd-54c2d5628ea7"",""replica"":""7fc15fda-5103-4647-b7c4-6251ceb0ef53""}",2026-07-23T06:26:50.149685054Z
"2026-07-23T06:26:47.328Z [[34mdebug[39m] Screen message received {""service"":""mqtt-publisher-lite"",""topic"":""proof.mqtt/DEVICE-13/instagram"",""screen"":""instagram""}",info,"{""level"":""info""}","{""project"":""90a47e04-a329-4122-9c82-2ee75a4562c2"",""environment"":""f6319bd4-2e87-40d4-8547-4ce714038bc1"",""service"":""c236b8cb-3eff-45c5-aca0-23e73e33dc8d"",""deployment"":""69394420-c732-4ebe-a5fd-54c2d5628ea7"",""replica"":""7fc15fda-5103-4647-b7c4-6251ceb0ef53""}",2026-07-23T06:26:50.150783696Z
"2026-07-23T06:26:47.427Z [[32minfo[39m] [STIM_IG] Published {""service"":""mqtt-publisher-lite"",""deviceId"":""DEVICE-13"",""followers"":18,""target"":500,""mode"":""synthetic"",""achievement"":20,""celebration"":""false"",""done"":false}",info,"{""level"":""info""}","{""project"":""90a47e04-a329-4122-9c82-2ee75a4562c2"",""environment"":""f6319bd4-2e87-40d4-8547-4ce714038bc1"",""service"":""c236b8cb-3eff-45c5-aca0-23e73e33dc8d"",""deployment"":""69394420-c732-4ebe-a5fd-54c2d5628ea7"",""replica"":""7fc15fda-5103-4647-b7c4-6251ceb0ef53""}",2026-07-23T06:26:50.150789486Z
"2026-07-23T06:26:47.437Z [[32minfo[39m] ✅ PUBACK received {""service"":""mqtt-publisher-lite"",""messageId"":44695}",info,"{""level"":""info""}","{""project"":""90a47e04-a329-4122-9c82-2ee75a4562c2"",""environment"":""f6319bd4-2e87-40d4-8547-4ce714038bc1"",""service"":""c236b8cb-3eff-45c5-aca0-23e73e33dc8d"",""deployment"":""69394420-c732-4ebe-a5fd-54c2d5628ea7"",""replica"":""7fc15fda-5103-4647-b7c4-6251ceb0ef53""}",2026-07-23T06:26:50.150798896Z
"2026-07-23T06:26:47.438Z [[32minfo[39m] ✅ QoS 1 PUBACK confirmed {""service"":""mqtt-publisher-lite"",""deviceId"":""DEVICE-13"",""messageId"":44695,""deliveryTime"":""220ms"",""pendingCount"":0}",info,"{""level"":""info""}","{""project"":""90a47e04-a329-4122-9c82-2ee75a4562c2"",""environment"":""f6319bd4-2e87-40d4-8547-4ce714038bc1"",""service"":""c236b8cb-3eff-45c5-aca0-23e73e33dc8d"",""deployment"":""69394420-c732-4ebe-a5fd-54c2d5628ea7"",""replica"":""7fc15fda-5103-4647-b7c4-6251ceb0ef53""}",2026-07-23T06:26:50.150804756Z
"2026-07-23T06:26:47.438Z [[34mdebug[39m] ✅ [LIFECYCLE:PUBACK_OK] Device confirmed message receipt {""service"":""mqtt-publisher-lite"",""deviceId"":""DEVICE-13""}",info,"{""level"":""info""}","{""project"":""90a47e04-a329-4122-9c82-2ee75a4562c2"",""environment"":""f6319bd4-2e87-40d4-8547-4ce714038bc1"",""service"":""c236b8cb-3eff-45c5-aca0-23e73e33dc8d"",""deployment"":""69394420-c732-4ebe-a5fd-54c2d5628ea7"",""replica"":""7fc15fda-5103-4647-b7c4-6251ceb0ef53""}",2026-07-23T06:26:50.150810356Z
"2026-07-23T06:26:47.438Z [[34mdebug[39m] Message published {""service"":""mqtt-publisher-lite"",""topic"":""proof.mqtt/DEVICE-13/gmb"",""qos"":1,""deliveryTime"":""220ms""}",info,"{""level"":""info""}","{""project"":""90a47e04-a329-4122-9c82-2ee75a4562c2"",""environment"":""f6319bd4-2e87-40d4-8547-4ce714038bc1"",""service"":""c236b8cb-3eff-45c5-aca0-23e73e33dc8d"",""deployment"":""69394420-c732-4ebe-a5fd-54c2d5628ea7"",""replica"":""7fc15fda-5103-4647-b7c4-6251ceb0ef53""}",2026-07-23T06:26:50.150815806Z
"2026-07-23T06:26:47.438Z [[34mdebug[39m] Message received {""service"":""mqtt-publisher-lite"",""topic"":""proof.mqtt/DEVICE-13/gmb"",""size"":246,""retain"":false}",info,"{""level"":""info""}","{""project"":""90a47e04-a329-4122-9c82-2ee75a4562c2"",""environment"":""f6319bd4-2e87-40d4-8547-4ce714038bc1"",""service"":""c236b8cb-3eff-45c5-aca0-23e73e33dc8d"",""deployment"":""69394420-c732-4ebe-a5fd-54c2d5628ea7"",""replica"":""7fc15fda-5103-4647-b7c4-6251ceb0ef53""}",2026-07-23T06:26:50.150821316Z
"2026-07-23T06:26:47.438Z [[34mdebug[39m] Skipping echo message {""service"":""mqtt-publisher-lite"",""topic"":""proof.mqtt/DEVICE-13/gmb"",""age"":""0ms""}",info,"{""level"":""info""}","{""project"":""90a47e04-a329-4122-9c82-2ee75a4562c2"",""environment"":""f6319bd4-2e87-40d4-8547-4ce714038bc1"",""service"":""c236b8cb-3eff-45c5-aca0-23e73e33dc8d"",""deployment"":""69394420-c732-4ebe-a5fd-54c2d5628ea7"",""replica"":""7fc15fda-5103-4647-b7c4-6251ceb0ef53""}",2026-07-23T06:26:50.150827526Z
"2026-07-23T06:26:47.438Z [[34mdebug[39m] Screen message received {""service"":""mqtt-publisher-lite"",""topic"":""proof.mqtt/DEVICE-13/gmb"",""screen"":""gmb""}",info,"{""level"":""info""}","{""project"":""90a47e04-a329-4122-9c82-2ee75a4562c2"",""environment"":""f6319bd4-2e87-40d4-8547-4ce714038bc1"",""service"":""c236b8cb-3eff-45c5-aca0-23e73e33dc8d"",""deployment"":""69394420-c732-4ebe-a5fd-54c2d5628ea7"",""replica"":""7fc15fda-5103-4647-b7c4-6251ceb0ef53""}",2026-07-23T06:26:50.150834255Z
"2026-07-23T06:26:47.537Z [[32minfo[39m] [STIM_GMB] Published {""service"":""mqtt-publisher-lite"",""deviceId"":""DEVICE-13"",""reviews"":16,""target"":100,""mode"":""synthetic"",""celebration"":""false"",""done"":false}",info,"{""level"":""info""}","{""project"":""90a47e04-a329-4122-9c82-2ee75a4562c2"",""environment"":""f6319bd4-2e87-40d4-8547-4ce714038bc1"",""service"":""c236b8cb-3eff-45c5-aca0-23e73e33dc8d"",""deployment"":""69394420-c732-4ebe-a5fd-54c2d5628ea7"",""replica"":""7fc15fda-5103-4647-b7c4-6251ceb0ef53""}",2026-07-23T06:26:50.150840145Z
"2026-07-23T06:26:59.192Z [[32minfo[39m] 📤 QoS 1 message sent {""service"":""mqtt-publisher-lite"",""messageId"":44696,""topic"":""proof.mqtt/DEVICE-15/instagram"",""qos"":1}",info,"{""level"":""info""}","{""project"":""90a47e04-a329-4122-9c82-2ee75a4562c2"",""environment"":""f6319bd4-2e87-40d4-8547-4ce714038bc1"",""service"":""c236b8cb-3eff-45c5-aca0-23e73e33dc8d"",""deployment"":""69394420-c732-4ebe-a5fd-54c2d5628ea7"",""replica"":""7fc15fda-5103-4647-b7c4-6251ceb0ef53""}",2026-07-23T06:26:59.232588626Z
"2026-07-23T06:26:59.192Z [[32minfo[39m] ⏱️ Tracking QoS 1 message (30s timeout) {""service"":""mqtt-publisher-lite"",""deviceId"":""DEVICE-15"",""messageId"":44696,""topic"":""proof.mqtt/DEVICE-15/instagram"",""pendingCount"":1}",info,"{""level"":""info""}","{""project"":""90a47e04-a329-4122-9c82-2ee75a4562c2"",""environment"":""f6319bd4-2e87-40d4-8547-4ce714038bc1"",""service"":""c236b8cb-3eff-45c5-aca0-23e73e33dc8d"",""deployment"":""69394420-c732-4ebe-a5fd-54c2d5628ea7"",""replica"":""7fc15fda-5103-4647-b7c4-6251ceb0ef53""}",2026-07-23T06:26:59.232592646Z
"2026-07-23T06:26:59.265Z [[34mdebug[39m] [IG_DIRECT] No Instagram credentials (Redis proof.mqtt:device:{id} or active-devices.json) {""service"":""mqtt-publisher-lite"",""deviceId"":""DEVICE-17"",""trigger"":""scheduled""}",info,"{""level"":""info""}","{""project"":""90a47e04-a329-4122-9c82-2ee75a4562c2"",""environment"":""f6319bd4-2e87-40d4-8547-4ce714038bc1"",""service"":""c236b8cb-3eff-45c5-aca0-23e73e33dc8d"",""deployment"":""69394420-c732-4ebe-a5fd-54c2d5628ea7"",""replica"":""7fc15fda-5103-4647-b7c4-6251ceb0ef53""}",2026-07-23T06:26:59.267218853Z
"2026-07-23T06:26:59.294Z [[32minfo[39m] 📤 QoS 1 message sent {""service"":""mqtt-publisher-lite"",""messageId"":44697,""topic"":""proof.mqtt/DEVICE-15/gmb"",""qos"":1}",info,"{""level"":""info""}","{""project"":""90a47e04-a329-4122-9c82-2ee75a4562c2"",""environment"":""f6319bd4-2e87-40d4-8547-4ce714038bc1"",""service"":""c236b8cb-3eff-45c5-aca0-23e73e33dc8d"",""deployment"":""69394420-c732-4ebe-a5fd-54c2d5628ea7"",""replica"":""7fc15fda-5103-4647-b7c4-6251ceb0ef53""}",2026-07-23T06:26:59.309597592Z
"2026-07-23T06:26:59.294Z [[32minfo[39m] ⏱️ Tracking QoS 1 message (30s timeout) {""service"":""mqtt-publisher-lite"",""deviceId"":""DEVICE-15"",""messageId"":44697,""topic"":""proof.mqtt/DEVICE-15/gmb"",""pendingCount"":2}",info,"{""level"":""info""}","{""project"":""90a47e04-a329-4122-9c82-2ee75a4562c2"",""environment"":""f6319bd4-2e87-40d4-8547-4ce714038bc1"",""service"":""c236b8cb-3eff-45c5-aca0-23e73e33dc8d"",""deployment"":""69394420-c732-4ebe-a5fd-54c2d5628ea7"",""replica"":""7fc15fda-5103-4647-b7c4-6251ceb0ef53""}",2026-07-23T06:26:59.309603162Z
"2026-07-23T06:26:59.365Z [[34mdebug[39m] Instagram fetch audit written to InfluxDB {""service"":""mqtt-publisher-lite"",""deviceId"":""DEVICE-17"",""success"":false}",info,"{""level"":""info""}","{""project"":""90a47e04-a329-4122-9c82-2ee75a4562c2"",""environment"":""f6319bd4-2e87-40d4-8547-4ce714038bc1"",""service"":""c236b8cb-3eff-45c5-aca0-23e73e33dc8d"",""deployment"":""69394420-c732-4ebe-a5fd-54c2d5628ea7"",""replica"":""7fc15fda-5103-4647-b7c4-6251ceb0ef53""}",2026-07-23T06:26:59.373833522Z
"2026-07-23T06:26:59.365Z [[33mwarn[39m] [IG_SCREEN] Skipping MQTT for failed fetch {""service"":""mqtt-publisher-lite"",""deviceId"":""DEVICE-17"",""error"":""no_instagram_credentials""}",info,"{""level"":""info""}","{""project"":""90a47e04-a329-4122-9c82-2ee75a4562c2"",""environment"":""f6319bd4-2e87-40d4-8547-4ce714038bc1"",""service"":""c236b8cb-3eff-45c5-aca0-23e73e33dc8d"",""deployment"":""69394420-c732-4ebe-a5fd-54c2d5628ea7"",""replica"":""7fc15fda-5103-4647-b7c4-6251ceb0ef53""}",2026-07-23T06:26:59.373843872Z
"2026-07-23T06:26:59.366Z [[32minfo[39m] InfluxDB batch flush {""service"":""mqtt-publisher-lite"",""source"":""metrics_disk_queue_worker"",""count"":1,""lines"":[""instagram_fetch_audit,device_id=DEVICE-17,success=false,trigger_type=scheduled duration_ms=0i,error_message=\""no_instagram_credentials\"",user_id_at_time=\""unknown\"" 1784788019265000000""]}",info,"{""level"":""info""}","{""project"":""90a47e04-a329-4122-9c82-2ee75a4562c2"",""environment"":""f6319bd4-2e87-40d4-8547-4ce714038bc1"",""service"":""c236b8cb-3eff-45c5-aca0-23e73e33dc8d"",""deployment"":""69394420-c732-4ebe-a5fd-54c2d5628ea7"",""replica"":""7fc15fda-5103-4647-b7c4-6251ceb0ef53""}",2026-07-23T06:26:59.373849322Z
"2026-07-23T06:26:59.412Z [[32minfo[39m] ✅ PUBACK received {""service"":""mqtt-publisher-lite"",""messageId"":44696}",info,"{""level"":""info""}","{""project"":""90a47e04-a329-4122-9c82-2ee75a4562c2"",""environment"":""f6319bd4-2e87-40d4-8547-4ce714038bc1"",""service"":""c236b8cb-3eff-45c5-aca0-23e73e33dc8d"",""deployment"":""69394420-c732-4ebe-a5fd-54c2d5628ea7"",""replica"":""7fc15fda-5103-4647-b7c4-6251ceb0ef53""}",2026-07-23T06:26:59.415308748Z
"2026-07-23T06:26:59.412Z [[32minfo[39m] ✅ QoS 1 PUBACK confirmed {""service"":""mqtt-publisher-lite"",""deviceId"":""DEVICE-15"",""messageId"":44696,""deliveryTime"":""220ms"",""pendingCount"":1}",info,"{""level"":""info""}","{""project"":""90a47e04-a329-4122-9c82-2ee75a4562c2"",""environment"":""f6319bd4-2e87-40d4-8547-4ce714038bc1"",""service"":""c236b8cb-3eff-45c5-aca0-23e73e33dc8d"",""deployment"":""69394420-c732-4ebe-a5fd-54c2d5628ea7"",""replica"":""7fc15fda-5103-4647-b7c4-6251ceb0ef53""}",2026-07-23T06:26:59.415312518Z
"2026-07-23T06:26:59.412Z [[34mdebug[39m] ✅ [LIFECYCLE:PUBACK_OK] Device confirmed message receipt {""service"":""mqtt-publisher-lite"",""deviceId"":""DEVICE-15""}",info,"{""level"":""info""}","{""project"":""90a47e04-a329-4122-9c82-2ee75a4562c2"",""environment"":""f6319bd4-2e87-40d4-8547-4ce714038bc1"",""service"":""c236b8cb-3eff-45c5-aca0-23e73e33dc8d"",""deployment"":""69394420-c732-4ebe-a5fd-54c2d5628ea7"",""replica"":""7fc15fda-5103-4647-b7c4-6251ceb0ef53""}",2026-07-23T06:26:59.415316438Z
"2026-07-23T06:26:59.412Z [[34mdebug[39m] Message published {""service"":""mqtt-publisher-lite"",""topic"":""proof.mqtt/DEVICE-15/instagram"",""qos"":1,""deliveryTime"":""220ms""}",info,"{""level"":""info""}","{""project"":""90a47e04-a329-4122-9c82-2ee75a4562c2"",""environment"":""f6319bd4-2e87-40d4-8547-4ce714038bc1"",""service"":""c236b8cb-3eff-45c5-aca0-23e73e33dc8d"",""deployment"":""69394420-c732-4ebe-a5fd-54c2d5628ea7"",""replica"":""7fc15fda-5103-4647-b7c4-6251ceb0ef53""}",2026-07-23T06:26:59.415320178Z
"2026-07-23T06:26:59.412Z [[34mdebug[39m] Message received {""service"":""mqtt-publisher-lite"",""topic"":""proof.mqtt/DEVICE-15/instagram"",""size"":228,""retain"":false}",info,"{""level"":""info""}","{""project"":""90a47e04-a329-4122-9c82-2ee75a4562c2"",""environment"":""f6319bd4-2e87-40d4-8547-4ce714038bc1"",""service"":""c236b8cb-3eff-45c5-aca0-23e73e33dc8d"",""deployment"":""69394420-c732-4ebe-a5fd-54c2d5628ea7"",""replica"":""7fc15fda-5103-4647-b7c4-6251ceb0ef53""}",2026-07-23T06:26:59.415324068Z
"2026-07-23T06:26:59.412Z [[34mdebug[39m] Skipping echo message {""service"":""mqtt-publisher-lite"",""topic"":""proof.mqtt/DEVICE-15/instagram"",""age"":""0ms""}",info,"{""level"":""info""}","{""project"":""90a47e04-a329-4122-9c82-2ee75a4562c2"",""environment"":""f6319bd4-2e87-40d4-8547-4ce714038bc1"",""service"":""c236b8cb-3eff-45c5-aca0-23e73e33dc8d"",""deployment"":""69394420-c732-4ebe-a5fd-54c2d5628ea7"",""replica"":""7fc15fda-5103-4647-b7c4-6251ceb0ef53""}",2026-07-23T06:26:59.415327548Z
"2026-07-23T06:26:59.413Z [[34mdebug[39m] Screen message received {""service"":""mqtt-publisher-lite"",""topic"":""proof.mqtt/DEVICE-15/instagram"",""screen"":""instagram""}",info,"{""level"":""info""}","{""project"":""90a47e04-a329-4122-9c82-2ee75a4562c2"",""environment"":""f6319bd4-2e87-40d4-8547-4ce714038bc1"",""service"":""c236b8cb-3eff-45c5-aca0-23e73e33dc8d"",""deployment"":""69394420-c732-4ebe-a5fd-54c2d5628ea7"",""replica"":""7fc15fda-5103-4647-b7c4-6251ceb0ef53""}",2026-07-23T06:26:59.415331118Z
"2026-07-23T06:26:59.513Z [[32minfo[39m] ✅ PUBACK received {""service"":""mqtt-publisher-lite"",""messageId"":44697}",info,"{""level"":""info""}","{""project"":""90a47e04-a329-4122-9c82-2ee75a4562c2"",""environment"":""f6319bd4-2e87-40d4-8547-4ce714038bc1"",""service"":""c236b8cb-3eff-45c5-aca0-23e73e33dc8d"",""deployment"":""69394420-c732-4ebe-a5fd-54c2d5628ea7"",""replica"":""7fc15fda-5103-4647-b7c4-6251ceb0ef53""}",2026-07-23T06:26:59.514313503Z
"2026-07-23T06:26:59.513Z [[32minfo[39m] ✅ QoS 1 PUBACK confirmed {""service"":""mqtt-publisher-lite"",""deviceId"":""DEVICE-15"",""messageId"":44697,""deliveryTime"":""219ms"",""pendingCount"":0}",info,"{""level"":""info""}","{""project"":""90a47e04-a329-4122-9c82-2ee75a4562c2"",""environment"":""f6319bd4-2e87-40d4-8547-4ce714038bc1"",""service"":""c236b8cb-3eff-45c5-aca0-23e73e33dc8d"",""deployment"":""69394420-c732-4ebe-a5fd-54c2d5628ea7"",""replica"":""7fc15fda-5103-4647-b7c4-6251ceb0ef53""}",2026-07-23T06:26:59.514320723Z
"2026-07-23T06:26:59.513Z [[34mdebug[39m] ✅ [LIFECYCLE:PUBACK_OK] Device confirmed message receipt {""service"":""mqtt-publisher-lite"",""deviceId"":""DEVICE-15""}",info,"{""level"":""info""}","{""project"":""90a47e04-a329-4122-9c82-2ee75a4562c2"",""environment"":""f6319bd4-2e87-40d4-8547-4ce714038bc1"",""service"":""c236b8cb-3eff-45c5-aca0-23e73e33dc8d"",""deployment"":""69394420-c732-4ebe-a5fd-54c2d5628ea7"",""replica"":""7fc15fda-5103-4647-b7c4-6251ceb0ef53""}",2026-07-23T06:26:59.514324803Z
"2026-07-23T06:26:59.513Z [[34mdebug[39m] Message published {""service"":""mqtt-publisher-lite"",""topic"":""proof.mqtt/DEVICE-15/gmb"",""qos"":1,""deliveryTime"":""219ms""}",info,"{""level"":""info""}","{""project"":""90a47e04-a329-4122-9c82-2ee75a4562c2"",""environment"":""f6319bd4-2e87-40d4-8547-4ce714038bc1"",""service"":""c236b8cb-3eff-45c5-aca0-23e73e33dc8d"",""deployment"":""69394420-c732-4ebe-a5fd-54c2d5628ea7"",""replica"":""7fc15fda-5103-4647-b7c4-6251ceb0ef53""}",2026-07-23T06:26:59.514329253Z
"2026-07-23T06:26:59.514Z [[34mdebug[39m] Message received {""service"":""mqtt-publisher-lite"",""topic"":""proof.mqtt/DEVICE-15/gmb"",""size"":246,""retain"":false}",info,"{""level"":""info""}","{""project"":""90a47e04-a329-4122-9c82-2ee75a4562c2"",""environment"":""f6319bd4-2e87-40d4-8547-4ce714038bc1"",""service"":""c236b8cb-3eff-45c5-aca0-23e73e33dc8d"",""deployment"":""69394420-c732-4ebe-a5fd-54c2d5628ea7"",""replica"":""7fc15fda-5103-4647-b7c4-6251ceb0ef53""}",2026-07-23T06:26:59.516346108Z
"2026-07-23T06:26:59.514Z [[34mdebug[39m] Skipping echo message {""service"":""mqtt-publisher-lite"",""topic"":""proof.mqtt/DEVICE-15/gmb"",""age"":""1ms""}",info,"{""level"":""info""}","{""project"":""90a47e04-a329-4122-9c82-2ee75a4562c2"",""environment"":""f6319bd4-2e87-40d4-8547-4ce714038bc1"",""service"":""c236b8cb-3eff-45c5-aca0-23e73e33dc8d"",""deployment"":""69394420-c732-4ebe-a5fd-54c2d5628ea7"",""replica"":""7fc15fda-5103-4647-b7c4-6251ceb0ef53""}",2026-07-23T06:26:59.516350968Z
"2026-07-23T06:26:59.514Z [[34mdebug[39m] Screen message received {""service"":""mqtt-publisher-lite"",""topic"":""proof.mqtt/DEVICE-15/gmb"",""screen"":""gmb""}",info,"{""level"":""info""}","{""project"":""90a47e04-a329-4122-9c82-2ee75a4562c2"",""environment"":""f6319bd4-2e87-40d4-8547-4ce714038bc1"",""service"":""c236b8cb-3eff-45c5-aca0-23e73e33dc8d"",""deployment"":""69394420-c732-4ebe-a5fd-54c2d5628ea7"",""replica"":""7fc15fda-5103-4647-b7c4-6251ceb0ef53""}",2026-07-23T06:26:59.516354378Z
"2026-07-23T06:26:59.515Z [[32minfo[39m] [STIM_IG] Published {""service"":""mqtt-publisher-lite"",""deviceId"":""DEVICE-15"",""followers"":24,""target"":500,""mode"":""synthetic"",""achievement"":25,""celebration"":""false"",""done"":false}",info,"{""level"":""info""}","{""project"":""90a47e04-a329-4122-9c82-2ee75a4562c2"",""environment"":""f6319bd4-2e87-40d4-8547-4ce714038bc1"",""service"":""c236b8cb-3eff-45c5-aca0-23e73e33dc8d"",""deployment"":""69394420-c732-4ebe-a5fd-54c2d5628ea7"",""replica"":""7fc15fda-5103-4647-b7c4-6251ceb0ef53""}",2026-07-23T06:26:59.516357758Z
"2026-07-23T06:26:59.613Z [[32minfo[39m] [STIM_GMB] Published {""service"":""mqtt-publisher-lite"",""deviceId"":""DEVICE-15"",""reviews"":22,""target"":100,""mode"":""synthetic"",""celebration"":""false"",""done"":false}",info,"{""level"":""info""}","{""project"":""90a47e04-a329-4122-9c82-2ee75a4562c2"",""environment"":""f6319bd4-2e87-40d4-8547-4ce714038bc1"",""service"":""c236b8cb-3eff-45c5-aca0-23e73e33dc8d"",""deployment"":""69394420-c732-4ebe-a5fd-54c2d5628ea7"",""replica"":""7fc15fda-5103-4647-b7c4-6251ceb0ef53""}",2026-07-23T06:26:59.620059869Z
"2026-07-23T06:27:17.107Z [[32minfo[39m] 📤 QoS 1 message sent {""service"":""mqtt-publisher-lite"",""messageId"":44698,""topic"":""proof.mqtt/DEVICE-13/instagram"",""qos"":1}",info,"{""level"":""info""}","{""project"":""90a47e04-a329-4122-9c82-2ee75a4562c2"",""environment"":""f6319bd4-2e87-40d4-8547-4ce714038bc1"",""service"":""c236b8cb-3eff-45c5-aca0-23e73e33dc8d"",""deployment"":""69394420-c732-4ebe-a5fd-54c2d5628ea7"",""replica"":""7fc15fda-5103-4647-b7c4-6251ceb0ef53""}",2026-07-23T06:27:19.623885425Z
"2026-07-23T06:27:17.107Z [[32minfo[39m] ⏱️ Tracking QoS 1 message (30s timeout) {""service"":""mqtt-publisher-lite"",""deviceId"":""DEVICE-13"",""messageId"":44698,""topic"":""proof.mqtt/DEVICE-13/instagram"",""pendingCount"":1}",info,"{""level"":""info""}","{""project"":""90a47e04-a329-4122-9c82-2ee75a4562c2"",""environment"":""f6319bd4-2e87-40d4-8547-4ce714038bc1"",""service"":""c236b8cb-3eff-45c5-aca0-23e73e33dc8d"",""deployment"":""69394420-c732-4ebe-a5fd-54c2d5628ea7"",""replica"":""7fc15fda-5103-4647-b7c4-6251ceb0ef53""}",2026-07-23T06:27:19.623891975Z
"2026-07-23T06:27:17.218Z [[32minfo[39m] 📤 QoS 1 message sent {""service"":""mqtt-publisher-lite"",""messageId"":44699,""topic"":""proof.mqtt/DEVICE-13/gmb"",""qos"":1}",info,"{""level"":""info""}","{""project"":""90a47e04-a329-4122-9c82-2ee75a4562c2"",""environment"":""f6319bd4-2e87-40d4-8547-4ce714038bc1"",""service"":""c236b8cb-3eff-45c5-aca0-23e73e33dc8d"",""deployment"":""69394420-c732-4ebe-a5fd-54c2d5628ea7"",""replica"":""7fc15fda-5103-4647-b7c4-6251ceb0ef53""}",2026-07-23T06:27:19.623896615Z
"2026-07-23T06:27:17.219Z [[32minfo[39m] ⏱️ Tracking QoS 1 message (30s timeout) {""service"":""mqtt-publisher-lite"",""deviceId"":""DEVICE-13"",""messageId"":44699,""topic"":""proof.mqtt/DEVICE-13/gmb"",""pendingCount"":2}",info,"{""level"":""info""}","{""project"":""90a47e04-a329-4122-9c82-2ee75a4562c2"",""environment"":""f6319bd4-2e87-40d4-8547-4ce714038bc1"",""service"":""c236b8cb-3eff-45c5-aca0-23e73e33dc8d"",""deployment"":""69394420-c732-4ebe-a5fd-54c2d5628ea7"",""replica"":""7fc15fda-5103-4647-b7c4-6251ceb0ef53""}",2026-07-23T06:27:19.623900945Z
"2026-07-23T06:27:17.326Z [[32minfo[39m] ✅ PUBACK received {""service"":""mqtt-publisher-lite"",""messageId"":44698}",info,"{""level"":""info""}","{""project"":""90a47e04-a329-4122-9c82-2ee75a4562c2"",""environment"":""f6319bd4-2e87-40d4-8547-4ce714038bc1"",""service"":""c236b8cb-3eff-45c5-aca0-23e73e33dc8d"",""deployment"":""69394420-c732-4ebe-a5fd-54c2d5628ea7"",""replica"":""7fc15fda-5103-4647-b7c4-6251ceb0ef53""}",2026-07-23T06:27:19.623904745Z
"2026-07-23T06:27:17.327Z [[32minfo[39m] ✅ QoS 1 PUBACK confirmed {""service"":""mqtt-publisher-lite"",""deviceId"":""DEVICE-13"",""messageId"":44698,""deliveryTime"":""220ms"",""pendingCount"":1}",info,"{""level"":""info""}","{""project"":""90a47e04-a329-4122-9c82-2ee75a4562c2"",""environment"":""f6319bd4-2e87-40d4-8547-4ce714038bc1"",""service"":""c236b8cb-3eff-45c5-aca0-23e73e33dc8d"",""deployment"":""69394420-c732-4ebe-a5fd-54c2d5628ea7"",""replica"":""7fc15fda-5103-4647-b7c4-6251ceb0ef53""}",2026-07-23T06:27:19.623908355Z
"2026-07-23T06:27:17.327Z [[34mdebug[39m] ✅ [LIFECYCLE:PUBACK_OK] Device confirmed message receipt {""service"":""mqtt-publisher-lite"",""deviceId"":""DEVICE-13""}",info,"{""level"":""info""}","{""project"":""90a47e04-a329-4122-9c82-2ee75a4562c2"",""environment"":""f6319bd4-2e87-40d4-8547-4ce714038bc1"",""service"":""c236b8cb-3eff-45c5-aca0-23e73e33dc8d"",""deployment"":""69394420-c732-4ebe-a5fd-54c2d5628ea7"",""replica"":""7fc15fda-5103-4647-b7c4-6251ceb0ef53""}",2026-07-23T06:27:19.623912135Z
"2026-07-23T06:27:17.327Z [[34mdebug[39m] Message published {""service"":""mqtt-publisher-lite"",""topic"":""proof.mqtt/DEVICE-13/instagram"",""qos"":1,""deliveryTime"":""220ms""}",info,"{""level"":""info""}","{""project"":""90a47e04-a329-4122-9c82-2ee75a4562c2"",""environment"":""f6319bd4-2e87-40d4-8547-4ce714038bc1"",""service"":""c236b8cb-3eff-45c5-aca0-23e73e33dc8d"",""deployment"":""69394420-c732-4ebe-a5fd-54c2d5628ea7"",""replica"":""7fc15fda-5103-4647-b7c4-6251ceb0ef53""}",2026-07-23T06:27:19.623916185Z
"2026-07-23T06:27:17.327Z [[34mdebug[39m] Message received {""service"":""mqtt-publisher-lite"",""topic"":""proof.mqtt/DEVICE-13/instagram"",""size"":228,""retain"":false}",info,"{""level"":""info""}","{""project"":""90a47e04-a329-4122-9c82-2ee75a4562c2"",""environment"":""f6319bd4-2e87-40d4-8547-4ce714038bc1"",""service"":""c236b8cb-3eff-45c5-aca0-23e73e33dc8d"",""deployment"":""69394420-c732-4ebe-a5fd-54c2d5628ea7"",""replica"":""7fc15fda-5103-4647-b7c4-6251ceb0ef53""}",2026-07-23T06:27:19.623919805Z
"2026-07-23T06:27:17.328Z [[34mdebug[39m] Skipping echo message {""service"":""mqtt-publisher-lite"",""topic"":""proof.mqtt/DEVICE-13/instagram"",""age"":""0ms""}",info,"{""level"":""info""}","{""project"":""90a47e04-a329-4122-9c82-2ee75a4562c2"",""environment"":""f6319bd4-2e87-40d4-8547-4ce714038bc1"",""service"":""c236b8cb-3eff-45c5-aca0-23e73e33dc8d"",""deployment"":""69394420-c732-4ebe-a5fd-54c2d5628ea7"",""replica"":""7fc15fda-5103-4647-b7c4-6251ceb0ef53""}",2026-07-23T06:27:19.623923255Z
"2026-07-23T06:27:17.328Z [[34mdebug[39m] Screen message received {""service"":""mqtt-publisher-lite"",""topic"":""proof.mqtt/DEVICE-13/instagram"",""screen"":""instagram""}",info,"{""level"":""info""}","{""project"":""90a47e04-a329-4122-9c82-2ee75a4562c2"",""environment"":""f6319bd4-2e87-40d4-8547-4ce714038bc1"",""service"":""c236b8cb-3eff-45c5-aca0-23e73e33dc8d"",""deployment"":""69394420-c732-4ebe-a5fd-54c2d5628ea7"",""replica"":""7fc15fda-5103-4647-b7c4-6251ceb0ef53""}",2026-07-23T06:27:19.624875188Z
"2026-07-23T06:27:17.429Z [[32minfo[39m] [STIM_IG] Published {""service"":""mqtt-publisher-lite"",""deviceId"":""DEVICE-13"",""followers"":19,""target"":500,""mode"":""synthetic"",""achievement"":20,""celebration"":""false"",""done"":false}",info,"{""level"":""info""}","{""project"":""90a47e04-a329-4122-9c82-2ee75a4562c2"",""environment"":""f6319bd4-2e87-40d4-8547-4ce714038bc1"",""service"":""c236b8cb-3eff-45c5-aca0-23e73e33dc8d"",""deployment"":""69394420-c732-4ebe-a5fd-54c2d5628ea7"",""replica"":""7fc15fda-5103-4647-b7c4-6251ceb0ef53""}",2026-07-23T06:27:19.624886098Z
"2026-07-23T06:27:17.437Z [[32minfo[39m] ✅ PUBACK received {""service"":""mqtt-publisher-lite"",""messageId"":44699}",info,"{""level"":""info""}","{""project"":""90a47e04-a329-4122-9c82-2ee75a4562c2"",""environment"":""f6319bd4-2e87-40d4-8547-4ce714038bc1"",""service"":""c236b8cb-3eff-45c5-aca0-23e73e33dc8d"",""deployment"":""69394420-c732-4ebe-a5fd-54c2d5628ea7"",""replica"":""7fc15fda-5103-4647-b7c4-6251ceb0ef53""}",2026-07-23T06:27:19.624891248Z
"2026-07-23T06:27:17.437Z [[32minfo[39m] ✅ QoS 1 PUBACK confirmed {""service"":""mqtt-publisher-lite"",""deviceId"":""DEVICE-13"",""messageId"":44699,""deliveryTime"":""219ms"",""pendingCount"":0}",info,"{""level"":""info""}","{""project"":""90a47e04-a329-4122-9c82-2ee75a4562c2"",""environment"":""f6319bd4-2e87-40d4-8547-4ce714038bc1"",""service"":""c236b8cb-3eff-45c5-aca0-23e73e33dc8d"",""deployment"":""69394420-c732-4ebe-a5fd-54c2d5628ea7"",""replica"":""7fc15fda-5103-4647-b7c4-6251ceb0ef53""}",2026-07-23T06:27:19.624895838Z
"2026-07-23T06:27:17.437Z [[34mdebug[39m] ✅ [LIFECYCLE:PUBACK_OK] Device confirmed message receipt {""service"":""mqtt-publisher-lite"",""deviceId"":""DEVICE-13""}",info,"{""level"":""info""}","{""project"":""90a47e04-a329-4122-9c82-2ee75a4562c2"",""environment"":""f6319bd4-2e87-40d4-8547-4ce714038bc1"",""service"":""c236b8cb-3eff-45c5-aca0-23e73e33dc8d"",""deployment"":""69394420-c732-4ebe-a5fd-54c2d5628ea7"",""replica"":""7fc15fda-5103-4647-b7c4-6251ceb0ef53""}",2026-07-23T06:27:19.624900038Z
"2026-07-23T06:27:17.438Z [[34mdebug[39m] Message published {""service"":""mqtt-publisher-lite"",""topic"":""proof.mqtt/DEVICE-13/gmb"",""qos"":1,""deliveryTime"":""220ms""}",info,"{""level"":""info""}","{""project"":""90a47e04-a329-4122-9c82-2ee75a4562c2"",""environment"":""f6319bd4-2e87-40d4-8547-4ce714038bc1"",""service"":""c236b8cb-3eff-45c5-aca0-23e73e33dc8d"",""deployment"":""69394420-c732-4ebe-a5fd-54c2d5628ea7"",""replica"":""7fc15fda-5103-4647-b7c4-6251ceb0ef53""}",2026-07-23T06:27:19.624904938Z
"2026-07-23T06:27:17.438Z [[34mdebug[39m] Message received {""service"":""mqtt-publisher-lite"",""topic"":""proof.mqtt/DEVICE-13/gmb"",""size"":246,""retain"":false}",info,"{""level"":""info""}","{""project"":""90a47e04-a329-4122-9c82-2ee75a4562c2"",""environment"":""f6319bd4-2e87-40d4-8547-4ce714038bc1"",""service"":""c236b8cb-3eff-45c5-aca0-23e73e33dc8d"",""deployment"":""69394420-c732-4ebe-a5fd-54c2d5628ea7"",""replica"":""7fc15fda-5103-4647-b7c4-6251ceb0ef53""}",2026-07-23T06:27:19.624910788Z
"2026-07-23T06:27:17.438Z [[34mdebug[39m] Skipping echo message {""service"":""mqtt-publisher-lite"",""topic"":""proof.mqtt/DEVICE-13/gmb"",""age"":""0ms""}",info,"{""level"":""info""}","{""project"":""90a47e04-a329-4122-9c82-2ee75a4562c2"",""environment"":""f6319bd4-2e87-40d4-8547-4ce714038bc1"",""service"":""c236b8cb-3eff-45c5-aca0-23e73e33dc8d"",""deployment"":""69394420-c732-4ebe-a5fd-54c2d5628ea7"",""replica"":""7fc15fda-5103-4647-b7c4-6251ceb0ef53""}",2026-07-23T06:27:19.624916658Z
"2026-07-23T06:27:17.438Z [[34mdebug[39m] Screen message received {""service"":""mqtt-publisher-lite"",""topic"":""proof.mqtt/DEVICE-13/gmb"",""screen"":""gmb""}",info,"{""level"":""info""}","{""project"":""90a47e04-a329-4122-9c82-2ee75a4562c2"",""environment"":""f6319bd4-2e87-40d4-8547-4ce714038bc1"",""service"":""c236b8cb-3eff-45c5-aca0-23e73e33dc8d"",""deployment"":""69394420-c732-4ebe-a5fd-54c2d5628ea7"",""replica"":""7fc15fda-5103-4647-b7c4-6251ceb0ef53""}",2026-07-23T06:27:19.624921758Z
"2026-07-23T06:27:17.537Z [[32minfo[39m] [STIM_GMB] Published {""service"":""mqtt-publisher-lite"",""deviceId"":""DEVICE-13"",""reviews"":17,""target"":100,""mode"":""synthetic"",""celebration"":""false"",""done"":false}",info,"{""level"":""info""}","{""project"":""90a47e04-a329-4122-9c82-2ee75a4562c2"",""environment"":""f6319bd4-2e87-40d4-8547-4ce714038bc1"",""service"":""c236b8cb-3eff-45c5-aca0-23e73e33dc8d"",""deployment"":""69394420-c732-4ebe-a5fd-54c2d5628ea7"",""replica"":""7fc15fda-5103-4647-b7c4-6251ceb0ef53""}",2026-07-23T06:27:19.624926888Z
"2026-07-23T06:27:29.099Z [[32minfo[39m] 📤 [PUBLISH_CYCLE] Starting publish cycle {""service"":""mqtt-publisher-lite"",""deviceCount"":4,""source"":""redis"",""devices"":[{""id"":""DEVICE-17"",""userId"":""(none)"",""lastSeen"":""2026-07-23T06:26:29.409Z""},{""id"":""DEVICE-15"",""userId"":""68d3753f9f99d6b73ae2d991"",""lastSeen"":""2026-07-23T06:26:59.513Z""},{""id"":""DEVICE-13"",""userId"":""6937af58f950f0f5356a1599"",""lastSeen"":""2026-07-23T06:27:17.438Z""},{""id"":""DEVICE-19"",""userId"":""68d3753f9f99d6b73ae2d991"",""lastSeen"":""2026-07-23T06:22:19.415Z""}]}",info,"{""level"":""info""}","{""project"":""90a47e04-a329-4122-9c82-2ee75a4562c2"",""environment"":""f6319bd4-2e87-40d4-8547-4ce714038bc1"",""service"":""c236b8cb-3eff-45c5-aca0-23e73e33dc8d"",""deployment"":""69394420-c732-4ebe-a5fd-54c2d5628ea7"",""replica"":""7fc15fda-5103-4647-b7c4-6251ceb0ef53""}",2026-07-23T06:27:29.101113568Z
"2026-07-23T06:27:29.199Z [[32minfo[39m] ⏱️ Tracking QoS 1 message (30s timeout) {""service"":""mqtt-publisher-lite"",""deviceId"":""DEVICE-17"",""messageId"":44701,""topic"":""proof.mqtt/DEVICE-17/test-gmb"",""pendingCount"":2}",info,"{""level"":""info""}","{""project"":""90a47e04-a329-4122-9c82-2ee75a4562c2"",""environment"":""f6319bd4-2e87-40d4-8547-4ce714038bc1"",""service"":""c236b8cb-3eff-45c5-aca0-23e73e33dc8d"",""deployment"":""69394420-c732-4ebe-a5fd-54c2d5628ea7"",""replica"":""7fc15fda-5103-4647-b7c4-6251ceb0ef53""}",2026-07-23T06:27:29.263635560Z
"2026-07-23T06:27:29.192Z [[32minfo[39m] 📤 QoS 1 message sent {""service"":""mqtt-publisher-lite"",""messageId"":44700,""topic"":""proof.mqtt/DEVICE-15/instagram"",""qos"":1}",info,"{""level"":""info""}","{""project"":""90a47e04-a329-4122-9c82-2ee75a4562c2"",""environment"":""f6319bd4-2e87-40d4-8547-4ce714038bc1"",""service"":""c236b8cb-3eff-45c5-aca0-23e73e33dc8d"",""deployment"":""69394420-c732-4ebe-a5fd-54c2d5628ea7"",""replica"":""7fc15fda-5103-4647-b7c4-6251ceb0ef53""}",2026-07-23T06:27:29.263694039Z
"2026-07-23T06:27:29.192Z [[32minfo[39m] ⏱️ Tracking QoS 1 message (30s timeout) {""service"":""mqtt-publisher-lite"",""deviceId"":""DEVICE-15"",""messageId"":44700,""topic"":""proof.mqtt/DEVICE-15/instagram"",""pendingCount"":1}",info,"{""level"":""info""}","{""project"":""90a47e04-a329-4122-9c82-2ee75a4562c2"",""environment"":""f6319bd4-2e87-40d4-8547-4ce714038bc1"",""service"":""c236b8cb-3eff-45c5-aca0-23e73e33dc8d"",""deployment"":""69394420-c732-4ebe-a5fd-54c2d5628ea7"",""replica"":""7fc15fda-5103-4647-b7c4-6251ceb0ef53""}",2026-07-23T06:27:29.263697699Z
"2026-07-23T06:27:29.199Z [[32minfo[39m] 📤 QoS 1 message sent {""service"":""mqtt-publisher-lite"",""messageId"":44701,""topic"":""proof.mqtt/DEVICE-17/test-gmb"",""qos"":1}",info,"{""level"":""info""}","{""project"":""90a47e04-a329-4122-9c82-2ee75a4562c2"",""environment"":""f6319bd4-2e87-40d4-8547-4ce714038bc1"",""service"":""c236b8cb-3eff-45c5-aca0-23e73e33dc8d"",""deployment"":""69394420-c732-4ebe-a5fd-54c2d5628ea7"",""replica"":""7fc15fda-5103-4647-b7c4-6251ceb0ef53""}",2026-07-23T06:27:29.263700819Z
"2026-07-23T06:27:29.294Z [[32minfo[39m] 📤 QoS 1 message sent {""service"":""mqtt-publisher-lite"",""messageId"":44702,""topic"":""proof.mqtt/DEVICE-15/gmb"",""qos"":1}",info,"{""level"":""info""}","{""project"":""90a47e04-a329-4122-9c82-2ee75a4562c2"",""environment"":""f6319bd4-2e87-40d4-8547-4ce714038bc1"",""service"":""c236b8cb-3eff-45c5-aca0-23e73e33dc8d"",""deployment"":""69394420-c732-4ebe-a5fd-54c2d5628ea7"",""replica"":""7fc15fda-5103-4647-b7c4-6251ceb0ef53""}",2026-07-23T06:27:29.304532098Z
"2026-07-23T06:27:29.294Z [[32minfo[39m] ⏱️ Tracking QoS 1 message (30s timeout) {""service"":""mqtt-publisher-lite"",""deviceId"":""DEVICE-15"",""messageId"":44702,""topic"":""proof.mqtt/DEVICE-15/gmb"",""pendingCount"":3}",info,"{""level"":""info""}","{""project"":""90a47e04-a329-4122-9c82-2ee75a4562c2"",""environment"":""f6319bd4-2e87-40d4-8547-4ce714038bc1"",""service"":""c236b8cb-3eff-45c5-aca0-23e73e33dc8d"",""deployment"":""69394420-c732-4ebe-a5fd-54c2d5628ea7"",""replica"":""7fc15fda-5103-4647-b7c4-6251ceb0ef53""}",2026-07-23T06:27:29.304536228Z
"2026-07-23T06:27:29.325Z [[34mdebug[39m] Message received {""service"":""mqtt-publisher-lite"",""topic"":""proof.mqtt/DEVICE-19/lwt"",""size"":88,""retain"":false}",info,"{""level"":""info""}","{""project"":""90a47e04-a329-4122-9c82-2ee75a4562c2"",""environment"":""f6319bd4-2e87-40d4-8547-4ce714038bc1"",""service"":""c236b8cb-3eff-45c5-aca0-23e73e33dc8d"",""deployment"":""69394420-c732-4ebe-a5fd-54c2d5628ea7"",""replica"":""7fc15fda-5103-4647-b7c4-6251ceb0ef53""}",2026-07-23T06:27:29.343939388Z
"2026-07-23T06:27:29.325Z [[32minfo[39m] 📨 Broker-generated LWT message detected {""service"":""mqtt-publisher-lite"",""topic"":""proof.mqtt/DEVICE-19/lwt""}",info,"{""level"":""info""}","{""project"":""90a47e04-a329-4122-9c82-2ee75a4562c2"",""environment"":""f6319bd4-2e87-40d4-8547-4ce714038bc1"",""service"":""c236b8cb-3eff-45c5-aca0-23e73e33dc8d"",""deployment"":""69394420-c732-4ebe-a5fd-54c2d5628ea7"",""replica"":""7fc15fda-5103-4647-b7c4-6251ceb0ef53""}",2026-07-23T06:27:29.343947698Z
"2026-07-23T06:27:29.325Z [[32minfo[39m] 💀 LWT: Device Disconnected (Broker-Generated) {""service"":""mqtt-publisher-lite"",""deviceId"":""DEVICE-19"",""clientId"":""DEVICE-19"",""topic"":""/lwt"",""reason"":""Client disconnected (all types: graceful, crash, power cut, etc.)"",""source"":""broker"",""mechanism"":""Last Will and Testament""}",info,"{""level"":""info""}","{""project"":""90a47e04-a329-4122-9c82-2ee75a4562c2"",""environment"":""f6319bd4-2e87-40d4-8547-4ce714038bc1"",""service"":""c236b8cb-3eff-45c5-aca0-23e73e33dc8d"",""deployment"":""69394420-c732-4ebe-a5fd-54c2d5628ea7"",""replica"":""7fc15fda-5103-4647-b7c4-6251ceb0ef53""}",2026-07-23T06:27:29.343951778Z
"2026-07-23T06:27:29.325Z [[32minfo[39m] 💀 [LIFECYCLE:LWT] Removing device from Redis active cache {""service"":""mqtt-publisher-lite"",""deviceId"":""DEVICE-19""}",info,"{""level"":""info""}","{""project"":""90a47e04-a329-4122-9c82-2ee75a4562c2"",""environment"":""f6319bd4-2e87-40d4-8547-4ce714038bc1"",""service"":""c236b8cb-3eff-45c5-aca0-23e73e33dc8d"",""deployment"":""69394420-c732-4ebe-a5fd-54c2d5628ea7"",""replica"":""7fc15fda-5103-4647-b7c4-6251ceb0ef53""}",2026-07-23T06:27:29.343954848Z
"2026-07-23T06:27:29.418Z [[32minfo[39m] ✅ PUBACK received {""service"":""mqtt-publisher-lite"",""messageId"":44701}",info,"{""level"":""info""}","{""project"":""90a47e04-a329-4122-9c82-2ee75a4562c2"",""environment"":""f6319bd4-2e87-40d4-8547-4ce714038bc1"",""service"":""c236b8cb-3eff-45c5-aca0-23e73e33dc8d"",""deployment"":""69394420-c732-4ebe-a5fd-54c2d5628ea7"",""replica"":""7fc15fda-5103-4647-b7c4-6251ceb0ef53""}",2026-07-23T06:27:29.442553560Z
"2026-07-23T06:27:29.418Z [[32minfo[39m] ✅ QoS 1 PUBACK confirmed {""service"":""mqtt-publisher-lite"",""deviceId"":""DEVICE-17"",""messageId"":44701,""deliveryTime"":""219ms"",""pendingCount"":1}",info,"{""level"":""info""}","{""project"":""90a47e04-a329-4122-9c82-2ee75a4562c2"",""environment"":""f6319bd4-2e87-40d4-8547-4ce714038bc1"",""service"":""c236b8cb-3eff-45c5-aca0-23e73e33dc8d"",""deployment"":""69394420-c732-4ebe-a5fd-54c2d5628ea7"",""replica"":""7fc15fda-5103-4647-b7c4-6251ceb0ef53""}",2026-07-23T06:27:29.442562280Z
"2026-07-23T06:27:29.418Z [[34mdebug[39m] ✅ [LIFECYCLE:PUBACK_OK] Device confirmed message receipt {""service"":""mqtt-publisher-lite"",""deviceId"":""DEVICE-17""}",info,"{""level"":""info""}","{""project"":""90a47e04-a329-4122-9c82-2ee75a4562c2"",""environment"":""f6319bd4-2e87-40d4-8547-4ce714038bc1"",""service"":""c236b8cb-3eff-45c5-aca0-23e73e33dc8d"",""deployment"":""69394420-c732-4ebe-a5fd-54c2d5628ea7"",""replica"":""7fc15fda-5103-4647-b7c4-6251ceb0ef53""}",2026-07-23T06:27:29.442567500Z
"2026-07-23T06:27:29.418Z [[34mdebug[39m] Message published {""service"":""mqtt-publisher-lite"",""topic"":""proof.mqtt/DEVICE-17/test-gmb"",""qos"":1,""deliveryTime"":""219ms""}",info,"{""level"":""info""}","{""project"":""90a47e04-a329-4122-9c82-2ee75a4562c2"",""environment"":""f6319bd4-2e87-40d4-8547-4ce714038bc1"",""service"":""c236b8cb-3eff-45c5-aca0-23e73e33dc8d"",""deployment"":""69394420-c732-4ebe-a5fd-54c2d5628ea7"",""replica"":""7fc15fda-5103-4647-b7c4-6251ceb0ef53""}",2026-07-23T06:27:29.442572190Z
"2026-07-23T06:27:29.415Z [[32minfo[39m] ✅ PUBACK received {""service"":""mqtt-publisher-lite"",""messageId"":44700}",info,"{""level"":""info""}","{""project"":""90a47e04-a329-4122-9c82-2ee75a4562c2"",""environment"":""f6319bd4-2e87-40d4-8547-4ce714038bc1"",""service"":""c236b8cb-3eff-45c5-aca0-23e73e33dc8d"",""deployment"":""69394420-c732-4ebe-a5fd-54c2d5628ea7"",""replica"":""7fc15fda-5103-4647-b7c4-6251ceb0ef53""}",2026-07-23T06:27:29.442580160Z
"2026-07-23T06:27:29.415Z [[32minfo[39m] ✅ QoS 1 PUBACK confirmed {""service"":""mqtt-publisher-lite"",""deviceId"":""DEVICE-15"",""messageId"":44700,""deliveryTime"":""223ms"",""pendingCount"":2}",info,"{""level"":""info""}","{""project"":""90a47e04-a329-4122-9c82-2ee75a4562c2"",""environment"":""f6319bd4-2e87-40d4-8547-4ce714038bc1"",""service"":""c236b8cb-3eff-45c5-aca0-23e73e33dc8d"",""deployment"":""69394420-c732-4ebe-a5fd-54c2d5628ea7"",""replica"":""7fc15fda-5103-4647-b7c4-6251ceb0ef53""}",2026-07-23T06:27:29.442586250Z
"2026-07-23T06:27:29.415Z [[34mdebug[39m] ✅ [LIFECYCLE:PUBACK_OK] Device confirmed message receipt {""service"":""mqtt-publisher-lite"",""deviceId"":""DEVICE-15""}",info,"{""level"":""info""}","{""project"":""90a47e04-a329-4122-9c82-2ee75a4562c2"",""environment"":""f6319bd4-2e87-40d4-8547-4ce714038bc1"",""service"":""c236b8cb-3eff-45c5-aca0-23e73e33dc8d"",""deployment"":""69394420-c732-4ebe-a5fd-54c2d5628ea7"",""replica"":""7fc15fda-5103-4647-b7c4-6251ceb0ef53""}",2026-07-23T06:27:29.442602450Z
"2026-07-23T06:27:29.416Z [[34mdebug[39m] Message published {""service"":""mqtt-publisher-lite"",""topic"":""proof.mqtt/DEVICE-15/instagram"",""qos"":1,""deliveryTime"":""223ms""}",info,"{""level"":""info""}","{""project"":""90a47e04-a329-4122-9c82-2ee75a4562c2"",""environment"":""f6319bd4-2e87-40d4-8547-4ce714038bc1"",""service"":""c236b8cb-3eff-45c5-aca0-23e73e33dc8d"",""deployment"":""69394420-c732-4ebe-a5fd-54c2d5628ea7"",""replica"":""7fc15fda-5103-4647-b7c4-6251ceb0ef53""}",2026-07-23T06:27:29.442606250Z
"2026-07-23T06:27:29.416Z [[34mdebug[39m] Message received {""service"":""mqtt-publisher-lite"",""topic"":""proof.mqtt/DEVICE-15/instagram"",""size"":254,""retain"":false}",info,"{""level"":""info""}","{""project"":""90a47e04-a329-4122-9c82-2ee75a4562c2"",""environment"":""f6319bd4-2e87-40d4-8547-4ce714038bc1"",""service"":""c236b8cb-3eff-45c5-aca0-23e73e33dc8d"",""deployment"":""69394420-c732-4ebe-a5fd-54c2d5628ea7"",""replica"":""7fc15fda-5103-4647-b7c4-6251ceb0ef53""}",2026-07-23T06:27:29.442610650Z
"2026-07-23T06:27:29.416Z [[34mdebug[39m] Skipping echo message {""service"":""mqtt-publisher-lite"",""topic"":""proof.mqtt/DEVICE-15/instagram"",""age"":""0ms""}",info,"{""level"":""info""}","{""project"":""90a47e04-a329-4122-9c82-2ee75a4562c2"",""environment"":""f6319bd4-2e87-40d4-8547-4ce714038bc1"",""service"":""c236b8cb-3eff-45c5-aca0-23e73e33dc8d"",""deployment"":""69394420-c732-4ebe-a5fd-54c2d5628ea7"",""replica"":""7fc15fda-5103-4647-b7c4-6251ceb0ef53""}",2026-07-23T06:27:29.442614580Z
"2026-07-23T06:27:29.416Z [[34mdebug[39m] Screen message received {""service"":""mqtt-publisher-lite"",""topic"":""proof.mqtt/DEVICE-15/instagram"",""screen"":""instagram""}",info,"{""level"":""info""}","{""project"":""90a47e04-a329-4122-9c82-2ee75a4562c2"",""environment"":""f6319bd4-2e87-40d4-8547-4ce714038bc1"",""service"":""c236b8cb-3eff-45c5-aca0-23e73e33dc8d"",""deployment"":""69394420-c732-4ebe-a5fd-54c2d5628ea7"",""replica"":""7fc15fda-5103-4647-b7c4-6251ceb0ef53""}",2026-07-23T06:27:29.442618460Z
"2026-07-23T06:27:29.418Z [[34mdebug[39m] Published test-gmb screen {""service"":""mqtt-publisher-lite"",""deviceId"":""DEVICE-17"",""reviews"":531,""milestone"":535}",info,"{""level"":""info""}","{""project"":""90a47e04-a329-4122-9c82-2ee75a4562c2"",""environment"":""f6319bd4-2e87-40d4-8547-4ce714038bc1"",""service"":""c236b8cb-3eff-45c5-aca0-23e73e33dc8d"",""deployment"":""69394420-c732-4ebe-a5fd-54c2d5628ea7"",""replica"":""7fc15fda-5103-4647-b7c4-6251ceb0ef53""}",2026-07-23T06:27:29.443325185Z
"2026-07-23T06:27:29.513Z [[32minfo[39m] ✅ PUBACK received {""service"":""mqtt-publisher-lite"",""messageId"":44702}",info,"{""level"":""info""}","{""project"":""90a47e04-a329-4122-9c82-2ee75a4562c2"",""environment"":""f6319bd4-2e87-40d4-8547-4ce714038bc1"",""service"":""c236b8cb-3eff-45c5-aca0-23e73e33dc8d"",""deployment"":""69394420-c732-4ebe-a5fd-54c2d5628ea7"",""replica"":""7fc15fda-5103-4647-b7c4-6251ceb0ef53""}",2026-07-23T06:27:29.520828143Z
"2026-07-23T06:27:29.513Z [[32minfo[39m] ✅ QoS 1 PUBACK confirmed {""service"":""mqtt-publisher-lite"",""deviceId"":""DEVICE-15"",""messageId"":44702,""deliveryTime"":""219ms"",""pendingCount"":0}",info,"{""level"":""info""}","{""project"":""90a47e04-a329-4122-9c82-2ee75a4562c2"",""environment"":""f6319bd4-2e87-40d4-8547-4ce714038bc1"",""service"":""c236b8cb-3eff-45c5-aca0-23e73e33dc8d"",""deployment"":""69394420-c732-4ebe-a5fd-54c2d5628ea7"",""replica"":""7fc15fda-5103-4647-b7c4-6251ceb0ef53""}",2026-07-23T06:27:29.520831443Z
"2026-07-23T06:27:29.513Z [[34mdebug[39m] ✅ [LIFECYCLE:PUBACK_OK] Device confirmed message receipt {""service"":""mqtt-publisher-lite"",""deviceId"":""DEVICE-15""}",info,"{""level"":""info""}","{""project"":""90a47e04-a329-4122-9c82-2ee75a4562c2"",""environment"":""f6319bd4-2e87-40d4-8547-4ce714038bc1"",""service"":""c236b8cb-3eff-45c5-aca0-23e73e33dc8d"",""deployment"":""69394420-c732-4ebe-a5fd-54c2d5628ea7"",""replica"":""7fc15fda-5103-4647-b7c4-6251ceb0ef53""}",2026-07-23T06:27:29.520834933Z
"2026-07-23T06:27:29.513Z [[34mdebug[39m] Message published {""service"":""mqtt-publisher-lite"",""topic"":""proof.mqtt/DEVICE-15/gmb"",""qos"":1,""deliveryTime"":""220ms""}",info,"{""level"":""info""}","{""project"":""90a47e04-a329-4122-9c82-2ee75a4562c2"",""environment"":""f6319bd4-2e87-40d4-8547-4ce714038bc1"",""service"":""c236b8cb-3eff-45c5-aca0-23e73e33dc8d"",""deployment"":""69394420-c732-4ebe-a5fd-54c2d5628ea7"",""replica"":""7fc15fda-5103-4647-b7c4-6251ceb0ef53""}",2026-07-23T06:27:29.520838273Z
"2026-07-23T06:27:29.514Z [[34mdebug[39m] Message received {""service"":""mqtt-publisher-lite"",""topic"":""proof.mqtt/DEVICE-15/gmb"",""size"":246,""retain"":false}",info,"{""level"":""info""}","{""project"":""90a47e04-a329-4122-9c82-2ee75a4562c2"",""environment"":""f6319bd4-2e87-40d4-8547-4ce714038bc1"",""service"":""c236b8cb-3eff-45c5-aca0-23e73e33dc8d"",""deployment"":""69394420-c732-4ebe-a5fd-54c2d5628ea7"",""replica"":""7fc15fda-5103-4647-b7c4-6251ceb0ef53""}",2026-07-23T06:27:29.520842113Z
"2026-07-23T06:27:29.514Z [[34mdebug[39m] Skipping echo message {""service"":""mqtt-publisher-lite"",""topic"":""proof.mqtt/DEVICE-15/gmb"",""age"":""1ms""}",info,"{""level"":""info""}","{""project"":""90a47e04-a329-4122-9c82-2ee75a4562c2"",""environment"":""f6319bd4-2e87-40d4-8547-4ce714038bc1"",""service"":""c236b8cb-3eff-45c5-aca0-23e73e33dc8d"",""deployment"":""69394420-c732-4ebe-a5fd-54c2d5628ea7"",""replica"":""7fc15fda-5103-4647-b7c4-6251ceb0ef53""}",2026-07-23T06:27:29.520848253Z
"2026-07-23T06:27:29.514Z [[34mdebug[39m] Screen message received {""service"":""mqtt-publisher-lite"",""topic"":""proof.mqtt/DEVICE-15/gmb"",""screen"":""gmb""}",info,"{""level"":""info""}","{""project"":""90a47e04-a329-4122-9c82-2ee75a4562c2"",""environment"":""f6319bd4-2e87-40d4-8547-4ce714038bc1"",""service"":""c236b8cb-3eff-45c5-aca0-23e73e33dc8d"",""deployment"":""69394420-c732-4ebe-a5fd-54c2d5628ea7"",""replica"":""7fc15fda-5103-4647-b7c4-6251ceb0ef53""}",2026-07-23T06:27:29.520852223Z
"2026-07-23T06:27:29.531Z [[32minfo[39m] [STIM_IG] Published {""service"":""mqtt-publisher-lite"",""deviceId"":""DEVICE-15"",""followers"":25,""target"":500,""mode"":""synthetic"",""achievement"":30,""celebration"":""true"",""done"":false}",info,"{""level"":""info""}","{""project"":""90a47e04-a329-4122-9c82-2ee75a4562c2"",""environment"":""f6319bd4-2e87-40d4-8547-4ce714038bc1"",""service"":""c236b8cb-3eff-45c5-aca0-23e73e33dc8d"",""deployment"":""69394420-c732-4ebe-a5fd-54c2d5628ea7"",""replica"":""7fc15fda-5103-4647-b7c4-6251ceb0ef53""}",2026-07-23T06:27:29.532989203Z
"2026-07-23T06:27:29.658Z [[34mdebug[39m] [STIM_SKIP] StatsPublisher skipping stim device {""service"":""mqtt-publisher-lite"",""deviceId"":""DEVICE-13""}",info,"{""level"":""info""}","{""project"":""90a47e04-a329-4122-9c82-2ee75a4562c2"",""environment"":""f6319bd4-2e87-40d4-8547-4ce714038bc1"",""service"":""c236b8cb-3eff-45c5-aca0-23e73e33dc8d"",""deployment"":""69394420-c732-4ebe-a5fd-54c2d5628ea7"",""replica"":""7fc15fda-5103-4647-b7c4-6251ceb0ef53""}",2026-07-23T06:27:29.785784329Z
"2026-07-23T06:27:29.757Z [[34mdebug[39m] [STIM_SKIP] StatsPublisher skipping stim device {""service"":""mqtt-publisher-lite"",""deviceId"":""DEVICE-19""}",info,"{""level"":""info""}","{""project"":""90a47e04-a329-4122-9c82-2ee75a4562c2"",""environment"":""f6319bd4-2e87-40d4-8547-4ce714038bc1"",""service"":""c236b8cb-3eff-45c5-aca0-23e73e33dc8d"",""deployment"":""69394420-c732-4ebe-a5fd-54c2d5628ea7"",""replica"":""7fc15fda-5103-4647-b7c4-6251ceb0ef53""}",2026-07-23T06:27:29.785798309Z
"2026-07-23T06:27:29.547Z [[34mdebug[39m] 📤 [PUBLISH_CYCLE] Publishing all screens to device {""service"":""mqtt-publisher-lite"",""deviceId"":""DEVICE-17""}",info,"{""level"":""info""}","{""project"":""90a47e04-a329-4122-9c82-2ee75a4562c2"",""environment"":""f6319bd4-2e87-40d4-8547-4ce714038bc1"",""service"":""c236b8cb-3eff-45c5-aca0-23e73e33dc8d"",""deployment"":""69394420-c732-4ebe-a5fd-54c2d5628ea7"",""replica"":""7fc15fda-5103-4647-b7c4-6251ceb0ef53""}",2026-07-23T06:27:29.786033207Z
"2026-07-23T06:27:29.564Z [[32minfo[39m] 💀 [LIFECYCLE:LWT] Device disconnect processed {""service"":""mqtt-publisher-lite"",""deviceId"":""DEVICE-19"",""removedFromRedis"":true}",info,"{""level"":""info""}","{""project"":""90a47e04-a329-4122-9c82-2ee75a4562c2"",""environment"":""f6319bd4-2e87-40d4-8547-4ce714038bc1"",""service"":""c236b8cb-3eff-45c5-aca0-23e73e33dc8d"",""deployment"":""69394420-c732-4ebe-a5fd-54c2d5628ea7"",""replica"":""7fc15fda-5103-4647-b7c4-6251ceb0ef53""}",2026-07-23T06:27:29.786036617Z
"2026-07-23T06:27:29.613Z [[32minfo[39m] [STIM_GMB] Published {""service"":""mqtt-publisher-lite"",""deviceId"":""DEVICE-15"",""reviews"":23,""target"":100,""mode"":""synthetic"",""celebration"":""false"",""done"":false}",info,"{""level"":""info""}","{""project"":""90a47e04-a329-4122-9c82-2ee75a4562c2"",""environment"":""f6319bd4-2e87-40d4-8547-4ce714038bc1"",""service"":""c236b8cb-3eff-45c5-aca0-23e73e33dc8d"",""deployment"":""69394420-c732-4ebe-a5fd-54c2d5628ea7"",""replica"":""7fc15fda-5103-4647-b7c4-6251ceb0ef53""}",2026-07-23T06:27:29.786039637Z
"2026-07-23T06:27:29.658Z [[32minfo[39m] [PROMOTION] Default canvas not published {""service"":""mqtt-publisher-lite"",""deviceId"":""DEVICE-17"",""topic"":""proof.mqtt/DEVICE-17/promotion"",""reason"":""unchanged""}",info,"{""level"":""info""}","{""project"":""90a47e04-a329-4122-9c82-2ee75a4562c2"",""environment"":""f6319bd4-2e87-40d4-8547-4ce714038bc1"",""service"":""c236b8cb-3eff-45c5-aca0-23e73e33dc8d"",""deployment"":""69394420-c732-4ebe-a5fd-54c2d5628ea7"",""replica"":""7fc15fda-5103-4647-b7c4-6251ceb0ef53""}",2026-07-23T06:27:29.786042507Z
"2026-07-23T06:27:29.658Z [[34mdebug[39m] [STIM_SKIP] StatsPublisher skipping stim device {""service"":""mqtt-publisher-lite"",""deviceId"":""DEVICE-15""}",info,"{""level"":""info""}","{""project"":""90a47e04-a329-4122-9c82-2ee75a4562c2"",""environment"":""f6319bd4-2e87-40d4-8547-4ce714038bc1"",""service"":""c236b8cb-3eff-45c5-aca0-23e73e33dc8d"",""deployment"":""69394420-c732-4ebe-a5fd-54c2d5628ea7"",""replica"":""7fc15fda-5103-4647-b7c4-6251ceb0ef53""}",2026-07-23T06:27:29.786045357Z
"2026-07-23T06:27:31.208Z [[34mdebug[39m] Message received {""service"":""mqtt-publisher-lite"",""topic"":""proof.mqtt/DEVICE-19/active"",""size"":238,""retain"":false}",info,"{""level"":""info""}","{""project"":""90a47e04-a329-4122-9c82-2ee75a4562c2"",""environment"":""f6319bd4-2e87-40d4-8547-4ce714038bc1"",""service"":""c236b8cb-3eff-45c5-aca0-23e73e33dc8d"",""deployment"":""69394420-c732-4ebe-a5fd-54c2d5628ea7"",""replica"":""7fc15fda-5103-4647-b7c4-6251ceb0ef53""}",2026-07-23T06:27:31.216264077Z
"2026-07-23T06:27:31.208Z [[34mdebug[39m] Message received {""service"":""mqtt-publisher-lite"",""topic"":""proof.mqtt/DEVICE-19/status"",""size"":95,""retain"":false}",info,"{""level"":""info""}","{""project"":""90a47e04-a329-4122-9c82-2ee75a4562c2"",""environment"":""f6319bd4-2e87-40d4-8547-4ce714038bc1"",""service"":""c236b8cb-3eff-45c5-aca0-23e73e33dc8d"",""deployment"":""69394420-c732-4ebe-a5fd-54c2d5628ea7"",""replica"":""7fc15fda-5103-4647-b7c4-6251ceb0ef53""}",2026-07-23T06:27:31.216269567Z
"2026-07-23T06:27:31.208Z [[32minfo[39m] 📱 Device Registration Received {""service"":""mqtt-publisher-lite"",""deviceId"":""DEVICE-19"",""userId"":""ESP32-ABC123"",""deviceType"":""node"",""os"":""linux"",""type"":""device_registration""}",info,"{""level"":""info""}","{""project"":""90a47e04-a329-4122-9c82-2ee75a4562c2"",""environment"":""f6319bd4-2e87-40d4-8547-4ce714038bc1"",""service"":""c236b8cb-3eff-45c5-aca0-23e73e33dc8d"",""deployment"":""69394420-c732-4ebe-a5fd-54c2d5628ea7"",""replica"":""7fc15fda-5103-4647-b7c4-6251ceb0ef53""}",2026-07-23T06:27:31.216273136Z
"2026-07-23T06:27:31.209Z [[32minfo[39m] 📊 Device Status Update {""service"":""mqtt-publisher-lite"",""deviceId"":""DEVICE-19"",""status"":""online"",""eventType"":""status"",""uptime"":0.831588271}",info,"{""level"":""info""}","{""project"":""90a47e04-a329-4122-9c82-2ee75a4562c2"",""environment"":""f6319bd4-2e87-40d4-8547-4ce714038bc1"",""service"":""c236b8cb-3eff-45c5-aca0-23e73e33dc8d"",""deployment"":""69394420-c732-4ebe-a5fd-54c2d5628ea7"",""replica"":""7fc15fda-5103-4647-b7c4-6251ceb0ef53""}",2026-07-23T06:27:31.216275986Z
"2026-07-23T06:27:31.211Z [[34mdebug[39m] OTA telemetry written to InfluxDB {""service"":""mqtt-publisher-lite"",""deviceId"":""DEVICE-19"",""event"":""status""}",info,"{""level"":""info""}","{""project"":""90a47e04-a329-4122-9c82-2ee75a4562c2"",""environment"":""f6319bd4-2e87-40d4-8547-4ce714038bc1"",""service"":""c236b8cb-3eff-45c5-aca0-23e73e33dc8d"",""deployment"":""69394420-c732-4ebe-a5fd-54c2d5628ea7"",""replica"":""7fc15fda-5103-4647-b7c4-6251ceb0ef53""}",2026-07-23T06:27:31.216279066Z
"2026-07-23T06:27:31.475Z [[32minfo[39m] ✅ Existing device reconnected {""service"":""mqtt-publisher-lite"",""deviceId"":""DEVICE-19"",""fwVersion"":""1.0.0""}",info,"{""level"":""info""}","{""project"":""90a47e04-a329-4122-9c82-2ee75a4562c2"",""environment"":""f6319bd4-2e87-40d4-8547-4ce714038bc1"",""service"":""c236b8cb-3eff-45c5-aca0-23e73e33dc8d"",""deployment"":""69394420-c732-4ebe-a5fd-54c2d5628ea7"",""replica"":""7fc15fda-5103-4647-b7c4-6251ceb0ef53""}",2026-07-23T06:27:31.884308228Z
"2026-07-23T06:27:31.475Z [[32minfo[39m] 📤 QoS 1 message sent {""service"":""mqtt-publisher-lite"",""messageId"":44703,""topic"":""proof.mqtt/DEVICE-19/registration_ack"",""qos"":1}",info,"{""level"":""info""}","{""project"":""90a47e04-a329-4122-9c82-2ee75a4562c2"",""environment"":""f6319bd4-2e87-40d4-8547-4ce714038bc1"",""service"":""c236b8cb-3eff-45c5-aca0-23e73e33dc8d"",""deployment"":""69394420-c732-4ebe-a5fd-54c2d5628ea7"",""replica"":""7fc15fda-5103-4647-b7c4-6251ceb0ef53""}",2026-07-23T06:27:31.884311148Z
"2026-07-23T06:27:31.475Z [[32minfo[39m] ⏱️ Tracking QoS 1 message (30s timeout) {""service"":""mqtt-publisher-lite"",""deviceId"":""DEVICE-19"",""messageId"":44703,""topic"":""proof.mqtt/DEVICE-19/registration_ack"",""pendingCount"":1}",info,"{""level"":""info""}","{""project"":""90a47e04-a329-4122-9c82-2ee75a4562c2"",""environment"":""f6319bd4-2e87-40d4-8547-4ce714038bc1"",""service"":""c236b8cb-3eff-45c5-aca0-23e73e33dc8d"",""deployment"":""69394420-c732-4ebe-a5fd-54c2d5628ea7"",""replica"":""7fc15fda-5103-4647-b7c4-6251ceb0ef53""}",2026-07-23T06:27:31.884314168Z
"2026-07-23T06:27:31.694Z [[32minfo[39m] ✅ PUBACK received {""service"":""mqtt-publisher-lite"",""messageId"":44703}",info,"{""level"":""info""}","{""project"":""90a47e04-a329-4122-9c82-2ee75a4562c2"",""environment"":""f6319bd4-2e87-40d4-8547-4ce714038bc1"",""service"":""c236b8cb-3eff-45c5-aca0-23e73e33dc8d"",""deployment"":""69394420-c732-4ebe-a5fd-54c2d5628ea7"",""replica"":""7fc15fda-5103-4647-b7c4-6251ceb0ef53""}",2026-07-23T06:27:31.884317878Z
"2026-07-23T06:27:31.695Z [[32minfo[39m] ✅ QoS 1 PUBACK confirmed {""service"":""mqtt-publisher-lite"",""deviceId"":""DEVICE-19"",""messageId"":44703,""deliveryTime"":""220ms"",""pendingCount"":0}",info,"{""level"":""info""}","{""project"":""90a47e04-a329-4122-9c82-2ee75a4562c2"",""environment"":""f6319bd4-2e87-40d4-8547-4ce714038bc1"",""service"":""c236b8cb-3eff-45c5-aca0-23e73e33dc8d"",""deployment"":""69394420-c732-4ebe-a5fd-54c2d5628ea7"",""replica"":""7fc15fda-5103-4647-b7c4-6251ceb0ef53""}",2026-07-23T06:27:31.884322297Z
"2026-07-23T06:27:31.695Z [[34mdebug[39m] ✅ [LIFECYCLE:PUBACK_OK] Device confirmed message receipt {""service"":""mqtt-publisher-lite"",""deviceId"":""DEVICE-19""}",info,"{""level"":""info""}","{""project"":""90a47e04-a329-4122-9c82-2ee75a4562c2"",""environment"":""f6319bd4-2e87-40d4-8547-4ce714038bc1"",""service"":""c236b8cb-3eff-45c5-aca0-23e73e33dc8d"",""deployment"":""69394420-c732-4ebe-a5fd-54c2d5628ea7"",""replica"":""7fc15fda-5103-4647-b7c4-6251ceb0ef53""}",2026-07-23T06:27:31.884325597Z
"2026-07-23T06:27:31.695Z [[34mdebug[39m] Message published {""service"":""mqtt-publisher-lite"",""topic"":""proof.mqtt/DEVICE-19/registration_ack"",""qos"":1,""deliveryTime"":""220ms""}",info,"{""level"":""info""}","{""project"":""90a47e04-a329-4122-9c82-2ee75a4562c2"",""environment"":""f6319bd4-2e87-40d4-8547-4ce714038bc1"",""service"":""c236b8cb-3eff-45c5-aca0-23e73e33dc8d"",""deployment"":""69394420-c732-4ebe-a5fd-54c2d5628ea7"",""replica"":""7fc15fda-5103-4647-b7c4-6251ceb0ef53""}",2026-07-23T06:27:31.884328407Z
"2026-07-23T06:27:31.695Z [[32minfo[39m] 📤 Registration response sent {""service"":""mqtt-publisher-lite"",""deviceId"":""DEVICE-19"",""success"":true,""isNewDevice"":false}",info,"{""level"":""info""}","{""project"":""90a47e04-a329-4122-9c82-2ee75a4562c2"",""environment"":""f6319bd4-2e87-40d4-8547-4ce714038bc1"",""service"":""c236b8cb-3eff-45c5-aca0-23e73e33dc8d"",""deployment"":""69394420-c732-4ebe-a5fd-54c2d5628ea7"",""replica"":""7fc15fda-5103-4647-b7c4-6251ceb0ef53""}",2026-07-23T06:27:31.884331197Z
"2026-07-23T06:27:31.696Z [[32minfo[39m] 📋 [LIFECYCLE:REGISTER] Caching device in Redis active list {""service"":""mqtt-publisher-lite"",""deviceId"":""DEVICE-19""}",info,"{""level"":""info""}","{""project"":""90a47e04-a329-4122-9c82-2ee75a4562c2"",""environment"":""f6319bd4-2e87-40d4-8547-4ce714038bc1"",""service"":""c236b8cb-3eff-45c5-aca0-23e73e33dc8d"",""deployment"":""69394420-c732-4ebe-a5fd-54c2d5628ea7"",""replica"":""7fc15fda-5103-4647-b7c4-6251ceb0ef53""}",2026-07-23T06:27:31.884334437Z
"2026-07-23T06:27:31.696Z [[32minfo[39m] 📋 [LIFECYCLE:CACHE] Step 1/2 — Device lookup (MongoDB) {""service"":""mqtt-publisher-lite"",""deviceId"":""DEVICE-19""}",info,"{""level"":""info""}","{""project"":""90a47e04-a329-4122-9c82-2ee75a4562c2"",""environment"":""f6319bd4-2e87-40d4-8547-4ce714038bc1"",""service"":""c236b8cb-3eff-45c5-aca0-23e73e33dc8d"",""deployment"":""69394420-c732-4ebe-a5fd-54c2d5628ea7"",""replica"":""7fc15fda-5103-4647-b7c4-6251ceb0ef53""}",2026-07-23T06:27:31.884338177Z
"2026-07-23T06:27:31.830Z [[32minfo[39m] 📋 [LIFECYCLE:CACHE] Step 2/2 — Social (Instagram) for device {""service"":""mqtt-publisher-lite"",""deviceId"":""DEVICE-19"",""userId"":""68d3753f9f99d6b73ae2d991"",""deviceStatus"":""ACTIVE""}",info,"{""level"":""info""}","{""project"":""90a47e04-a329-4122-9c82-2ee75a4562c2"",""environment"":""f6319bd4-2e87-40d4-8547-4ce714038bc1"",""service"":""c236b8cb-3eff-45c5-aca0-23e73e33dc8d"",""deployment"":""69394420-c732-4ebe-a5fd-54c2d5628ea7"",""replica"":""7fc15fda-5103-4647-b7c4-6251ceb0ef53""}",2026-07-23T06:27:31.884525406Z
"2026-07-23T06:27:31.957Z [[32minfo[39m] 📋 [LIFECYCLE:CACHE] Active device record written (Mongo → file + Redis IG key) {""service"":""mqtt-publisher-lite"",""deviceId"":""DEVICE-19"",""userId"":""68d3753f9f99d6b73ae2d991"",""instagramFromSocial"":true}",info,"{""level"":""info""}","{""project"":""90a47e04-a329-4122-9c82-2ee75a4562c2"",""environment"":""f6319bd4-2e87-40d4-8547-4ce714038bc1"",""service"":""c236b8cb-3eff-45c5-aca0-23e73e33dc8d"",""deployment"":""69394420-c732-4ebe-a5fd-54c2d5628ea7"",""replica"":""7fc15fda-5103-4647-b7c4-6251ceb0ef53""}",2026-07-23T06:27:31.972358468Z
"2026-07-23T06:27:32.296Z [[32minfo[39m] 📋 [LIFECYCLE:REGISTER] Device registration complete {""service"":""mqtt-publisher-lite"",""deviceId"":""DEVICE-19""}",info,"{""level"":""info""}","{""project"":""90a47e04-a329-4122-9c82-2ee75a4562c2"",""environment"":""f6319bd4-2e87-40d4-8547-4ce714038bc1"",""service"":""c236b8cb-3eff-45c5-aca0-23e73e33dc8d"",""deployment"":""69394420-c732-4ebe-a5fd-54c2d5628ea7"",""replica"":""7fc15fda-5103-4647-b7c4-6251ceb0ef53""}",2026-07-23T06:27:32.303097456Z
"2026-07-23T06:27:32.708Z [[32minfo[39m] [STIM_SKIP] Connect refresh skipping Instagram for stim device {""service"":""mqtt-publisher-lite"",""deviceId"":""DEVICE-19""}",info,"{""level"":""info""}","{""project"":""90a47e04-a329-4122-9c82-2ee75a4562c2"",""environment"":""f6319bd4-2e87-40d4-8547-4ce714038bc1"",""service"":""c236b8cb-3eff-45c5-aca0-23e73e33dc8d"",""deployment"":""69394420-c732-4ebe-a5fd-54c2d5628ea7"",""replica"":""7fc15fda-5103-4647-b7c4-6251ceb0ef53""}",2026-07-23T06:27:32.885693567Z
"2026-07-23T06:27:32.807Z [[32minfo[39m] [USER_INTEGRATIONS] Cached {""service"":""mqtt-publisher-lite"",""userId"":""68d3753f9f99d6b73ae2d991"",""hasInstagram"":true,""hasGmb"":true,""posPlatform"":null}",info,"{""level"":""info""}","{""project"":""90a47e04-a329-4122-9c82-2ee75a4562c2"",""environment"":""f6319bd4-2e87-40d4-8547-4ce714038bc1"",""service"":""c236b8cb-3eff-45c5-aca0-23e73e33dc8d"",""deployment"":""69394420-c732-4ebe-a5fd-54c2d5628ea7"",""replica"":""7fc15fda-5103-4647-b7c4-6251ceb0ef53""}",2026-07-23T06:27:32.885696687Z
"2026-07-23T06:27:32.836Z [[32minfo[39m] [STIM_SKIP] Connect refresh skipping GMB for stim device {""service"":""mqtt-publisher-lite"",""deviceId"":""DEVICE-19""}",info,"{""level"":""info""}","{""project"":""90a47e04-a329-4122-9c82-2ee75a4562c2"",""environment"":""f6319bd4-2e87-40d4-8547-4ce714038bc1"",""service"":""c236b8cb-3eff-45c5-aca0-23e73e33dc8d"",""deployment"":""69394420-c732-4ebe-a5fd-54c2d5628ea7"",""replica"":""7fc15fda-5103-4647-b7c4-6251ceb0ef53""}",2026-07-23T06:27:32.885700007Z
"2026-07-23T06:27:33.081Z [[32minfo[39m] [PROMOTION] No running brand canvas — default canvas {""service"":""mqtt-publisher-lite"",""deviceId"":""DEVICE-19"",""userId"":""68d3753f9f99d6b73ae2d991""}",info,"{""level"":""info""}","{""project"":""90a47e04-a329-4122-9c82-2ee75a4562c2"",""environment"":""f6319bd4-2e87-40d4-8547-4ce714038bc1"",""service"":""c236b8cb-3eff-45c5-aca0-23e73e33dc8d"",""deployment"":""69394420-c732-4ebe-a5fd-54c2d5628ea7"",""replica"":""7fc15fda-5103-4647-b7c4-6251ceb0ef53""}",2026-07-23T06:27:33.089175975Z
"2026-07-23T06:27:33.082Z [[32minfo[39m] 📤 QoS 1 message sent {""service"":""mqtt-publisher-lite"",""messageId"":44704,""topic"":""proof.mqtt/DEVICE-19/promotion"",""qos"":1}",info,"{""level"":""info""}","{""project"":""90a47e04-a329-4122-9c82-2ee75a4562c2"",""environment"":""f6319bd4-2e87-40d4-8547-4ce714038bc1"",""service"":""c236b8cb-3eff-45c5-aca0-23e73e33dc8d"",""deployment"":""69394420-c732-4ebe-a5fd-54c2d5628ea7"",""replica"":""7fc15fda-5103-4647-b7c4-6251ceb0ef53""}",2026-07-23T06:27:33.089180945Z
"2026-07-23T06:27:33.082Z [[32minfo[39m] ⏱️ Tracking QoS 1 message (30s timeout) {""service"":""mqtt-publisher-lite"",""deviceId"":""DEVICE-19"",""messageId"":44704,""topic"":""proof.mqtt/DEVICE-19/promotion"",""pendingCount"":1}",info,"{""level"":""info""}","{""project"":""90a47e04-a329-4122-9c82-2ee75a4562c2"",""environment"":""f6319bd4-2e87-40d4-8547-4ce714038bc1"",""service"":""c236b8cb-3eff-45c5-aca0-23e73e33dc8d"",""deployment"":""69394420-c732-4ebe-a5fd-54c2d5628ea7"",""replica"":""7fc15fda-5103-4647-b7c4-6251ceb0ef53""}",2026-07-23T06:27:33.089185115Z
"2026-07-23T06:27:33.301Z [[32minfo[39m] ✅ PUBACK received {""service"":""mqtt-publisher-lite"",""messageId"":44704}",info,"{""level"":""info""}","{""project"":""90a47e04-a329-4122-9c82-2ee75a4562c2"",""environment"":""f6319bd4-2e87-40d4-8547-4ce714038bc1"",""service"":""c236b8cb-3eff-45c5-aca0-23e73e33dc8d"",""deployment"":""69394420-c732-4ebe-a5fd-54c2d5628ea7"",""replica"":""7fc15fda-5103-4647-b7c4-6251ceb0ef53""}",2026-07-23T06:27:33.311414824Z
"2026-07-23T06:27:33.301Z [[32minfo[39m] ✅ QoS 1 PUBACK confirmed {""service"":""mqtt-publisher-lite"",""deviceId"":""DEVICE-19"",""messageId"":44704,""deliveryTime"":""219ms"",""pendingCount"":0}",info,"{""level"":""info""}","{""project"":""90a47e04-a329-4122-9c82-2ee75a4562c2"",""environment"":""f6319bd4-2e87-40d4-8547-4ce714038bc1"",""service"":""c236b8cb-3eff-45c5-aca0-23e73e33dc8d"",""deployment"":""69394420-c732-4ebe-a5fd-54c2d5628ea7"",""replica"":""7fc15fda-5103-4647-b7c4-6251ceb0ef53""}",2026-07-23T06:27:33.311420364Z
"2026-07-23T06:27:33.301Z [[34mdebug[39m] ✅ [LIFECYCLE:PUBACK_OK] Device confirmed message receipt {""service"":""mqtt-publisher-lite"",""deviceId"":""DEVICE-19""}",info,"{""level"":""info""}","{""project"":""90a47e04-a329-4122-9c82-2ee75a4562c2"",""environment"":""f6319bd4-2e87-40d4-8547-4ce714038bc1"",""service"":""c236b8cb-3eff-45c5-aca0-23e73e33dc8d"",""deployment"":""69394420-c732-4ebe-a5fd-54c2d5628ea7"",""replica"":""7fc15fda-5103-4647-b7c4-6251ceb0ef53""}",2026-07-23T06:27:33.311423274Z
"2026-07-23T06:27:33.301Z [[34mdebug[39m] Message published {""service"":""mqtt-publisher-lite"",""topic"":""proof.mqtt/DEVICE-19/promotion"",""qos"":1,""deliveryTime"":""220ms""}",info,"{""level"":""info""}","{""project"":""90a47e04-a329-4122-9c82-2ee75a4562c2"",""environment"":""f6319bd4-2e87-40d4-8547-4ce714038bc1"",""service"":""c236b8cb-3eff-45c5-aca0-23e73e33dc8d"",""deployment"":""69394420-c732-4ebe-a5fd-54c2d5628ea7"",""replica"":""7fc15fda-5103-4647-b7c4-6251ceb0ef53""}",2026-07-23T06:27:33.311426424Z
"2026-07-23T06:27:33.301Z [[34mdebug[39m] Message received {""service"":""mqtt-publisher-lite"",""topic"":""proof.mqtt/DEVICE-19/promotion"",""size"":227,""retain"":false}",info,"{""level"":""info""}","{""project"":""90a47e04-a329-4122-9c82-2ee75a4562c2"",""environment"":""f6319bd4-2e87-40d4-8547-4ce714038bc1"",""service"":""c236b8cb-3eff-45c5-aca0-23e73e33dc8d"",""deployment"":""69394420-c732-4ebe-a5fd-54c2d5628ea7"",""replica"":""7fc15fda-5103-4647-b7c4-6251ceb0ef53""}",2026-07-23T06:27:33.311429684Z
"2026-07-23T06:27:33.302Z [[34mdebug[39m] Skipping echo message {""service"":""mqtt-publisher-lite"",""topic"":""proof.mqtt/DEVICE-19/promotion"",""age"":""1ms""}",info,"{""level"":""info""}","{""project"":""90a47e04-a329-4122-9c82-2ee75a4562c2"",""environment"":""f6319bd4-2e87-40d4-8547-4ce714038bc1"",""service"":""c236b8cb-3eff-45c5-aca0-23e73e33dc8d"",""deployment"":""69394420-c732-4ebe-a5fd-54c2d5628ea7"",""replica"":""7fc15fda-5103-4647-b7c4-6251ceb0ef53""}",2026-07-23T06:27:33.311432684Z
"2026-07-23T06:27:33.302Z [[34mdebug[39m] Screen message received {""service"":""mqtt-publisher-lite"",""topic"":""proof.mqtt/DEVICE-19/promotion"",""screen"":""promotion""}",info,"{""level"":""info""}","{""project"":""90a47e04-a329-4122-9c82-2ee75a4562c2"",""environment"":""f6319bd4-2e87-40d4-8547-4ce714038bc1"",""service"":""c236b8cb-3eff-45c5-aca0-23e73e33dc8d"",""deployment"":""69394420-c732-4ebe-a5fd-54c2d5628ea7"",""replica"":""7fc15fda-5103-4647-b7c4-6251ceb0ef53""}",2026-07-23T06:27:33.311438714Z
"2026-07-23T06:27:33.401Z [[32minfo[39m] 🎨 [DEFAULT:PUBLISHED] Empty default canvas sent {""service"":""mqtt-publisher-lite"",""deviceId"":""DEVICE-19"",""topic"":""proof.mqtt/DEVICE-19/promotion""}",info,"{""level"":""info""}","{""project"":""90a47e04-a329-4122-9c82-2ee75a4562c2"",""environment"":""f6319bd4-2e87-40d4-8547-4ce714038bc1"",""service"":""c236b8cb-3eff-45c5-aca0-23e73e33dc8d"",""deployment"":""69394420-c732-4ebe-a5fd-54c2d5628ea7"",""replica"":""7fc15fda-5103-4647-b7c4-6251ceb0ef53""}",2026-07-23T06:27:33.402719430Z
"2026-07-23T06:27:33.401Z [[32minfo[39m] [CONNECT_REFRESH] Promotion published (connect force) {""service"":""mqtt-publisher-lite"",""deviceId"":""DEVICE-19"",""clearedHashes"":0}",info,"{""level"":""info""}","{""project"":""90a47e04-a329-4122-9c82-2ee75a4562c2"",""environment"":""f6319bd4-2e87-40d4-8547-4ce714038bc1"",""service"":""c236b8cb-3eff-45c5-aca0-23e73e33dc8d"",""deployment"":""69394420-c732-4ebe-a5fd-54c2d5628ea7"",""replica"":""7fc15fda-5103-4647-b7c4-6251ceb0ef53""}",2026-07-23T06:27:33.402723150Z
"2026-07-23T06:27:33.401Z [[32minfo[39m] [DEFERRED_WORK] Drain complete {""service"":""mqtt-publisher-lite"",""processed"":1,""skippedStale"":0,""failed"":0}",info,"{""level"":""info""}","{""project"":""90a47e04-a329-4122-9c82-2ee75a4562c2"",""environment"":""f6319bd4-2e87-40d4-8547-4ce714038bc1"",""service"":""c236b8cb-3eff-45c5-aca0-23e73e33dc8d"",""deployment"":""69394420-c732-4ebe-a5fd-54c2d5628ea7"",""replica"":""7fc15fda-5103-4647-b7c4-6251ceb0ef53""}",2026-07-23T06:27:33.402726130Z
"2026-07-23T06:27:33.498Z [[32minfo[39m] InfluxDB batch flush {""service"":""mqtt-publisher-lite"",""source"":""metrics_disk_queue_worker"",""count"":2,""lines"":[""device_ota_events,device_id=DEVICE-19,event=status,source=mqtt-publisher-lite,source_topic=status uptime_s=0i 1784788051085000000"",""device_ota_events,device_id=DEVICE-19,event=boot,source=mqtt-publisher-lite,source_topic=active fw_version=\""1.0.0\"",ip_address=\""127.0.0.1\"" 1784788051085000000""]}",info,"{""level"":""info""}","{""project"":""90a47e04-a329-4122-9c82-2ee75a4562c2"",""environment"":""f6319bd4-2e87-40d4-8547-4ce714038bc1"",""service"":""c236b8cb-3eff-45c5-aca0-23e73e33dc8d"",""deployment"":""69394420-c732-4ebe-a5fd-54c2d5628ea7"",""replica"":""7fc15fda-5103-4647-b7c4-6251ceb0ef53""}",2026-07-23T06:27:33.500179351Z
"2026-07-23T06:27:33.724Z [[32minfo[39m] 📤 QoS 2 message sent {""service"":""mqtt-publisher-lite"",""messageId"":44705,""topic"":""proof.mqtt/DEVICE-19/cmd"",""qos"":2}",info,"{""level"":""info""}","{""project"":""90a47e04-a329-4122-9c82-2ee75a4562c2"",""environment"":""f6319bd4-2e87-40d4-8547-4ce714038bc1"",""service"":""c236b8cb-3eff-45c5-aca0-23e73e33dc8d"",""deployment"":""69394420-c732-4ebe-a5fd-54c2d5628ea7"",""replica"":""7fc15fda-5103-4647-b7c4-6251ceb0ef53""}",2026-07-23T06:27:33.840296440Z
"2026-07-23T06:27:33.724Z [[32minfo[39m] ⏱️ Tracking QoS 2 message (30s timeout) {""service"":""mqtt-publisher-lite"",""deviceId"":""DEVICE-19"",""messageId"":44705,""topic"":""proof.mqtt/DEVICE-19/cmd"",""pendingCount"":1}",info,"{""level"":""info""}","{""project"":""90a47e04-a329-4122-9c82-2ee75a4562c2"",""environment"":""f6319bd4-2e87-40d4-8547-4ce714038bc1"",""service"":""c236b8cb-3eff-45c5-aca0-23e73e33dc8d"",""deployment"":""69394420-c732-4ebe-a5fd-54c2d5628ea7"",""replica"":""7fc15fda-5103-4647-b7c4-6251ceb0ef53""}",2026-07-23T06:27:33.840299430Z
"2026-07-23T06:27:33.725Z [[34mdebug[39m] PKI audit event written to InfluxDB {""service"":""mqtt-publisher-lite"",""event"":""OTA_CHECK_OFFERED"",""deviceId"":""DEVICE-19""}",info,"{""level"":""info""}","{""project"":""90a47e04-a329-4122-9c82-2ee75a4562c2"",""environment"":""f6319bd4-2e87-40d4-8547-4ce714038bc1"",""service"":""c236b8cb-3eff-45c5-aca0-23e73e33dc8d"",""deployment"":""69394420-c732-4ebe-a5fd-54c2d5628ea7"",""replica"":""7fc15fda-5103-4647-b7c4-6251ceb0ef53""}",2026-07-23T06:27:33.840302380Z
"2026-07-23T06:27:33.725Z [[34mdebug[39m] Audit event logged to InfluxDB {""service"":""mqtt-publisher-lite"",""sequence"":39,""event"":""OTA_CHECK_OFFERED"",""deviceId"":""DEVICE-19"",""hash"":""3825a17e32501b29...""}",info,"{""level"":""info""}","{""project"":""90a47e04-a329-4122-9c82-2ee75a4562c2"",""environment"":""f6319bd4-2e87-40d4-8547-4ce714038bc1"",""service"":""c236b8cb-3eff-45c5-aca0-23e73e33dc8d"",""deployment"":""69394420-c732-4ebe-a5fd-54c2d5628ea7"",""replica"":""7fc15fda-5103-4647-b7c4-6251ceb0ef53""}",2026-07-23T06:27:33.840305760Z
"2026-07-23T06:27:34.169Z [[32minfo[39m] ✅ PUBCOMP received {""service"":""mqtt-publisher-lite"",""messageId"":44705}",info,"{""level"":""info""}","{""project"":""90a47e04-a329-4122-9c82-2ee75a4562c2"",""environment"":""f6319bd4-2e87-40d4-8547-4ce714038bc1"",""service"":""c236b8cb-3eff-45c5-aca0-23e73e33dc8d"",""deployment"":""69394420-c732-4ebe-a5fd-54c2d5628ea7"",""replica"":""7fc15fda-5103-4647-b7c4-6251ceb0ef53""}",2026-07-23T06:27:34.175451906Z
"2026-07-23T06:27:34.169Z [[32minfo[39m] ✅ QoS 2 PUBCOMP confirmed {""service"":""mqtt-publisher-lite"",""deviceId"":""DEVICE-19"",""messageId"":44705,""deliveryTime"":""445ms"",""pendingCount"":0}",info,"{""level"":""info""}","{""project"":""90a47e04-a329-4122-9c82-2ee75a4562c2"",""environment"":""f6319bd4-2e87-40d4-8547-4ce714038bc1"",""service"":""c236b8cb-3eff-45c5-aca0-23e73e33dc8d"",""deployment"":""69394420-c732-4ebe-a5fd-54c2d5628ea7"",""replica"":""7fc15fda-5103-4647-b7c4-6251ceb0ef53""}",2026-07-23T06:27:34.175455456Z
"2026-07-23T06:27:34.170Z [[34mdebug[39m] ✅ [LIFECYCLE:PUBACK_OK] Device confirmed message receipt {""service"":""mqtt-publisher-lite"",""deviceId"":""DEVICE-19""}",info,"{""level"":""info""}","{""project"":""90a47e04-a329-4122-9c82-2ee75a4562c2"",""environment"":""f6319bd4-2e87-40d4-8547-4ce714038bc1"",""service"":""c236b8cb-3eff-45c5-aca0-23e73e33dc8d"",""deployment"":""69394420-c732-4ebe-a5fd-54c2d5628ea7"",""replica"":""7fc15fda-5103-4647-b7c4-6251ceb0ef53""}",2026-07-23T06:27:34.175458476Z
"2026-07-23T06:27:34.170Z [[34mdebug[39m] Message published {""service"":""mqtt-publisher-lite"",""topic"":""proof.mqtt/DEVICE-19/cmd"",""qos"":2,""deliveryTime"":""446ms""}",info,"{""level"":""info""}","{""project"":""90a47e04-a329-4122-9c82-2ee75a4562c2"",""environment"":""f6319bd4-2e87-40d4-8547-4ce714038bc1"",""service"":""c236b8cb-3eff-45c5-aca0-23e73e33dc8d"",""deployment"":""69394420-c732-4ebe-a5fd-54c2d5628ea7"",""replica"":""7fc15fda-5103-4647-b7c4-6251ceb0ef53""}",2026-07-23T06:27:34.175461356Z
"2026-07-23T06:27:34.173Z [[34mdebug[39m] PKI audit event written to InfluxDB {""service"":""mqtt-publisher-lite"",""event"":""OTA_COMMAND_DELIVERED"",""deviceId"":""DEVICE-19""}",info,"{""level"":""info""}","{""project"":""90a47e04-a329-4122-9c82-2ee75a4562c2"",""environment"":""f6319bd4-2e87-40d4-8547-4ce714038bc1"",""service"":""c236b8cb-3eff-45c5-aca0-23e73e33dc8d"",""deployment"":""69394420-c732-4ebe-a5fd-54c2d5628ea7"",""replica"":""7fc15fda-5103-4647-b7c4-6251ceb0ef53""}",2026-07-23T06:27:34.175464536Z
"2026-07-23T06:27:34.173Z [[34mdebug[39m] Audit event logged to InfluxDB {""service"":""mqtt-publisher-lite"",""sequence"":40,""event"":""OTA_COMMAND_DELIVERED"",""deviceId"":""DEVICE-19"",""hash"":""f3752a0e960c36fa...""}",info,"{""level"":""info""}","{""project"":""90a47e04-a329-4122-9c82-2ee75a4562c2"",""environment"":""f6319bd4-2e87-40d4-8547-4ce714038bc1"",""service"":""c236b8cb-3eff-45c5-aca0-23e73e33dc8d"",""deployment"":""69394420-c732-4ebe-a5fd-54c2d5628ea7"",""replica"":""7fc15fda-5103-4647-b7c4-6251ceb0ef53""}",2026-07-23T06:27:34.175467236Z
"2026-07-23T06:27:34.307Z [[32minfo[39m] [OTA] Published ota_update cmd {""service"":""mqtt-publisher-lite"",""deviceId"":""DEVICE-19"",""version"":""1.0.1"",""topic"":""proof.mqtt/DEVICE-19/cmd""}",info,"{""level"":""info""}","{""project"":""90a47e04-a329-4122-9c82-2ee75a4562c2"",""environment"":""f6319bd4-2e87-40d4-8547-4ce714038bc1"",""service"":""c236b8cb-3eff-45c5-aca0-23e73e33dc8d"",""deployment"":""69394420-c732-4ebe-a5fd-54c2d5628ea7"",""replica"":""7fc15fda-5103-4647-b7c4-6251ceb0ef53""}",2026-07-23T06:27:34.312694573Z
"2026-07-23T06:27:34.356Z [[34mdebug[39m] PKI audit event written to InfluxDB {""service"":""mqtt-publisher-lite"",""event"":""OTA_COMMAND_ISSUED"",""deviceId"":""DEVICE-19""}",info,"{""level"":""info""}","{""project"":""90a47e04-a329-4122-9c82-2ee75a4562c2"",""environment"":""f6319bd4-2e87-40d4-8547-4ce714038bc1"",""service"":""c236b8cb-3eff-45c5-aca0-23e73e33dc8d"",""deployment"":""69394420-c732-4ebe-a5fd-54c2d5628ea7"",""replica"":""7fc15fda-5103-4647-b7c4-6251ceb0ef53""}",2026-07-23T06:27:34.389842063Z
"2026-07-23T06:27:34.356Z [[34mdebug[39m] Audit event logged to InfluxDB {""service"":""mqtt-publisher-lite"",""sequence"":41,""event"":""OTA_COMMAND_ISSUED"",""deviceId"":""DEVICE-19"",""hash"":""e586136d81d77eb0...""}",info,"{""level"":""info""}","{""project"":""90a47e04-a329-4122-9c82-2ee75a4562c2"",""environment"":""f6319bd4-2e87-40d4-8547-4ce714038bc1"",""service"":""c236b8cb-3eff-45c5-aca0-23e73e33dc8d"",""deployment"":""69394420-c732-4ebe-a5fd-54c2d5628ea7"",""replica"":""7fc15fda-5103-4647-b7c4-6251ceb0ef53""}",2026-07-23T06:27:34.389847133Z
"2026-07-23T06:27:35.503Z [[34mdebug[39m] Message received {""service"":""mqtt-publisher-lite"",""topic"":""proof.mqtt/DEVICE-19/status"",""size"":53,""retain"":false}",info,"{""level"":""info""}","{""project"":""90a47e04-a329-4122-9c82-2ee75a4562c2"",""environment"":""f6319bd4-2e87-40d4-8547-4ce714038bc1"",""service"":""c236b8cb-3eff-45c5-aca0-23e73e33dc8d"",""deployment"":""69394420-c732-4ebe-a5fd-54c2d5628ea7"",""replica"":""7fc15fda-5103-4647-b7c4-6251ceb0ef53""}",2026-07-23T06:27:35.506171000Z
"2026-07-23T06:27:35.728Z [[34mdebug[39m] [OTA] Pilot ignores progress/validation event {""service"":""mqtt-publisher-lite"",""deviceId"":""DEVICE-19"",""key"":""ota_progress""}",info,"{""level"":""info""}","{""project"":""90a47e04-a329-4122-9c82-2ee75a4562c2"",""environment"":""f6319bd4-2e87-40d4-8547-4ce714038bc1"",""service"":""c236b8cb-3eff-45c5-aca0-23e73e33dc8d"",""deployment"":""69394420-c732-4ebe-a5fd-54c2d5628ea7"",""replica"":""7fc15fda-5103-4647-b7c4-6251ceb0ef53""}",2026-07-23T06:27:35.882260642Z
"2026-07-23T06:27:35.728Z [[32minfo[39m] 📊 Device Status Update {""service"":""mqtt-publisher-lite"",""deviceId"":""DEVICE-19"",""eventType"":""ota_progress""}",info,"{""level"":""info""}","{""project"":""90a47e04-a329-4122-9c82-2ee75a4562c2"",""environment"":""f6319bd4-2e87-40d4-8547-4ce714038bc1"",""service"":""c236b8cb-3eff-45c5-aca0-23e73e33dc8d"",""deployment"":""69394420-c732-4ebe-a5fd-54c2d5628ea7"",""replica"":""7fc15fda-5103-4647-b7c4-6251ceb0ef53""}",2026-07-23T06:27:35.882271722Z
"2026-07-23T06:27:35.728Z [[34mdebug[39m] OTA telemetry written to InfluxDB {""service"":""mqtt-publisher-lite"",""deviceId"":""DEVICE-19"",""event"":""ota_progress""}",info,"{""level"":""info""}","{""project"":""90a47e04-a329-4122-9c82-2ee75a4562c2"",""environment"":""f6319bd4-2e87-40d4-8547-4ce714038bc1"",""service"":""c236b8cb-3eff-45c5-aca0-23e73e33dc8d"",""deployment"":""69394420-c732-4ebe-a5fd-54c2d5628ea7"",""replica"":""7fc15fda-5103-4647-b7c4-6251ceb0ef53""}",2026-07-23T06:27:35.882277002Z
"2026-07-23T06:27:36.928Z [[32minfo[39m] HTTP request {""service"":""mqtt-publisher-lite"",""method"":""GET"",""path"":""/ota/offer/1.0.1"",""status"":200,""duration"":""127ms""}",info,"{""level"":""info""}","{""project"":""90a47e04-a329-4122-9c82-2ee75a4562c2"",""environment"":""f6319bd4-2e87-40d4-8547-4ce714038bc1"",""service"":""c236b8cb-3eff-45c5-aca0-23e73e33dc8d"",""deployment"":""69394420-c732-4ebe-a5fd-54c2d5628ea7"",""replica"":""7fc15fda-5103-4647-b7c4-6251ceb0ef53""}",2026-07-23T06:27:36.931327693Z
"2026-07-23T06:27:37.211Z [[34mdebug[39m] Message received {""service"":""mqtt-publisher-lite"",""topic"":""proof.mqtt/DEVICE-19/status"",""size"":103,""retain"":false}",info,"{""level"":""info""}","{""project"":""90a47e04-a329-4122-9c82-2ee75a4562c2"",""environment"":""f6319bd4-2e87-40d4-8547-4ce714038bc1"",""service"":""c236b8cb-3eff-45c5-aca0-23e73e33dc8d"",""deployment"":""69394420-c732-4ebe-a5fd-54c2d5628ea7"",""replica"":""7fc15fda-5103-4647-b7c4-6251ceb0ef53""}",2026-07-23T06:27:37.224641396Z
"2026-07-23T06:27:37.436Z [[34mdebug[39m] [OTA] Ignored status event {""service"":""mqtt-publisher-lite"",""deviceId"":""DEVICE-19"",""key"":""ota_failure""}",info,"{""level"":""info""}","{""project"":""90a47e04-a329-4122-9c82-2ee75a4562c2"",""environment"":""f6319bd4-2e87-40d4-8547-4ce714038bc1"",""service"":""c236b8cb-3eff-45c5-aca0-23e73e33dc8d"",""deployment"":""69394420-c732-4ebe-a5fd-54c2d5628ea7"",""replica"":""7fc15fda-5103-4647-b7c4-6251ceb0ef53""}",2026-07-23T06:27:37.442059610Z
"2026-07-23T06:27:37.436Z [[32minfo[39m] 📊 Device Status Update {""service"":""mqtt-publisher-lite"",""deviceId"":""DEVICE-19"",""eventType"":""ota_failure""}",info,"{""level"":""info""}","{""project"":""90a47e04-a329-4122-9c82-2ee75a4562c2"",""environment"":""f6319bd4-2e87-40d4-8547-4ce714038bc1"",""service"":""c236b8cb-3eff-45c5-aca0-23e73e33dc8d"",""deployment"":""69394420-c732-4ebe-a5fd-54c2d5628ea7"",""replica"":""7fc15fda-5103-4647-b7c4-6251ceb0ef53""}",2026-07-23T06:27:37.442073609Z
"2026-07-23T06:27:37.436Z [[34mdebug[39m] OTA telemetry written to InfluxDB {""service"":""mqtt-publisher-lite"",""deviceId"":""DEVICE-19"",""event"":""ota_failure""}",info,"{""level"":""info""}","{""project"":""90a47e04-a329-4122-9c82-2ee75a4562c2"",""environment"":""f6319bd4-2e87-40d4-8547-4ce714038bc1"",""service"":""c236b8cb-3eff-45c5-aca0-23e73e33dc8d"",""deployment"":""69394420-c732-4ebe-a5fd-54c2d5628ea7"",""replica"":""7fc15fda-5103-4647-b7c4-6251ceb0ef53""}",2026-07-23T06:27:37.442080149Z
"2026-07-23T06:27:38.502Z [[32minfo[39m] InfluxDB batch flush {""service"":""mqtt-publisher-lite"",""source"":""compliance_disk_queue_worker"",""count"":3,""lines"":[""pki_audit,device_id=DEVICE-19,event=OTA_CHECK_OFFERED,source=mqtt-publisher-lite count=1i,details=\""{\\\""version\\\"":\\\""4.3.1-mvp\\\"",\\\""currentVersion\\\"":\\\""1.0.0\\\"",\\\""downloadUrl\\\"":\\\""https://ax4egmknthnr.objectstorage.ap-hyderabad-1.oci.customer-oci.com/p/bGnPcytomG2JkTXGgwI0iw3wVLq2eorlfrLyW0JTxHc0T74xpBDA1kUmxo5wJpv7/n/ax4egmknthnr/b/proof-firmware-ota/o/firmware/4.3.1-mvp/firmware.bin\\\""}\"",hash=\""3825a17e32501b29a1989da7c28e6de11a2be61d0b3a537dafb0c4f9763f86a4\"",previous_hash=\""79945d5b29420f49a0bbff7b9bcde98c204702528f3b7f4066279893a289e557\"",sequence=39i 1784788053723000000"",""pki_audit,device_id=DEVICE-19,event=OTA_COMMAND_DELIVERED,source=mqtt-publisher-lite count=1i,details=\""{\\\""version\\\"":\\\""1.0.1\\\"",\\\""sha256\\\"":\\\""34a9b89edbcaa1c4a9240a0559055b64f72338b11e594f20d70fdb13f32910a6\\\"",\\\""keyFingerprint\\\"":\\\""7328b5af13b95e39\\\""}\"",hash=\""f3752a0e960c36fab5440bbe45ba94490023b3e904dcc6cd53befa6ccf91b921\"",previous_hash=\""3825a17e32501b29a1989da7c28e6de11a2be61d0b3a537dafb0c4f9763f86a4\"",sequence=40i 1784788054170000000"",""pki_audit,device_id=DEVICE-19,event=OTA_COMMAND_ISSUED,source=mqtt-publisher-lite count=1i,details=\""{\\\""version\\\"":\\\""1.0.1\\\"",\\\""sha256\\\"":\\\""34a9b89edbcaa1c4a9240a0559055b64f72338b11e594f20d70fdb13f32910a6\\\"",\\\""force\\\"":false,\\\""topic\\\"":\\\""proof.mqtt/DEVICE-19/cmd\\\"",\\\""keyFingerprint\\\"":\\\""7328b5af13b95e39\\\""}\"",hash=\""e586136d81d77eb015fa42f100d153c847290ee86ad8f3eb48ae683d284f7ffa\"",previous_hash=\""f3752a0e960c36fab5440bbe45ba94490023b3e904dcc6cd53befa6ccf91b921\"",sequence=41i 1784788054307000000""]}",info,"{""level"":""info""}","{""project"":""90a47e04-a329-4122-9c82-2ee75a4562c2"",""environment"":""f6319bd4-2e87-40d4-8547-4ce714038bc1"",""service"":""c236b8cb-3eff-45c5-aca0-23e73e33dc8d"",""deployment"":""69394420-c732-4ebe-a5fd-54c2d5628ea7"",""replica"":""7fc15fda-5103-4647-b7c4-6251ceb0ef53""}",2026-07-23T06:27:38.514543295Z