message,severity,attributes,tags,timestamp
"2026-07-23T06:27:17.219Z [[32minfo[39m] ⏱️ Tracking QoS 1 message (30s timeout) {""service"":""mqtt-publisher-lite"",""deviceId"":""DEVICE-13"",""messageId"":44699,""topic"":""proof.mqtt/DEVICE-13/gmb"",""pendingCount"":2}",info,"{""level"":""info""}","{""project"":""90a47e04-a329-4122-9c82-2ee75a4562c2"",""environment"":""f6319bd4-2e87-40d4-8547-4ce714038bc1"",""service"":""c236b8cb-3eff-45c5-aca0-23e73e33dc8d"",""deployment"":""69394420-c732-4ebe-a5fd-54c2d5628ea7"",""replica"":""7fc15fda-5103-4647-b7c4-6251ceb0ef53""}",2026-07-23T06:27:19.623900945Z
"2026-07-23T06:27:17.326Z [[32minfo[39m] ✅ PUBACK received {""service"":""mqtt-publisher-lite"",""messageId"":44698}",info,"{""level"":""info""}","{""project"":""90a47e04-a329-4122-9c82-2ee75a4562c2"",""environment"":""f6319bd4-2e87-40d4-8547-4ce714038bc1"",""service"":""c236b8cb-3eff-45c5-aca0-23e73e33dc8d"",""deployment"":""69394420-c732-4ebe-a5fd-54c2d5628ea7"",""replica"":""7fc15fda-5103-4647-b7c4-6251ceb0ef53""}",2026-07-23T06:27:19.623904745Z
"2026-07-23T06:27:17.327Z [[32minfo[39m] ✅ QoS 1 PUBACK confirmed {""service"":""mqtt-publisher-lite"",""deviceId"":""DEVICE-13"",""messageId"":44698,""deliveryTime"":""220ms"",""pendingCount"":1}",info,"{""level"":""info""}","{""project"":""90a47e04-a329-4122-9c82-2ee75a4562c2"",""environment"":""f6319bd4-2e87-40d4-8547-4ce714038bc1"",""service"":""c236b8cb-3eff-45c5-aca0-23e73e33dc8d"",""deployment"":""69394420-c732-4ebe-a5fd-54c2d5628ea7"",""replica"":""7fc15fda-5103-4647-b7c4-6251ceb0ef53""}",2026-07-23T06:27:19.623908355Z
"2026-07-23T06:27:17.327Z [[34mdebug[39m] ✅ [LIFECYCLE:PUBACK_OK] Device confirmed message receipt {""service"":""mqtt-publisher-lite"",""deviceId"":""DEVICE-13""}",info,"{""level"":""info""}","{""project"":""90a47e04-a329-4122-9c82-2ee75a4562c2"",""environment"":""f6319bd4-2e87-40d4-8547-4ce714038bc1"",""service"":""c236b8cb-3eff-45c5-aca0-23e73e33dc8d"",""deployment"":""69394420-c732-4ebe-a5fd-54c2d5628ea7"",""replica"":""7fc15fda-5103-4647-b7c4-6251ceb0ef53""}",2026-07-23T06:27:19.623912135Z
"2026-07-23T06:27:17.327Z [[34mdebug[39m] Message published {""service"":""mqtt-publisher-lite"",""topic"":""proof.mqtt/DEVICE-13/instagram"",""qos"":1,""deliveryTime"":""220ms""}",info,"{""level"":""info""}","{""project"":""90a47e04-a329-4122-9c82-2ee75a4562c2"",""environment"":""f6319bd4-2e87-40d4-8547-4ce714038bc1"",""service"":""c236b8cb-3eff-45c5-aca0-23e73e33dc8d"",""deployment"":""69394420-c732-4ebe-a5fd-54c2d5628ea7"",""replica"":""7fc15fda-5103-4647-b7c4-6251ceb0ef53""}",2026-07-23T06:27:19.623916185Z
"2026-07-23T06:27:17.327Z [[34mdebug[39m] Message received {""service"":""mqtt-publisher-lite"",""topic"":""proof.mqtt/DEVICE-13/instagram"",""size"":228,""retain"":false}",info,"{""level"":""info""}","{""project"":""90a47e04-a329-4122-9c82-2ee75a4562c2"",""environment"":""f6319bd4-2e87-40d4-8547-4ce714038bc1"",""service"":""c236b8cb-3eff-45c5-aca0-23e73e33dc8d"",""deployment"":""69394420-c732-4ebe-a5fd-54c2d5628ea7"",""replica"":""7fc15fda-5103-4647-b7c4-6251ceb0ef53""}",2026-07-23T06:27:19.623919805Z
"2026-07-23T06:27:17.328Z [[34mdebug[39m] Skipping echo message {""service"":""mqtt-publisher-lite"",""topic"":""proof.mqtt/DEVICE-13/instagram"",""age"":""0ms""}",info,"{""level"":""info""}","{""project"":""90a47e04-a329-4122-9c82-2ee75a4562c2"",""environment"":""f6319bd4-2e87-40d4-8547-4ce714038bc1"",""service"":""c236b8cb-3eff-45c5-aca0-23e73e33dc8d"",""deployment"":""69394420-c732-4ebe-a5fd-54c2d5628ea7"",""replica"":""7fc15fda-5103-4647-b7c4-6251ceb0ef53""}",2026-07-23T06:27:19.623923255Z
"2026-07-23T06:27:17.328Z [[34mdebug[39m] Screen message received {""service"":""mqtt-publisher-lite"",""topic"":""proof.mqtt/DEVICE-13/instagram"",""screen"":""instagram""}",info,"{""level"":""info""}","{""project"":""90a47e04-a329-4122-9c82-2ee75a4562c2"",""environment"":""f6319bd4-2e87-40d4-8547-4ce714038bc1"",""service"":""c236b8cb-3eff-45c5-aca0-23e73e33dc8d"",""deployment"":""69394420-c732-4ebe-a5fd-54c2d5628ea7"",""replica"":""7fc15fda-5103-4647-b7c4-6251ceb0ef53""}",2026-07-23T06:27:19.624875188Z
"2026-07-23T06:27:17.429Z [[32minfo[39m] [STIM_IG] Published {""service"":""mqtt-publisher-lite"",""deviceId"":""DEVICE-13"",""followers"":19,""target"":500,""mode"":""synthetic"",""achievement"":20,""celebration"":""false"",""done"":false}",info,"{""level"":""info""}","{""project"":""90a47e04-a329-4122-9c82-2ee75a4562c2"",""environment"":""f6319bd4-2e87-40d4-8547-4ce714038bc1"",""service"":""c236b8cb-3eff-45c5-aca0-23e73e33dc8d"",""deployment"":""69394420-c732-4ebe-a5fd-54c2d5628ea7"",""replica"":""7fc15fda-5103-4647-b7c4-6251ceb0ef53""}",2026-07-23T06:27:19.624886098Z
"2026-07-23T06:27:17.437Z [[32minfo[39m] ✅ PUBACK received {""service"":""mqtt-publisher-lite"",""messageId"":44699}",info,"{""level"":""info""}","{""project"":""90a47e04-a329-4122-9c82-2ee75a4562c2"",""environment"":""f6319bd4-2e87-40d4-8547-4ce714038bc1"",""service"":""c236b8cb-3eff-45c5-aca0-23e73e33dc8d"",""deployment"":""69394420-c732-4ebe-a5fd-54c2d5628ea7"",""replica"":""7fc15fda-5103-4647-b7c4-6251ceb0ef53""}",2026-07-23T06:27:19.624891248Z
"2026-07-23T06:27:17.437Z [[32minfo[39m] ✅ QoS 1 PUBACK confirmed {""service"":""mqtt-publisher-lite"",""deviceId"":""DEVICE-13"",""messageId"":44699,""deliveryTime"":""219ms"",""pendingCount"":0}",info,"{""level"":""info""}","{""project"":""90a47e04-a329-4122-9c82-2ee75a4562c2"",""environment"":""f6319bd4-2e87-40d4-8547-4ce714038bc1"",""service"":""c236b8cb-3eff-45c5-aca0-23e73e33dc8d"",""deployment"":""69394420-c732-4ebe-a5fd-54c2d5628ea7"",""replica"":""7fc15fda-5103-4647-b7c4-6251ceb0ef53""}",2026-07-23T06:27:19.624895838Z
"2026-07-23T06:27:17.437Z [[34mdebug[39m] ✅ [LIFECYCLE:PUBACK_OK] Device confirmed message receipt {""service"":""mqtt-publisher-lite"",""deviceId"":""DEVICE-13""}",info,"{""level"":""info""}","{""project"":""90a47e04-a329-4122-9c82-2ee75a4562c2"",""environment"":""f6319bd4-2e87-40d4-8547-4ce714038bc1"",""service"":""c236b8cb-3eff-45c5-aca0-23e73e33dc8d"",""deployment"":""69394420-c732-4ebe-a5fd-54c2d5628ea7"",""replica"":""7fc15fda-5103-4647-b7c4-6251ceb0ef53""}",2026-07-23T06:27:19.624900038Z
"2026-07-23T06:27:17.438Z [[34mdebug[39m] Message published {""service"":""mqtt-publisher-lite"",""topic"":""proof.mqtt/DEVICE-13/gmb"",""qos"":1,""deliveryTime"":""220ms""}",info,"{""level"":""info""}","{""project"":""90a47e04-a329-4122-9c82-2ee75a4562c2"",""environment"":""f6319bd4-2e87-40d4-8547-4ce714038bc1"",""service"":""c236b8cb-3eff-45c5-aca0-23e73e33dc8d"",""deployment"":""69394420-c732-4ebe-a5fd-54c2d5628ea7"",""replica"":""7fc15fda-5103-4647-b7c4-6251ceb0ef53""}",2026-07-23T06:27:19.624904938Z
"2026-07-23T06:27:17.438Z [[34mdebug[39m] Message received {""service"":""mqtt-publisher-lite"",""topic"":""proof.mqtt/DEVICE-13/gmb"",""size"":246,""retain"":false}",info,"{""level"":""info""}","{""project"":""90a47e04-a329-4122-9c82-2ee75a4562c2"",""environment"":""f6319bd4-2e87-40d4-8547-4ce714038bc1"",""service"":""c236b8cb-3eff-45c5-aca0-23e73e33dc8d"",""deployment"":""69394420-c732-4ebe-a5fd-54c2d5628ea7"",""replica"":""7fc15fda-5103-4647-b7c4-6251ceb0ef53""}",2026-07-23T06:27:19.624910788Z
"2026-07-23T06:27:17.438Z [[34mdebug[39m] Skipping echo message {""service"":""mqtt-publisher-lite"",""topic"":""proof.mqtt/DEVICE-13/gmb"",""age"":""0ms""}",info,"{""level"":""info""}","{""project"":""90a47e04-a329-4122-9c82-2ee75a4562c2"",""environment"":""f6319bd4-2e87-40d4-8547-4ce714038bc1"",""service"":""c236b8cb-3eff-45c5-aca0-23e73e33dc8d"",""deployment"":""69394420-c732-4ebe-a5fd-54c2d5628ea7"",""replica"":""7fc15fda-5103-4647-b7c4-6251ceb0ef53""}",2026-07-23T06:27:19.624916658Z
"2026-07-23T06:27:17.438Z [[34mdebug[39m] Screen message received {""service"":""mqtt-publisher-lite"",""topic"":""proof.mqtt/DEVICE-13/gmb"",""screen"":""gmb""}",info,"{""level"":""info""}","{""project"":""90a47e04-a329-4122-9c82-2ee75a4562c2"",""environment"":""f6319bd4-2e87-40d4-8547-4ce714038bc1"",""service"":""c236b8cb-3eff-45c5-aca0-23e73e33dc8d"",""deployment"":""69394420-c732-4ebe-a5fd-54c2d5628ea7"",""replica"":""7fc15fda-5103-4647-b7c4-6251ceb0ef53""}",2026-07-23T06:27:19.624921758Z
"2026-07-23T06:27:17.537Z [[32minfo[39m] [STIM_GMB] Published {""service"":""mqtt-publisher-lite"",""deviceId"":""DEVICE-13"",""reviews"":17,""target"":100,""mode"":""synthetic"",""celebration"":""false"",""done"":false}",info,"{""level"":""info""}","{""project"":""90a47e04-a329-4122-9c82-2ee75a4562c2"",""environment"":""f6319bd4-2e87-40d4-8547-4ce714038bc1"",""service"":""c236b8cb-3eff-45c5-aca0-23e73e33dc8d"",""deployment"":""69394420-c732-4ebe-a5fd-54c2d5628ea7"",""replica"":""7fc15fda-5103-4647-b7c4-6251ceb0ef53""}",2026-07-23T06:27:19.624926888Z
"2026-07-23T06:27:29.099Z [[32minfo[39m] 📤 [PUBLISH_CYCLE] Starting publish cycle {""service"":""mqtt-publisher-lite"",""deviceCount"":4,""source"":""redis"",""devices"":[{""id"":""DEVICE-17"",""userId"":""(none)"",""lastSeen"":""2026-07-23T06:26:29.409Z""},{""id"":""DEVICE-15"",""userId"":""68d3753f9f99d6b73ae2d991"",""lastSeen"":""2026-07-23T06:26:59.513Z""},{""id"":""DEVICE-13"",""userId"":""6937af58f950f0f5356a1599"",""lastSeen"":""2026-07-23T06:27:17.438Z""},{""id"":""DEVICE-19"",""userId"":""68d3753f9f99d6b73ae2d991"",""lastSeen"":""2026-07-23T06:22:19.415Z""}]}",info,"{""level"":""info""}","{""project"":""90a47e04-a329-4122-9c82-2ee75a4562c2"",""environment"":""f6319bd4-2e87-40d4-8547-4ce714038bc1"",""service"":""c236b8cb-3eff-45c5-aca0-23e73e33dc8d"",""deployment"":""69394420-c732-4ebe-a5fd-54c2d5628ea7"",""replica"":""7fc15fda-5103-4647-b7c4-6251ceb0ef53""}",2026-07-23T06:27:29.101113568Z
"2026-07-23T06:27:29.199Z [[32minfo[39m] ⏱️ Tracking QoS 1 message (30s timeout) {""service"":""mqtt-publisher-lite"",""deviceId"":""DEVICE-17"",""messageId"":44701,""topic"":""proof.mqtt/DEVICE-17/test-gmb"",""pendingCount"":2}",info,"{""level"":""info""}","{""project"":""90a47e04-a329-4122-9c82-2ee75a4562c2"",""environment"":""f6319bd4-2e87-40d4-8547-4ce714038bc1"",""service"":""c236b8cb-3eff-45c5-aca0-23e73e33dc8d"",""deployment"":""69394420-c732-4ebe-a5fd-54c2d5628ea7"",""replica"":""7fc15fda-5103-4647-b7c4-6251ceb0ef53""}",2026-07-23T06:27:29.263635560Z
"2026-07-23T06:27:29.192Z [[32minfo[39m] 📤 QoS 1 message sent {""service"":""mqtt-publisher-lite"",""messageId"":44700,""topic"":""proof.mqtt/DEVICE-15/instagram"",""qos"":1}",info,"{""level"":""info""}","{""project"":""90a47e04-a329-4122-9c82-2ee75a4562c2"",""environment"":""f6319bd4-2e87-40d4-8547-4ce714038bc1"",""service"":""c236b8cb-3eff-45c5-aca0-23e73e33dc8d"",""deployment"":""69394420-c732-4ebe-a5fd-54c2d5628ea7"",""replica"":""7fc15fda-5103-4647-b7c4-6251ceb0ef53""}",2026-07-23T06:27:29.263694039Z
"2026-07-23T06:27:29.192Z [[32minfo[39m] ⏱️ Tracking QoS 1 message (30s timeout) {""service"":""mqtt-publisher-lite"",""deviceId"":""DEVICE-15"",""messageId"":44700,""topic"":""proof.mqtt/DEVICE-15/instagram"",""pendingCount"":1}",info,"{""level"":""info""}","{""project"":""90a47e04-a329-4122-9c82-2ee75a4562c2"",""environment"":""f6319bd4-2e87-40d4-8547-4ce714038bc1"",""service"":""c236b8cb-3eff-45c5-aca0-23e73e33dc8d"",""deployment"":""69394420-c732-4ebe-a5fd-54c2d5628ea7"",""replica"":""7fc15fda-5103-4647-b7c4-6251ceb0ef53""}",2026-07-23T06:27:29.263697699Z
"2026-07-23T06:27:29.199Z [[32minfo[39m] 📤 QoS 1 message sent {""service"":""mqtt-publisher-lite"",""messageId"":44701,""topic"":""proof.mqtt/DEVICE-17/test-gmb"",""qos"":1}",info,"{""level"":""info""}","{""project"":""90a47e04-a329-4122-9c82-2ee75a4562c2"",""environment"":""f6319bd4-2e87-40d4-8547-4ce714038bc1"",""service"":""c236b8cb-3eff-45c5-aca0-23e73e33dc8d"",""deployment"":""69394420-c732-4ebe-a5fd-54c2d5628ea7"",""replica"":""7fc15fda-5103-4647-b7c4-6251ceb0ef53""}",2026-07-23T06:27:29.263700819Z
"2026-07-23T06:27:29.294Z [[32minfo[39m] 📤 QoS 1 message sent {""service"":""mqtt-publisher-lite"",""messageId"":44702,""topic"":""proof.mqtt/DEVICE-15/gmb"",""qos"":1}",info,"{""level"":""info""}","{""project"":""90a47e04-a329-4122-9c82-2ee75a4562c2"",""environment"":""f6319bd4-2e87-40d4-8547-4ce714038bc1"",""service"":""c236b8cb-3eff-45c5-aca0-23e73e33dc8d"",""deployment"":""69394420-c732-4ebe-a5fd-54c2d5628ea7"",""replica"":""7fc15fda-5103-4647-b7c4-6251ceb0ef53""}",2026-07-23T06:27:29.304532098Z
"2026-07-23T06:27:29.294Z [[32minfo[39m] ⏱️ Tracking QoS 1 message (30s timeout) {""service"":""mqtt-publisher-lite"",""deviceId"":""DEVICE-15"",""messageId"":44702,""topic"":""proof.mqtt/DEVICE-15/gmb"",""pendingCount"":3}",info,"{""level"":""info""}","{""project"":""90a47e04-a329-4122-9c82-2ee75a4562c2"",""environment"":""f6319bd4-2e87-40d4-8547-4ce714038bc1"",""service"":""c236b8cb-3eff-45c5-aca0-23e73e33dc8d"",""deployment"":""69394420-c732-4ebe-a5fd-54c2d5628ea7"",""replica"":""7fc15fda-5103-4647-b7c4-6251ceb0ef53""}",2026-07-23T06:27:29.304536228Z
"2026-07-23T06:27:29.325Z [[34mdebug[39m] Message received {""service"":""mqtt-publisher-lite"",""topic"":""proof.mqtt/DEVICE-19/lwt"",""size"":88,""retain"":false}",info,"{""level"":""info""}","{""project"":""90a47e04-a329-4122-9c82-2ee75a4562c2"",""environment"":""f6319bd4-2e87-40d4-8547-4ce714038bc1"",""service"":""c236b8cb-3eff-45c5-aca0-23e73e33dc8d"",""deployment"":""69394420-c732-4ebe-a5fd-54c2d5628ea7"",""replica"":""7fc15fda-5103-4647-b7c4-6251ceb0ef53""}",2026-07-23T06:27:29.343939388Z
"2026-07-23T06:27:29.325Z [[32minfo[39m] 📨 Broker-generated LWT message detected {""service"":""mqtt-publisher-lite"",""topic"":""proof.mqtt/DEVICE-19/lwt""}",info,"{""level"":""info""}","{""project"":""90a47e04-a329-4122-9c82-2ee75a4562c2"",""environment"":""f6319bd4-2e87-40d4-8547-4ce714038bc1"",""service"":""c236b8cb-3eff-45c5-aca0-23e73e33dc8d"",""deployment"":""69394420-c732-4ebe-a5fd-54c2d5628ea7"",""replica"":""7fc15fda-5103-4647-b7c4-6251ceb0ef53""}",2026-07-23T06:27:29.343947698Z
"2026-07-23T06:27:29.325Z [[32minfo[39m] 💀 LWT: Device Disconnected (Broker-Generated) {""service"":""mqtt-publisher-lite"",""deviceId"":""DEVICE-19"",""clientId"":""DEVICE-19"",""topic"":""/lwt"",""reason"":""Client disconnected (all types: graceful, crash, power cut, etc.)"",""source"":""broker"",""mechanism"":""Last Will and Testament""}",info,"{""level"":""info""}","{""project"":""90a47e04-a329-4122-9c82-2ee75a4562c2"",""environment"":""f6319bd4-2e87-40d4-8547-4ce714038bc1"",""service"":""c236b8cb-3eff-45c5-aca0-23e73e33dc8d"",""deployment"":""69394420-c732-4ebe-a5fd-54c2d5628ea7"",""replica"":""7fc15fda-5103-4647-b7c4-6251ceb0ef53""}",2026-07-23T06:27:29.343951778Z
"2026-07-23T06:27:29.325Z [[32minfo[39m] 💀 [LIFECYCLE:LWT] Removing device from Redis active cache {""service"":""mqtt-publisher-lite"",""deviceId"":""DEVICE-19""}",info,"{""level"":""info""}","{""project"":""90a47e04-a329-4122-9c82-2ee75a4562c2"",""environment"":""f6319bd4-2e87-40d4-8547-4ce714038bc1"",""service"":""c236b8cb-3eff-45c5-aca0-23e73e33dc8d"",""deployment"":""69394420-c732-4ebe-a5fd-54c2d5628ea7"",""replica"":""7fc15fda-5103-4647-b7c4-6251ceb0ef53""}",2026-07-23T06:27:29.343954848Z
"2026-07-23T06:27:29.418Z [[32minfo[39m] ✅ PUBACK received {""service"":""mqtt-publisher-lite"",""messageId"":44701}",info,"{""level"":""info""}","{""project"":""90a47e04-a329-4122-9c82-2ee75a4562c2"",""environment"":""f6319bd4-2e87-40d4-8547-4ce714038bc1"",""service"":""c236b8cb-3eff-45c5-aca0-23e73e33dc8d"",""deployment"":""69394420-c732-4ebe-a5fd-54c2d5628ea7"",""replica"":""7fc15fda-5103-4647-b7c4-6251ceb0ef53""}",2026-07-23T06:27:29.442553560Z
"2026-07-23T06:27:29.418Z [[32minfo[39m] ✅ QoS 1 PUBACK confirmed {""service"":""mqtt-publisher-lite"",""deviceId"":""DEVICE-17"",""messageId"":44701,""deliveryTime"":""219ms"",""pendingCount"":1}",info,"{""level"":""info""}","{""project"":""90a47e04-a329-4122-9c82-2ee75a4562c2"",""environment"":""f6319bd4-2e87-40d4-8547-4ce714038bc1"",""service"":""c236b8cb-3eff-45c5-aca0-23e73e33dc8d"",""deployment"":""69394420-c732-4ebe-a5fd-54c2d5628ea7"",""replica"":""7fc15fda-5103-4647-b7c4-6251ceb0ef53""}",2026-07-23T06:27:29.442562280Z
"2026-07-23T06:27:29.418Z [[34mdebug[39m] ✅ [LIFECYCLE:PUBACK_OK] Device confirmed message receipt {""service"":""mqtt-publisher-lite"",""deviceId"":""DEVICE-17""}",info,"{""level"":""info""}","{""project"":""90a47e04-a329-4122-9c82-2ee75a4562c2"",""environment"":""f6319bd4-2e87-40d4-8547-4ce714038bc1"",""service"":""c236b8cb-3eff-45c5-aca0-23e73e33dc8d"",""deployment"":""69394420-c732-4ebe-a5fd-54c2d5628ea7"",""replica"":""7fc15fda-5103-4647-b7c4-6251ceb0ef53""}",2026-07-23T06:27:29.442567500Z
"2026-07-23T06:27:29.418Z [[34mdebug[39m] Message published {""service"":""mqtt-publisher-lite"",""topic"":""proof.mqtt/DEVICE-17/test-gmb"",""qos"":1,""deliveryTime"":""219ms""}",info,"{""level"":""info""}","{""project"":""90a47e04-a329-4122-9c82-2ee75a4562c2"",""environment"":""f6319bd4-2e87-40d4-8547-4ce714038bc1"",""service"":""c236b8cb-3eff-45c5-aca0-23e73e33dc8d"",""deployment"":""69394420-c732-4ebe-a5fd-54c2d5628ea7"",""replica"":""7fc15fda-5103-4647-b7c4-6251ceb0ef53""}",2026-07-23T06:27:29.442572190Z
"2026-07-23T06:27:29.415Z [[32minfo[39m] ✅ PUBACK received {""service"":""mqtt-publisher-lite"",""messageId"":44700}",info,"{""level"":""info""}","{""project"":""90a47e04-a329-4122-9c82-2ee75a4562c2"",""environment"":""f6319bd4-2e87-40d4-8547-4ce714038bc1"",""service"":""c236b8cb-3eff-45c5-aca0-23e73e33dc8d"",""deployment"":""69394420-c732-4ebe-a5fd-54c2d5628ea7"",""replica"":""7fc15fda-5103-4647-b7c4-6251ceb0ef53""}",2026-07-23T06:27:29.442580160Z
"2026-07-23T06:27:29.415Z [[32minfo[39m] ✅ QoS 1 PUBACK confirmed {""service"":""mqtt-publisher-lite"",""deviceId"":""DEVICE-15"",""messageId"":44700,""deliveryTime"":""223ms"",""pendingCount"":2}",info,"{""level"":""info""}","{""project"":""90a47e04-a329-4122-9c82-2ee75a4562c2"",""environment"":""f6319bd4-2e87-40d4-8547-4ce714038bc1"",""service"":""c236b8cb-3eff-45c5-aca0-23e73e33dc8d"",""deployment"":""69394420-c732-4ebe-a5fd-54c2d5628ea7"",""replica"":""7fc15fda-5103-4647-b7c4-6251ceb0ef53""}",2026-07-23T06:27:29.442586250Z
"2026-07-23T06:27:29.415Z [[34mdebug[39m] ✅ [LIFECYCLE:PUBACK_OK] Device confirmed message receipt {""service"":""mqtt-publisher-lite"",""deviceId"":""DEVICE-15""}",info,"{""level"":""info""}","{""project"":""90a47e04-a329-4122-9c82-2ee75a4562c2"",""environment"":""f6319bd4-2e87-40d4-8547-4ce714038bc1"",""service"":""c236b8cb-3eff-45c5-aca0-23e73e33dc8d"",""deployment"":""69394420-c732-4ebe-a5fd-54c2d5628ea7"",""replica"":""7fc15fda-5103-4647-b7c4-6251ceb0ef53""}",2026-07-23T06:27:29.442602450Z
"2026-07-23T06:27:29.416Z [[34mdebug[39m] Message published {""service"":""mqtt-publisher-lite"",""topic"":""proof.mqtt/DEVICE-15/instagram"",""qos"":1,""deliveryTime"":""223ms""}",info,"{""level"":""info""}","{""project"":""90a47e04-a329-4122-9c82-2ee75a4562c2"",""environment"":""f6319bd4-2e87-40d4-8547-4ce714038bc1"",""service"":""c236b8cb-3eff-45c5-aca0-23e73e33dc8d"",""deployment"":""69394420-c732-4ebe-a5fd-54c2d5628ea7"",""replica"":""7fc15fda-5103-4647-b7c4-6251ceb0ef53""}",2026-07-23T06:27:29.442606250Z
"2026-07-23T06:27:29.416Z [[34mdebug[39m] Message received {""service"":""mqtt-publisher-lite"",""topic"":""proof.mqtt/DEVICE-15/instagram"",""size"":254,""retain"":false}",info,"{""level"":""info""}","{""project"":""90a47e04-a329-4122-9c82-2ee75a4562c2"",""environment"":""f6319bd4-2e87-40d4-8547-4ce714038bc1"",""service"":""c236b8cb-3eff-45c5-aca0-23e73e33dc8d"",""deployment"":""69394420-c732-4ebe-a5fd-54c2d5628ea7"",""replica"":""7fc15fda-5103-4647-b7c4-6251ceb0ef53""}",2026-07-23T06:27:29.442610650Z
"2026-07-23T06:27:29.416Z [[34mdebug[39m] Skipping echo message {""service"":""mqtt-publisher-lite"",""topic"":""proof.mqtt/DEVICE-15/instagram"",""age"":""0ms""}",info,"{""level"":""info""}","{""project"":""90a47e04-a329-4122-9c82-2ee75a4562c2"",""environment"":""f6319bd4-2e87-40d4-8547-4ce714038bc1"",""service"":""c236b8cb-3eff-45c5-aca0-23e73e33dc8d"",""deployment"":""69394420-c732-4ebe-a5fd-54c2d5628ea7"",""replica"":""7fc15fda-5103-4647-b7c4-6251ceb0ef53""}",2026-07-23T06:27:29.442614580Z
"2026-07-23T06:27:29.416Z [[34mdebug[39m] Screen message received {""service"":""mqtt-publisher-lite"",""topic"":""proof.mqtt/DEVICE-15/instagram"",""screen"":""instagram""}",info,"{""level"":""info""}","{""project"":""90a47e04-a329-4122-9c82-2ee75a4562c2"",""environment"":""f6319bd4-2e87-40d4-8547-4ce714038bc1"",""service"":""c236b8cb-3eff-45c5-aca0-23e73e33dc8d"",""deployment"":""69394420-c732-4ebe-a5fd-54c2d5628ea7"",""replica"":""7fc15fda-5103-4647-b7c4-6251ceb0ef53""}",2026-07-23T06:27:29.442618460Z
"2026-07-23T06:27:29.418Z [[34mdebug[39m] Published test-gmb screen {""service"":""mqtt-publisher-lite"",""deviceId"":""DEVICE-17"",""reviews"":531,""milestone"":535}",info,"{""level"":""info""}","{""project"":""90a47e04-a329-4122-9c82-2ee75a4562c2"",""environment"":""f6319bd4-2e87-40d4-8547-4ce714038bc1"",""service"":""c236b8cb-3eff-45c5-aca0-23e73e33dc8d"",""deployment"":""69394420-c732-4ebe-a5fd-54c2d5628ea7"",""replica"":""7fc15fda-5103-4647-b7c4-6251ceb0ef53""}",2026-07-23T06:27:29.443325185Z
"2026-07-23T06:27:29.513Z [[32minfo[39m] ✅ PUBACK received {""service"":""mqtt-publisher-lite"",""messageId"":44702}",info,"{""level"":""info""}","{""project"":""90a47e04-a329-4122-9c82-2ee75a4562c2"",""environment"":""f6319bd4-2e87-40d4-8547-4ce714038bc1"",""service"":""c236b8cb-3eff-45c5-aca0-23e73e33dc8d"",""deployment"":""69394420-c732-4ebe-a5fd-54c2d5628ea7"",""replica"":""7fc15fda-5103-4647-b7c4-6251ceb0ef53""}",2026-07-23T06:27:29.520828143Z
"2026-07-23T06:27:29.513Z [[32minfo[39m] ✅ QoS 1 PUBACK confirmed {""service"":""mqtt-publisher-lite"",""deviceId"":""DEVICE-15"",""messageId"":44702,""deliveryTime"":""219ms"",""pendingCount"":0}",info,"{""level"":""info""}","{""project"":""90a47e04-a329-4122-9c82-2ee75a4562c2"",""environment"":""f6319bd4-2e87-40d4-8547-4ce714038bc1"",""service"":""c236b8cb-3eff-45c5-aca0-23e73e33dc8d"",""deployment"":""69394420-c732-4ebe-a5fd-54c2d5628ea7"",""replica"":""7fc15fda-5103-4647-b7c4-6251ceb0ef53""}",2026-07-23T06:27:29.520831443Z
"2026-07-23T06:27:29.513Z [[34mdebug[39m] ✅ [LIFECYCLE:PUBACK_OK] Device confirmed message receipt {""service"":""mqtt-publisher-lite"",""deviceId"":""DEVICE-15""}",info,"{""level"":""info""}","{""project"":""90a47e04-a329-4122-9c82-2ee75a4562c2"",""environment"":""f6319bd4-2e87-40d4-8547-4ce714038bc1"",""service"":""c236b8cb-3eff-45c5-aca0-23e73e33dc8d"",""deployment"":""69394420-c732-4ebe-a5fd-54c2d5628ea7"",""replica"":""7fc15fda-5103-4647-b7c4-6251ceb0ef53""}",2026-07-23T06:27:29.520834933Z
"2026-07-23T06:27:29.513Z [[34mdebug[39m] Message published {""service"":""mqtt-publisher-lite"",""topic"":""proof.mqtt/DEVICE-15/gmb"",""qos"":1,""deliveryTime"":""220ms""}",info,"{""level"":""info""}","{""project"":""90a47e04-a329-4122-9c82-2ee75a4562c2"",""environment"":""f6319bd4-2e87-40d4-8547-4ce714038bc1"",""service"":""c236b8cb-3eff-45c5-aca0-23e73e33dc8d"",""deployment"":""69394420-c732-4ebe-a5fd-54c2d5628ea7"",""replica"":""7fc15fda-5103-4647-b7c4-6251ceb0ef53""}",2026-07-23T06:27:29.520838273Z
"2026-07-23T06:27:29.514Z [[34mdebug[39m] Message received {""service"":""mqtt-publisher-lite"",""topic"":""proof.mqtt/DEVICE-15/gmb"",""size"":246,""retain"":false}",info,"{""level"":""info""}","{""project"":""90a47e04-a329-4122-9c82-2ee75a4562c2"",""environment"":""f6319bd4-2e87-40d4-8547-4ce714038bc1"",""service"":""c236b8cb-3eff-45c5-aca0-23e73e33dc8d"",""deployment"":""69394420-c732-4ebe-a5fd-54c2d5628ea7"",""replica"":""7fc15fda-5103-4647-b7c4-6251ceb0ef53""}",2026-07-23T06:27:29.520842113Z
"2026-07-23T06:27:29.514Z [[34mdebug[39m] Skipping echo message {""service"":""mqtt-publisher-lite"",""topic"":""proof.mqtt/DEVICE-15/gmb"",""age"":""1ms""}",info,"{""level"":""info""}","{""project"":""90a47e04-a329-4122-9c82-2ee75a4562c2"",""environment"":""f6319bd4-2e87-40d4-8547-4ce714038bc1"",""service"":""c236b8cb-3eff-45c5-aca0-23e73e33dc8d"",""deployment"":""69394420-c732-4ebe-a5fd-54c2d5628ea7"",""replica"":""7fc15fda-5103-4647-b7c4-6251ceb0ef53""}",2026-07-23T06:27:29.520848253Z
"2026-07-23T06:27:29.514Z [[34mdebug[39m] Screen message received {""service"":""mqtt-publisher-lite"",""topic"":""proof.mqtt/DEVICE-15/gmb"",""screen"":""gmb""}",info,"{""level"":""info""}","{""project"":""90a47e04-a329-4122-9c82-2ee75a4562c2"",""environment"":""f6319bd4-2e87-40d4-8547-4ce714038bc1"",""service"":""c236b8cb-3eff-45c5-aca0-23e73e33dc8d"",""deployment"":""69394420-c732-4ebe-a5fd-54c2d5628ea7"",""replica"":""7fc15fda-5103-4647-b7c4-6251ceb0ef53""}",2026-07-23T06:27:29.520852223Z
"2026-07-23T06:27:29.531Z [[32minfo[39m] [STIM_IG] Published {""service"":""mqtt-publisher-lite"",""deviceId"":""DEVICE-15"",""followers"":25,""target"":500,""mode"":""synthetic"",""achievement"":30,""celebration"":""true"",""done"":false}",info,"{""level"":""info""}","{""project"":""90a47e04-a329-4122-9c82-2ee75a4562c2"",""environment"":""f6319bd4-2e87-40d4-8547-4ce714038bc1"",""service"":""c236b8cb-3eff-45c5-aca0-23e73e33dc8d"",""deployment"":""69394420-c732-4ebe-a5fd-54c2d5628ea7"",""replica"":""7fc15fda-5103-4647-b7c4-6251ceb0ef53""}",2026-07-23T06:27:29.532989203Z
"2026-07-23T06:27:29.658Z [[34mdebug[39m] [STIM_SKIP] StatsPublisher skipping stim device {""service"":""mqtt-publisher-lite"",""deviceId"":""DEVICE-13""}",info,"{""level"":""info""}","{""project"":""90a47e04-a329-4122-9c82-2ee75a4562c2"",""environment"":""f6319bd4-2e87-40d4-8547-4ce714038bc1"",""service"":""c236b8cb-3eff-45c5-aca0-23e73e33dc8d"",""deployment"":""69394420-c732-4ebe-a5fd-54c2d5628ea7"",""replica"":""7fc15fda-5103-4647-b7c4-6251ceb0ef53""}",2026-07-23T06:27:29.785784329Z
"2026-07-23T06:27:29.757Z [[34mdebug[39m] [STIM_SKIP] StatsPublisher skipping stim device {""service"":""mqtt-publisher-lite"",""deviceId"":""DEVICE-19""}",info,"{""level"":""info""}","{""project"":""90a47e04-a329-4122-9c82-2ee75a4562c2"",""environment"":""f6319bd4-2e87-40d4-8547-4ce714038bc1"",""service"":""c236b8cb-3eff-45c5-aca0-23e73e33dc8d"",""deployment"":""69394420-c732-4ebe-a5fd-54c2d5628ea7"",""replica"":""7fc15fda-5103-4647-b7c4-6251ceb0ef53""}",2026-07-23T06:27:29.785798309Z
"2026-07-23T06:27:29.547Z [[34mdebug[39m] 📤 [PUBLISH_CYCLE] Publishing all screens to device {""service"":""mqtt-publisher-lite"",""deviceId"":""DEVICE-17""}",info,"{""level"":""info""}","{""project"":""90a47e04-a329-4122-9c82-2ee75a4562c2"",""environment"":""f6319bd4-2e87-40d4-8547-4ce714038bc1"",""service"":""c236b8cb-3eff-45c5-aca0-23e73e33dc8d"",""deployment"":""69394420-c732-4ebe-a5fd-54c2d5628ea7"",""replica"":""7fc15fda-5103-4647-b7c4-6251ceb0ef53""}",2026-07-23T06:27:29.786033207Z
"2026-07-23T06:27:29.564Z [[32minfo[39m] 💀 [LIFECYCLE:LWT] Device disconnect processed {""service"":""mqtt-publisher-lite"",""deviceId"":""DEVICE-19"",""removedFromRedis"":true}",info,"{""level"":""info""}","{""project"":""90a47e04-a329-4122-9c82-2ee75a4562c2"",""environment"":""f6319bd4-2e87-40d4-8547-4ce714038bc1"",""service"":""c236b8cb-3eff-45c5-aca0-23e73e33dc8d"",""deployment"":""69394420-c732-4ebe-a5fd-54c2d5628ea7"",""replica"":""7fc15fda-5103-4647-b7c4-6251ceb0ef53""}",2026-07-23T06:27:29.786036617Z
"2026-07-23T06:27:29.613Z [[32minfo[39m] [STIM_GMB] Published {""service"":""mqtt-publisher-lite"",""deviceId"":""DEVICE-15"",""reviews"":23,""target"":100,""mode"":""synthetic"",""celebration"":""false"",""done"":false}",info,"{""level"":""info""}","{""project"":""90a47e04-a329-4122-9c82-2ee75a4562c2"",""environment"":""f6319bd4-2e87-40d4-8547-4ce714038bc1"",""service"":""c236b8cb-3eff-45c5-aca0-23e73e33dc8d"",""deployment"":""69394420-c732-4ebe-a5fd-54c2d5628ea7"",""replica"":""7fc15fda-5103-4647-b7c4-6251ceb0ef53""}",2026-07-23T06:27:29.786039637Z
"2026-07-23T06:27:29.658Z [[32minfo[39m] [PROMOTION] Default canvas not published {""service"":""mqtt-publisher-lite"",""deviceId"":""DEVICE-17"",""topic"":""proof.mqtt/DEVICE-17/promotion"",""reason"":""unchanged""}",info,"{""level"":""info""}","{""project"":""90a47e04-a329-4122-9c82-2ee75a4562c2"",""environment"":""f6319bd4-2e87-40d4-8547-4ce714038bc1"",""service"":""c236b8cb-3eff-45c5-aca0-23e73e33dc8d"",""deployment"":""69394420-c732-4ebe-a5fd-54c2d5628ea7"",""replica"":""7fc15fda-5103-4647-b7c4-6251ceb0ef53""}",2026-07-23T06:27:29.786042507Z
"2026-07-23T06:27:29.658Z [[34mdebug[39m] [STIM_SKIP] StatsPublisher skipping stim device {""service"":""mqtt-publisher-lite"",""deviceId"":""DEVICE-15""}",info,"{""level"":""info""}","{""project"":""90a47e04-a329-4122-9c82-2ee75a4562c2"",""environment"":""f6319bd4-2e87-40d4-8547-4ce714038bc1"",""service"":""c236b8cb-3eff-45c5-aca0-23e73e33dc8d"",""deployment"":""69394420-c732-4ebe-a5fd-54c2d5628ea7"",""replica"":""7fc15fda-5103-4647-b7c4-6251ceb0ef53""}",2026-07-23T06:27:29.786045357Z
"2026-07-23T06:27:31.208Z [[34mdebug[39m] Message received {""service"":""mqtt-publisher-lite"",""topic"":""proof.mqtt/DEVICE-19/active"",""size"":238,""retain"":false}",info,"{""level"":""info""}","{""project"":""90a47e04-a329-4122-9c82-2ee75a4562c2"",""environment"":""f6319bd4-2e87-40d4-8547-4ce714038bc1"",""service"":""c236b8cb-3eff-45c5-aca0-23e73e33dc8d"",""deployment"":""69394420-c732-4ebe-a5fd-54c2d5628ea7"",""replica"":""7fc15fda-5103-4647-b7c4-6251ceb0ef53""}",2026-07-23T06:27:31.216264077Z
"2026-07-23T06:27:31.208Z [[34mdebug[39m] Message received {""service"":""mqtt-publisher-lite"",""topic"":""proof.mqtt/DEVICE-19/status"",""size"":95,""retain"":false}",info,"{""level"":""info""}","{""project"":""90a47e04-a329-4122-9c82-2ee75a4562c2"",""environment"":""f6319bd4-2e87-40d4-8547-4ce714038bc1"",""service"":""c236b8cb-3eff-45c5-aca0-23e73e33dc8d"",""deployment"":""69394420-c732-4ebe-a5fd-54c2d5628ea7"",""replica"":""7fc15fda-5103-4647-b7c4-6251ceb0ef53""}",2026-07-23T06:27:31.216269567Z
"2026-07-23T06:27:31.208Z [[32minfo[39m] 📱 Device Registration Received {""service"":""mqtt-publisher-lite"",""deviceId"":""DEVICE-19"",""userId"":""ESP32-ABC123"",""deviceType"":""node"",""os"":""linux"",""type"":""device_registration""}",info,"{""level"":""info""}","{""project"":""90a47e04-a329-4122-9c82-2ee75a4562c2"",""environment"":""f6319bd4-2e87-40d4-8547-4ce714038bc1"",""service"":""c236b8cb-3eff-45c5-aca0-23e73e33dc8d"",""deployment"":""69394420-c732-4ebe-a5fd-54c2d5628ea7"",""replica"":""7fc15fda-5103-4647-b7c4-6251ceb0ef53""}",2026-07-23T06:27:31.216273136Z
"2026-07-23T06:27:31.209Z [[32minfo[39m] 📊 Device Status Update {""service"":""mqtt-publisher-lite"",""deviceId"":""DEVICE-19"",""status"":""online"",""eventType"":""status"",""uptime"":0.831588271}",info,"{""level"":""info""}","{""project"":""90a47e04-a329-4122-9c82-2ee75a4562c2"",""environment"":""f6319bd4-2e87-40d4-8547-4ce714038bc1"",""service"":""c236b8cb-3eff-45c5-aca0-23e73e33dc8d"",""deployment"":""69394420-c732-4ebe-a5fd-54c2d5628ea7"",""replica"":""7fc15fda-5103-4647-b7c4-6251ceb0ef53""}",2026-07-23T06:27:31.216275986Z
"2026-07-23T06:27:31.211Z [[34mdebug[39m] OTA telemetry written to InfluxDB {""service"":""mqtt-publisher-lite"",""deviceId"":""DEVICE-19"",""event"":""status""}",info,"{""level"":""info""}","{""project"":""90a47e04-a329-4122-9c82-2ee75a4562c2"",""environment"":""f6319bd4-2e87-40d4-8547-4ce714038bc1"",""service"":""c236b8cb-3eff-45c5-aca0-23e73e33dc8d"",""deployment"":""69394420-c732-4ebe-a5fd-54c2d5628ea7"",""replica"":""7fc15fda-5103-4647-b7c4-6251ceb0ef53""}",2026-07-23T06:27:31.216279066Z
"2026-07-23T06:27:31.475Z [[32minfo[39m] ✅ Existing device reconnected {""service"":""mqtt-publisher-lite"",""deviceId"":""DEVICE-19"",""fwVersion"":""1.0.0""}",info,"{""level"":""info""}","{""project"":""90a47e04-a329-4122-9c82-2ee75a4562c2"",""environment"":""f6319bd4-2e87-40d4-8547-4ce714038bc1"",""service"":""c236b8cb-3eff-45c5-aca0-23e73e33dc8d"",""deployment"":""69394420-c732-4ebe-a5fd-54c2d5628ea7"",""replica"":""7fc15fda-5103-4647-b7c4-6251ceb0ef53""}",2026-07-23T06:27:31.884308228Z
"2026-07-23T06:27:31.475Z [[32minfo[39m] 📤 QoS 1 message sent {""service"":""mqtt-publisher-lite"",""messageId"":44703,""topic"":""proof.mqtt/DEVICE-19/registration_ack"",""qos"":1}",info,"{""level"":""info""}","{""project"":""90a47e04-a329-4122-9c82-2ee75a4562c2"",""environment"":""f6319bd4-2e87-40d4-8547-4ce714038bc1"",""service"":""c236b8cb-3eff-45c5-aca0-23e73e33dc8d"",""deployment"":""69394420-c732-4ebe-a5fd-54c2d5628ea7"",""replica"":""7fc15fda-5103-4647-b7c4-6251ceb0ef53""}",2026-07-23T06:27:31.884311148Z
"2026-07-23T06:27:31.475Z [[32minfo[39m] ⏱️ Tracking QoS 1 message (30s timeout) {""service"":""mqtt-publisher-lite"",""deviceId"":""DEVICE-19"",""messageId"":44703,""topic"":""proof.mqtt/DEVICE-19/registration_ack"",""pendingCount"":1}",info,"{""level"":""info""}","{""project"":""90a47e04-a329-4122-9c82-2ee75a4562c2"",""environment"":""f6319bd4-2e87-40d4-8547-4ce714038bc1"",""service"":""c236b8cb-3eff-45c5-aca0-23e73e33dc8d"",""deployment"":""69394420-c732-4ebe-a5fd-54c2d5628ea7"",""replica"":""7fc15fda-5103-4647-b7c4-6251ceb0ef53""}",2026-07-23T06:27:31.884314168Z
"2026-07-23T06:27:31.694Z [[32minfo[39m] ✅ PUBACK received {""service"":""mqtt-publisher-lite"",""messageId"":44703}",info,"{""level"":""info""}","{""project"":""90a47e04-a329-4122-9c82-2ee75a4562c2"",""environment"":""f6319bd4-2e87-40d4-8547-4ce714038bc1"",""service"":""c236b8cb-3eff-45c5-aca0-23e73e33dc8d"",""deployment"":""69394420-c732-4ebe-a5fd-54c2d5628ea7"",""replica"":""7fc15fda-5103-4647-b7c4-6251ceb0ef53""}",2026-07-23T06:27:31.884317878Z
"2026-07-23T06:27:31.695Z [[32minfo[39m] ✅ QoS 1 PUBACK confirmed {""service"":""mqtt-publisher-lite"",""deviceId"":""DEVICE-19"",""messageId"":44703,""deliveryTime"":""220ms"",""pendingCount"":0}",info,"{""level"":""info""}","{""project"":""90a47e04-a329-4122-9c82-2ee75a4562c2"",""environment"":""f6319bd4-2e87-40d4-8547-4ce714038bc1"",""service"":""c236b8cb-3eff-45c5-aca0-23e73e33dc8d"",""deployment"":""69394420-c732-4ebe-a5fd-54c2d5628ea7"",""replica"":""7fc15fda-5103-4647-b7c4-6251ceb0ef53""}",2026-07-23T06:27:31.884322297Z
"2026-07-23T06:27:31.695Z [[34mdebug[39m] ✅ [LIFECYCLE:PUBACK_OK] Device confirmed message receipt {""service"":""mqtt-publisher-lite"",""deviceId"":""DEVICE-19""}",info,"{""level"":""info""}","{""project"":""90a47e04-a329-4122-9c82-2ee75a4562c2"",""environment"":""f6319bd4-2e87-40d4-8547-4ce714038bc1"",""service"":""c236b8cb-3eff-45c5-aca0-23e73e33dc8d"",""deployment"":""69394420-c732-4ebe-a5fd-54c2d5628ea7"",""replica"":""7fc15fda-5103-4647-b7c4-6251ceb0ef53""}",2026-07-23T06:27:31.884325597Z
"2026-07-23T06:27:31.695Z [[34mdebug[39m] Message published {""service"":""mqtt-publisher-lite"",""topic"":""proof.mqtt/DEVICE-19/registration_ack"",""qos"":1,""deliveryTime"":""220ms""}",info,"{""level"":""info""}","{""project"":""90a47e04-a329-4122-9c82-2ee75a4562c2"",""environment"":""f6319bd4-2e87-40d4-8547-4ce714038bc1"",""service"":""c236b8cb-3eff-45c5-aca0-23e73e33dc8d"",""deployment"":""69394420-c732-4ebe-a5fd-54c2d5628ea7"",""replica"":""7fc15fda-5103-4647-b7c4-6251ceb0ef53""}",2026-07-23T06:27:31.884328407Z
"2026-07-23T06:27:31.695Z [[32minfo[39m] 📤 Registration response sent {""service"":""mqtt-publisher-lite"",""deviceId"":""DEVICE-19"",""success"":true,""isNewDevice"":false}",info,"{""level"":""info""}","{""project"":""90a47e04-a329-4122-9c82-2ee75a4562c2"",""environment"":""f6319bd4-2e87-40d4-8547-4ce714038bc1"",""service"":""c236b8cb-3eff-45c5-aca0-23e73e33dc8d"",""deployment"":""69394420-c732-4ebe-a5fd-54c2d5628ea7"",""replica"":""7fc15fda-5103-4647-b7c4-6251ceb0ef53""}",2026-07-23T06:27:31.884331197Z
"2026-07-23T06:27:31.696Z [[32minfo[39m] 📋 [LIFECYCLE:REGISTER] Caching device in Redis active list {""service"":""mqtt-publisher-lite"",""deviceId"":""DEVICE-19""}",info,"{""level"":""info""}","{""project"":""90a47e04-a329-4122-9c82-2ee75a4562c2"",""environment"":""f6319bd4-2e87-40d4-8547-4ce714038bc1"",""service"":""c236b8cb-3eff-45c5-aca0-23e73e33dc8d"",""deployment"":""69394420-c732-4ebe-a5fd-54c2d5628ea7"",""replica"":""7fc15fda-5103-4647-b7c4-6251ceb0ef53""}",2026-07-23T06:27:31.884334437Z
"2026-07-23T06:27:31.696Z [[32minfo[39m] 📋 [LIFECYCLE:CACHE] Step 1/2 — Device lookup (MongoDB) {""service"":""mqtt-publisher-lite"",""deviceId"":""DEVICE-19""}",info,"{""level"":""info""}","{""project"":""90a47e04-a329-4122-9c82-2ee75a4562c2"",""environment"":""f6319bd4-2e87-40d4-8547-4ce714038bc1"",""service"":""c236b8cb-3eff-45c5-aca0-23e73e33dc8d"",""deployment"":""69394420-c732-4ebe-a5fd-54c2d5628ea7"",""replica"":""7fc15fda-5103-4647-b7c4-6251ceb0ef53""}",2026-07-23T06:27:31.884338177Z
"2026-07-23T06:27:31.830Z [[32minfo[39m] 📋 [LIFECYCLE:CACHE] Step 2/2 — Social (Instagram) for device {""service"":""mqtt-publisher-lite"",""deviceId"":""DEVICE-19"",""userId"":""68d3753f9f99d6b73ae2d991"",""deviceStatus"":""ACTIVE""}",info,"{""level"":""info""}","{""project"":""90a47e04-a329-4122-9c82-2ee75a4562c2"",""environment"":""f6319bd4-2e87-40d4-8547-4ce714038bc1"",""service"":""c236b8cb-3eff-45c5-aca0-23e73e33dc8d"",""deployment"":""69394420-c732-4ebe-a5fd-54c2d5628ea7"",""replica"":""7fc15fda-5103-4647-b7c4-6251ceb0ef53""}",2026-07-23T06:27:31.884525406Z
"2026-07-23T06:27:31.957Z [[32minfo[39m] 📋 [LIFECYCLE:CACHE] Active device record written (Mongo → file + Redis IG key) {""service"":""mqtt-publisher-lite"",""deviceId"":""DEVICE-19"",""userId"":""68d3753f9f99d6b73ae2d991"",""instagramFromSocial"":true}",info,"{""level"":""info""}","{""project"":""90a47e04-a329-4122-9c82-2ee75a4562c2"",""environment"":""f6319bd4-2e87-40d4-8547-4ce714038bc1"",""service"":""c236b8cb-3eff-45c5-aca0-23e73e33dc8d"",""deployment"":""69394420-c732-4ebe-a5fd-54c2d5628ea7"",""replica"":""7fc15fda-5103-4647-b7c4-6251ceb0ef53""}",2026-07-23T06:27:31.972358468Z
"2026-07-23T06:27:32.296Z [[32minfo[39m] 📋 [LIFECYCLE:REGISTER] Device registration complete {""service"":""mqtt-publisher-lite"",""deviceId"":""DEVICE-19""}",info,"{""level"":""info""}","{""project"":""90a47e04-a329-4122-9c82-2ee75a4562c2"",""environment"":""f6319bd4-2e87-40d4-8547-4ce714038bc1"",""service"":""c236b8cb-3eff-45c5-aca0-23e73e33dc8d"",""deployment"":""69394420-c732-4ebe-a5fd-54c2d5628ea7"",""replica"":""7fc15fda-5103-4647-b7c4-6251ceb0ef53""}",2026-07-23T06:27:32.303097456Z
"2026-07-23T06:27:32.708Z [[32minfo[39m] [STIM_SKIP] Connect refresh skipping Instagram for stim device {""service"":""mqtt-publisher-lite"",""deviceId"":""DEVICE-19""}",info,"{""level"":""info""}","{""project"":""90a47e04-a329-4122-9c82-2ee75a4562c2"",""environment"":""f6319bd4-2e87-40d4-8547-4ce714038bc1"",""service"":""c236b8cb-3eff-45c5-aca0-23e73e33dc8d"",""deployment"":""69394420-c732-4ebe-a5fd-54c2d5628ea7"",""replica"":""7fc15fda-5103-4647-b7c4-6251ceb0ef53""}",2026-07-23T06:27:32.885693567Z
"2026-07-23T06:27:32.807Z [[32minfo[39m] [USER_INTEGRATIONS] Cached {""service"":""mqtt-publisher-lite"",""userId"":""68d3753f9f99d6b73ae2d991"",""hasInstagram"":true,""hasGmb"":true,""posPlatform"":null}",info,"{""level"":""info""}","{""project"":""90a47e04-a329-4122-9c82-2ee75a4562c2"",""environment"":""f6319bd4-2e87-40d4-8547-4ce714038bc1"",""service"":""c236b8cb-3eff-45c5-aca0-23e73e33dc8d"",""deployment"":""69394420-c732-4ebe-a5fd-54c2d5628ea7"",""replica"":""7fc15fda-5103-4647-b7c4-6251ceb0ef53""}",2026-07-23T06:27:32.885696687Z
"2026-07-23T06:27:32.836Z [[32minfo[39m] [STIM_SKIP] Connect refresh skipping GMB for stim device {""service"":""mqtt-publisher-lite"",""deviceId"":""DEVICE-19""}",info,"{""level"":""info""}","{""project"":""90a47e04-a329-4122-9c82-2ee75a4562c2"",""environment"":""f6319bd4-2e87-40d4-8547-4ce714038bc1"",""service"":""c236b8cb-3eff-45c5-aca0-23e73e33dc8d"",""deployment"":""69394420-c732-4ebe-a5fd-54c2d5628ea7"",""replica"":""7fc15fda-5103-4647-b7c4-6251ceb0ef53""}",2026-07-23T06:27:32.885700007Z
"2026-07-23T06:27:33.081Z [[32minfo[39m] [PROMOTION] No running brand canvas — default canvas {""service"":""mqtt-publisher-lite"",""deviceId"":""DEVICE-19"",""userId"":""68d3753f9f99d6b73ae2d991""}",info,"{""level"":""info""}","{""project"":""90a47e04-a329-4122-9c82-2ee75a4562c2"",""environment"":""f6319bd4-2e87-40d4-8547-4ce714038bc1"",""service"":""c236b8cb-3eff-45c5-aca0-23e73e33dc8d"",""deployment"":""69394420-c732-4ebe-a5fd-54c2d5628ea7"",""replica"":""7fc15fda-5103-4647-b7c4-6251ceb0ef53""}",2026-07-23T06:27:33.089175975Z
"2026-07-23T06:27:33.082Z [[32minfo[39m] 📤 QoS 1 message sent {""service"":""mqtt-publisher-lite"",""messageId"":44704,""topic"":""proof.mqtt/DEVICE-19/promotion"",""qos"":1}",info,"{""level"":""info""}","{""project"":""90a47e04-a329-4122-9c82-2ee75a4562c2"",""environment"":""f6319bd4-2e87-40d4-8547-4ce714038bc1"",""service"":""c236b8cb-3eff-45c5-aca0-23e73e33dc8d"",""deployment"":""69394420-c732-4ebe-a5fd-54c2d5628ea7"",""replica"":""7fc15fda-5103-4647-b7c4-6251ceb0ef53""}",2026-07-23T06:27:33.089180945Z
"2026-07-23T06:27:33.082Z [[32minfo[39m] ⏱️ Tracking QoS 1 message (30s timeout) {""service"":""mqtt-publisher-lite"",""deviceId"":""DEVICE-19"",""messageId"":44704,""topic"":""proof.mqtt/DEVICE-19/promotion"",""pendingCount"":1}",info,"{""level"":""info""}","{""project"":""90a47e04-a329-4122-9c82-2ee75a4562c2"",""environment"":""f6319bd4-2e87-40d4-8547-4ce714038bc1"",""service"":""c236b8cb-3eff-45c5-aca0-23e73e33dc8d"",""deployment"":""69394420-c732-4ebe-a5fd-54c2d5628ea7"",""replica"":""7fc15fda-5103-4647-b7c4-6251ceb0ef53""}",2026-07-23T06:27:33.089185115Z
"2026-07-23T06:27:33.301Z [[32minfo[39m] ✅ PUBACK received {""service"":""mqtt-publisher-lite"",""messageId"":44704}",info,"{""level"":""info""}","{""project"":""90a47e04-a329-4122-9c82-2ee75a4562c2"",""environment"":""f6319bd4-2e87-40d4-8547-4ce714038bc1"",""service"":""c236b8cb-3eff-45c5-aca0-23e73e33dc8d"",""deployment"":""69394420-c732-4ebe-a5fd-54c2d5628ea7"",""replica"":""7fc15fda-5103-4647-b7c4-6251ceb0ef53""}",2026-07-23T06:27:33.311414824Z
"2026-07-23T06:27:33.301Z [[32minfo[39m] ✅ QoS 1 PUBACK confirmed {""service"":""mqtt-publisher-lite"",""deviceId"":""DEVICE-19"",""messageId"":44704,""deliveryTime"":""219ms"",""pendingCount"":0}",info,"{""level"":""info""}","{""project"":""90a47e04-a329-4122-9c82-2ee75a4562c2"",""environment"":""f6319bd4-2e87-40d4-8547-4ce714038bc1"",""service"":""c236b8cb-3eff-45c5-aca0-23e73e33dc8d"",""deployment"":""69394420-c732-4ebe-a5fd-54c2d5628ea7"",""replica"":""7fc15fda-5103-4647-b7c4-6251ceb0ef53""}",2026-07-23T06:27:33.311420364Z
"2026-07-23T06:27:33.301Z [[34mdebug[39m] ✅ [LIFECYCLE:PUBACK_OK] Device confirmed message receipt {""service"":""mqtt-publisher-lite"",""deviceId"":""DEVICE-19""}",info,"{""level"":""info""}","{""project"":""90a47e04-a329-4122-9c82-2ee75a4562c2"",""environment"":""f6319bd4-2e87-40d4-8547-4ce714038bc1"",""service"":""c236b8cb-3eff-45c5-aca0-23e73e33dc8d"",""deployment"":""69394420-c732-4ebe-a5fd-54c2d5628ea7"",""replica"":""7fc15fda-5103-4647-b7c4-6251ceb0ef53""}",2026-07-23T06:27:33.311423274Z
"2026-07-23T06:27:33.301Z [[34mdebug[39m] Message published {""service"":""mqtt-publisher-lite"",""topic"":""proof.mqtt/DEVICE-19/promotion"",""qos"":1,""deliveryTime"":""220ms""}",info,"{""level"":""info""}","{""project"":""90a47e04-a329-4122-9c82-2ee75a4562c2"",""environment"":""f6319bd4-2e87-40d4-8547-4ce714038bc1"",""service"":""c236b8cb-3eff-45c5-aca0-23e73e33dc8d"",""deployment"":""69394420-c732-4ebe-a5fd-54c2d5628ea7"",""replica"":""7fc15fda-5103-4647-b7c4-6251ceb0ef53""}",2026-07-23T06:27:33.311426424Z
"2026-07-23T06:27:33.301Z [[34mdebug[39m] Message received {""service"":""mqtt-publisher-lite"",""topic"":""proof.mqtt/DEVICE-19/promotion"",""size"":227,""retain"":false}",info,"{""level"":""info""}","{""project"":""90a47e04-a329-4122-9c82-2ee75a4562c2"",""environment"":""f6319bd4-2e87-40d4-8547-4ce714038bc1"",""service"":""c236b8cb-3eff-45c5-aca0-23e73e33dc8d"",""deployment"":""69394420-c732-4ebe-a5fd-54c2d5628ea7"",""replica"":""7fc15fda-5103-4647-b7c4-6251ceb0ef53""}",2026-07-23T06:27:33.311429684Z
"2026-07-23T06:27:33.302Z [[34mdebug[39m] Skipping echo message {""service"":""mqtt-publisher-lite"",""topic"":""proof.mqtt/DEVICE-19/promotion"",""age"":""1ms""}",info,"{""level"":""info""}","{""project"":""90a47e04-a329-4122-9c82-2ee75a4562c2"",""environment"":""f6319bd4-2e87-40d4-8547-4ce714038bc1"",""service"":""c236b8cb-3eff-45c5-aca0-23e73e33dc8d"",""deployment"":""69394420-c732-4ebe-a5fd-54c2d5628ea7"",""replica"":""7fc15fda-5103-4647-b7c4-6251ceb0ef53""}",2026-07-23T06:27:33.311432684Z
"2026-07-23T06:27:33.302Z [[34mdebug[39m] Screen message received {""service"":""mqtt-publisher-lite"",""topic"":""proof.mqtt/DEVICE-19/promotion"",""screen"":""promotion""}",info,"{""level"":""info""}","{""project"":""90a47e04-a329-4122-9c82-2ee75a4562c2"",""environment"":""f6319bd4-2e87-40d4-8547-4ce714038bc1"",""service"":""c236b8cb-3eff-45c5-aca0-23e73e33dc8d"",""deployment"":""69394420-c732-4ebe-a5fd-54c2d5628ea7"",""replica"":""7fc15fda-5103-4647-b7c4-6251ceb0ef53""}",2026-07-23T06:27:33.311438714Z
"2026-07-23T06:27:33.401Z [[32minfo[39m] 🎨 [DEFAULT:PUBLISHED] Empty default canvas sent {""service"":""mqtt-publisher-lite"",""deviceId"":""DEVICE-19"",""topic"":""proof.mqtt/DEVICE-19/promotion""}",info,"{""level"":""info""}","{""project"":""90a47e04-a329-4122-9c82-2ee75a4562c2"",""environment"":""f6319bd4-2e87-40d4-8547-4ce714038bc1"",""service"":""c236b8cb-3eff-45c5-aca0-23e73e33dc8d"",""deployment"":""69394420-c732-4ebe-a5fd-54c2d5628ea7"",""replica"":""7fc15fda-5103-4647-b7c4-6251ceb0ef53""}",2026-07-23T06:27:33.402719430Z
"2026-07-23T06:27:33.401Z [[32minfo[39m] [CONNECT_REFRESH] Promotion published (connect force) {""service"":""mqtt-publisher-lite"",""deviceId"":""DEVICE-19"",""clearedHashes"":0}",info,"{""level"":""info""}","{""project"":""90a47e04-a329-4122-9c82-2ee75a4562c2"",""environment"":""f6319bd4-2e87-40d4-8547-4ce714038bc1"",""service"":""c236b8cb-3eff-45c5-aca0-23e73e33dc8d"",""deployment"":""69394420-c732-4ebe-a5fd-54c2d5628ea7"",""replica"":""7fc15fda-5103-4647-b7c4-6251ceb0ef53""}",2026-07-23T06:27:33.402723150Z
"2026-07-23T06:27:33.401Z [[32minfo[39m] [DEFERRED_WORK] Drain complete {""service"":""mqtt-publisher-lite"",""processed"":1,""skippedStale"":0,""failed"":0}",info,"{""level"":""info""}","{""project"":""90a47e04-a329-4122-9c82-2ee75a4562c2"",""environment"":""f6319bd4-2e87-40d4-8547-4ce714038bc1"",""service"":""c236b8cb-3eff-45c5-aca0-23e73e33dc8d"",""deployment"":""69394420-c732-4ebe-a5fd-54c2d5628ea7"",""replica"":""7fc15fda-5103-4647-b7c4-6251ceb0ef53""}",2026-07-23T06:27:33.402726130Z
"2026-07-23T06:27:33.498Z [[32minfo[39m] InfluxDB batch flush {""service"":""mqtt-publisher-lite"",""source"":""metrics_disk_queue_worker"",""count"":2,""lines"":[""device_ota_events,device_id=DEVICE-19,event=status,source=mqtt-publisher-lite,source_topic=status uptime_s=0i 1784788051085000000"",""device_ota_events,device_id=DEVICE-19,event=boot,source=mqtt-publisher-lite,source_topic=active fw_version=\""1.0.0\"",ip_address=\""127.0.0.1\"" 1784788051085000000""]}",info,"{""level"":""info""}","{""project"":""90a47e04-a329-4122-9c82-2ee75a4562c2"",""environment"":""f6319bd4-2e87-40d4-8547-4ce714038bc1"",""service"":""c236b8cb-3eff-45c5-aca0-23e73e33dc8d"",""deployment"":""69394420-c732-4ebe-a5fd-54c2d5628ea7"",""replica"":""7fc15fda-5103-4647-b7c4-6251ceb0ef53""}",2026-07-23T06:27:33.500179351Z
"2026-07-23T06:27:33.724Z [[32minfo[39m] 📤 QoS 2 message sent {""service"":""mqtt-publisher-lite"",""messageId"":44705,""topic"":""proof.mqtt/DEVICE-19/cmd"",""qos"":2}",info,"{""level"":""info""}","{""project"":""90a47e04-a329-4122-9c82-2ee75a4562c2"",""environment"":""f6319bd4-2e87-40d4-8547-4ce714038bc1"",""service"":""c236b8cb-3eff-45c5-aca0-23e73e33dc8d"",""deployment"":""69394420-c732-4ebe-a5fd-54c2d5628ea7"",""replica"":""7fc15fda-5103-4647-b7c4-6251ceb0ef53""}",2026-07-23T06:27:33.840296440Z
"2026-07-23T06:27:33.724Z [[32minfo[39m] ⏱️ Tracking QoS 2 message (30s timeout) {""service"":""mqtt-publisher-lite"",""deviceId"":""DEVICE-19"",""messageId"":44705,""topic"":""proof.mqtt/DEVICE-19/cmd"",""pendingCount"":1}",info,"{""level"":""info""}","{""project"":""90a47e04-a329-4122-9c82-2ee75a4562c2"",""environment"":""f6319bd4-2e87-40d4-8547-4ce714038bc1"",""service"":""c236b8cb-3eff-45c5-aca0-23e73e33dc8d"",""deployment"":""69394420-c732-4ebe-a5fd-54c2d5628ea7"",""replica"":""7fc15fda-5103-4647-b7c4-6251ceb0ef53""}",2026-07-23T06:27:33.840299430Z
"2026-07-23T06:27:33.725Z [[34mdebug[39m] PKI audit event written to InfluxDB {""service"":""mqtt-publisher-lite"",""event"":""OTA_CHECK_OFFERED"",""deviceId"":""DEVICE-19""}",info,"{""level"":""info""}","{""project"":""90a47e04-a329-4122-9c82-2ee75a4562c2"",""environment"":""f6319bd4-2e87-40d4-8547-4ce714038bc1"",""service"":""c236b8cb-3eff-45c5-aca0-23e73e33dc8d"",""deployment"":""69394420-c732-4ebe-a5fd-54c2d5628ea7"",""replica"":""7fc15fda-5103-4647-b7c4-6251ceb0ef53""}",2026-07-23T06:27:33.840302380Z
"2026-07-23T06:27:33.725Z [[34mdebug[39m] Audit event logged to InfluxDB {""service"":""mqtt-publisher-lite"",""sequence"":39,""event"":""OTA_CHECK_OFFERED"",""deviceId"":""DEVICE-19"",""hash"":""3825a17e32501b29...""}",info,"{""level"":""info""}","{""project"":""90a47e04-a329-4122-9c82-2ee75a4562c2"",""environment"":""f6319bd4-2e87-40d4-8547-4ce714038bc1"",""service"":""c236b8cb-3eff-45c5-aca0-23e73e33dc8d"",""deployment"":""69394420-c732-4ebe-a5fd-54c2d5628ea7"",""replica"":""7fc15fda-5103-4647-b7c4-6251ceb0ef53""}",2026-07-23T06:27:33.840305760Z
"2026-07-23T06:27:34.169Z [[32minfo[39m] ✅ PUBCOMP received {""service"":""mqtt-publisher-lite"",""messageId"":44705}",info,"{""level"":""info""}","{""project"":""90a47e04-a329-4122-9c82-2ee75a4562c2"",""environment"":""f6319bd4-2e87-40d4-8547-4ce714038bc1"",""service"":""c236b8cb-3eff-45c5-aca0-23e73e33dc8d"",""deployment"":""69394420-c732-4ebe-a5fd-54c2d5628ea7"",""replica"":""7fc15fda-5103-4647-b7c4-6251ceb0ef53""}",2026-07-23T06:27:34.175451906Z
"2026-07-23T06:27:34.169Z [[32minfo[39m] ✅ QoS 2 PUBCOMP confirmed {""service"":""mqtt-publisher-lite"",""deviceId"":""DEVICE-19"",""messageId"":44705,""deliveryTime"":""445ms"",""pendingCount"":0}",info,"{""level"":""info""}","{""project"":""90a47e04-a329-4122-9c82-2ee75a4562c2"",""environment"":""f6319bd4-2e87-40d4-8547-4ce714038bc1"",""service"":""c236b8cb-3eff-45c5-aca0-23e73e33dc8d"",""deployment"":""69394420-c732-4ebe-a5fd-54c2d5628ea7"",""replica"":""7fc15fda-5103-4647-b7c4-6251ceb0ef53""}",2026-07-23T06:27:34.175455456Z
"2026-07-23T06:27:34.170Z [[34mdebug[39m] ✅ [LIFECYCLE:PUBACK_OK] Device confirmed message receipt {""service"":""mqtt-publisher-lite"",""deviceId"":""DEVICE-19""}",info,"{""level"":""info""}","{""project"":""90a47e04-a329-4122-9c82-2ee75a4562c2"",""environment"":""f6319bd4-2e87-40d4-8547-4ce714038bc1"",""service"":""c236b8cb-3eff-45c5-aca0-23e73e33dc8d"",""deployment"":""69394420-c732-4ebe-a5fd-54c2d5628ea7"",""replica"":""7fc15fda-5103-4647-b7c4-6251ceb0ef53""}",2026-07-23T06:27:34.175458476Z
"2026-07-23T06:27:34.170Z [[34mdebug[39m] Message published {""service"":""mqtt-publisher-lite"",""topic"":""proof.mqtt/DEVICE-19/cmd"",""qos"":2,""deliveryTime"":""446ms""}",info,"{""level"":""info""}","{""project"":""90a47e04-a329-4122-9c82-2ee75a4562c2"",""environment"":""f6319bd4-2e87-40d4-8547-4ce714038bc1"",""service"":""c236b8cb-3eff-45c5-aca0-23e73e33dc8d"",""deployment"":""69394420-c732-4ebe-a5fd-54c2d5628ea7"",""replica"":""7fc15fda-5103-4647-b7c4-6251ceb0ef53""}",2026-07-23T06:27:34.175461356Z
"2026-07-23T06:27:34.173Z [[34mdebug[39m] PKI audit event written to InfluxDB {""service"":""mqtt-publisher-lite"",""event"":""OTA_COMMAND_DELIVERED"",""deviceId"":""DEVICE-19""}",info,"{""level"":""info""}","{""project"":""90a47e04-a329-4122-9c82-2ee75a4562c2"",""environment"":""f6319bd4-2e87-40d4-8547-4ce714038bc1"",""service"":""c236b8cb-3eff-45c5-aca0-23e73e33dc8d"",""deployment"":""69394420-c732-4ebe-a5fd-54c2d5628ea7"",""replica"":""7fc15fda-5103-4647-b7c4-6251ceb0ef53""}",2026-07-23T06:27:34.175464536Z
"2026-07-23T06:27:34.173Z [[34mdebug[39m] Audit event logged to InfluxDB {""service"":""mqtt-publisher-lite"",""sequence"":40,""event"":""OTA_COMMAND_DELIVERED"",""deviceId"":""DEVICE-19"",""hash"":""f3752a0e960c36fa...""}",info,"{""level"":""info""}","{""project"":""90a47e04-a329-4122-9c82-2ee75a4562c2"",""environment"":""f6319bd4-2e87-40d4-8547-4ce714038bc1"",""service"":""c236b8cb-3eff-45c5-aca0-23e73e33dc8d"",""deployment"":""69394420-c732-4ebe-a5fd-54c2d5628ea7"",""replica"":""7fc15fda-5103-4647-b7c4-6251ceb0ef53""}",2026-07-23T06:27:34.175467236Z
"2026-07-23T06:27:34.307Z [[32minfo[39m] [OTA] Published ota_update cmd {""service"":""mqtt-publisher-lite"",""deviceId"":""DEVICE-19"",""version"":""1.0.1"",""topic"":""proof.mqtt/DEVICE-19/cmd""}",info,"{""level"":""info""}","{""project"":""90a47e04-a329-4122-9c82-2ee75a4562c2"",""environment"":""f6319bd4-2e87-40d4-8547-4ce714038bc1"",""service"":""c236b8cb-3eff-45c5-aca0-23e73e33dc8d"",""deployment"":""69394420-c732-4ebe-a5fd-54c2d5628ea7"",""replica"":""7fc15fda-5103-4647-b7c4-6251ceb0ef53""}",2026-07-23T06:27:34.312694573Z
"2026-07-23T06:27:34.356Z [[34mdebug[39m] PKI audit event written to InfluxDB {""service"":""mqtt-publisher-lite"",""event"":""OTA_COMMAND_ISSUED"",""deviceId"":""DEVICE-19""}",info,"{""level"":""info""}","{""project"":""90a47e04-a329-4122-9c82-2ee75a4562c2"",""environment"":""f6319bd4-2e87-40d4-8547-4ce714038bc1"",""service"":""c236b8cb-3eff-45c5-aca0-23e73e33dc8d"",""deployment"":""69394420-c732-4ebe-a5fd-54c2d5628ea7"",""replica"":""7fc15fda-5103-4647-b7c4-6251ceb0ef53""}",2026-07-23T06:27:34.389842063Z
"2026-07-23T06:27:34.356Z [[34mdebug[39m] Audit event logged to InfluxDB {""service"":""mqtt-publisher-lite"",""sequence"":41,""event"":""OTA_COMMAND_ISSUED"",""deviceId"":""DEVICE-19"",""hash"":""e586136d81d77eb0...""}",info,"{""level"":""info""}","{""project"":""90a47e04-a329-4122-9c82-2ee75a4562c2"",""environment"":""f6319bd4-2e87-40d4-8547-4ce714038bc1"",""service"":""c236b8cb-3eff-45c5-aca0-23e73e33dc8d"",""deployment"":""69394420-c732-4ebe-a5fd-54c2d5628ea7"",""replica"":""7fc15fda-5103-4647-b7c4-6251ceb0ef53""}",2026-07-23T06:27:34.389847133Z
"2026-07-23T06:27:35.503Z [[34mdebug[39m] Message received {""service"":""mqtt-publisher-lite"",""topic"":""proof.mqtt/DEVICE-19/status"",""size"":53,""retain"":false}",info,"{""level"":""info""}","{""project"":""90a47e04-a329-4122-9c82-2ee75a4562c2"",""environment"":""f6319bd4-2e87-40d4-8547-4ce714038bc1"",""service"":""c236b8cb-3eff-45c5-aca0-23e73e33dc8d"",""deployment"":""69394420-c732-4ebe-a5fd-54c2d5628ea7"",""replica"":""7fc15fda-5103-4647-b7c4-6251ceb0ef53""}",2026-07-23T06:27:35.506171000Z
"2026-07-23T06:27:35.728Z [[34mdebug[39m] [OTA] Pilot ignores progress/validation event {""service"":""mqtt-publisher-lite"",""deviceId"":""DEVICE-19"",""key"":""ota_progress""}",info,"{""level"":""info""}","{""project"":""90a47e04-a329-4122-9c82-2ee75a4562c2"",""environment"":""f6319bd4-2e87-40d4-8547-4ce714038bc1"",""service"":""c236b8cb-3eff-45c5-aca0-23e73e33dc8d"",""deployment"":""69394420-c732-4ebe-a5fd-54c2d5628ea7"",""replica"":""7fc15fda-5103-4647-b7c4-6251ceb0ef53""}",2026-07-23T06:27:35.882260642Z
"2026-07-23T06:27:35.728Z [[32minfo[39m] 📊 Device Status Update {""service"":""mqtt-publisher-lite"",""deviceId"":""DEVICE-19"",""eventType"":""ota_progress""}",info,"{""level"":""info""}","{""project"":""90a47e04-a329-4122-9c82-2ee75a4562c2"",""environment"":""f6319bd4-2e87-40d4-8547-4ce714038bc1"",""service"":""c236b8cb-3eff-45c5-aca0-23e73e33dc8d"",""deployment"":""69394420-c732-4ebe-a5fd-54c2d5628ea7"",""replica"":""7fc15fda-5103-4647-b7c4-6251ceb0ef53""}",2026-07-23T06:27:35.882271722Z
"2026-07-23T06:27:35.728Z [[34mdebug[39m] OTA telemetry written to InfluxDB {""service"":""mqtt-publisher-lite"",""deviceId"":""DEVICE-19"",""event"":""ota_progress""}",info,"{""level"":""info""}","{""project"":""90a47e04-a329-4122-9c82-2ee75a4562c2"",""environment"":""f6319bd4-2e87-40d4-8547-4ce714038bc1"",""service"":""c236b8cb-3eff-45c5-aca0-23e73e33dc8d"",""deployment"":""69394420-c732-4ebe-a5fd-54c2d5628ea7"",""replica"":""7fc15fda-5103-4647-b7c4-6251ceb0ef53""}",2026-07-23T06:27:35.882277002Z
"2026-07-23T06:27:36.928Z [[32minfo[39m] HTTP request {""service"":""mqtt-publisher-lite"",""method"":""GET"",""path"":""/ota/offer/1.0.1"",""status"":200,""duration"":""127ms""}",info,"{""level"":""info""}","{""project"":""90a47e04-a329-4122-9c82-2ee75a4562c2"",""environment"":""f6319bd4-2e87-40d4-8547-4ce714038bc1"",""service"":""c236b8cb-3eff-45c5-aca0-23e73e33dc8d"",""deployment"":""69394420-c732-4ebe-a5fd-54c2d5628ea7"",""replica"":""7fc15fda-5103-4647-b7c4-6251ceb0ef53""}",2026-07-23T06:27:36.931327693Z
"2026-07-23T06:27:37.211Z [[34mdebug[39m] Message received {""service"":""mqtt-publisher-lite"",""topic"":""proof.mqtt/DEVICE-19/status"",""size"":103,""retain"":false}",info,"{""level"":""info""}","{""project"":""90a47e04-a329-4122-9c82-2ee75a4562c2"",""environment"":""f6319bd4-2e87-40d4-8547-4ce714038bc1"",""service"":""c236b8cb-3eff-45c5-aca0-23e73e33dc8d"",""deployment"":""69394420-c732-4ebe-a5fd-54c2d5628ea7"",""replica"":""7fc15fda-5103-4647-b7c4-6251ceb0ef53""}",2026-07-23T06:27:37.224641396Z
"2026-07-23T06:27:37.436Z [[34mdebug[39m] [OTA] Ignored status event {""service"":""mqtt-publisher-lite"",""deviceId"":""DEVICE-19"",""key"":""ota_failure""}",info,"{""level"":""info""}","{""project"":""90a47e04-a329-4122-9c82-2ee75a4562c2"",""environment"":""f6319bd4-2e87-40d4-8547-4ce714038bc1"",""service"":""c236b8cb-3eff-45c5-aca0-23e73e33dc8d"",""deployment"":""69394420-c732-4ebe-a5fd-54c2d5628ea7"",""replica"":""7fc15fda-5103-4647-b7c4-6251ceb0ef53""}",2026-07-23T06:27:37.442059610Z
"2026-07-23T06:27:37.436Z [[32minfo[39m] 📊 Device Status Update {""service"":""mqtt-publisher-lite"",""deviceId"":""DEVICE-19"",""eventType"":""ota_failure""}",info,"{""level"":""info""}","{""project"":""90a47e04-a329-4122-9c82-2ee75a4562c2"",""environment"":""f6319bd4-2e87-40d4-8547-4ce714038bc1"",""service"":""c236b8cb-3eff-45c5-aca0-23e73e33dc8d"",""deployment"":""69394420-c732-4ebe-a5fd-54c2d5628ea7"",""replica"":""7fc15fda-5103-4647-b7c4-6251ceb0ef53""}",2026-07-23T06:27:37.442073609Z
"2026-07-23T06:27:37.436Z [[34mdebug[39m] OTA telemetry written to InfluxDB {""service"":""mqtt-publisher-lite"",""deviceId"":""DEVICE-19"",""event"":""ota_failure""}",info,"{""level"":""info""}","{""project"":""90a47e04-a329-4122-9c82-2ee75a4562c2"",""environment"":""f6319bd4-2e87-40d4-8547-4ce714038bc1"",""service"":""c236b8cb-3eff-45c5-aca0-23e73e33dc8d"",""deployment"":""69394420-c732-4ebe-a5fd-54c2d5628ea7"",""replica"":""7fc15fda-5103-4647-b7c4-6251ceb0ef53""}",2026-07-23T06:27:37.442080149Z
"2026-07-23T06:27:38.502Z [[32minfo[39m] InfluxDB batch flush {""service"":""mqtt-publisher-lite"",""source"":""compliance_disk_queue_worker"",""count"":3,""lines"":[""pki_audit,device_id=DEVICE-19,event=OTA_CHECK_OFFERED,source=mqtt-publisher-lite count=1i,details=\""{\\\""version\\\"":\\\""4.3.1-mvp\\\"",\\\""currentVersion\\\"":\\\""1.0.0\\\"",\\\""downloadUrl\\\"":\\\""https://ax4egmknthnr.objectstorage.ap-hyderabad-1.oci.customer-oci.com/p/bGnPcytomG2JkTXGgwI0iw3wVLq2eorlfrLyW0JTxHc0T74xpBDA1kUmxo5wJpv7/n/ax4egmknthnr/b/proof-firmware-ota/o/firmware/4.3.1-mvp/firmware.bin\\\""}\"",hash=\""3825a17e32501b29a1989da7c28e6de11a2be61d0b3a537dafb0c4f9763f86a4\"",previous_hash=\""79945d5b29420f49a0bbff7b9bcde98c204702528f3b7f4066279893a289e557\"",sequence=39i 1784788053723000000"",""pki_audit,device_id=DEVICE-19,event=OTA_COMMAND_DELIVERED,source=mqtt-publisher-lite count=1i,details=\""{\\\""version\\\"":\\\""1.0.1\\\"",\\\""sha256\\\"":\\\""34a9b89edbcaa1c4a9240a0559055b64f72338b11e594f20d70fdb13f32910a6\\\"",\\\""keyFingerprint\\\"":\\\""7328b5af13b95e39\\\""}\"",hash=\""f3752a0e960c36fab5440bbe45ba94490023b3e904dcc6cd53befa6ccf91b921\"",previous_hash=\""3825a17e32501b29a1989da7c28e6de11a2be61d0b3a537dafb0c4f9763f86a4\"",sequence=40i 1784788054170000000"",""pki_audit,device_id=DEVICE-19,event=OTA_COMMAND_ISSUED,source=mqtt-publisher-lite count=1i,details=\""{\\\""version\\\"":\\\""1.0.1\\\"",\\\""sha256\\\"":\\\""34a9b89edbcaa1c4a9240a0559055b64f72338b11e594f20d70fdb13f32910a6\\\"",\\\""force\\\"":false,\\\""topic\\\"":\\\""proof.mqtt/DEVICE-19/cmd\\\"",\\\""keyFingerprint\\\"":\\\""7328b5af13b95e39\\\""}\"",hash=\""e586136d81d77eb015fa42f100d153c847290ee86ad8f3eb48ae683d284f7ffa\"",previous_hash=\""f3752a0e960c36fab5440bbe45ba94490023b3e904dcc6cd53befa6ccf91b921\"",sequence=41i 1784788054307000000""]}",info,"{""level"":""info""}","{""project"":""90a47e04-a329-4122-9c82-2ee75a4562c2"",""environment"":""f6319bd4-2e87-40d4-8547-4ce714038bc1"",""service"":""c236b8cb-3eff-45c5-aca0-23e73e33dc8d"",""deployment"":""69394420-c732-4ebe-a5fd-54c2d5628ea7"",""replica"":""7fc15fda-5103-4647-b7c4-6251ceb0ef53""}",2026-07-23T06:27:38.514543295Z
"2026-07-23T06:27:47.107Z [[32minfo[39m] 📤 QoS 1 message sent {""service"":""mqtt-publisher-lite"",""messageId"":44706,""topic"":""proof.mqtt/DEVICE-13/instagram"",""qos"":1}",info,"{""level"":""info""}","{""project"":""90a47e04-a329-4122-9c82-2ee75a4562c2"",""environment"":""f6319bd4-2e87-40d4-8547-4ce714038bc1"",""service"":""c236b8cb-3eff-45c5-aca0-23e73e33dc8d"",""deployment"":""69394420-c732-4ebe-a5fd-54c2d5628ea7"",""replica"":""7fc15fda-5103-4647-b7c4-6251ceb0ef53""}",2026-07-23T06:27:47.109006271Z
"2026-07-23T06:27:47.107Z [[32minfo[39m] ⏱️ Tracking QoS 1 message (30s timeout) {""service"":""mqtt-publisher-lite"",""deviceId"":""DEVICE-13"",""messageId"":44706,""topic"":""proof.mqtt/DEVICE-13/instagram"",""pendingCount"":1}",info,"{""level"":""info""}","{""project"":""90a47e04-a329-4122-9c82-2ee75a4562c2"",""environment"":""f6319bd4-2e87-40d4-8547-4ce714038bc1"",""service"":""c236b8cb-3eff-45c5-aca0-23e73e33dc8d"",""deployment"":""69394420-c732-4ebe-a5fd-54c2d5628ea7"",""replica"":""7fc15fda-5103-4647-b7c4-6251ceb0ef53""}",2026-07-23T06:27:47.109013351Z
"2026-07-23T06:27:47.218Z [[32minfo[39m] 📤 QoS 1 message sent {""service"":""mqtt-publisher-lite"",""messageId"":44707,""topic"":""proof.mqtt/DEVICE-13/gmb"",""qos"":1}",info,"{""level"":""info""}","{""project"":""90a47e04-a329-4122-9c82-2ee75a4562c2"",""environment"":""f6319bd4-2e87-40d4-8547-4ce714038bc1"",""service"":""c236b8cb-3eff-45c5-aca0-23e73e33dc8d"",""deployment"":""69394420-c732-4ebe-a5fd-54c2d5628ea7"",""replica"":""7fc15fda-5103-4647-b7c4-6251ceb0ef53""}",2026-07-23T06:27:47.255596105Z
"2026-07-23T06:27:47.219Z [[32minfo[39m] ⏱️ Tracking QoS 1 message (30s timeout) {""service"":""mqtt-publisher-lite"",""deviceId"":""DEVICE-13"",""messageId"":44707,""topic"":""proof.mqtt/DEVICE-13/gmb"",""pendingCount"":2}",info,"{""level"":""info""}","{""project"":""90a47e04-a329-4122-9c82-2ee75a4562c2"",""environment"":""f6319bd4-2e87-40d4-8547-4ce714038bc1"",""service"":""c236b8cb-3eff-45c5-aca0-23e73e33dc8d"",""deployment"":""69394420-c732-4ebe-a5fd-54c2d5628ea7"",""replica"":""7fc15fda-5103-4647-b7c4-6251ceb0ef53""}",2026-07-23T06:27:47.255602405Z
"2026-07-23T06:27:47.326Z [[32minfo[39m] ✅ PUBACK received {""service"":""mqtt-publisher-lite"",""messageId"":44706}",info,"{""level"":""info""}","{""project"":""90a47e04-a329-4122-9c82-2ee75a4562c2"",""environment"":""f6319bd4-2e87-40d4-8547-4ce714038bc1"",""service"":""c236b8cb-3eff-45c5-aca0-23e73e33dc8d"",""deployment"":""69394420-c732-4ebe-a5fd-54c2d5628ea7"",""replica"":""7fc15fda-5103-4647-b7c4-6251ceb0ef53""}",2026-07-23T06:27:47.337069022Z
"2026-07-23T06:27:47.327Z [[32minfo[39m] ✅ QoS 1 PUBACK confirmed {""service"":""mqtt-publisher-lite"",""deviceId"":""DEVICE-13"",""messageId"":44706,""deliveryTime"":""220ms"",""pendingCount"":1}",info,"{""level"":""info""}","{""project"":""90a47e04-a329-4122-9c82-2ee75a4562c2"",""environment"":""f6319bd4-2e87-40d4-8547-4ce714038bc1"",""service"":""c236b8cb-3eff-45c5-aca0-23e73e33dc8d"",""deployment"":""69394420-c732-4ebe-a5fd-54c2d5628ea7"",""replica"":""7fc15fda-5103-4647-b7c4-6251ceb0ef53""}",2026-07-23T06:27:47.337074642Z
"2026-07-23T06:27:47.327Z [[34mdebug[39m] ✅ [LIFECYCLE:PUBACK_OK] Device confirmed message receipt {""service"":""mqtt-publisher-lite"",""deviceId"":""DEVICE-13""}",info,"{""level"":""info""}","{""project"":""90a47e04-a329-4122-9c82-2ee75a4562c2"",""environment"":""f6319bd4-2e87-40d4-8547-4ce714038bc1"",""service"":""c236b8cb-3eff-45c5-aca0-23e73e33dc8d"",""deployment"":""69394420-c732-4ebe-a5fd-54c2d5628ea7"",""replica"":""7fc15fda-5103-4647-b7c4-6251ceb0ef53""}",2026-07-23T06:27:47.337078022Z
"2026-07-23T06:27:47.327Z [[34mdebug[39m] Message published {""service"":""mqtt-publisher-lite"",""topic"":""proof.mqtt/DEVICE-13/instagram"",""qos"":1,""deliveryTime"":""220ms""}",info,"{""level"":""info""}","{""project"":""90a47e04-a329-4122-9c82-2ee75a4562c2"",""environment"":""f6319bd4-2e87-40d4-8547-4ce714038bc1"",""service"":""c236b8cb-3eff-45c5-aca0-23e73e33dc8d"",""deployment"":""69394420-c732-4ebe-a5fd-54c2d5628ea7"",""replica"":""7fc15fda-5103-4647-b7c4-6251ceb0ef53""}",2026-07-23T06:27:47.337081342Z
"2026-07-23T06:27:47.327Z [[34mdebug[39m] Message received {""service"":""mqtt-publisher-lite"",""topic"":""proof.mqtt/DEVICE-13/instagram"",""size"":254,""retain"":false}",info,"{""level"":""info""}","{""project"":""90a47e04-a329-4122-9c82-2ee75a4562c2"",""environment"":""f6319bd4-2e87-40d4-8547-4ce714038bc1"",""service"":""c236b8cb-3eff-45c5-aca0-23e73e33dc8d"",""deployment"":""69394420-c732-4ebe-a5fd-54c2d5628ea7"",""replica"":""7fc15fda-5103-4647-b7c4-6251ceb0ef53""}",2026-07-23T06:27:47.337084372Z
"2026-07-23T06:27:47.327Z [[34mdebug[39m] Skipping echo message {""service"":""mqtt-publisher-lite"",""topic"":""proof.mqtt/DEVICE-13/instagram"",""age"":""0ms""}",info,"{""level"":""info""}","{""project"":""90a47e04-a329-4122-9c82-2ee75a4562c2"",""environment"":""f6319bd4-2e87-40d4-8547-4ce714038bc1"",""service"":""c236b8cb-3eff-45c5-aca0-23e73e33dc8d"",""deployment"":""69394420-c732-4ebe-a5fd-54c2d5628ea7"",""replica"":""7fc15fda-5103-4647-b7c4-6251ceb0ef53""}",2026-07-23T06:27:47.337087892Z
"2026-07-23T06:27:47.328Z [[34mdebug[39m] Screen message received {""service"":""mqtt-publisher-lite"",""topic"":""proof.mqtt/DEVICE-13/instagram"",""screen"":""instagram""}",info,"{""level"":""info""}","{""project"":""90a47e04-a329-4122-9c82-2ee75a4562c2"",""environment"":""f6319bd4-2e87-40d4-8547-4ce714038bc1"",""service"":""c236b8cb-3eff-45c5-aca0-23e73e33dc8d"",""deployment"":""69394420-c732-4ebe-a5fd-54c2d5628ea7"",""replica"":""7fc15fda-5103-4647-b7c4-6251ceb0ef53""}",2026-07-23T06:27:47.337090702Z
"2026-07-23T06:27:47.427Z [[32minfo[39m] [STIM_IG] Published {""service"":""mqtt-publisher-lite"",""deviceId"":""DEVICE-13"",""followers"":20,""target"":500,""mode"":""synthetic"",""achievement"":25,""celebration"":""true"",""done"":false}",info,"{""level"":""info""}","{""project"":""90a47e04-a329-4122-9c82-2ee75a4562c2"",""environment"":""f6319bd4-2e87-40d4-8547-4ce714038bc1"",""service"":""c236b8cb-3eff-45c5-aca0-23e73e33dc8d"",""deployment"":""69394420-c732-4ebe-a5fd-54c2d5628ea7"",""replica"":""7fc15fda-5103-4647-b7c4-6251ceb0ef53""}",2026-07-23T06:27:47.430849678Z
"2026-07-23T06:27:47.438Z [[32minfo[39m] ✅ PUBACK received {""service"":""mqtt-publisher-lite"",""messageId"":44707}",info,"{""level"":""info""}","{""project"":""90a47e04-a329-4122-9c82-2ee75a4562c2"",""environment"":""f6319bd4-2e87-40d4-8547-4ce714038bc1"",""service"":""c236b8cb-3eff-45c5-aca0-23e73e33dc8d"",""deployment"":""69394420-c732-4ebe-a5fd-54c2d5628ea7"",""replica"":""7fc15fda-5103-4647-b7c4-6251ceb0ef53""}",2026-07-23T06:27:47.443276065Z
"2026-07-23T06:27:47.438Z [[32minfo[39m] ✅ QoS 1 PUBACK confirmed {""service"":""mqtt-publisher-lite"",""deviceId"":""DEVICE-13"",""messageId"":44707,""deliveryTime"":""219ms"",""pendingCount"":0}",info,"{""level"":""info""}","{""project"":""90a47e04-a329-4122-9c82-2ee75a4562c2"",""environment"":""f6319bd4-2e87-40d4-8547-4ce714038bc1"",""service"":""c236b8cb-3eff-45c5-aca0-23e73e33dc8d"",""deployment"":""69394420-c732-4ebe-a5fd-54c2d5628ea7"",""replica"":""7fc15fda-5103-4647-b7c4-6251ceb0ef53""}",2026-07-23T06:27:47.443284085Z
"2026-07-23T06:27:47.438Z [[34mdebug[39m] ✅ [LIFECYCLE:PUBACK_OK] Device confirmed message receipt {""service"":""mqtt-publisher-lite"",""deviceId"":""DEVICE-13""}",info,"{""level"":""info""}","{""project"":""90a47e04-a329-4122-9c82-2ee75a4562c2"",""environment"":""f6319bd4-2e87-40d4-8547-4ce714038bc1"",""service"":""c236b8cb-3eff-45c5-aca0-23e73e33dc8d"",""deployment"":""69394420-c732-4ebe-a5fd-54c2d5628ea7"",""replica"":""7fc15fda-5103-4647-b7c4-6251ceb0ef53""}",2026-07-23T06:27:47.443288755Z
"2026-07-23T06:27:47.438Z [[34mdebug[39m] Message published {""service"":""mqtt-publisher-lite"",""topic"":""proof.mqtt/DEVICE-13/gmb"",""qos"":1,""deliveryTime"":""220ms""}",info,"{""level"":""info""}","{""project"":""90a47e04-a329-4122-9c82-2ee75a4562c2"",""environment"":""f6319bd4-2e87-40d4-8547-4ce714038bc1"",""service"":""c236b8cb-3eff-45c5-aca0-23e73e33dc8d"",""deployment"":""69394420-c732-4ebe-a5fd-54c2d5628ea7"",""replica"":""7fc15fda-5103-4647-b7c4-6251ceb0ef53""}",2026-07-23T06:27:47.443293755Z
"2026-07-23T06:27:47.438Z [[34mdebug[39m] Message received {""service"":""mqtt-publisher-lite"",""topic"":""proof.mqtt/DEVICE-13/gmb"",""size"":246,""retain"":false}",info,"{""level"":""info""}","{""project"":""90a47e04-a329-4122-9c82-2ee75a4562c2"",""environment"":""f6319bd4-2e87-40d4-8547-4ce714038bc1"",""service"":""c236b8cb-3eff-45c5-aca0-23e73e33dc8d"",""deployment"":""69394420-c732-4ebe-a5fd-54c2d5628ea7"",""replica"":""7fc15fda-5103-4647-b7c4-6251ceb0ef53""}",2026-07-23T06:27:47.443297915Z
"2026-07-23T06:27:47.438Z [[34mdebug[39m] Skipping echo message {""service"":""mqtt-publisher-lite"",""topic"":""proof.mqtt/DEVICE-13/gmb"",""age"":""0ms""}",info,"{""level"":""info""}","{""project"":""90a47e04-a329-4122-9c82-2ee75a4562c2"",""environment"":""f6319bd4-2e87-40d4-8547-4ce714038bc1"",""service"":""c236b8cb-3eff-45c5-aca0-23e73e33dc8d"",""deployment"":""69394420-c732-4ebe-a5fd-54c2d5628ea7"",""replica"":""7fc15fda-5103-4647-b7c4-6251ceb0ef53""}",2026-07-23T06:27:47.443302825Z
"2026-07-23T06:27:47.439Z [[34mdebug[39m] Screen message received {""service"":""mqtt-publisher-lite"",""topic"":""proof.mqtt/DEVICE-13/gmb"",""screen"":""gmb""}",info,"{""level"":""info""}","{""project"":""90a47e04-a329-4122-9c82-2ee75a4562c2"",""environment"":""f6319bd4-2e87-40d4-8547-4ce714038bc1"",""service"":""c236b8cb-3eff-45c5-aca0-23e73e33dc8d"",""deployment"":""69394420-c732-4ebe-a5fd-54c2d5628ea7"",""replica"":""7fc15fda-5103-4647-b7c4-6251ceb0ef53""}",2026-07-23T06:27:47.443307625Z
"2026-07-23T06:27:47.538Z [[32minfo[39m] [STIM_GMB] Published {""service"":""mqtt-publisher-lite"",""deviceId"":""DEVICE-13"",""reviews"":18,""target"":100,""mode"":""synthetic"",""celebration"":""false"",""done"":false}",info,"{""level"":""info""}","{""project"":""90a47e04-a329-4122-9c82-2ee75a4562c2"",""environment"":""f6319bd4-2e87-40d4-8547-4ce714038bc1"",""service"":""c236b8cb-3eff-45c5-aca0-23e73e33dc8d"",""deployment"":""69394420-c732-4ebe-a5fd-54c2d5628ea7"",""replica"":""7fc15fda-5103-4647-b7c4-6251ceb0ef53""}",2026-07-23T06:27:47.553550229Z
"2026-07-23T06:27:59.192Z [[32minfo[39m] 📤 QoS 1 message sent {""service"":""mqtt-publisher-lite"",""messageId"":44708,""topic"":""proof.mqtt/DEVICE-15/instagram"",""qos"":1}",info,"{""level"":""info""}","{""project"":""90a47e04-a329-4122-9c82-2ee75a4562c2"",""environment"":""f6319bd4-2e87-40d4-8547-4ce714038bc1"",""service"":""c236b8cb-3eff-45c5-aca0-23e73e33dc8d"",""deployment"":""69394420-c732-4ebe-a5fd-54c2d5628ea7"",""replica"":""7fc15fda-5103-4647-b7c4-6251ceb0ef53""}",2026-07-23T06:28:07.547701224Z
"2026-07-23T06:27:59.192Z [[32minfo[39m] ⏱️ Tracking QoS 1 message (30s timeout) {""service"":""mqtt-publisher-lite"",""deviceId"":""DEVICE-15"",""messageId"":44708,""topic"":""proof.mqtt/DEVICE-15/instagram"",""pendingCount"":1}",info,"{""level"":""info""}","{""project"":""90a47e04-a329-4122-9c82-2ee75a4562c2"",""environment"":""f6319bd4-2e87-40d4-8547-4ce714038bc1"",""service"":""c236b8cb-3eff-45c5-aca0-23e73e33dc8d"",""deployment"":""69394420-c732-4ebe-a5fd-54c2d5628ea7"",""replica"":""7fc15fda-5103-4647-b7c4-6251ceb0ef53""}",2026-07-23T06:28:07.547708864Z
"2026-07-23T06:27:59.294Z [[32minfo[39m] 📤 QoS 1 message sent {""service"":""mqtt-publisher-lite"",""messageId"":44709,""topic"":""proof.mqtt/DEVICE-15/gmb"",""qos"":1}",info,"{""level"":""info""}","{""project"":""90a47e04-a329-4122-9c82-2ee75a4562c2"",""environment"":""f6319bd4-2e87-40d4-8547-4ce714038bc1"",""service"":""c236b8cb-3eff-45c5-aca0-23e73e33dc8d"",""deployment"":""69394420-c732-4ebe-a5fd-54c2d5628ea7"",""replica"":""7fc15fda-5103-4647-b7c4-6251ceb0ef53""}",2026-07-23T06:28:07.547713124Z
"2026-07-23T06:27:59.294Z [[32minfo[39m] ⏱️ Tracking QoS 1 message (30s timeout) {""service"":""mqtt-publisher-lite"",""deviceId"":""DEVICE-15"",""messageId"":44709,""topic"":""proof.mqtt/DEVICE-15/gmb"",""pendingCount"":2}",info,"{""level"":""info""}","{""project"":""90a47e04-a329-4122-9c82-2ee75a4562c2"",""environment"":""f6319bd4-2e87-40d4-8547-4ce714038bc1"",""service"":""c236b8cb-3eff-45c5-aca0-23e73e33dc8d"",""deployment"":""69394420-c732-4ebe-a5fd-54c2d5628ea7"",""replica"":""7fc15fda-5103-4647-b7c4-6251ceb0ef53""}",2026-07-23T06:28:07.547718374Z
"2026-07-23T06:27:59.411Z [[32minfo[39m] ✅ PUBACK received {""service"":""mqtt-publisher-lite"",""messageId"":44708}",info,"{""level"":""info""}","{""project"":""90a47e04-a329-4122-9c82-2ee75a4562c2"",""environment"":""f6319bd4-2e87-40d4-8547-4ce714038bc1"",""service"":""c236b8cb-3eff-45c5-aca0-23e73e33dc8d"",""deployment"":""69394420-c732-4ebe-a5fd-54c2d5628ea7"",""replica"":""7fc15fda-5103-4647-b7c4-6251ceb0ef53""}",2026-07-23T06:28:07.547722304Z
"2026-07-23T06:27:59.412Z [[32minfo[39m] ✅ QoS 1 PUBACK confirmed {""service"":""mqtt-publisher-lite"",""deviceId"":""DEVICE-15"",""messageId"":44708,""deliveryTime"":""220ms"",""pendingCount"":1}",info,"{""level"":""info""}","{""project"":""90a47e04-a329-4122-9c82-2ee75a4562c2"",""environment"":""f6319bd4-2e87-40d4-8547-4ce714038bc1"",""service"":""c236b8cb-3eff-45c5-aca0-23e73e33dc8d"",""deployment"":""69394420-c732-4ebe-a5fd-54c2d5628ea7"",""replica"":""7fc15fda-5103-4647-b7c4-6251ceb0ef53""}",2026-07-23T06:28:07.547726534Z
"2026-07-23T06:27:59.412Z [[34mdebug[39m] ✅ [LIFECYCLE:PUBACK_OK] Device confirmed message receipt {""service"":""mqtt-publisher-lite"",""deviceId"":""DEVICE-15""}",info,"{""level"":""info""}","{""project"":""90a47e04-a329-4122-9c82-2ee75a4562c2"",""environment"":""f6319bd4-2e87-40d4-8547-4ce714038bc1"",""service"":""c236b8cb-3eff-45c5-aca0-23e73e33dc8d"",""deployment"":""69394420-c732-4ebe-a5fd-54c2d5628ea7"",""replica"":""7fc15fda-5103-4647-b7c4-6251ceb0ef53""}",2026-07-23T06:28:07.547730824Z
"2026-07-23T06:27:59.412Z [[34mdebug[39m] Message published {""service"":""mqtt-publisher-lite"",""topic"":""proof.mqtt/DEVICE-15/instagram"",""qos"":1,""deliveryTime"":""220ms""}",info,"{""level"":""info""}","{""project"":""90a47e04-a329-4122-9c82-2ee75a4562c2"",""environment"":""f6319bd4-2e87-40d4-8547-4ce714038bc1"",""service"":""c236b8cb-3eff-45c5-aca0-23e73e33dc8d"",""deployment"":""69394420-c732-4ebe-a5fd-54c2d5628ea7"",""replica"":""7fc15fda-5103-4647-b7c4-6251ceb0ef53""}",2026-07-23T06:28:07.547734814Z
"2026-07-23T06:27:59.412Z [[34mdebug[39m] Message received {""service"":""mqtt-publisher-lite"",""topic"":""proof.mqtt/DEVICE-15/instagram"",""size"":228,""retain"":false}",info,"{""level"":""info""}","{""project"":""90a47e04-a329-4122-9c82-2ee75a4562c2"",""environment"":""f6319bd4-2e87-40d4-8547-4ce714038bc1"",""service"":""c236b8cb-3eff-45c5-aca0-23e73e33dc8d"",""deployment"":""69394420-c732-4ebe-a5fd-54c2d5628ea7"",""replica"":""7fc15fda-5103-4647-b7c4-6251ceb0ef53""}",2026-07-23T06:28:07.547739374Z
"2026-07-23T06:27:59.413Z [[34mdebug[39m] Skipping echo message {""service"":""mqtt-publisher-lite"",""topic"":""proof.mqtt/DEVICE-15/instagram"",""age"":""1ms""}",info,"{""level"":""info""}","{""project"":""90a47e04-a329-4122-9c82-2ee75a4562c2"",""environment"":""f6319bd4-2e87-40d4-8547-4ce714038bc1"",""service"":""c236b8cb-3eff-45c5-aca0-23e73e33dc8d"",""deployment"":""69394420-c732-4ebe-a5fd-54c2d5628ea7"",""replica"":""7fc15fda-5103-4647-b7c4-6251ceb0ef53""}",2026-07-23T06:28:07.547743234Z
"2026-07-23T06:27:59.513Z [[34mdebug[39m] Message received {""service"":""mqtt-publisher-lite"",""topic"":""proof.mqtt/DEVICE-15/gmb"",""size"":246,""retain"":false}",info,"{""level"":""info""}","{""project"":""90a47e04-a329-4122-9c82-2ee75a4562c2"",""environment"":""f6319bd4-2e87-40d4-8547-4ce714038bc1"",""service"":""c236b8cb-3eff-45c5-aca0-23e73e33dc8d"",""deployment"":""69394420-c732-4ebe-a5fd-54c2d5628ea7"",""replica"":""7fc15fda-5103-4647-b7c4-6251ceb0ef53""}",2026-07-23T06:28:07.549392662Z
"2026-07-23T06:27:59.513Z [[34mdebug[39m] Skipping echo message {""service"":""mqtt-publisher-lite"",""topic"":""proof.mqtt/DEVICE-15/gmb"",""age"":""0ms""}",info,"{""level"":""info""}","{""project"":""90a47e04-a329-4122-9c82-2ee75a4562c2"",""environment"":""f6319bd4-2e87-40d4-8547-4ce714038bc1"",""service"":""c236b8cb-3eff-45c5-aca0-23e73e33dc8d"",""deployment"":""69394420-c732-4ebe-a5fd-54c2d5628ea7"",""replica"":""7fc15fda-5103-4647-b7c4-6251ceb0ef53""}",2026-07-23T06:28:07.549401822Z
"2026-07-23T06:27:59.413Z [[34mdebug[39m] Screen message received {""service"":""mqtt-publisher-lite"",""topic"":""proof.mqtt/DEVICE-15/instagram"",""screen"":""instagram""}",info,"{""level"":""info""}","{""project"":""90a47e04-a329-4122-9c82-2ee75a4562c2"",""environment"":""f6319bd4-2e87-40d4-8547-4ce714038bc1"",""service"":""c236b8cb-3eff-45c5-aca0-23e73e33dc8d"",""deployment"":""69394420-c732-4ebe-a5fd-54c2d5628ea7"",""replica"":""7fc15fda-5103-4647-b7c4-6251ceb0ef53""}",2026-07-23T06:28:07.549408242Z
"2026-07-23T06:27:59.514Z [[34mdebug[39m] Screen message received {""service"":""mqtt-publisher-lite"",""topic"":""proof.mqtt/DEVICE-15/gmb"",""screen"":""gmb""}",info,"{""level"":""info""}","{""project"":""90a47e04-a329-4122-9c82-2ee75a4562c2"",""environment"":""f6319bd4-2e87-40d4-8547-4ce714038bc1"",""service"":""c236b8cb-3eff-45c5-aca0-23e73e33dc8d"",""deployment"":""69394420-c732-4ebe-a5fd-54c2d5628ea7"",""replica"":""7fc15fda-5103-4647-b7c4-6251ceb0ef53""}",2026-07-23T06:28:07.549409172Z
"2026-07-23T06:27:59.512Z [[32minfo[39m] [STIM_IG] Published {""service"":""mqtt-publisher-lite"",""deviceId"":""DEVICE-15"",""followers"":26,""target"":500,""mode"":""synthetic"",""achievement"":30,""celebration"":""false"",""done"":false}",info,"{""level"":""info""}","{""project"":""90a47e04-a329-4122-9c82-2ee75a4562c2"",""environment"":""f6319bd4-2e87-40d4-8547-4ce714038bc1"",""service"":""c236b8cb-3eff-45c5-aca0-23e73e33dc8d"",""deployment"":""69394420-c732-4ebe-a5fd-54c2d5628ea7"",""replica"":""7fc15fda-5103-4647-b7c4-6251ceb0ef53""}",2026-07-23T06:28:07.549417732Z
"2026-07-23T06:27:59.613Z [[32minfo[39m] [STIM_GMB] Published {""service"":""mqtt-publisher-lite"",""deviceId"":""DEVICE-15"",""reviews"":24,""target"":100,""mode"":""synthetic"",""celebration"":""false"",""done"":false}",info,"{""level"":""info""}","{""project"":""90a47e04-a329-4122-9c82-2ee75a4562c2"",""environment"":""f6319bd4-2e87-40d4-8547-4ce714038bc1"",""service"":""c236b8cb-3eff-45c5-aca0-23e73e33dc8d"",""deployment"":""69394420-c732-4ebe-a5fd-54c2d5628ea7"",""replica"":""7fc15fda-5103-4647-b7c4-6251ceb0ef53""}",2026-07-23T06:28:07.549417952Z
"2026-07-23T06:27:59.513Z [[32minfo[39m] ✅ PUBACK received {""service"":""mqtt-publisher-lite"",""messageId"":44709}",info,"{""level"":""info""}","{""project"":""90a47e04-a329-4122-9c82-2ee75a4562c2"",""environment"":""f6319bd4-2e87-40d4-8547-4ce714038bc1"",""service"":""c236b8cb-3eff-45c5-aca0-23e73e33dc8d"",""deployment"":""69394420-c732-4ebe-a5fd-54c2d5628ea7"",""replica"":""7fc15fda-5103-4647-b7c4-6251ceb0ef53""}",2026-07-23T06:28:07.549424181Z
"2026-07-23T06:27:59.513Z [[32minfo[39m] ✅ QoS 1 PUBACK confirmed {""service"":""mqtt-publisher-lite"",""deviceId"":""DEVICE-15"",""messageId"":44709,""deliveryTime"":""219ms"",""pendingCount"":0}",info,"{""level"":""info""}","{""project"":""90a47e04-a329-4122-9c82-2ee75a4562c2"",""environment"":""f6319bd4-2e87-40d4-8547-4ce714038bc1"",""service"":""c236b8cb-3eff-45c5-aca0-23e73e33dc8d"",""deployment"":""69394420-c732-4ebe-a5fd-54c2d5628ea7"",""replica"":""7fc15fda-5103-4647-b7c4-6251ceb0ef53""}",2026-07-23T06:28:07.549428491Z
"2026-07-23T06:27:59.513Z [[34mdebug[39m] ✅ [LIFECYCLE:PUBACK_OK] Device confirmed message receipt {""service"":""mqtt-publisher-lite"",""deviceId"":""DEVICE-15""}",info,"{""level"":""info""}","{""project"":""90a47e04-a329-4122-9c82-2ee75a4562c2"",""environment"":""f6319bd4-2e87-40d4-8547-4ce714038bc1"",""service"":""c236b8cb-3eff-45c5-aca0-23e73e33dc8d"",""deployment"":""69394420-c732-4ebe-a5fd-54c2d5628ea7"",""replica"":""7fc15fda-5103-4647-b7c4-6251ceb0ef53""}",2026-07-23T06:28:07.549432031Z
"2026-07-23T06:27:59.513Z [[34mdebug[39m] Message published {""service"":""mqtt-publisher-lite"",""topic"":""proof.mqtt/DEVICE-15/gmb"",""qos"":1,""deliveryTime"":""219ms""}",info,"{""level"":""info""}","{""project"":""90a47e04-a329-4122-9c82-2ee75a4562c2"",""environment"":""f6319bd4-2e87-40d4-8547-4ce714038bc1"",""service"":""c236b8cb-3eff-45c5-aca0-23e73e33dc8d"",""deployment"":""69394420-c732-4ebe-a5fd-54c2d5628ea7"",""replica"":""7fc15fda-5103-4647-b7c4-6251ceb0ef53""}",2026-07-23T06:28:07.549435121Z
"2026-07-23T06:28:17.342Z [[34mdebug[39m] Message published {""service"":""mqtt-publisher-lite"",""topic"":""proof.mqtt/DEVICE-13/instagram"",""qos"":1,""deliveryTime"":""235ms""}",info,"{""level"":""info""}","{""project"":""90a47e04-a329-4122-9c82-2ee75a4562c2"",""environment"":""f6319bd4-2e87-40d4-8547-4ce714038bc1"",""service"":""c236b8cb-3eff-45c5-aca0-23e73e33dc8d"",""deployment"":""69394420-c732-4ebe-a5fd-54c2d5628ea7"",""replica"":""7fc15fda-5103-4647-b7c4-6251ceb0ef53""}",2026-07-23T06:28:17.377950553Z
"2026-07-23T06:28:17.342Z [[34mdebug[39m] Message received {""service"":""mqtt-publisher-lite"",""topic"":""proof.mqtt/DEVICE-13/instagram"",""size"":228,""retain"":false}",info,"{""level"":""info""}","{""project"":""90a47e04-a329-4122-9c82-2ee75a4562c2"",""environment"":""f6319bd4-2e87-40d4-8547-4ce714038bc1"",""service"":""c236b8cb-3eff-45c5-aca0-23e73e33dc8d"",""deployment"":""69394420-c732-4ebe-a5fd-54c2d5628ea7"",""replica"":""7fc15fda-5103-4647-b7c4-6251ceb0ef53""}",2026-07-23T06:28:17.377964983Z
"2026-07-23T06:28:17.342Z [[34mdebug[39m] Skipping echo message {""service"":""mqtt-publisher-lite"",""topic"":""proof.mqtt/DEVICE-13/instagram"",""age"":""0ms""}",info,"{""level"":""info""}","{""project"":""90a47e04-a329-4122-9c82-2ee75a4562c2"",""environment"":""f6319bd4-2e87-40d4-8547-4ce714038bc1"",""service"":""c236b8cb-3eff-45c5-aca0-23e73e33dc8d"",""deployment"":""69394420-c732-4ebe-a5fd-54c2d5628ea7"",""replica"":""7fc15fda-5103-4647-b7c4-6251ceb0ef53""}",2026-07-23T06:28:17.377975483Z
"2026-07-23T06:28:17.107Z [[32minfo[39m] 📤 QoS 1 message sent {""service"":""mqtt-publisher-lite"",""messageId"":44710,""topic"":""proof.mqtt/DEVICE-13/instagram"",""qos"":1}",info,"{""level"":""info""}","{""project"":""90a47e04-a329-4122-9c82-2ee75a4562c2"",""environment"":""f6319bd4-2e87-40d4-8547-4ce714038bc1"",""service"":""c236b8cb-3eff-45c5-aca0-23e73e33dc8d"",""deployment"":""69394420-c732-4ebe-a5fd-54c2d5628ea7"",""replica"":""7fc15fda-5103-4647-b7c4-6251ceb0ef53""}",2026-07-23T06:28:17.378067912Z
"2026-07-23T06:28:17.107Z [[32minfo[39m] ⏱️ Tracking QoS 1 message (30s timeout) {""service"":""mqtt-publisher-lite"",""deviceId"":""DEVICE-13"",""messageId"":44710,""topic"":""proof.mqtt/DEVICE-13/instagram"",""pendingCount"":1}",info,"{""level"":""info""}","{""project"":""90a47e04-a329-4122-9c82-2ee75a4562c2"",""environment"":""f6319bd4-2e87-40d4-8547-4ce714038bc1"",""service"":""c236b8cb-3eff-45c5-aca0-23e73e33dc8d"",""deployment"":""69394420-c732-4ebe-a5fd-54c2d5628ea7"",""replica"":""7fc15fda-5103-4647-b7c4-6251ceb0ef53""}",2026-07-23T06:28:17.378071382Z
"2026-07-23T06:28:17.218Z [[32minfo[39m] 📤 QoS 1 message sent {""service"":""mqtt-publisher-lite"",""messageId"":44711,""topic"":""proof.mqtt/DEVICE-13/gmb"",""qos"":1}",info,"{""level"":""info""}","{""project"":""90a47e04-a329-4122-9c82-2ee75a4562c2"",""environment"":""f6319bd4-2e87-40d4-8547-4ce714038bc1"",""service"":""c236b8cb-3eff-45c5-aca0-23e73e33dc8d"",""deployment"":""69394420-c732-4ebe-a5fd-54c2d5628ea7"",""replica"":""7fc15fda-5103-4647-b7c4-6251ceb0ef53""}",2026-07-23T06:28:17.378074802Z
"2026-07-23T06:28:17.218Z [[32minfo[39m] ⏱️ Tracking QoS 1 message (30s timeout) {""service"":""mqtt-publisher-lite"",""deviceId"":""DEVICE-13"",""messageId"":44711,""topic"":""proof.mqtt/DEVICE-13/gmb"",""pendingCount"":2}",info,"{""level"":""info""}","{""project"":""90a47e04-a329-4122-9c82-2ee75a4562c2"",""environment"":""f6319bd4-2e87-40d4-8547-4ce714038bc1"",""service"":""c236b8cb-3eff-45c5-aca0-23e73e33dc8d"",""deployment"":""69394420-c732-4ebe-a5fd-54c2d5628ea7"",""replica"":""7fc15fda-5103-4647-b7c4-6251ceb0ef53""}",2026-07-23T06:28:17.378078282Z
"2026-07-23T06:28:17.341Z [[32minfo[39m] ✅ PUBACK received {""service"":""mqtt-publisher-lite"",""messageId"":44710}",info,"{""level"":""info""}","{""project"":""90a47e04-a329-4122-9c82-2ee75a4562c2"",""environment"":""f6319bd4-2e87-40d4-8547-4ce714038bc1"",""service"":""c236b8cb-3eff-45c5-aca0-23e73e33dc8d"",""deployment"":""69394420-c732-4ebe-a5fd-54c2d5628ea7"",""replica"":""7fc15fda-5103-4647-b7c4-6251ceb0ef53""}",2026-07-23T06:28:17.378081722Z
"2026-07-23T06:28:17.342Z [[32minfo[39m] ✅ QoS 1 PUBACK confirmed {""service"":""mqtt-publisher-lite"",""deviceId"":""DEVICE-13"",""messageId"":44710,""deliveryTime"":""235ms"",""pendingCount"":1}",info,"{""level"":""info""}","{""project"":""90a47e04-a329-4122-9c82-2ee75a4562c2"",""environment"":""f6319bd4-2e87-40d4-8547-4ce714038bc1"",""service"":""c236b8cb-3eff-45c5-aca0-23e73e33dc8d"",""deployment"":""69394420-c732-4ebe-a5fd-54c2d5628ea7"",""replica"":""7fc15fda-5103-4647-b7c4-6251ceb0ef53""}",2026-07-23T06:28:17.378084892Z
"2026-07-23T06:28:17.342Z [[34mdebug[39m] ✅ [LIFECYCLE:PUBACK_OK] Device confirmed message receipt {""service"":""mqtt-publisher-lite"",""deviceId"":""DEVICE-13""}",info,"{""level"":""info""}","{""project"":""90a47e04-a329-4122-9c82-2ee75a4562c2"",""environment"":""f6319bd4-2e87-40d4-8547-4ce714038bc1"",""service"":""c236b8cb-3eff-45c5-aca0-23e73e33dc8d"",""deployment"":""69394420-c732-4ebe-a5fd-54c2d5628ea7"",""replica"":""7fc15fda-5103-4647-b7c4-6251ceb0ef53""}",2026-07-23T06:28:17.378088662Z
"2026-07-23T06:28:17.342Z [[34mdebug[39m] Screen message received {""service"":""mqtt-publisher-lite"",""topic"":""proof.mqtt/DEVICE-13/instagram"",""screen"":""instagram""}",info,"{""level"":""info""}","{""project"":""90a47e04-a329-4122-9c82-2ee75a4562c2"",""environment"":""f6319bd4-2e87-40d4-8547-4ce714038bc1"",""service"":""c236b8cb-3eff-45c5-aca0-23e73e33dc8d"",""deployment"":""69394420-c732-4ebe-a5fd-54c2d5628ea7"",""replica"":""7fc15fda-5103-4647-b7c4-6251ceb0ef53""}",2026-07-23T06:28:17.378327660Z
"2026-07-23T06:28:17.437Z [[32minfo[39m] ✅ PUBACK received {""service"":""mqtt-publisher-lite"",""messageId"":44711}",info,"{""level"":""info""}","{""project"":""90a47e04-a329-4122-9c82-2ee75a4562c2"",""environment"":""f6319bd4-2e87-40d4-8547-4ce714038bc1"",""service"":""c236b8cb-3eff-45c5-aca0-23e73e33dc8d"",""deployment"":""69394420-c732-4ebe-a5fd-54c2d5628ea7"",""replica"":""7fc15fda-5103-4647-b7c4-6251ceb0ef53""}",2026-07-23T06:28:17.445255611Z
"2026-07-23T06:28:17.438Z [[32minfo[39m] ✅ QoS 1 PUBACK confirmed {""service"":""mqtt-publisher-lite"",""deviceId"":""DEVICE-13"",""messageId"":44711,""deliveryTime"":""220ms"",""pendingCount"":0}",info,"{""level"":""info""}","{""project"":""90a47e04-a329-4122-9c82-2ee75a4562c2"",""environment"":""f6319bd4-2e87-40d4-8547-4ce714038bc1"",""service"":""c236b8cb-3eff-45c5-aca0-23e73e33dc8d"",""deployment"":""69394420-c732-4ebe-a5fd-54c2d5628ea7"",""replica"":""7fc15fda-5103-4647-b7c4-6251ceb0ef53""}",2026-07-23T06:28:17.445271731Z
"2026-07-23T06:28:17.438Z [[34mdebug[39m] ✅ [LIFECYCLE:PUBACK_OK] Device confirmed message receipt {""service"":""mqtt-publisher-lite"",""deviceId"":""DEVICE-13""}",info,"{""level"":""info""}","{""project"":""90a47e04-a329-4122-9c82-2ee75a4562c2"",""environment"":""f6319bd4-2e87-40d4-8547-4ce714038bc1"",""service"":""c236b8cb-3eff-45c5-aca0-23e73e33dc8d"",""deployment"":""69394420-c732-4ebe-a5fd-54c2d5628ea7"",""replica"":""7fc15fda-5103-4647-b7c4-6251ceb0ef53""}",2026-07-23T06:28:17.445278851Z
"2026-07-23T06:28:17.438Z [[34mdebug[39m] Message published {""service"":""mqtt-publisher-lite"",""topic"":""proof.mqtt/DEVICE-13/gmb"",""qos"":1,""deliveryTime"":""220ms""}",info,"{""level"":""info""}","{""project"":""90a47e04-a329-4122-9c82-2ee75a4562c2"",""environment"":""f6319bd4-2e87-40d4-8547-4ce714038bc1"",""service"":""c236b8cb-3eff-45c5-aca0-23e73e33dc8d"",""deployment"":""69394420-c732-4ebe-a5fd-54c2d5628ea7"",""replica"":""7fc15fda-5103-4647-b7c4-6251ceb0ef53""}",2026-07-23T06:28:17.445286081Z
"2026-07-23T06:28:17.438Z [[34mdebug[39m] Message received {""service"":""mqtt-publisher-lite"",""topic"":""proof.mqtt/DEVICE-13/gmb"",""size"":246,""retain"":false}",info,"{""level"":""info""}","{""project"":""90a47e04-a329-4122-9c82-2ee75a4562c2"",""environment"":""f6319bd4-2e87-40d4-8547-4ce714038bc1"",""service"":""c236b8cb-3eff-45c5-aca0-23e73e33dc8d"",""deployment"":""69394420-c732-4ebe-a5fd-54c2d5628ea7"",""replica"":""7fc15fda-5103-4647-b7c4-6251ceb0ef53""}",2026-07-23T06:28:17.445291361Z
"2026-07-23T06:28:17.439Z [[34mdebug[39m] Skipping echo message {""service"":""mqtt-publisher-lite"",""topic"":""proof.mqtt/DEVICE-13/gmb"",""age"":""1ms""}",info,"{""level"":""info""}","{""project"":""90a47e04-a329-4122-9c82-2ee75a4562c2"",""environment"":""f6319bd4-2e87-40d4-8547-4ce714038bc1"",""service"":""c236b8cb-3eff-45c5-aca0-23e73e33dc8d"",""deployment"":""69394420-c732-4ebe-a5fd-54c2d5628ea7"",""replica"":""7fc15fda-5103-4647-b7c4-6251ceb0ef53""}",2026-07-23T06:28:17.445299261Z
"2026-07-23T06:28:17.439Z [[34mdebug[39m] Screen message received {""service"":""mqtt-publisher-lite"",""topic"":""proof.mqtt/DEVICE-13/gmb"",""screen"":""gmb""}",info,"{""level"":""info""}","{""project"":""90a47e04-a329-4122-9c82-2ee75a4562c2"",""environment"":""f6319bd4-2e87-40d4-8547-4ce714038bc1"",""service"":""c236b8cb-3eff-45c5-aca0-23e73e33dc8d"",""deployment"":""69394420-c732-4ebe-a5fd-54c2d5628ea7"",""replica"":""7fc15fda-5103-4647-b7c4-6251ceb0ef53""}",2026-07-23T06:28:17.445304401Z
"2026-07-23T06:28:17.443Z [[32minfo[39m] [STIM_IG] Published {""service"":""mqtt-publisher-lite"",""deviceId"":""DEVICE-13"",""followers"":21,""target"":500,""mode"":""synthetic"",""achievement"":25,""celebration"":""false"",""done"":false}",info,"{""level"":""info""}","{""project"":""90a47e04-a329-4122-9c82-2ee75a4562c2"",""environment"":""f6319bd4-2e87-40d4-8547-4ce714038bc1"",""service"":""c236b8cb-3eff-45c5-aca0-23e73e33dc8d"",""deployment"":""69394420-c732-4ebe-a5fd-54c2d5628ea7"",""replica"":""7fc15fda-5103-4647-b7c4-6251ceb0ef53""}",2026-07-23T06:28:17.445309211Z
"2026-07-23T06:28:17.538Z [[32minfo[39m] [STIM_GMB] Published {""service"":""mqtt-publisher-lite"",""deviceId"":""DEVICE-13"",""reviews"":19,""target"":100,""mode"":""synthetic"",""celebration"":""false"",""done"":false}",info,"{""level"":""info""}","{""project"":""90a47e04-a329-4122-9c82-2ee75a4562c2"",""environment"":""f6319bd4-2e87-40d4-8547-4ce714038bc1"",""service"":""c236b8cb-3eff-45c5-aca0-23e73e33dc8d"",""deployment"":""69394420-c732-4ebe-a5fd-54c2d5628ea7"",""replica"":""7fc15fda-5103-4647-b7c4-6251ceb0ef53""}",2026-07-23T06:28:17.543235961Z
"2026-07-23T06:28:29.114Z [[32minfo[39m] 📤 [PUBLISH_CYCLE] Starting publish cycle {""service"":""mqtt-publisher-lite"",""deviceCount"":4,""source"":""redis"",""devices"":[{""id"":""DEVICE-17"",""userId"":""(none)"",""lastSeen"":""2026-07-23T06:27:29.418Z""},{""id"":""DEVICE-15"",""userId"":""68d3753f9f99d6b73ae2d991"",""lastSeen"":""2026-07-23T06:27:59.513Z""},{""id"":""DEVICE-13"",""userId"":""6937af58f950f0f5356a1599"",""lastSeen"":""2026-07-23T06:28:17.438Z""},{""id"":""DEVICE-19"",""userId"":""68d3753f9f99d6b73ae2d991"",""lastSeen"":""2026-07-23T06:27:34.170Z""}]}",info,"{""level"":""info""}","{""project"":""90a47e04-a329-4122-9c82-2ee75a4562c2"",""environment"":""f6319bd4-2e87-40d4-8547-4ce714038bc1"",""service"":""c236b8cb-3eff-45c5-aca0-23e73e33dc8d"",""deployment"":""69394420-c732-4ebe-a5fd-54c2d5628ea7"",""replica"":""7fc15fda-5103-4647-b7c4-6251ceb0ef53""}",2026-07-23T06:28:37.708614643Z
"2026-07-23T06:28:29.192Z [[32minfo[39m] 📤 QoS 1 message sent {""service"":""mqtt-publisher-lite"",""messageId"":44712,""topic"":""proof.mqtt/DEVICE-15/instagram"",""qos"":1}",info,"{""level"":""info""}","{""project"":""90a47e04-a329-4122-9c82-2ee75a4562c2"",""environment"":""f6319bd4-2e87-40d4-8547-4ce714038bc1"",""service"":""c236b8cb-3eff-45c5-aca0-23e73e33dc8d"",""deployment"":""69394420-c732-4ebe-a5fd-54c2d5628ea7"",""replica"":""7fc15fda-5103-4647-b7c4-6251ceb0ef53""}",2026-07-23T06:28:37.708619223Z
"2026-07-23T06:28:29.192Z [[32minfo[39m] ⏱️ Tracking QoS 1 message (30s timeout) {""service"":""mqtt-publisher-lite"",""deviceId"":""DEVICE-15"",""messageId"":44712,""topic"":""proof.mqtt/DEVICE-15/instagram"",""pendingCount"":1}",info,"{""level"":""info""}","{""project"":""90a47e04-a329-4122-9c82-2ee75a4562c2"",""environment"":""f6319bd4-2e87-40d4-8547-4ce714038bc1"",""service"":""c236b8cb-3eff-45c5-aca0-23e73e33dc8d"",""deployment"":""69394420-c732-4ebe-a5fd-54c2d5628ea7"",""replica"":""7fc15fda-5103-4647-b7c4-6251ceb0ef53""}",2026-07-23T06:28:37.708623803Z
"2026-07-23T06:28:29.222Z [[32minfo[39m] 📤 QoS 1 message sent {""service"":""mqtt-publisher-lite"",""messageId"":44713,""topic"":""proof.mqtt/DEVICE-17/test-gmb"",""qos"":1}",info,"{""level"":""info""}","{""project"":""90a47e04-a329-4122-9c82-2ee75a4562c2"",""environment"":""f6319bd4-2e87-40d4-8547-4ce714038bc1"",""service"":""c236b8cb-3eff-45c5-aca0-23e73e33dc8d"",""deployment"":""69394420-c732-4ebe-a5fd-54c2d5628ea7"",""replica"":""7fc15fda-5103-4647-b7c4-6251ceb0ef53""}",2026-07-23T06:28:37.708629173Z
"2026-07-23T06:28:29.222Z [[32minfo[39m] ⏱️ Tracking QoS 1 message (30s timeout) {""service"":""mqtt-publisher-lite"",""deviceId"":""DEVICE-17"",""messageId"":44713,""topic"":""proof.mqtt/DEVICE-17/test-gmb"",""pendingCount"":2}",info,"{""level"":""info""}","{""project"":""90a47e04-a329-4122-9c82-2ee75a4562c2"",""environment"":""f6319bd4-2e87-40d4-8547-4ce714038bc1"",""service"":""c236b8cb-3eff-45c5-aca0-23e73e33dc8d"",""deployment"":""69394420-c732-4ebe-a5fd-54c2d5628ea7"",""replica"":""7fc15fda-5103-4647-b7c4-6251ceb0ef53""}",2026-07-23T06:28:37.708633533Z
"2026-07-23T06:28:29.269Z [[34mdebug[39m] [IG_DIRECT] No Instagram credentials (Redis proof.mqtt:device:{id} or active-devices.json) {""service"":""mqtt-publisher-lite"",""deviceId"":""DEVICE-17"",""trigger"":""scheduled""}",info,"{""level"":""info""}","{""project"":""90a47e04-a329-4122-9c82-2ee75a4562c2"",""environment"":""f6319bd4-2e87-40d4-8547-4ce714038bc1"",""service"":""c236b8cb-3eff-45c5-aca0-23e73e33dc8d"",""deployment"":""69394420-c732-4ebe-a5fd-54c2d5628ea7"",""replica"":""7fc15fda-5103-4647-b7c4-6251ceb0ef53""}",2026-07-23T06:28:37.708637713Z
"2026-07-23T06:28:29.301Z [[32minfo[39m] 📤 QoS 1 message sent {""service"":""mqtt-publisher-lite"",""messageId"":44714,""topic"":""proof.mqtt/DEVICE-15/gmb"",""qos"":1}",info,"{""level"":""info""}","{""project"":""90a47e04-a329-4122-9c82-2ee75a4562c2"",""environment"":""f6319bd4-2e87-40d4-8547-4ce714038bc1"",""service"":""c236b8cb-3eff-45c5-aca0-23e73e33dc8d"",""deployment"":""69394420-c732-4ebe-a5fd-54c2d5628ea7"",""replica"":""7fc15fda-5103-4647-b7c4-6251ceb0ef53""}",2026-07-23T06:28:37.708642403Z
"2026-07-23T06:28:29.301Z [[32minfo[39m] ⏱️ Tracking QoS 1 message (30s timeout) {""service"":""mqtt-publisher-lite"",""deviceId"":""DEVICE-15"",""messageId"":44714,""topic"":""proof.mqtt/DEVICE-15/gmb"",""pendingCount"":3}",info,"{""level"":""info""}","{""project"":""90a47e04-a329-4122-9c82-2ee75a4562c2"",""environment"":""f6319bd4-2e87-40d4-8547-4ce714038bc1"",""service"":""c236b8cb-3eff-45c5-aca0-23e73e33dc8d"",""deployment"":""69394420-c732-4ebe-a5fd-54c2d5628ea7"",""replica"":""7fc15fda-5103-4647-b7c4-6251ceb0ef53""}",2026-07-23T06:28:37.708647433Z
"2026-07-23T06:28:29.369Z [[34mdebug[39m] Instagram fetch audit written to InfluxDB {""service"":""mqtt-publisher-lite"",""deviceId"":""DEVICE-17"",""success"":false}",info,"{""level"":""info""}","{""project"":""90a47e04-a329-4122-9c82-2ee75a4562c2"",""environment"":""f6319bd4-2e87-40d4-8547-4ce714038bc1"",""service"":""c236b8cb-3eff-45c5-aca0-23e73e33dc8d"",""deployment"":""69394420-c732-4ebe-a5fd-54c2d5628ea7"",""replica"":""7fc15fda-5103-4647-b7c4-6251ceb0ef53""}",2026-07-23T06:28:37.710164611Z
"2026-07-23T06:28:29.369Z [[33mwarn[39m] [IG_SCREEN] Skipping MQTT for failed fetch {""service"":""mqtt-publisher-lite"",""deviceId"":""DEVICE-17"",""error"":""no_instagram_credentials""}",info,"{""level"":""info""}","{""project"":""90a47e04-a329-4122-9c82-2ee75a4562c2"",""environment"":""f6319bd4-2e87-40d4-8547-4ce714038bc1"",""service"":""c236b8cb-3eff-45c5-aca0-23e73e33dc8d"",""deployment"":""69394420-c732-4ebe-a5fd-54c2d5628ea7"",""replica"":""7fc15fda-5103-4647-b7c4-6251ceb0ef53""}",2026-07-23T06:28:37.710171701Z
"2026-07-23T06:28:29.370Z [[32minfo[39m] InfluxDB batch flush {""service"":""mqtt-publisher-lite"",""source"":""metrics_disk_queue_worker"",""count"":1,""lines"":[""instagram_fetch_audit,device_id=DEVICE-17,success=false,trigger_type=scheduled duration_ms=0i,error_message=\""no_instagram_credentials\"",user_id_at_time=\""unknown\"" 1784788109269000000""]}",info,"{""level"":""info""}","{""project"":""90a47e04-a329-4122-9c82-2ee75a4562c2"",""environment"":""f6319bd4-2e87-40d4-8547-4ce714038bc1"",""service"":""c236b8cb-3eff-45c5-aca0-23e73e33dc8d"",""deployment"":""69394420-c732-4ebe-a5fd-54c2d5628ea7"",""replica"":""7fc15fda-5103-4647-b7c4-6251ceb0ef53""}",2026-07-23T06:28:37.710175111Z
"2026-07-23T06:28:29.419Z [[32minfo[39m] ✅ PUBACK received {""service"":""mqtt-publisher-lite"",""messageId"":44712}",info,"{""level"":""info""}","{""project"":""90a47e04-a329-4122-9c82-2ee75a4562c2"",""environment"":""f6319bd4-2e87-40d4-8547-4ce714038bc1"",""service"":""c236b8cb-3eff-45c5-aca0-23e73e33dc8d"",""deployment"":""69394420-c732-4ebe-a5fd-54c2d5628ea7"",""replica"":""7fc15fda-5103-4647-b7c4-6251ceb0ef53""}",2026-07-23T06:28:37.710178651Z
"2026-07-23T06:28:29.419Z [[32minfo[39m] ✅ QoS 1 PUBACK confirmed {""service"":""mqtt-publisher-lite"",""deviceId"":""DEVICE-15"",""messageId"":44712,""deliveryTime"":""227ms"",""pendingCount"":2}",info,"{""level"":""info""}","{""project"":""90a47e04-a329-4122-9c82-2ee75a4562c2"",""environment"":""f6319bd4-2e87-40d4-8547-4ce714038bc1"",""service"":""c236b8cb-3eff-45c5-aca0-23e73e33dc8d"",""deployment"":""69394420-c732-4ebe-a5fd-54c2d5628ea7"",""replica"":""7fc15fda-5103-4647-b7c4-6251ceb0ef53""}",2026-07-23T06:28:37.710182301Z
"2026-07-23T06:28:29.419Z [[34mdebug[39m] ✅ [LIFECYCLE:PUBACK_OK] Device confirmed message receipt {""service"":""mqtt-publisher-lite"",""deviceId"":""DEVICE-15""}",info,"{""level"":""info""}","{""project"":""90a47e04-a329-4122-9c82-2ee75a4562c2"",""environment"":""f6319bd4-2e87-40d4-8547-4ce714038bc1"",""service"":""c236b8cb-3eff-45c5-aca0-23e73e33dc8d"",""deployment"":""69394420-c732-4ebe-a5fd-54c2d5628ea7"",""replica"":""7fc15fda-5103-4647-b7c4-6251ceb0ef53""}",2026-07-23T06:28:37.710186151Z
"2026-07-23T06:28:29.419Z [[34mdebug[39m] Message published {""service"":""mqtt-publisher-lite"",""topic"":""proof.mqtt/DEVICE-15/instagram"",""qos"":1,""deliveryTime"":""228ms""}",info,"{""level"":""info""}","{""project"":""90a47e04-a329-4122-9c82-2ee75a4562c2"",""environment"":""f6319bd4-2e87-40d4-8547-4ce714038bc1"",""service"":""c236b8cb-3eff-45c5-aca0-23e73e33dc8d"",""deployment"":""69394420-c732-4ebe-a5fd-54c2d5628ea7"",""replica"":""7fc15fda-5103-4647-b7c4-6251ceb0ef53""}",2026-07-23T06:28:37.710189481Z
"2026-07-23T06:28:29.420Z [[34mdebug[39m] Message received {""service"":""mqtt-publisher-lite"",""topic"":""proof.mqtt/DEVICE-15/instagram"",""size"":228,""retain"":false}",info,"{""level"":""info""}","{""project"":""90a47e04-a329-4122-9c82-2ee75a4562c2"",""environment"":""f6319bd4-2e87-40d4-8547-4ce714038bc1"",""service"":""c236b8cb-3eff-45c5-aca0-23e73e33dc8d"",""deployment"":""69394420-c732-4ebe-a5fd-54c2d5628ea7"",""replica"":""7fc15fda-5103-4647-b7c4-6251ceb0ef53""}",2026-07-23T06:28:37.710192471Z
"2026-07-23T06:28:29.420Z [[34mdebug[39m] Skipping echo message {""service"":""mqtt-publisher-lite"",""topic"":""proof.mqtt/DEVICE-15/instagram"",""age"":""1ms""}",info,"{""level"":""info""}","{""project"":""90a47e04-a329-4122-9c82-2ee75a4562c2"",""environment"":""f6319bd4-2e87-40d4-8547-4ce714038bc1"",""service"":""c236b8cb-3eff-45c5-aca0-23e73e33dc8d"",""deployment"":""69394420-c732-4ebe-a5fd-54c2d5628ea7"",""replica"":""7fc15fda-5103-4647-b7c4-6251ceb0ef53""}",2026-07-23T06:28:37.710195421Z
"2026-07-23T06:28:29.420Z [[34mdebug[39m] Screen message received {""service"":""mqtt-publisher-lite"",""topic"":""proof.mqtt/DEVICE-15/instagram"",""screen"":""instagram""}",info,"{""level"":""info""}","{""project"":""90a47e04-a329-4122-9c82-2ee75a4562c2"",""environment"":""f6319bd4-2e87-40d4-8547-4ce714038bc1"",""service"":""c236b8cb-3eff-45c5-aca0-23e73e33dc8d"",""deployment"":""69394420-c732-4ebe-a5fd-54c2d5628ea7"",""replica"":""7fc15fda-5103-4647-b7c4-6251ceb0ef53""}",2026-07-23T06:28:37.710198961Z
"2026-07-23T06:28:29.453Z [[32minfo[39m] ✅ PUBACK received {""service"":""mqtt-publisher-lite"",""messageId"":44713}",info,"{""level"":""info""}","{""project"":""90a47e04-a329-4122-9c82-2ee75a4562c2"",""environment"":""f6319bd4-2e87-40d4-8547-4ce714038bc1"",""service"":""c236b8cb-3eff-45c5-aca0-23e73e33dc8d"",""deployment"":""69394420-c732-4ebe-a5fd-54c2d5628ea7"",""replica"":""7fc15fda-5103-4647-b7c4-6251ceb0ef53""}",2026-07-23T06:28:37.711942628Z
"2026-07-23T06:28:29.454Z [[32minfo[39m] ✅ QoS 1 PUBACK confirmed {""service"":""mqtt-publisher-lite"",""deviceId"":""DEVICE-17"",""messageId"":44713,""deliveryTime"":""232ms"",""pendingCount"":1}",info,"{""level"":""info""}","{""project"":""90a47e04-a329-4122-9c82-2ee75a4562c2"",""environment"":""f6319bd4-2e87-40d4-8547-4ce714038bc1"",""service"":""c236b8cb-3eff-45c5-aca0-23e73e33dc8d"",""deployment"":""69394420-c732-4ebe-a5fd-54c2d5628ea7"",""replica"":""7fc15fda-5103-4647-b7c4-6251ceb0ef53""}",2026-07-23T06:28:37.711950728Z
"2026-07-23T06:28:29.454Z [[34mdebug[39m] ✅ [LIFECYCLE:PUBACK_OK] Device confirmed message receipt {""service"":""mqtt-publisher-lite"",""deviceId"":""DEVICE-17""}",info,"{""level"":""info""}","{""project"":""90a47e04-a329-4122-9c82-2ee75a4562c2"",""environment"":""f6319bd4-2e87-40d4-8547-4ce714038bc1"",""service"":""c236b8cb-3eff-45c5-aca0-23e73e33dc8d"",""deployment"":""69394420-c732-4ebe-a5fd-54c2d5628ea7"",""replica"":""7fc15fda-5103-4647-b7c4-6251ceb0ef53""}",2026-07-23T06:28:37.711955768Z
"2026-07-23T06:28:29.454Z [[34mdebug[39m] Message published {""service"":""mqtt-publisher-lite"",""topic"":""proof.mqtt/DEVICE-17/test-gmb"",""qos"":1,""deliveryTime"":""232ms""}",info,"{""level"":""info""}","{""project"":""90a47e04-a329-4122-9c82-2ee75a4562c2"",""environment"":""f6319bd4-2e87-40d4-8547-4ce714038bc1"",""service"":""c236b8cb-3eff-45c5-aca0-23e73e33dc8d"",""deployment"":""69394420-c732-4ebe-a5fd-54c2d5628ea7"",""replica"":""7fc15fda-5103-4647-b7c4-6251ceb0ef53""}",2026-07-23T06:28:37.711959468Z
"2026-07-23T06:28:29.454Z [[34mdebug[39m] Published test-gmb screen {""service"":""mqtt-publisher-lite"",""deviceId"":""DEVICE-17"",""reviews"":541,""milestone"":545}",info,"{""level"":""info""}","{""project"":""90a47e04-a329-4122-9c82-2ee75a4562c2"",""environment"":""f6319bd4-2e87-40d4-8547-4ce714038bc1"",""service"":""c236b8cb-3eff-45c5-aca0-23e73e33dc8d"",""deployment"":""69394420-c732-4ebe-a5fd-54c2d5628ea7"",""replica"":""7fc15fda-5103-4647-b7c4-6251ceb0ef53""}",2026-07-23T06:28:37.711963528Z
"2026-07-23T06:28:29.520Z [[32minfo[39m] ✅ PUBACK received {""service"":""mqtt-publisher-lite"",""messageId"":44714}",info,"{""level"":""info""}","{""project"":""90a47e04-a329-4122-9c82-2ee75a4562c2"",""environment"":""f6319bd4-2e87-40d4-8547-4ce714038bc1"",""service"":""c236b8cb-3eff-45c5-aca0-23e73e33dc8d"",""deployment"":""69394420-c732-4ebe-a5fd-54c2d5628ea7"",""replica"":""7fc15fda-5103-4647-b7c4-6251ceb0ef53""}",2026-07-23T06:28:37.711967168Z
"2026-07-23T06:28:29.520Z [[32minfo[39m] ✅ QoS 1 PUBACK confirmed {""service"":""mqtt-publisher-lite"",""deviceId"":""DEVICE-15"",""messageId"":44714,""deliveryTime"":""219ms"",""pendingCount"":0}",info,"{""level"":""info""}","{""project"":""90a47e04-a329-4122-9c82-2ee75a4562c2"",""environment"":""f6319bd4-2e87-40d4-8547-4ce714038bc1"",""service"":""c236b8cb-3eff-45c5-aca0-23e73e33dc8d"",""deployment"":""69394420-c732-4ebe-a5fd-54c2d5628ea7"",""replica"":""7fc15fda-5103-4647-b7c4-6251ceb0ef53""}",2026-07-23T06:28:37.711971198Z
"2026-07-23T06:28:29.520Z [[34mdebug[39m] ✅ [LIFECYCLE:PUBACK_OK] Device confirmed message receipt {""service"":""mqtt-publisher-lite"",""deviceId"":""DEVICE-15""}",info,"{""level"":""info""}","{""project"":""90a47e04-a329-4122-9c82-2ee75a4562c2"",""environment"":""f6319bd4-2e87-40d4-8547-4ce714038bc1"",""service"":""c236b8cb-3eff-45c5-aca0-23e73e33dc8d"",""deployment"":""69394420-c732-4ebe-a5fd-54c2d5628ea7"",""replica"":""7fc15fda-5103-4647-b7c4-6251ceb0ef53""}",2026-07-23T06:28:37.711975678Z
"2026-07-23T06:28:29.521Z [[34mdebug[39m] Message published {""service"":""mqtt-publisher-lite"",""topic"":""proof.mqtt/DEVICE-15/gmb"",""qos"":1,""deliveryTime"":""219ms""}",info,"{""level"":""info""}","{""project"":""90a47e04-a329-4122-9c82-2ee75a4562c2"",""environment"":""f6319bd4-2e87-40d4-8547-4ce714038bc1"",""service"":""c236b8cb-3eff-45c5-aca0-23e73e33dc8d"",""deployment"":""69394420-c732-4ebe-a5fd-54c2d5628ea7"",""replica"":""7fc15fda-5103-4647-b7c4-6251ceb0ef53""}",2026-07-23T06:28:37.711980048Z
"2026-07-23T06:28:29.521Z [[34mdebug[39m] Message received {""service"":""mqtt-publisher-lite"",""topic"":""proof.mqtt/DEVICE-15/gmb"",""size"":272,""retain"":false}",info,"{""level"":""info""}","{""project"":""90a47e04-a329-4122-9c82-2ee75a4562c2"",""environment"":""f6319bd4-2e87-40d4-8547-4ce714038bc1"",""service"":""c236b8cb-3eff-45c5-aca0-23e73e33dc8d"",""deployment"":""69394420-c732-4ebe-a5fd-54c2d5628ea7"",""replica"":""7fc15fda-5103-4647-b7c4-6251ceb0ef53""}",2026-07-23T06:28:37.711984078Z
"2026-07-23T06:28:29.521Z [[34mdebug[39m] Skipping echo message {""service"":""mqtt-publisher-lite"",""topic"":""proof.mqtt/DEVICE-15/gmb"",""age"":""0ms""}",info,"{""level"":""info""}","{""project"":""90a47e04-a329-4122-9c82-2ee75a4562c2"",""environment"":""f6319bd4-2e87-40d4-8547-4ce714038bc1"",""service"":""c236b8cb-3eff-45c5-aca0-23e73e33dc8d"",""deployment"":""69394420-c732-4ebe-a5fd-54c2d5628ea7"",""replica"":""7fc15fda-5103-4647-b7c4-6251ceb0ef53""}",2026-07-23T06:28:37.711987838Z
"2026-07-23T06:28:29.521Z [[34mdebug[39m] Screen message received {""service"":""mqtt-publisher-lite"",""topic"":""proof.mqtt/DEVICE-15/gmb"",""screen"":""gmb""}",info,"{""level"":""info""}","{""project"":""90a47e04-a329-4122-9c82-2ee75a4562c2"",""environment"":""f6319bd4-2e87-40d4-8547-4ce714038bc1"",""service"":""c236b8cb-3eff-45c5-aca0-23e73e33dc8d"",""deployment"":""69394420-c732-4ebe-a5fd-54c2d5628ea7"",""replica"":""7fc15fda-5103-4647-b7c4-6251ceb0ef53""}",2026-07-23T06:28:37.713720195Z
"2026-07-23T06:28:29.522Z [[32minfo[39m] [STIM_IG] Published {""service"":""mqtt-publisher-lite"",""deviceId"":""DEVICE-15"",""followers"":27,""target"":500,""mode"":""synthetic"",""achievement"":30,""celebration"":""false"",""done"":false}",info,"{""level"":""info""}","{""project"":""90a47e04-a329-4122-9c82-2ee75a4562c2"",""environment"":""f6319bd4-2e87-40d4-8547-4ce714038bc1"",""service"":""c236b8cb-3eff-45c5-aca0-23e73e33dc8d"",""deployment"":""69394420-c732-4ebe-a5fd-54c2d5628ea7"",""replica"":""7fc15fda-5103-4647-b7c4-6251ceb0ef53""}",2026-07-23T06:28:37.713725945Z
"2026-07-23T06:28:29.583Z [[34mdebug[39m] 📤 [PUBLISH_CYCLE] Publishing all screens to device {""service"":""mqtt-publisher-lite"",""deviceId"":""DEVICE-17""}",info,"{""level"":""info""}","{""project"":""90a47e04-a329-4122-9c82-2ee75a4562c2"",""environment"":""f6319bd4-2e87-40d4-8547-4ce714038bc1"",""service"":""c236b8cb-3eff-45c5-aca0-23e73e33dc8d"",""deployment"":""69394420-c732-4ebe-a5fd-54c2d5628ea7"",""replica"":""7fc15fda-5103-4647-b7c4-6251ceb0ef53""}",2026-07-23T06:28:37.713729125Z
"2026-07-23T06:28:29.629Z [[32minfo[39m] [STIM_GMB] Published {""service"":""mqtt-publisher-lite"",""deviceId"":""DEVICE-15"",""reviews"":25,""target"":100,""mode"":""synthetic"",""celebration"":""true"",""done"":false}",info,"{""level"":""info""}","{""project"":""90a47e04-a329-4122-9c82-2ee75a4562c2"",""environment"":""f6319bd4-2e87-40d4-8547-4ce714038bc1"",""service"":""c236b8cb-3eff-45c5-aca0-23e73e33dc8d"",""deployment"":""69394420-c732-4ebe-a5fd-54c2d5628ea7"",""replica"":""7fc15fda-5103-4647-b7c4-6251ceb0ef53""}",2026-07-23T06:28:37.713734234Z
"2026-07-23T06:28:29.682Z [[32minfo[39m] [PROMOTION] Default canvas not published {""service"":""mqtt-publisher-lite"",""deviceId"":""DEVICE-17"",""topic"":""proof.mqtt/DEVICE-17/promotion"",""reason"":""unchanged""}",info,"{""level"":""info""}","{""project"":""90a47e04-a329-4122-9c82-2ee75a4562c2"",""environment"":""f6319bd4-2e87-40d4-8547-4ce714038bc1"",""service"":""c236b8cb-3eff-45c5-aca0-23e73e33dc8d"",""deployment"":""69394420-c732-4ebe-a5fd-54c2d5628ea7"",""replica"":""7fc15fda-5103-4647-b7c4-6251ceb0ef53""}",2026-07-23T06:28:37.713737704Z
"2026-07-23T06:28:29.683Z [[34mdebug[39m] [STIM_SKIP] StatsPublisher skipping stim device {""service"":""mqtt-publisher-lite"",""deviceId"":""DEVICE-15""}",info,"{""level"":""info""}","{""project"":""90a47e04-a329-4122-9c82-2ee75a4562c2"",""environment"":""f6319bd4-2e87-40d4-8547-4ce714038bc1"",""service"":""c236b8cb-3eff-45c5-aca0-23e73e33dc8d"",""deployment"":""69394420-c732-4ebe-a5fd-54c2d5628ea7"",""replica"":""7fc15fda-5103-4647-b7c4-6251ceb0ef53""}",2026-07-23T06:28:37.713740844Z
"2026-07-23T06:28:29.683Z [[34mdebug[39m] [STIM_SKIP] StatsPublisher skipping stim device {""service"":""mqtt-publisher-lite"",""deviceId"":""DEVICE-13""}",info,"{""level"":""info""}","{""project"":""90a47e04-a329-4122-9c82-2ee75a4562c2"",""environment"":""f6319bd4-2e87-40d4-8547-4ce714038bc1"",""service"":""c236b8cb-3eff-45c5-aca0-23e73e33dc8d"",""deployment"":""69394420-c732-4ebe-a5fd-54c2d5628ea7"",""replica"":""7fc15fda-5103-4647-b7c4-6251ceb0ef53""}",2026-07-23T06:28:37.713743834Z
"2026-07-23T06:28:29.782Z [[34mdebug[39m] [STIM_SKIP] StatsPublisher skipping stim device {""service"":""mqtt-publisher-lite"",""deviceId"":""DEVICE-19""}",info,"{""level"":""info""}","{""project"":""90a47e04-a329-4122-9c82-2ee75a4562c2"",""environment"":""f6319bd4-2e87-40d4-8547-4ce714038bc1"",""service"":""c236b8cb-3eff-45c5-aca0-23e73e33dc8d"",""deployment"":""69394420-c732-4ebe-a5fd-54c2d5628ea7"",""replica"":""7fc15fda-5103-4647-b7c4-6251ceb0ef53""}",2026-07-23T06:28:37.713746924Z
"2026-07-23T06:28:47.107Z [[32minfo[39m] 📤 QoS 1 message sent {""service"":""mqtt-publisher-lite"",""messageId"":44715,""topic"":""proof.mqtt/DEVICE-13/instagram"",""qos"":1}",info,"{""level"":""info""}","{""project"":""90a47e04-a329-4122-9c82-2ee75a4562c2"",""environment"":""f6319bd4-2e87-40d4-8547-4ce714038bc1"",""service"":""c236b8cb-3eff-45c5-aca0-23e73e33dc8d"",""deployment"":""69394420-c732-4ebe-a5fd-54c2d5628ea7"",""replica"":""7fc15fda-5103-4647-b7c4-6251ceb0ef53""}",2026-07-23T06:28:47.111868865Z
"2026-07-23T06:28:47.107Z [[32minfo[39m] ⏱️ Tracking QoS 1 message (30s timeout) {""service"":""mqtt-publisher-lite"",""deviceId"":""DEVICE-13"",""messageId"":44715,""topic"":""proof.mqtt/DEVICE-13/instagram"",""pendingCount"":1}",info,"{""level"":""info""}","{""project"":""90a47e04-a329-4122-9c82-2ee75a4562c2"",""environment"":""f6319bd4-2e87-40d4-8547-4ce714038bc1"",""service"":""c236b8cb-3eff-45c5-aca0-23e73e33dc8d"",""deployment"":""69394420-c732-4ebe-a5fd-54c2d5628ea7"",""replica"":""7fc15fda-5103-4647-b7c4-6251ceb0ef53""}",2026-07-23T06:28:47.111881455Z
"2026-07-23T06:28:47.218Z [[32minfo[39m] 📤 QoS 1 message sent {""service"":""mqtt-publisher-lite"",""messageId"":44716,""topic"":""proof.mqtt/DEVICE-13/gmb"",""qos"":1}",info,"{""level"":""info""}","{""project"":""90a47e04-a329-4122-9c82-2ee75a4562c2"",""environment"":""f6319bd4-2e87-40d4-8547-4ce714038bc1"",""service"":""c236b8cb-3eff-45c5-aca0-23e73e33dc8d"",""deployment"":""69394420-c732-4ebe-a5fd-54c2d5628ea7"",""replica"":""7fc15fda-5103-4647-b7c4-6251ceb0ef53""}",2026-07-23T06:28:47.229867749Z
"2026-07-23T06:28:47.218Z [[32minfo[39m] ⏱️ Tracking QoS 1 message (30s timeout) {""service"":""mqtt-publisher-lite"",""deviceId"":""DEVICE-13"",""messageId"":44716,""topic"":""proof.mqtt/DEVICE-13/gmb"",""pendingCount"":2}",info,"{""level"":""info""}","{""project"":""90a47e04-a329-4122-9c82-2ee75a4562c2"",""environment"":""f6319bd4-2e87-40d4-8547-4ce714038bc1"",""service"":""c236b8cb-3eff-45c5-aca0-23e73e33dc8d"",""deployment"":""69394420-c732-4ebe-a5fd-54c2d5628ea7"",""replica"":""7fc15fda-5103-4647-b7c4-6251ceb0ef53""}",2026-07-23T06:28:47.229873549Z
"2026-07-23T06:28:47.326Z [[32minfo[39m] ✅ PUBACK received {""service"":""mqtt-publisher-lite"",""messageId"":44715}",info,"{""level"":""info""}","{""project"":""90a47e04-a329-4122-9c82-2ee75a4562c2"",""environment"":""f6319bd4-2e87-40d4-8547-4ce714038bc1"",""service"":""c236b8cb-3eff-45c5-aca0-23e73e33dc8d"",""deployment"":""69394420-c732-4ebe-a5fd-54c2d5628ea7"",""replica"":""7fc15fda-5103-4647-b7c4-6251ceb0ef53""}",2026-07-23T06:28:47.335042441Z
"2026-07-23T06:28:47.326Z [[32minfo[39m] ✅ QoS 1 PUBACK confirmed {""service"":""mqtt-publisher-lite"",""deviceId"":""DEVICE-13"",""messageId"":44715,""deliveryTime"":""219ms"",""pendingCount"":1}",info,"{""level"":""info""}","{""project"":""90a47e04-a329-4122-9c82-2ee75a4562c2"",""environment"":""f6319bd4-2e87-40d4-8547-4ce714038bc1"",""service"":""c236b8cb-3eff-45c5-aca0-23e73e33dc8d"",""deployment"":""69394420-c732-4ebe-a5fd-54c2d5628ea7"",""replica"":""7fc15fda-5103-4647-b7c4-6251ceb0ef53""}",2026-07-23T06:28:47.335048911Z
"2026-07-23T06:28:47.326Z [[34mdebug[39m] ✅ [LIFECYCLE:PUBACK_OK] Device confirmed message receipt {""service"":""mqtt-publisher-lite"",""deviceId"":""DEVICE-13""}",info,"{""level"":""info""}","{""project"":""90a47e04-a329-4122-9c82-2ee75a4562c2"",""environment"":""f6319bd4-2e87-40d4-8547-4ce714038bc1"",""service"":""c236b8cb-3eff-45c5-aca0-23e73e33dc8d"",""deployment"":""69394420-c732-4ebe-a5fd-54c2d5628ea7"",""replica"":""7fc15fda-5103-4647-b7c4-6251ceb0ef53""}",2026-07-23T06:28:47.335052611Z
"2026-07-23T06:28:47.326Z [[34mdebug[39m] Message published {""service"":""mqtt-publisher-lite"",""topic"":""proof.mqtt/DEVICE-13/instagram"",""qos"":1,""deliveryTime"":""219ms""}",info,"{""level"":""info""}","{""project"":""90a47e04-a329-4122-9c82-2ee75a4562c2"",""environment"":""f6319bd4-2e87-40d4-8547-4ce714038bc1"",""service"":""c236b8cb-3eff-45c5-aca0-23e73e33dc8d"",""deployment"":""69394420-c732-4ebe-a5fd-54c2d5628ea7"",""replica"":""7fc15fda-5103-4647-b7c4-6251ceb0ef53""}",2026-07-23T06:28:47.335055441Z
"2026-07-23T06:28:47.327Z [[34mdebug[39m] Message received {""service"":""mqtt-publisher-lite"",""topic"":""proof.mqtt/DEVICE-13/instagram"",""size"":228,""retain"":false}",info,"{""level"":""info""}","{""project"":""90a47e04-a329-4122-9c82-2ee75a4562c2"",""environment"":""f6319bd4-2e87-40d4-8547-4ce714038bc1"",""service"":""c236b8cb-3eff-45c5-aca0-23e73e33dc8d"",""deployment"":""69394420-c732-4ebe-a5fd-54c2d5628ea7"",""replica"":""7fc15fda-5103-4647-b7c4-6251ceb0ef53""}",2026-07-23T06:28:47.335058171Z
"2026-07-23T06:28:47.327Z [[34mdebug[39m] Skipping echo message {""service"":""mqtt-publisher-lite"",""topic"":""proof.mqtt/DEVICE-13/instagram"",""age"":""1ms""}",info,"{""level"":""info""}","{""project"":""90a47e04-a329-4122-9c82-2ee75a4562c2"",""environment"":""f6319bd4-2e87-40d4-8547-4ce714038bc1"",""service"":""c236b8cb-3eff-45c5-aca0-23e73e33dc8d"",""deployment"":""69394420-c732-4ebe-a5fd-54c2d5628ea7"",""replica"":""7fc15fda-5103-4647-b7c4-6251ceb0ef53""}",2026-07-23T06:28:47.335061491Z
"2026-07-23T06:28:47.327Z [[34mdebug[39m] Screen message received {""service"":""mqtt-publisher-lite"",""topic"":""proof.mqtt/DEVICE-13/instagram"",""screen"":""instagram""}",info,"{""level"":""info""}","{""project"":""90a47e04-a329-4122-9c82-2ee75a4562c2"",""environment"":""f6319bd4-2e87-40d4-8547-4ce714038bc1"",""service"":""c236b8cb-3eff-45c5-aca0-23e73e33dc8d"",""deployment"":""69394420-c732-4ebe-a5fd-54c2d5628ea7"",""replica"":""7fc15fda-5103-4647-b7c4-6251ceb0ef53""}",2026-07-23T06:28:47.335064351Z
"2026-07-23T06:28:47.433Z [[32minfo[39m] [STIM_IG] Published {""service"":""mqtt-publisher-lite"",""deviceId"":""DEVICE-13"",""followers"":22,""target"":500,""mode"":""synthetic"",""achievement"":25,""celebration"":""false"",""done"":false}",info,"{""level"":""info""}","{""project"":""90a47e04-a329-4122-9c82-2ee75a4562c2"",""environment"":""f6319bd4-2e87-40d4-8547-4ce714038bc1"",""service"":""c236b8cb-3eff-45c5-aca0-23e73e33dc8d"",""deployment"":""69394420-c732-4ebe-a5fd-54c2d5628ea7"",""replica"":""7fc15fda-5103-4647-b7c4-6251ceb0ef53""}",2026-07-23T06:28:47.435348209Z
"2026-07-23T06:28:47.449Z [[32minfo[39m] ✅ PUBACK received {""service"":""mqtt-publisher-lite"",""messageId"":44716}",info,"{""level"":""info""}","{""project"":""90a47e04-a329-4122-9c82-2ee75a4562c2"",""environment"":""f6319bd4-2e87-40d4-8547-4ce714038bc1"",""service"":""c236b8cb-3eff-45c5-aca0-23e73e33dc8d"",""deployment"":""69394420-c732-4ebe-a5fd-54c2d5628ea7"",""replica"":""7fc15fda-5103-4647-b7c4-6251ceb0ef53""}",2026-07-23T06:28:47.665639993Z
"2026-07-23T06:28:47.449Z [[32minfo[39m] ✅ QoS 1 PUBACK confirmed {""service"":""mqtt-publisher-lite"",""deviceId"":""DEVICE-13"",""messageId"":44716,""deliveryTime"":""231ms"",""pendingCount"":0}",info,"{""level"":""info""}","{""project"":""90a47e04-a329-4122-9c82-2ee75a4562c2"",""environment"":""f6319bd4-2e87-40d4-8547-4ce714038bc1"",""service"":""c236b8cb-3eff-45c5-aca0-23e73e33dc8d"",""deployment"":""69394420-c732-4ebe-a5fd-54c2d5628ea7"",""replica"":""7fc15fda-5103-4647-b7c4-6251ceb0ef53""}",2026-07-23T06:28:47.665643863Z
"2026-07-23T06:28:47.449Z [[34mdebug[39m] ✅ [LIFECYCLE:PUBACK_OK] Device confirmed message receipt {""service"":""mqtt-publisher-lite"",""deviceId"":""DEVICE-13""}",info,"{""level"":""info""}","{""project"":""90a47e04-a329-4122-9c82-2ee75a4562c2"",""environment"":""f6319bd4-2e87-40d4-8547-4ce714038bc1"",""service"":""c236b8cb-3eff-45c5-aca0-23e73e33dc8d"",""deployment"":""69394420-c732-4ebe-a5fd-54c2d5628ea7"",""replica"":""7fc15fda-5103-4647-b7c4-6251ceb0ef53""}",2026-07-23T06:28:47.665648423Z
"2026-07-23T06:28:47.449Z [[34mdebug[39m] Message published {""service"":""mqtt-publisher-lite"",""topic"":""proof.mqtt/DEVICE-13/gmb"",""qos"":1,""deliveryTime"":""231ms""}",info,"{""level"":""info""}","{""project"":""90a47e04-a329-4122-9c82-2ee75a4562c2"",""environment"":""f6319bd4-2e87-40d4-8547-4ce714038bc1"",""service"":""c236b8cb-3eff-45c5-aca0-23e73e33dc8d"",""deployment"":""69394420-c732-4ebe-a5fd-54c2d5628ea7"",""replica"":""7fc15fda-5103-4647-b7c4-6251ceb0ef53""}",2026-07-23T06:28:47.665653953Z
"2026-07-23T06:28:47.449Z [[34mdebug[39m] Message received {""service"":""mqtt-publisher-lite"",""topic"":""proof.mqtt/DEVICE-13/gmb"",""size"":272,""retain"":false}",info,"{""level"":""info""}","{""project"":""90a47e04-a329-4122-9c82-2ee75a4562c2"",""environment"":""f6319bd4-2e87-40d4-8547-4ce714038bc1"",""service"":""c236b8cb-3eff-45c5-aca0-23e73e33dc8d"",""deployment"":""69394420-c732-4ebe-a5fd-54c2d5628ea7"",""replica"":""7fc15fda-5103-4647-b7c4-6251ceb0ef53""}",2026-07-23T06:28:47.665660103Z
"2026-07-23T06:28:47.449Z [[34mdebug[39m] Skipping echo message {""service"":""mqtt-publisher-lite"",""topic"":""proof.mqtt/DEVICE-13/gmb"",""age"":""0ms""}",info,"{""level"":""info""}","{""project"":""90a47e04-a329-4122-9c82-2ee75a4562c2"",""environment"":""f6319bd4-2e87-40d4-8547-4ce714038bc1"",""service"":""c236b8cb-3eff-45c5-aca0-23e73e33dc8d"",""deployment"":""69394420-c732-4ebe-a5fd-54c2d5628ea7"",""replica"":""7fc15fda-5103-4647-b7c4-6251ceb0ef53""}",2026-07-23T06:28:47.665665933Z
"2026-07-23T06:28:47.449Z [[34mdebug[39m] Screen message received {""service"":""mqtt-publisher-lite"",""topic"":""proof.mqtt/DEVICE-13/gmb"",""screen"":""gmb""}",info,"{""level"":""info""}","{""project"":""90a47e04-a329-4122-9c82-2ee75a4562c2"",""environment"":""f6319bd4-2e87-40d4-8547-4ce714038bc1"",""service"":""c236b8cb-3eff-45c5-aca0-23e73e33dc8d"",""deployment"":""69394420-c732-4ebe-a5fd-54c2d5628ea7"",""replica"":""7fc15fda-5103-4647-b7c4-6251ceb0ef53""}",2026-07-23T06:28:47.665671933Z
"2026-07-23T06:28:47.550Z [[32minfo[39m] [STIM_GMB] Published {""service"":""mqtt-publisher-lite"",""deviceId"":""DEVICE-13"",""reviews"":20,""target"":100,""mode"":""synthetic"",""celebration"":""true"",""done"":false}",info,"{""level"":""info""}","{""project"":""90a47e04-a329-4122-9c82-2ee75a4562c2"",""environment"":""f6319bd4-2e87-40d4-8547-4ce714038bc1"",""service"":""c236b8cb-3eff-45c5-aca0-23e73e33dc8d"",""deployment"":""69394420-c732-4ebe-a5fd-54c2d5628ea7"",""replica"":""7fc15fda-5103-4647-b7c4-6251ceb0ef53""}",2026-07-23T06:28:47.665676733Z
"2026-07-23T06:28:59.192Z [[32minfo[39m] 📤 QoS 1 message sent {""service"":""mqtt-publisher-lite"",""messageId"":44717,""topic"":""proof.mqtt/DEVICE-15/instagram"",""qos"":1}",info,"{""level"":""info""}","{""project"":""90a47e04-a329-4122-9c82-2ee75a4562c2"",""environment"":""f6319bd4-2e87-40d4-8547-4ce714038bc1"",""service"":""c236b8cb-3eff-45c5-aca0-23e73e33dc8d"",""deployment"":""69394420-c732-4ebe-a5fd-54c2d5628ea7"",""replica"":""7fc15fda-5103-4647-b7c4-6251ceb0ef53""}",2026-07-23T06:29:07.666838459Z
"2026-07-23T06:28:59.193Z [[32minfo[39m] ⏱️ Tracking QoS 1 message (30s timeout) {""service"":""mqtt-publisher-lite"",""deviceId"":""DEVICE-15"",""messageId"":44717,""topic"":""proof.mqtt/DEVICE-15/instagram"",""pendingCount"":1}",info,"{""level"":""info""}","{""project"":""90a47e04-a329-4122-9c82-2ee75a4562c2"",""environment"":""f6319bd4-2e87-40d4-8547-4ce714038bc1"",""service"":""c236b8cb-3eff-45c5-aca0-23e73e33dc8d"",""deployment"":""69394420-c732-4ebe-a5fd-54c2d5628ea7"",""replica"":""7fc15fda-5103-4647-b7c4-6251ceb0ef53""}",2026-07-23T06:29:07.666843789Z
"2026-07-23T06:28:59.305Z [[32minfo[39m] 📤 QoS 1 message sent {""service"":""mqtt-publisher-lite"",""messageId"":44718,""topic"":""proof.mqtt/DEVICE-15/gmb"",""qos"":1}",info,"{""level"":""info""}","{""project"":""90a47e04-a329-4122-9c82-2ee75a4562c2"",""environment"":""f6319bd4-2e87-40d4-8547-4ce714038bc1"",""service"":""c236b8cb-3eff-45c5-aca0-23e73e33dc8d"",""deployment"":""69394420-c732-4ebe-a5fd-54c2d5628ea7"",""replica"":""7fc15fda-5103-4647-b7c4-6251ceb0ef53""}",2026-07-23T06:29:07.666848759Z
"2026-07-23T06:28:59.305Z [[32minfo[39m] ⏱️ Tracking QoS 1 message (30s timeout) {""service"":""mqtt-publisher-lite"",""deviceId"":""DEVICE-15"",""messageId"":44718,""topic"":""proof.mqtt/DEVICE-15/gmb"",""pendingCount"":2}",info,"{""level"":""info""}","{""project"":""90a47e04-a329-4122-9c82-2ee75a4562c2"",""environment"":""f6319bd4-2e87-40d4-8547-4ce714038bc1"",""service"":""c236b8cb-3eff-45c5-aca0-23e73e33dc8d"",""deployment"":""69394420-c732-4ebe-a5fd-54c2d5628ea7"",""replica"":""7fc15fda-5103-4647-b7c4-6251ceb0ef53""}",2026-07-23T06:29:07.666853669Z
"2026-07-23T06:28:59.413Z [[32minfo[39m] ✅ PUBACK received {""service"":""mqtt-publisher-lite"",""messageId"":44717}",info,"{""level"":""info""}","{""project"":""90a47e04-a329-4122-9c82-2ee75a4562c2"",""environment"":""f6319bd4-2e87-40d4-8547-4ce714038bc1"",""service"":""c236b8cb-3eff-45c5-aca0-23e73e33dc8d"",""deployment"":""69394420-c732-4ebe-a5fd-54c2d5628ea7"",""replica"":""7fc15fda-5103-4647-b7c4-6251ceb0ef53""}",2026-07-23T06:29:07.666858709Z
"2026-07-23T06:28:59.413Z [[32minfo[39m] ✅ QoS 1 PUBACK confirmed {""service"":""mqtt-publisher-lite"",""deviceId"":""DEVICE-15"",""messageId"":44717,""deliveryTime"":""220ms"",""pendingCount"":1}",info,"{""level"":""info""}","{""project"":""90a47e04-a329-4122-9c82-2ee75a4562c2"",""environment"":""f6319bd4-2e87-40d4-8547-4ce714038bc1"",""service"":""c236b8cb-3eff-45c5-aca0-23e73e33dc8d"",""deployment"":""69394420-c732-4ebe-a5fd-54c2d5628ea7"",""replica"":""7fc15fda-5103-4647-b7c4-6251ceb0ef53""}",2026-07-23T06:29:07.666863659Z
"2026-07-23T06:28:59.413Z [[34mdebug[39m] ✅ [LIFECYCLE:PUBACK_OK] Device confirmed message receipt {""service"":""mqtt-publisher-lite"",""deviceId"":""DEVICE-15""}",info,"{""level"":""info""}","{""project"":""90a47e04-a329-4122-9c82-2ee75a4562c2"",""environment"":""f6319bd4-2e87-40d4-8547-4ce714038bc1"",""service"":""c236b8cb-3eff-45c5-aca0-23e73e33dc8d"",""deployment"":""69394420-c732-4ebe-a5fd-54c2d5628ea7"",""replica"":""7fc15fda-5103-4647-b7c4-6251ceb0ef53""}",2026-07-23T06:29:07.666869169Z
"2026-07-23T06:28:59.413Z [[34mdebug[39m] Message published {""service"":""mqtt-publisher-lite"",""topic"":""proof.mqtt/DEVICE-15/instagram"",""qos"":1,""deliveryTime"":""221ms""}",info,"{""level"":""info""}","{""project"":""90a47e04-a329-4122-9c82-2ee75a4562c2"",""environment"":""f6319bd4-2e87-40d4-8547-4ce714038bc1"",""service"":""c236b8cb-3eff-45c5-aca0-23e73e33dc8d"",""deployment"":""69394420-c732-4ebe-a5fd-54c2d5628ea7"",""replica"":""7fc15fda-5103-4647-b7c4-6251ceb0ef53""}",2026-07-23T06:29:07.666874119Z
"2026-07-23T06:28:59.414Z [[34mdebug[39m] Message received {""service"":""mqtt-publisher-lite"",""topic"":""proof.mqtt/DEVICE-15/instagram"",""size"":228,""retain"":false}",info,"{""level"":""info""}","{""project"":""90a47e04-a329-4122-9c82-2ee75a4562c2"",""environment"":""f6319bd4-2e87-40d4-8547-4ce714038bc1"",""service"":""c236b8cb-3eff-45c5-aca0-23e73e33dc8d"",""deployment"":""69394420-c732-4ebe-a5fd-54c2d5628ea7"",""replica"":""7fc15fda-5103-4647-b7c4-6251ceb0ef53""}",2026-07-23T06:29:07.666878669Z
"2026-07-23T06:28:59.414Z [[34mdebug[39m] Skipping echo message {""service"":""mqtt-publisher-lite"",""topic"":""proof.mqtt/DEVICE-15/instagram"",""age"":""1ms""}",info,"{""level"":""info""}","{""project"":""90a47e04-a329-4122-9c82-2ee75a4562c2"",""environment"":""f6319bd4-2e87-40d4-8547-4ce714038bc1"",""service"":""c236b8cb-3eff-45c5-aca0-23e73e33dc8d"",""deployment"":""69394420-c732-4ebe-a5fd-54c2d5628ea7"",""replica"":""7fc15fda-5103-4647-b7c4-6251ceb0ef53""}",2026-07-23T06:29:07.666883469Z
"2026-07-23T06:28:59.624Z [[32minfo[39m] [STIM_GMB] Published {""service"":""mqtt-publisher-lite"",""deviceId"":""DEVICE-15"",""reviews"":26,""target"":100,""mode"":""synthetic"",""celebration"":""false"",""done"":false}",info,"{""level"":""info""}","{""project"":""90a47e04-a329-4122-9c82-2ee75a4562c2"",""environment"":""f6319bd4-2e87-40d4-8547-4ce714038bc1"",""service"":""c236b8cb-3eff-45c5-aca0-23e73e33dc8d"",""deployment"":""69394420-c732-4ebe-a5fd-54c2d5628ea7"",""replica"":""7fc15fda-5103-4647-b7c4-6251ceb0ef53""}",2026-07-23T06:29:07.667450515Z
"2026-07-23T06:28:59.415Z [[34mdebug[39m] Screen message received {""service"":""mqtt-publisher-lite"",""topic"":""proof.mqtt/DEVICE-15/instagram"",""screen"":""instagram""}",info,"{""level"":""info""}","{""project"":""90a47e04-a329-4122-9c82-2ee75a4562c2"",""environment"":""f6319bd4-2e87-40d4-8547-4ce714038bc1"",""service"":""c236b8cb-3eff-45c5-aca0-23e73e33dc8d"",""deployment"":""69394420-c732-4ebe-a5fd-54c2d5628ea7"",""replica"":""7fc15fda-5103-4647-b7c4-6251ceb0ef53""}",2026-07-23T06:29:07.667545294Z
"2026-07-23T06:28:59.513Z [[32minfo[39m] [STIM_IG] Published {""service"":""mqtt-publisher-lite"",""deviceId"":""DEVICE-15"",""followers"":28,""target"":500,""mode"":""synthetic"",""achievement"":30,""celebration"":""false"",""done"":false}",info,"{""level"":""info""}","{""project"":""90a47e04-a329-4122-9c82-2ee75a4562c2"",""environment"":""f6319bd4-2e87-40d4-8547-4ce714038bc1"",""service"":""c236b8cb-3eff-45c5-aca0-23e73e33dc8d"",""deployment"":""69394420-c732-4ebe-a5fd-54c2d5628ea7"",""replica"":""7fc15fda-5103-4647-b7c4-6251ceb0ef53""}",2026-07-23T06:29:07.667549454Z
"2026-07-23T06:28:59.524Z [[32minfo[39m] ✅ PUBACK received {""service"":""mqtt-publisher-lite"",""messageId"":44718}",info,"{""level"":""info""}","{""project"":""90a47e04-a329-4122-9c82-2ee75a4562c2"",""environment"":""f6319bd4-2e87-40d4-8547-4ce714038bc1"",""service"":""c236b8cb-3eff-45c5-aca0-23e73e33dc8d"",""deployment"":""69394420-c732-4ebe-a5fd-54c2d5628ea7"",""replica"":""7fc15fda-5103-4647-b7c4-6251ceb0ef53""}",2026-07-23T06:29:07.667553044Z
"2026-07-23T06:28:59.525Z [[32minfo[39m] ✅ QoS 1 PUBACK confirmed {""service"":""mqtt-publisher-lite"",""deviceId"":""DEVICE-15"",""messageId"":44718,""deliveryTime"":""219ms"",""pendingCount"":0}",info,"{""level"":""info""}","{""project"":""90a47e04-a329-4122-9c82-2ee75a4562c2"",""environment"":""f6319bd4-2e87-40d4-8547-4ce714038bc1"",""service"":""c236b8cb-3eff-45c5-aca0-23e73e33dc8d"",""deployment"":""69394420-c732-4ebe-a5fd-54c2d5628ea7"",""replica"":""7fc15fda-5103-4647-b7c4-6251ceb0ef53""}",2026-07-23T06:29:07.667557054Z
"2026-07-23T06:28:59.525Z [[34mdebug[39m] ✅ [LIFECYCLE:PUBACK_OK] Device confirmed message receipt {""service"":""mqtt-publisher-lite"",""deviceId"":""DEVICE-15""}",info,"{""level"":""info""}","{""project"":""90a47e04-a329-4122-9c82-2ee75a4562c2"",""environment"":""f6319bd4-2e87-40d4-8547-4ce714038bc1"",""service"":""c236b8cb-3eff-45c5-aca0-23e73e33dc8d"",""deployment"":""69394420-c732-4ebe-a5fd-54c2d5628ea7"",""replica"":""7fc15fda-5103-4647-b7c4-6251ceb0ef53""}",2026-07-23T06:29:07.667560864Z
"2026-07-23T06:28:59.525Z [[34mdebug[39m] Message published {""service"":""mqtt-publisher-lite"",""topic"":""proof.mqtt/DEVICE-15/gmb"",""qos"":1,""deliveryTime"":""220ms""}",info,"{""level"":""info""}","{""project"":""90a47e04-a329-4122-9c82-2ee75a4562c2"",""environment"":""f6319bd4-2e87-40d4-8547-4ce714038bc1"",""service"":""c236b8cb-3eff-45c5-aca0-23e73e33dc8d"",""deployment"":""69394420-c732-4ebe-a5fd-54c2d5628ea7"",""replica"":""7fc15fda-5103-4647-b7c4-6251ceb0ef53""}",2026-07-23T06:29:07.667564474Z
"2026-07-23T06:28:59.525Z [[34mdebug[39m] Message received {""service"":""mqtt-publisher-lite"",""topic"":""proof.mqtt/DEVICE-15/gmb"",""size"":246,""retain"":false}",info,"{""level"":""info""}","{""project"":""90a47e04-a329-4122-9c82-2ee75a4562c2"",""environment"":""f6319bd4-2e87-40d4-8547-4ce714038bc1"",""service"":""c236b8cb-3eff-45c5-aca0-23e73e33dc8d"",""deployment"":""69394420-c732-4ebe-a5fd-54c2d5628ea7"",""replica"":""7fc15fda-5103-4647-b7c4-6251ceb0ef53""}",2026-07-23T06:29:07.667568544Z
"2026-07-23T06:28:59.525Z [[34mdebug[39m] Skipping echo message {""service"":""mqtt-publisher-lite"",""topic"":""proof.mqtt/DEVICE-15/gmb"",""age"":""0ms""}",info,"{""level"":""info""}","{""project"":""90a47e04-a329-4122-9c82-2ee75a4562c2"",""environment"":""f6319bd4-2e87-40d4-8547-4ce714038bc1"",""service"":""c236b8cb-3eff-45c5-aca0-23e73e33dc8d"",""deployment"":""69394420-c732-4ebe-a5fd-54c2d5628ea7"",""replica"":""7fc15fda-5103-4647-b7c4-6251ceb0ef53""}",2026-07-23T06:29:07.667572434Z
"2026-07-23T06:28:59.526Z [[34mdebug[39m] Screen message received {""service"":""mqtt-publisher-lite"",""topic"":""proof.mqtt/DEVICE-15/gmb"",""screen"":""gmb""}",info,"{""level"":""info""}","{""project"":""90a47e04-a329-4122-9c82-2ee75a4562c2"",""environment"":""f6319bd4-2e87-40d4-8547-4ce714038bc1"",""service"":""c236b8cb-3eff-45c5-aca0-23e73e33dc8d"",""deployment"":""69394420-c732-4ebe-a5fd-54c2d5628ea7"",""replica"":""7fc15fda-5103-4647-b7c4-6251ceb0ef53""}",2026-07-23T06:29:07.667576844Z
"2026-07-23T06:29:17.218Z [[32minfo[39m] 📤 QoS 1 message sent {""service"":""mqtt-publisher-lite"",""messageId"":44720,""topic"":""proof.mqtt/DEVICE-13/gmb"",""qos"":1}",info,"{""level"":""info""}","{""project"":""90a47e04-a329-4122-9c82-2ee75a4562c2"",""environment"":""f6319bd4-2e87-40d4-8547-4ce714038bc1"",""service"":""c236b8cb-3eff-45c5-aca0-23e73e33dc8d"",""deployment"":""69394420-c732-4ebe-a5fd-54c2d5628ea7"",""replica"":""7fc15fda-5103-4647-b7c4-6251ceb0ef53""}",2026-07-23T06:29:17.249111408Z
"2026-07-23T06:29:17.218Z [[32minfo[39m] ⏱️ Tracking QoS 1 message (30s timeout) {""service"":""mqtt-publisher-lite"",""deviceId"":""DEVICE-13"",""messageId"":44720,""topic"":""proof.mqtt/DEVICE-13/gmb"",""pendingCount"":2}",info,"{""level"":""info""}","{""project"":""90a47e04-a329-4122-9c82-2ee75a4562c2"",""environment"":""f6319bd4-2e87-40d4-8547-4ce714038bc1"",""service"":""c236b8cb-3eff-45c5-aca0-23e73e33dc8d"",""deployment"":""69394420-c732-4ebe-a5fd-54c2d5628ea7"",""replica"":""7fc15fda-5103-4647-b7c4-6251ceb0ef53""}",2026-07-23T06:29:17.249116838Z
"2026-07-23T06:29:17.108Z [[32minfo[39m] 📤 QoS 1 message sent {""service"":""mqtt-publisher-lite"",""messageId"":44719,""topic"":""proof.mqtt/DEVICE-13/instagram"",""qos"":1}",info,"{""level"":""info""}","{""project"":""90a47e04-a329-4122-9c82-2ee75a4562c2"",""environment"":""f6319bd4-2e87-40d4-8547-4ce714038bc1"",""service"":""c236b8cb-3eff-45c5-aca0-23e73e33dc8d"",""deployment"":""69394420-c732-4ebe-a5fd-54c2d5628ea7"",""replica"":""7fc15fda-5103-4647-b7c4-6251ceb0ef53""}",2026-07-23T06:29:17.249147138Z
"2026-07-23T06:29:17.109Z [[32minfo[39m] ⏱️ Tracking QoS 1 message (30s timeout) {""service"":""mqtt-publisher-lite"",""deviceId"":""DEVICE-13"",""messageId"":44719,""topic"":""proof.mqtt/DEVICE-13/instagram"",""pendingCount"":1}",info,"{""level"":""info""}","{""project"":""90a47e04-a329-4122-9c82-2ee75a4562c2"",""environment"":""f6319bd4-2e87-40d4-8547-4ce714038bc1"",""service"":""c236b8cb-3eff-45c5-aca0-23e73e33dc8d"",""deployment"":""69394420-c732-4ebe-a5fd-54c2d5628ea7"",""replica"":""7fc15fda-5103-4647-b7c4-6251ceb0ef53""}",2026-07-23T06:29:17.249154318Z
"2026-07-23T06:29:17.328Z [[32minfo[39m] ✅ PUBACK received {""service"":""mqtt-publisher-lite"",""messageId"":44719}",info,"{""level"":""info""}","{""project"":""90a47e04-a329-4122-9c82-2ee75a4562c2"",""environment"":""f6319bd4-2e87-40d4-8547-4ce714038bc1"",""service"":""c236b8cb-3eff-45c5-aca0-23e73e33dc8d"",""deployment"":""69394420-c732-4ebe-a5fd-54c2d5628ea7"",""replica"":""7fc15fda-5103-4647-b7c4-6251ceb0ef53""}",2026-07-23T06:29:17.329611812Z
"2026-07-23T06:29:17.328Z [[32minfo[39m] ✅ QoS 1 PUBACK confirmed {""service"":""mqtt-publisher-lite"",""deviceId"":""DEVICE-13"",""messageId"":44719,""deliveryTime"":""220ms"",""pendingCount"":1}",info,"{""level"":""info""}","{""project"":""90a47e04-a329-4122-9c82-2ee75a4562c2"",""environment"":""f6319bd4-2e87-40d4-8547-4ce714038bc1"",""service"":""c236b8cb-3eff-45c5-aca0-23e73e33dc8d"",""deployment"":""69394420-c732-4ebe-a5fd-54c2d5628ea7"",""replica"":""7fc15fda-5103-4647-b7c4-6251ceb0ef53""}",2026-07-23T06:29:17.329615092Z
"2026-07-23T06:29:17.328Z [[34mdebug[39m] ✅ [LIFECYCLE:PUBACK_OK] Device confirmed message receipt {""service"":""mqtt-publisher-lite"",""deviceId"":""DEVICE-13""}",info,"{""level"":""info""}","{""project"":""90a47e04-a329-4122-9c82-2ee75a4562c2"",""environment"":""f6319bd4-2e87-40d4-8547-4ce714038bc1"",""service"":""c236b8cb-3eff-45c5-aca0-23e73e33dc8d"",""deployment"":""69394420-c732-4ebe-a5fd-54c2d5628ea7"",""replica"":""7fc15fda-5103-4647-b7c4-6251ceb0ef53""}",2026-07-23T06:29:17.329618082Z
"2026-07-23T06:29:17.328Z [[34mdebug[39m] Message published {""service"":""mqtt-publisher-lite"",""topic"":""proof.mqtt/DEVICE-13/instagram"",""qos"":1,""deliveryTime"":""220ms""}",info,"{""level"":""info""}","{""project"":""90a47e04-a329-4122-9c82-2ee75a4562c2"",""environment"":""f6319bd4-2e87-40d4-8547-4ce714038bc1"",""service"":""c236b8cb-3eff-45c5-aca0-23e73e33dc8d"",""deployment"":""69394420-c732-4ebe-a5fd-54c2d5628ea7"",""replica"":""7fc15fda-5103-4647-b7c4-6251ceb0ef53""}",2026-07-23T06:29:17.329621252Z
"2026-07-23T06:29:17.329Z [[34mdebug[39m] Message received {""service"":""mqtt-publisher-lite"",""topic"":""proof.mqtt/DEVICE-13/instagram"",""size"":228,""retain"":false}",info,"{""level"":""info""}","{""project"":""90a47e04-a329-4122-9c82-2ee75a4562c2"",""environment"":""f6319bd4-2e87-40d4-8547-4ce714038bc1"",""service"":""c236b8cb-3eff-45c5-aca0-23e73e33dc8d"",""deployment"":""69394420-c732-4ebe-a5fd-54c2d5628ea7"",""replica"":""7fc15fda-5103-4647-b7c4-6251ceb0ef53""}",2026-07-23T06:29:17.331213600Z
"2026-07-23T06:29:17.329Z [[34mdebug[39m] Skipping echo message {""service"":""mqtt-publisher-lite"",""topic"":""proof.mqtt/DEVICE-13/instagram"",""age"":""1ms""}",info,"{""level"":""info""}","{""project"":""90a47e04-a329-4122-9c82-2ee75a4562c2"",""environment"":""f6319bd4-2e87-40d4-8547-4ce714038bc1"",""service"":""c236b8cb-3eff-45c5-aca0-23e73e33dc8d"",""deployment"":""69394420-c732-4ebe-a5fd-54c2d5628ea7"",""replica"":""7fc15fda-5103-4647-b7c4-6251ceb0ef53""}",2026-07-23T06:29:17.331218650Z
"2026-07-23T06:29:17.329Z [[34mdebug[39m] Screen message received {""service"":""mqtt-publisher-lite"",""topic"":""proof.mqtt/DEVICE-13/instagram"",""screen"":""instagram""}",info,"{""level"":""info""}","{""project"":""90a47e04-a329-4122-9c82-2ee75a4562c2"",""environment"":""f6319bd4-2e87-40d4-8547-4ce714038bc1"",""service"":""c236b8cb-3eff-45c5-aca0-23e73e33dc8d"",""deployment"":""69394420-c732-4ebe-a5fd-54c2d5628ea7"",""replica"":""7fc15fda-5103-4647-b7c4-6251ceb0ef53""}",2026-07-23T06:29:17.331224300Z
"2026-07-23T06:29:17.428Z [[32minfo[39m] [STIM_IG] Published {""service"":""mqtt-publisher-lite"",""deviceId"":""DEVICE-13"",""followers"":23,""target"":500,""mode"":""synthetic"",""achievement"":25,""celebration"":""false"",""done"":false}",info,"{""level"":""info""}","{""project"":""90a47e04-a329-4122-9c82-2ee75a4562c2"",""environment"":""f6319bd4-2e87-40d4-8547-4ce714038bc1"",""service"":""c236b8cb-3eff-45c5-aca0-23e73e33dc8d"",""deployment"":""69394420-c732-4ebe-a5fd-54c2d5628ea7"",""replica"":""7fc15fda-5103-4647-b7c4-6251ceb0ef53""}",2026-07-23T06:29:17.430280913Z
"2026-07-23T06:29:17.437Z [[32minfo[39m] ✅ PUBACK received {""service"":""mqtt-publisher-lite"",""messageId"":44720}",info,"{""level"":""info""}","{""project"":""90a47e04-a329-4122-9c82-2ee75a4562c2"",""environment"":""f6319bd4-2e87-40d4-8547-4ce714038bc1"",""service"":""c236b8cb-3eff-45c5-aca0-23e73e33dc8d"",""deployment"":""69394420-c732-4ebe-a5fd-54c2d5628ea7"",""replica"":""7fc15fda-5103-4647-b7c4-6251ceb0ef53""}",2026-07-23T06:29:17.443761481Z
"2026-07-23T06:29:17.437Z [[32minfo[39m] ✅ QoS 1 PUBACK confirmed {""service"":""mqtt-publisher-lite"",""deviceId"":""DEVICE-13"",""messageId"":44720,""deliveryTime"":""219ms"",""pendingCount"":0}",info,"{""level"":""info""}","{""project"":""90a47e04-a329-4122-9c82-2ee75a4562c2"",""environment"":""f6319bd4-2e87-40d4-8547-4ce714038bc1"",""service"":""c236b8cb-3eff-45c5-aca0-23e73e33dc8d"",""deployment"":""69394420-c732-4ebe-a5fd-54c2d5628ea7"",""replica"":""7fc15fda-5103-4647-b7c4-6251ceb0ef53""}",2026-07-23T06:29:17.443769101Z
"2026-07-23T06:29:17.437Z [[34mdebug[39m] ✅ [LIFECYCLE:PUBACK_OK] Device confirmed message receipt {""service"":""mqtt-publisher-lite"",""deviceId"":""DEVICE-13""}",info,"{""level"":""info""}","{""project"":""90a47e04-a329-4122-9c82-2ee75a4562c2"",""environment"":""f6319bd4-2e87-40d4-8547-4ce714038bc1"",""service"":""c236b8cb-3eff-45c5-aca0-23e73e33dc8d"",""deployment"":""69394420-c732-4ebe-a5fd-54c2d5628ea7"",""replica"":""7fc15fda-5103-4647-b7c4-6251ceb0ef53""}",2026-07-23T06:29:17.443773361Z
"2026-07-23T06:29:17.437Z [[34mdebug[39m] Message published {""service"":""mqtt-publisher-lite"",""topic"":""proof.mqtt/DEVICE-13/gmb"",""qos"":1,""deliveryTime"":""219ms""}",info,"{""level"":""info""}","{""project"":""90a47e04-a329-4122-9c82-2ee75a4562c2"",""environment"":""f6319bd4-2e87-40d4-8547-4ce714038bc1"",""service"":""c236b8cb-3eff-45c5-aca0-23e73e33dc8d"",""deployment"":""69394420-c732-4ebe-a5fd-54c2d5628ea7"",""replica"":""7fc15fda-5103-4647-b7c4-6251ceb0ef53""}",2026-07-23T06:29:17.443778191Z
"2026-07-23T06:29:17.438Z [[34mdebug[39m] Message received {""service"":""mqtt-publisher-lite"",""topic"":""proof.mqtt/DEVICE-13/gmb"",""size"":246,""retain"":false}",info,"{""level"":""info""}","{""project"":""90a47e04-a329-4122-9c82-2ee75a4562c2"",""environment"":""f6319bd4-2e87-40d4-8547-4ce714038bc1"",""service"":""c236b8cb-3eff-45c5-aca0-23e73e33dc8d"",""deployment"":""69394420-c732-4ebe-a5fd-54c2d5628ea7"",""replica"":""7fc15fda-5103-4647-b7c4-6251ceb0ef53""}",2026-07-23T06:29:17.443783041Z
"2026-07-23T06:29:17.438Z [[34mdebug[39m] Skipping echo message {""service"":""mqtt-publisher-lite"",""topic"":""proof.mqtt/DEVICE-13/gmb"",""age"":""1ms""}",info,"{""level"":""info""}","{""project"":""90a47e04-a329-4122-9c82-2ee75a4562c2"",""environment"":""f6319bd4-2e87-40d4-8547-4ce714038bc1"",""service"":""c236b8cb-3eff-45c5-aca0-23e73e33dc8d"",""deployment"":""69394420-c732-4ebe-a5fd-54c2d5628ea7"",""replica"":""7fc15fda-5103-4647-b7c4-6251ceb0ef53""}",2026-07-23T06:29:17.443787911Z
"2026-07-23T06:29:17.438Z [[34mdebug[39m] Screen message received {""service"":""mqtt-publisher-lite"",""topic"":""proof.mqtt/DEVICE-13/gmb"",""screen"":""gmb""}",info,"{""level"":""info""}","{""project"":""90a47e04-a329-4122-9c82-2ee75a4562c2"",""environment"":""f6319bd4-2e87-40d4-8547-4ce714038bc1"",""service"":""c236b8cb-3eff-45c5-aca0-23e73e33dc8d"",""deployment"":""69394420-c732-4ebe-a5fd-54c2d5628ea7"",""replica"":""7fc15fda-5103-4647-b7c4-6251ceb0ef53""}",2026-07-23T06:29:17.443792371Z
"2026-07-23T06:29:17.537Z [[32minfo[39m] [STIM_GMB] Published {""service"":""mqtt-publisher-lite"",""deviceId"":""DEVICE-13"",""reviews"":21,""target"":100,""mode"":""synthetic"",""celebration"":""false"",""done"":false}",info,"{""level"":""info""}","{""project"":""90a47e04-a329-4122-9c82-2ee75a4562c2"",""environment"":""f6319bd4-2e87-40d4-8547-4ce714038bc1"",""service"":""c236b8cb-3eff-45c5-aca0-23e73e33dc8d"",""deployment"":""69394420-c732-4ebe-a5fd-54c2d5628ea7"",""replica"":""7fc15fda-5103-4647-b7c4-6251ceb0ef53""}",2026-07-23T06:29:17.540006926Z
"2026-07-23T06:29:29.101Z [[32minfo[39m] 📤 [PUBLISH_CYCLE] Starting publish cycle {""service"":""mqtt-publisher-lite"",""deviceCount"":4,""source"":""redis"",""devices"":[{""id"":""DEVICE-17"",""userId"":""(none)"",""lastSeen"":""2026-07-23T06:28:29.454Z""},{""id"":""DEVICE-15"",""userId"":""68d3753f9f99d6b73ae2d991"",""lastSeen"":""2026-07-23T06:28:59.525Z""},{""id"":""DEVICE-13"",""userId"":""6937af58f950f0f5356a1599"",""lastSeen"":""2026-07-23T06:29:17.437Z""},{""id"":""DEVICE-19"",""userId"":""68d3753f9f99d6b73ae2d991"",""lastSeen"":""2026-07-23T06:27:34.170Z""}]}",info,"{""level"":""info""}","{""project"":""90a47e04-a329-4122-9c82-2ee75a4562c2"",""environment"":""f6319bd4-2e87-40d4-8547-4ce714038bc1"",""service"":""c236b8cb-3eff-45c5-aca0-23e73e33dc8d"",""deployment"":""69394420-c732-4ebe-a5fd-54c2d5628ea7"",""replica"":""7fc15fda-5103-4647-b7c4-6251ceb0ef53""}",2026-07-23T06:29:37.536635038Z
"2026-07-23T06:29:29.191Z [[32minfo[39m] 📤 QoS 1 message sent {""service"":""mqtt-publisher-lite"",""messageId"":44721,""topic"":""proof.mqtt/DEVICE-15/instagram"",""qos"":1}",info,"{""level"":""info""}","{""project"":""90a47e04-a329-4122-9c82-2ee75a4562c2"",""environment"":""f6319bd4-2e87-40d4-8547-4ce714038bc1"",""service"":""c236b8cb-3eff-45c5-aca0-23e73e33dc8d"",""deployment"":""69394420-c732-4ebe-a5fd-54c2d5628ea7"",""replica"":""7fc15fda-5103-4647-b7c4-6251ceb0ef53""}",2026-07-23T06:29:37.536639568Z
"2026-07-23T06:29:29.192Z [[32minfo[39m] ⏱️ Tracking QoS 1 message (30s timeout) {""service"":""mqtt-publisher-lite"",""deviceId"":""DEVICE-15"",""messageId"":44721,""topic"":""proof.mqtt/DEVICE-15/instagram"",""pendingCount"":1}",info,"{""level"":""info""}","{""project"":""90a47e04-a329-4122-9c82-2ee75a4562c2"",""environment"":""f6319bd4-2e87-40d4-8547-4ce714038bc1"",""service"":""c236b8cb-3eff-45c5-aca0-23e73e33dc8d"",""deployment"":""69394420-c732-4ebe-a5fd-54c2d5628ea7"",""replica"":""7fc15fda-5103-4647-b7c4-6251ceb0ef53""}",2026-07-23T06:29:37.536642388Z
"2026-07-23T06:29:29.200Z [[32minfo[39m] 📤 QoS 1 message sent {""service"":""mqtt-publisher-lite"",""messageId"":44722,""topic"":""proof.mqtt/DEVICE-17/test-gmb"",""qos"":1}",info,"{""level"":""info""}","{""project"":""90a47e04-a329-4122-9c82-2ee75a4562c2"",""environment"":""f6319bd4-2e87-40d4-8547-4ce714038bc1"",""service"":""c236b8cb-3eff-45c5-aca0-23e73e33dc8d"",""deployment"":""69394420-c732-4ebe-a5fd-54c2d5628ea7"",""replica"":""7fc15fda-5103-4647-b7c4-6251ceb0ef53""}",2026-07-23T06:29:37.536645538Z
"2026-07-23T06:29:29.200Z [[32minfo[39m] ⏱️ Tracking QoS 1 message (30s timeout) {""service"":""mqtt-publisher-lite"",""deviceId"":""DEVICE-17"",""messageId"":44722,""topic"":""proof.mqtt/DEVICE-17/test-gmb"",""pendingCount"":2}",info,"{""level"":""info""}","{""project"":""90a47e04-a329-4122-9c82-2ee75a4562c2"",""environment"":""f6319bd4-2e87-40d4-8547-4ce714038bc1"",""service"":""c236b8cb-3eff-45c5-aca0-23e73e33dc8d"",""deployment"":""69394420-c732-4ebe-a5fd-54c2d5628ea7"",""replica"":""7fc15fda-5103-4647-b7c4-6251ceb0ef53""}",2026-07-23T06:29:37.536648918Z
"2026-07-23T06:29:29.302Z [[32minfo[39m] 📤 QoS 1 message sent {""service"":""mqtt-publisher-lite"",""messageId"":44723,""topic"":""proof.mqtt/DEVICE-15/gmb"",""qos"":1}",info,"{""level"":""info""}","{""project"":""90a47e04-a329-4122-9c82-2ee75a4562c2"",""environment"":""f6319bd4-2e87-40d4-8547-4ce714038bc1"",""service"":""c236b8cb-3eff-45c5-aca0-23e73e33dc8d"",""deployment"":""69394420-c732-4ebe-a5fd-54c2d5628ea7"",""replica"":""7fc15fda-5103-4647-b7c4-6251ceb0ef53""}",2026-07-23T06:29:37.536652498Z
"2026-07-23T06:29:29.302Z [[32minfo[39m] ⏱️ Tracking QoS 1 message (30s timeout) {""service"":""mqtt-publisher-lite"",""deviceId"":""DEVICE-15"",""messageId"":44723,""topic"":""proof.mqtt/DEVICE-15/gmb"",""pendingCount"":3}",info,"{""level"":""info""}","{""project"":""90a47e04-a329-4122-9c82-2ee75a4562c2"",""environment"":""f6319bd4-2e87-40d4-8547-4ce714038bc1"",""service"":""c236b8cb-3eff-45c5-aca0-23e73e33dc8d"",""deployment"":""69394420-c732-4ebe-a5fd-54c2d5628ea7"",""replica"":""7fc15fda-5103-4647-b7c4-6251ceb0ef53""}",2026-07-23T06:29:37.536655178Z
"2026-07-23T06:29:29.411Z [[32minfo[39m] ✅ PUBACK received {""service"":""mqtt-publisher-lite"",""messageId"":44721}",info,"{""level"":""info""}","{""project"":""90a47e04-a329-4122-9c82-2ee75a4562c2"",""environment"":""f6319bd4-2e87-40d4-8547-4ce714038bc1"",""service"":""c236b8cb-3eff-45c5-aca0-23e73e33dc8d"",""deployment"":""69394420-c732-4ebe-a5fd-54c2d5628ea7"",""replica"":""7fc15fda-5103-4647-b7c4-6251ceb0ef53""}",2026-07-23T06:29:37.536658248Z
"2026-07-23T06:29:29.411Z [[32minfo[39m] ✅ QoS 1 PUBACK confirmed {""service"":""mqtt-publisher-lite"",""deviceId"":""DEVICE-15"",""messageId"":44721,""deliveryTime"":""219ms"",""pendingCount"":2}",info,"{""level"":""info""}","{""project"":""90a47e04-a329-4122-9c82-2ee75a4562c2"",""environment"":""f6319bd4-2e87-40d4-8547-4ce714038bc1"",""service"":""c236b8cb-3eff-45c5-aca0-23e73e33dc8d"",""deployment"":""69394420-c732-4ebe-a5fd-54c2d5628ea7"",""replica"":""7fc15fda-5103-4647-b7c4-6251ceb0ef53""}",2026-07-23T06:29:37.538232546Z
"2026-07-23T06:29:29.411Z [[34mdebug[39m] ✅ [LIFECYCLE:PUBACK_OK] Device confirmed message receipt {""service"":""mqtt-publisher-lite"",""deviceId"":""DEVICE-15""}",info,"{""level"":""info""}","{""project"":""90a47e04-a329-4122-9c82-2ee75a4562c2"",""environment"":""f6319bd4-2e87-40d4-8547-4ce714038bc1"",""service"":""c236b8cb-3eff-45c5-aca0-23e73e33dc8d"",""deployment"":""69394420-c732-4ebe-a5fd-54c2d5628ea7"",""replica"":""7fc15fda-5103-4647-b7c4-6251ceb0ef53""}",2026-07-23T06:29:37.538244556Z
"2026-07-23T06:29:29.411Z [[34mdebug[39m] Message published {""service"":""mqtt-publisher-lite"",""topic"":""proof.mqtt/DEVICE-15/instagram"",""qos"":1,""deliveryTime"":""220ms""}",info,"{""level"":""info""}","{""project"":""90a47e04-a329-4122-9c82-2ee75a4562c2"",""environment"":""f6319bd4-2e87-40d4-8547-4ce714038bc1"",""service"":""c236b8cb-3eff-45c5-aca0-23e73e33dc8d"",""deployment"":""69394420-c732-4ebe-a5fd-54c2d5628ea7"",""replica"":""7fc15fda-5103-4647-b7c4-6251ceb0ef53""}",2026-07-23T06:29:37.538249436Z
"2026-07-23T06:29:29.411Z [[34mdebug[39m] Message received {""service"":""mqtt-publisher-lite"",""topic"":""proof.mqtt/DEVICE-15/instagram"",""size"":228,""retain"":false}",info,"{""level"":""info""}","{""project"":""90a47e04-a329-4122-9c82-2ee75a4562c2"",""environment"":""f6319bd4-2e87-40d4-8547-4ce714038bc1"",""service"":""c236b8cb-3eff-45c5-aca0-23e73e33dc8d"",""deployment"":""69394420-c732-4ebe-a5fd-54c2d5628ea7"",""replica"":""7fc15fda-5103-4647-b7c4-6251ceb0ef53""}",2026-07-23T06:29:37.538254956Z
"2026-07-23T06:29:29.412Z [[34mdebug[39m] Skipping echo message {""service"":""mqtt-publisher-lite"",""topic"":""proof.mqtt/DEVICE-15/instagram"",""age"":""1ms""}",info,"{""level"":""info""}","{""project"":""90a47e04-a329-4122-9c82-2ee75a4562c2"",""environment"":""f6319bd4-2e87-40d4-8547-4ce714038bc1"",""service"":""c236b8cb-3eff-45c5-aca0-23e73e33dc8d"",""deployment"":""69394420-c732-4ebe-a5fd-54c2d5628ea7"",""replica"":""7fc15fda-5103-4647-b7c4-6251ceb0ef53""}",2026-07-23T06:29:37.538259256Z
"2026-07-23T06:29:29.412Z [[34mdebug[39m] Screen message received {""service"":""mqtt-publisher-lite"",""topic"":""proof.mqtt/DEVICE-15/instagram"",""screen"":""instagram""}",info,"{""level"":""info""}","{""project"":""90a47e04-a329-4122-9c82-2ee75a4562c2"",""environment"":""f6319bd4-2e87-40d4-8547-4ce714038bc1"",""service"":""c236b8cb-3eff-45c5-aca0-23e73e33dc8d"",""deployment"":""69394420-c732-4ebe-a5fd-54c2d5628ea7"",""replica"":""7fc15fda-5103-4647-b7c4-6251ceb0ef53""}",2026-07-23T06:29:37.538263626Z
"2026-07-23T06:29:29.423Z [[32minfo[39m] ✅ PUBACK received {""service"":""mqtt-publisher-lite"",""messageId"":44722}",info,"{""level"":""info""}","{""project"":""90a47e04-a329-4122-9c82-2ee75a4562c2"",""environment"":""f6319bd4-2e87-40d4-8547-4ce714038bc1"",""service"":""c236b8cb-3eff-45c5-aca0-23e73e33dc8d"",""deployment"":""69394420-c732-4ebe-a5fd-54c2d5628ea7"",""replica"":""7fc15fda-5103-4647-b7c4-6251ceb0ef53""}",2026-07-23T06:29:37.538267305Z
"2026-07-23T06:29:29.423Z [[32minfo[39m] ✅ QoS 1 PUBACK confirmed {""service"":""mqtt-publisher-lite"",""deviceId"":""DEVICE-17"",""messageId"":44722,""deliveryTime"":""223ms"",""pendingCount"":1}",info,"{""level"":""info""}","{""project"":""90a47e04-a329-4122-9c82-2ee75a4562c2"",""environment"":""f6319bd4-2e87-40d4-8547-4ce714038bc1"",""service"":""c236b8cb-3eff-45c5-aca0-23e73e33dc8d"",""deployment"":""69394420-c732-4ebe-a5fd-54c2d5628ea7"",""replica"":""7fc15fda-5103-4647-b7c4-6251ceb0ef53""}",2026-07-23T06:29:37.538271435Z
"2026-07-23T06:29:29.423Z [[34mdebug[39m] ✅ [LIFECYCLE:PUBACK_OK] Device confirmed message receipt {""service"":""mqtt-publisher-lite"",""deviceId"":""DEVICE-17""}",info,"{""level"":""info""}","{""project"":""90a47e04-a329-4122-9c82-2ee75a4562c2"",""environment"":""f6319bd4-2e87-40d4-8547-4ce714038bc1"",""service"":""c236b8cb-3eff-45c5-aca0-23e73e33dc8d"",""deployment"":""69394420-c732-4ebe-a5fd-54c2d5628ea7"",""replica"":""7fc15fda-5103-4647-b7c4-6251ceb0ef53""}",2026-07-23T06:29:37.538276245Z
"2026-07-23T06:29:29.423Z [[34mdebug[39m] Message published {""service"":""mqtt-publisher-lite"",""topic"":""proof.mqtt/DEVICE-17/test-gmb"",""qos"":1,""deliveryTime"":""223ms""}",info,"{""level"":""info""}","{""project"":""90a47e04-a329-4122-9c82-2ee75a4562c2"",""environment"":""f6319bd4-2e87-40d4-8547-4ce714038bc1"",""service"":""c236b8cb-3eff-45c5-aca0-23e73e33dc8d"",""deployment"":""69394420-c732-4ebe-a5fd-54c2d5628ea7"",""replica"":""7fc15fda-5103-4647-b7c4-6251ceb0ef53""}",2026-07-23T06:29:37.538280855Z
"2026-07-23T06:29:29.423Z [[34mdebug[39m] Published test-gmb screen {""service"":""mqtt-publisher-lite"",""deviceId"":""DEVICE-17"",""reviews"":556,""milestone"":560}",info,"{""level"":""info""}","{""project"":""90a47e04-a329-4122-9c82-2ee75a4562c2"",""environment"":""f6319bd4-2e87-40d4-8547-4ce714038bc1"",""service"":""c236b8cb-3eff-45c5-aca0-23e73e33dc8d"",""deployment"":""69394420-c732-4ebe-a5fd-54c2d5628ea7"",""replica"":""7fc15fda-5103-4647-b7c4-6251ceb0ef53""}",2026-07-23T06:29:37.539786084Z
"2026-07-23T06:29:29.511Z [[32minfo[39m] [STIM_IG] Published {""service"":""mqtt-publisher-lite"",""deviceId"":""DEVICE-15"",""followers"":29,""target"":500,""mode"":""synthetic"",""achievement"":30,""celebration"":""false"",""done"":false}",info,"{""level"":""info""}","{""project"":""90a47e04-a329-4122-9c82-2ee75a4562c2"",""environment"":""f6319bd4-2e87-40d4-8547-4ce714038bc1"",""service"":""c236b8cb-3eff-45c5-aca0-23e73e33dc8d"",""deployment"":""69394420-c732-4ebe-a5fd-54c2d5628ea7"",""replica"":""7fc15fda-5103-4647-b7c4-6251ceb0ef53""}",2026-07-23T06:29:37.539793074Z
"2026-07-23T06:29:29.521Z [[32minfo[39m] ✅ PUBACK received {""service"":""mqtt-publisher-lite"",""messageId"":44723}",info,"{""level"":""info""}","{""project"":""90a47e04-a329-4122-9c82-2ee75a4562c2"",""environment"":""f6319bd4-2e87-40d4-8547-4ce714038bc1"",""service"":""c236b8cb-3eff-45c5-aca0-23e73e33dc8d"",""deployment"":""69394420-c732-4ebe-a5fd-54c2d5628ea7"",""replica"":""7fc15fda-5103-4647-b7c4-6251ceb0ef53""}",2026-07-23T06:29:37.539798924Z
"2026-07-23T06:29:29.521Z [[32minfo[39m] ✅ QoS 1 PUBACK confirmed {""service"":""mqtt-publisher-lite"",""deviceId"":""DEVICE-15"",""messageId"":44723,""deliveryTime"":""219ms"",""pendingCount"":0}",info,"{""level"":""info""}","{""project"":""90a47e04-a329-4122-9c82-2ee75a4562c2"",""environment"":""f6319bd4-2e87-40d4-8547-4ce714038bc1"",""service"":""c236b8cb-3eff-45c5-aca0-23e73e33dc8d"",""deployment"":""69394420-c732-4ebe-a5fd-54c2d5628ea7"",""replica"":""7fc15fda-5103-4647-b7c4-6251ceb0ef53""}",2026-07-23T06:29:37.539803034Z
"2026-07-23T06:29:29.521Z [[34mdebug[39m] ✅ [LIFECYCLE:PUBACK_OK] Device confirmed message receipt {""service"":""mqtt-publisher-lite"",""deviceId"":""DEVICE-15""}",info,"{""level"":""info""}","{""project"":""90a47e04-a329-4122-9c82-2ee75a4562c2"",""environment"":""f6319bd4-2e87-40d4-8547-4ce714038bc1"",""service"":""c236b8cb-3eff-45c5-aca0-23e73e33dc8d"",""deployment"":""69394420-c732-4ebe-a5fd-54c2d5628ea7"",""replica"":""7fc15fda-5103-4647-b7c4-6251ceb0ef53""}",2026-07-23T06:29:37.539806614Z
"2026-07-23T06:29:29.522Z [[34mdebug[39m] Message published {""service"":""mqtt-publisher-lite"",""topic"":""proof.mqtt/DEVICE-15/gmb"",""qos"":1,""deliveryTime"":""220ms""}",info,"{""level"":""info""}","{""project"":""90a47e04-a329-4122-9c82-2ee75a4562c2"",""environment"":""f6319bd4-2e87-40d4-8547-4ce714038bc1"",""service"":""c236b8cb-3eff-45c5-aca0-23e73e33dc8d"",""deployment"":""69394420-c732-4ebe-a5fd-54c2d5628ea7"",""replica"":""7fc15fda-5103-4647-b7c4-6251ceb0ef53""}",2026-07-23T06:29:37.539810294Z
"2026-07-23T06:29:29.522Z [[34mdebug[39m] Message received {""service"":""mqtt-publisher-lite"",""topic"":""proof.mqtt/DEVICE-15/gmb"",""size"":246,""retain"":false}",info,"{""level"":""info""}","{""project"":""90a47e04-a329-4122-9c82-2ee75a4562c2"",""environment"":""f6319bd4-2e87-40d4-8547-4ce714038bc1"",""service"":""c236b8cb-3eff-45c5-aca0-23e73e33dc8d"",""deployment"":""69394420-c732-4ebe-a5fd-54c2d5628ea7"",""replica"":""7fc15fda-5103-4647-b7c4-6251ceb0ef53""}",2026-07-23T06:29:37.539814174Z
"2026-07-23T06:29:29.522Z [[34mdebug[39m] Skipping echo message {""service"":""mqtt-publisher-lite"",""topic"":""proof.mqtt/DEVICE-15/gmb"",""age"":""0ms""}",info,"{""level"":""info""}","{""project"":""90a47e04-a329-4122-9c82-2ee75a4562c2"",""environment"":""f6319bd4-2e87-40d4-8547-4ce714038bc1"",""service"":""c236b8cb-3eff-45c5-aca0-23e73e33dc8d"",""deployment"":""69394420-c732-4ebe-a5fd-54c2d5628ea7"",""replica"":""7fc15fda-5103-4647-b7c4-6251ceb0ef53""}",2026-07-23T06:29:37.539828874Z
"2026-07-23T06:29:29.522Z [[34mdebug[39m] Screen message received {""service"":""mqtt-publisher-lite"",""topic"":""proof.mqtt/DEVICE-15/gmb"",""screen"":""gmb""}",info,"{""level"":""info""}","{""project"":""90a47e04-a329-4122-9c82-2ee75a4562c2"",""environment"":""f6319bd4-2e87-40d4-8547-4ce714038bc1"",""service"":""c236b8cb-3eff-45c5-aca0-23e73e33dc8d"",""deployment"":""69394420-c732-4ebe-a5fd-54c2d5628ea7"",""replica"":""7fc15fda-5103-4647-b7c4-6251ceb0ef53""}",2026-07-23T06:29:37.539832734Z
"2026-07-23T06:29:29.559Z [[34mdebug[39m] 📤 [PUBLISH_CYCLE] Publishing all screens to device {""service"":""mqtt-publisher-lite"",""deviceId"":""DEVICE-17""}",info,"{""level"":""info""}","{""project"":""90a47e04-a329-4122-9c82-2ee75a4562c2"",""environment"":""f6319bd4-2e87-40d4-8547-4ce714038bc1"",""service"":""c236b8cb-3eff-45c5-aca0-23e73e33dc8d"",""deployment"":""69394420-c732-4ebe-a5fd-54c2d5628ea7"",""replica"":""7fc15fda-5103-4647-b7c4-6251ceb0ef53""}",2026-07-23T06:29:37.539837044Z
"2026-07-23T06:29:29.621Z [[32minfo[39m] [STIM_GMB] Published {""service"":""mqtt-publisher-lite"",""deviceId"":""DEVICE-15"",""reviews"":27,""target"":100,""mode"":""synthetic"",""celebration"":""false"",""done"":false}",info,"{""level"":""info""}","{""project"":""90a47e04-a329-4122-9c82-2ee75a4562c2"",""environment"":""f6319bd4-2e87-40d4-8547-4ce714038bc1"",""service"":""c236b8cb-3eff-45c5-aca0-23e73e33dc8d"",""deployment"":""69394420-c732-4ebe-a5fd-54c2d5628ea7"",""replica"":""7fc15fda-5103-4647-b7c4-6251ceb0ef53""}",2026-07-23T06:29:37.539841384Z
"2026-07-23T06:29:29.684Z [[32minfo[39m] [PROMOTION] Default canvas not published {""service"":""mqtt-publisher-lite"",""deviceId"":""DEVICE-17"",""topic"":""proof.mqtt/DEVICE-17/promotion"",""reason"":""unchanged""}",info,"{""level"":""info""}","{""project"":""90a47e04-a329-4122-9c82-2ee75a4562c2"",""environment"":""f6319bd4-2e87-40d4-8547-4ce714038bc1"",""service"":""c236b8cb-3eff-45c5-aca0-23e73e33dc8d"",""deployment"":""69394420-c732-4ebe-a5fd-54c2d5628ea7"",""replica"":""7fc15fda-5103-4647-b7c4-6251ceb0ef53""}",2026-07-23T06:29:37.541838459Z
"2026-07-23T06:29:29.684Z [[34mdebug[39m] [STIM_SKIP] StatsPublisher skipping stim device {""service"":""mqtt-publisher-lite"",""deviceId"":""DEVICE-15""}",info,"{""level"":""info""}","{""project"":""90a47e04-a329-4122-9c82-2ee75a4562c2"",""environment"":""f6319bd4-2e87-40d4-8547-4ce714038bc1"",""service"":""c236b8cb-3eff-45c5-aca0-23e73e33dc8d"",""deployment"":""69394420-c732-4ebe-a5fd-54c2d5628ea7"",""replica"":""7fc15fda-5103-4647-b7c4-6251ceb0ef53""}",2026-07-23T06:29:37.541841929Z
"2026-07-23T06:29:29.684Z [[34mdebug[39m] [STIM_SKIP] StatsPublisher skipping stim device {""service"":""mqtt-publisher-lite"",""deviceId"":""DEVICE-13""}",info,"{""level"":""info""}","{""project"":""90a47e04-a329-4122-9c82-2ee75a4562c2"",""environment"":""f6319bd4-2e87-40d4-8547-4ce714038bc1"",""service"":""c236b8cb-3eff-45c5-aca0-23e73e33dc8d"",""deployment"":""69394420-c732-4ebe-a5fd-54c2d5628ea7"",""replica"":""7fc15fda-5103-4647-b7c4-6251ceb0ef53""}",2026-07-23T06:29:37.541845709Z
"2026-07-23T06:29:29.783Z [[34mdebug[39m] [STIM_SKIP] StatsPublisher skipping stim device {""service"":""mqtt-publisher-lite"",""deviceId"":""DEVICE-19""}",info,"{""level"":""info""}","{""project"":""90a47e04-a329-4122-9c82-2ee75a4562c2"",""environment"":""f6319bd4-2e87-40d4-8547-4ce714038bc1"",""service"":""c236b8cb-3eff-45c5-aca0-23e73e33dc8d"",""deployment"":""69394420-c732-4ebe-a5fd-54c2d5628ea7"",""replica"":""7fc15fda-5103-4647-b7c4-6251ceb0ef53""}",2026-07-23T06:29:37.541848999Z
"2026-07-23T06:29:47.107Z [[32minfo[39m] 📤 QoS 1 message sent {""service"":""mqtt-publisher-lite"",""messageId"":44724,""topic"":""proof.mqtt/DEVICE-13/instagram"",""qos"":1}",info,"{""level"":""info""}","{""project"":""90a47e04-a329-4122-9c82-2ee75a4562c2"",""environment"":""f6319bd4-2e87-40d4-8547-4ce714038bc1"",""service"":""c236b8cb-3eff-45c5-aca0-23e73e33dc8d"",""deployment"":""69394420-c732-4ebe-a5fd-54c2d5628ea7"",""replica"":""7fc15fda-5103-4647-b7c4-6251ceb0ef53""}",2026-07-23T06:29:47.117037136Z
"2026-07-23T06:29:47.107Z [[32minfo[39m] ⏱️ Tracking QoS 1 message (30s timeout) {""service"":""mqtt-publisher-lite"",""deviceId"":""DEVICE-13"",""messageId"":44724,""topic"":""proof.mqtt/DEVICE-13/instagram"",""pendingCount"":1}",info,"{""level"":""info""}","{""project"":""90a47e04-a329-4122-9c82-2ee75a4562c2"",""environment"":""f6319bd4-2e87-40d4-8547-4ce714038bc1"",""service"":""c236b8cb-3eff-45c5-aca0-23e73e33dc8d"",""deployment"":""69394420-c732-4ebe-a5fd-54c2d5628ea7"",""replica"":""7fc15fda-5103-4647-b7c4-6251ceb0ef53""}",2026-07-23T06:29:47.117041486Z
"2026-07-23T06:29:47.218Z [[32minfo[39m] 📤 QoS 1 message sent {""service"":""mqtt-publisher-lite"",""messageId"":44725,""topic"":""proof.mqtt/DEVICE-13/gmb"",""qos"":1}",info,"{""level"":""info""}","{""project"":""90a47e04-a329-4122-9c82-2ee75a4562c2"",""environment"":""f6319bd4-2e87-40d4-8547-4ce714038bc1"",""service"":""c236b8cb-3eff-45c5-aca0-23e73e33dc8d"",""deployment"":""69394420-c732-4ebe-a5fd-54c2d5628ea7"",""replica"":""7fc15fda-5103-4647-b7c4-6251ceb0ef53""}",2026-07-23T06:29:47.458128082Z
"2026-07-23T06:29:47.218Z [[32minfo[39m] ⏱️ Tracking QoS 1 message (30s timeout) {""service"":""mqtt-publisher-lite"",""deviceId"":""DEVICE-13"",""messageId"":44725,""topic"":""proof.mqtt/DEVICE-13/gmb"",""pendingCount"":2}",info,"{""level"":""info""}","{""project"":""90a47e04-a329-4122-9c82-2ee75a4562c2"",""environment"":""f6319bd4-2e87-40d4-8547-4ce714038bc1"",""service"":""c236b8cb-3eff-45c5-aca0-23e73e33dc8d"",""deployment"":""69394420-c732-4ebe-a5fd-54c2d5628ea7"",""replica"":""7fc15fda-5103-4647-b7c4-6251ceb0ef53""}",2026-07-23T06:29:47.458131862Z
"2026-07-23T06:29:47.326Z [[32minfo[39m] ✅ PUBACK received {""service"":""mqtt-publisher-lite"",""messageId"":44724}",info,"{""level"":""info""}","{""project"":""90a47e04-a329-4122-9c82-2ee75a4562c2"",""environment"":""f6319bd4-2e87-40d4-8547-4ce714038bc1"",""service"":""c236b8cb-3eff-45c5-aca0-23e73e33dc8d"",""deployment"":""69394420-c732-4ebe-a5fd-54c2d5628ea7"",""replica"":""7fc15fda-5103-4647-b7c4-6251ceb0ef53""}",2026-07-23T06:29:47.458135492Z
"2026-07-23T06:29:47.326Z [[32minfo[39m] ✅ QoS 1 PUBACK confirmed {""service"":""mqtt-publisher-lite"",""deviceId"":""DEVICE-13"",""messageId"":44724,""deliveryTime"":""219ms"",""pendingCount"":1}",info,"{""level"":""info""}","{""project"":""90a47e04-a329-4122-9c82-2ee75a4562c2"",""environment"":""f6319bd4-2e87-40d4-8547-4ce714038bc1"",""service"":""c236b8cb-3eff-45c5-aca0-23e73e33dc8d"",""deployment"":""69394420-c732-4ebe-a5fd-54c2d5628ea7"",""replica"":""7fc15fda-5103-4647-b7c4-6251ceb0ef53""}",2026-07-23T06:29:47.458138932Z
"2026-07-23T06:29:47.326Z [[34mdebug[39m] ✅ [LIFECYCLE:PUBACK_OK] Device confirmed message receipt {""service"":""mqtt-publisher-lite"",""deviceId"":""DEVICE-13""}",info,"{""level"":""info""}","{""project"":""90a47e04-a329-4122-9c82-2ee75a4562c2"",""environment"":""f6319bd4-2e87-40d4-8547-4ce714038bc1"",""service"":""c236b8cb-3eff-45c5-aca0-23e73e33dc8d"",""deployment"":""69394420-c732-4ebe-a5fd-54c2d5628ea7"",""replica"":""7fc15fda-5103-4647-b7c4-6251ceb0ef53""}",2026-07-23T06:29:47.458142882Z
"2026-07-23T06:29:47.327Z [[34mdebug[39m] Message published {""service"":""mqtt-publisher-lite"",""topic"":""proof.mqtt/DEVICE-13/instagram"",""qos"":1,""deliveryTime"":""220ms""}",info,"{""level"":""info""}","{""project"":""90a47e04-a329-4122-9c82-2ee75a4562c2"",""environment"":""f6319bd4-2e87-40d4-8547-4ce714038bc1"",""service"":""c236b8cb-3eff-45c5-aca0-23e73e33dc8d"",""deployment"":""69394420-c732-4ebe-a5fd-54c2d5628ea7"",""replica"":""7fc15fda-5103-4647-b7c4-6251ceb0ef53""}",2026-07-23T06:29:47.458146532Z
"2026-07-23T06:29:47.327Z [[34mdebug[39m] Message received {""service"":""mqtt-publisher-lite"",""topic"":""proof.mqtt/DEVICE-13/instagram"",""size"":228,""retain"":false}",info,"{""level"":""info""}","{""project"":""90a47e04-a329-4122-9c82-2ee75a4562c2"",""environment"":""f6319bd4-2e87-40d4-8547-4ce714038bc1"",""service"":""c236b8cb-3eff-45c5-aca0-23e73e33dc8d"",""deployment"":""69394420-c732-4ebe-a5fd-54c2d5628ea7"",""replica"":""7fc15fda-5103-4647-b7c4-6251ceb0ef53""}",2026-07-23T06:29:47.458150022Z
"2026-07-23T06:29:47.327Z [[34mdebug[39m] Skipping echo message {""service"":""mqtt-publisher-lite"",""topic"":""proof.mqtt/DEVICE-13/instagram"",""age"":""0ms""}",info,"{""level"":""info""}","{""project"":""90a47e04-a329-4122-9c82-2ee75a4562c2"",""environment"":""f6319bd4-2e87-40d4-8547-4ce714038bc1"",""service"":""c236b8cb-3eff-45c5-aca0-23e73e33dc8d"",""deployment"":""69394420-c732-4ebe-a5fd-54c2d5628ea7"",""replica"":""7fc15fda-5103-4647-b7c4-6251ceb0ef53""}",2026-07-23T06:29:47.458153132Z
"2026-07-23T06:29:47.327Z [[34mdebug[39m] Screen message received {""service"":""mqtt-publisher-lite"",""topic"":""proof.mqtt/DEVICE-13/instagram"",""screen"":""instagram""}",info,"{""level"":""info""}","{""project"":""90a47e04-a329-4122-9c82-2ee75a4562c2"",""environment"":""f6319bd4-2e87-40d4-8547-4ce714038bc1"",""service"":""c236b8cb-3eff-45c5-aca0-23e73e33dc8d"",""deployment"":""69394420-c732-4ebe-a5fd-54c2d5628ea7"",""replica"":""7fc15fda-5103-4647-b7c4-6251ceb0ef53""}",2026-07-23T06:29:47.458156472Z
"2026-07-23T06:29:47.426Z [[32minfo[39m] [STIM_IG] Published {""service"":""mqtt-publisher-lite"",""deviceId"":""DEVICE-13"",""followers"":24,""target"":500,""mode"":""synthetic"",""achievement"":25,""celebration"":""false"",""done"":false}",info,"{""level"":""info""}","{""project"":""90a47e04-a329-4122-9c82-2ee75a4562c2"",""environment"":""f6319bd4-2e87-40d4-8547-4ce714038bc1"",""service"":""c236b8cb-3eff-45c5-aca0-23e73e33dc8d"",""deployment"":""69394420-c732-4ebe-a5fd-54c2d5628ea7"",""replica"":""7fc15fda-5103-4647-b7c4-6251ceb0ef53""}",2026-07-23T06:29:47.458159502Z
"2026-07-23T06:29:47.437Z [[32minfo[39m] ✅ PUBACK received {""service"":""mqtt-publisher-lite"",""messageId"":44725}",info,"{""level"":""info""}","{""project"":""90a47e04-a329-4122-9c82-2ee75a4562c2"",""environment"":""f6319bd4-2e87-40d4-8547-4ce714038bc1"",""service"":""c236b8cb-3eff-45c5-aca0-23e73e33dc8d"",""deployment"":""69394420-c732-4ebe-a5fd-54c2d5628ea7"",""replica"":""7fc15fda-5103-4647-b7c4-6251ceb0ef53""}",2026-07-23T06:29:47.459881659Z
"2026-07-23T06:29:47.437Z [[32minfo[39m] ✅ QoS 1 PUBACK confirmed {""service"":""mqtt-publisher-lite"",""deviceId"":""DEVICE-13"",""messageId"":44725,""deliveryTime"":""219ms"",""pendingCount"":0}",info,"{""level"":""info""}","{""project"":""90a47e04-a329-4122-9c82-2ee75a4562c2"",""environment"":""f6319bd4-2e87-40d4-8547-4ce714038bc1"",""service"":""c236b8cb-3eff-45c5-aca0-23e73e33dc8d"",""deployment"":""69394420-c732-4ebe-a5fd-54c2d5628ea7"",""replica"":""7fc15fda-5103-4647-b7c4-6251ceb0ef53""}",2026-07-23T06:29:47.459885799Z
"2026-07-23T06:29:47.437Z [[34mdebug[39m] ✅ [LIFECYCLE:PUBACK_OK] Device confirmed message receipt {""service"":""mqtt-publisher-lite"",""deviceId"":""DEVICE-13""}",info,"{""level"":""info""}","{""project"":""90a47e04-a329-4122-9c82-2ee75a4562c2"",""environment"":""f6319bd4-2e87-40d4-8547-4ce714038bc1"",""service"":""c236b8cb-3eff-45c5-aca0-23e73e33dc8d"",""deployment"":""69394420-c732-4ebe-a5fd-54c2d5628ea7"",""replica"":""7fc15fda-5103-4647-b7c4-6251ceb0ef53""}",2026-07-23T06:29:47.459889749Z
"2026-07-23T06:29:47.437Z [[34mdebug[39m] Message published {""service"":""mqtt-publisher-lite"",""topic"":""proof.mqtt/DEVICE-13/gmb"",""qos"":1,""deliveryTime"":""219ms""}",info,"{""level"":""info""}","{""project"":""90a47e04-a329-4122-9c82-2ee75a4562c2"",""environment"":""f6319bd4-2e87-40d4-8547-4ce714038bc1"",""service"":""c236b8cb-3eff-45c5-aca0-23e73e33dc8d"",""deployment"":""69394420-c732-4ebe-a5fd-54c2d5628ea7"",""replica"":""7fc15fda-5103-4647-b7c4-6251ceb0ef53""}",2026-07-23T06:29:47.459893439Z
"2026-07-23T06:29:47.438Z [[34mdebug[39m] Message received {""service"":""mqtt-publisher-lite"",""topic"":""proof.mqtt/DEVICE-13/gmb"",""size"":246,""retain"":false}",info,"{""level"":""info""}","{""project"":""90a47e04-a329-4122-9c82-2ee75a4562c2"",""environment"":""f6319bd4-2e87-40d4-8547-4ce714038bc1"",""service"":""c236b8cb-3eff-45c5-aca0-23e73e33dc8d"",""deployment"":""69394420-c732-4ebe-a5fd-54c2d5628ea7"",""replica"":""7fc15fda-5103-4647-b7c4-6251ceb0ef53""}",2026-07-23T06:29:47.459897409Z
"2026-07-23T06:29:47.438Z [[34mdebug[39m] Skipping echo message {""service"":""mqtt-publisher-lite"",""topic"":""proof.mqtt/DEVICE-13/gmb"",""age"":""1ms""}",info,"{""level"":""info""}","{""project"":""90a47e04-a329-4122-9c82-2ee75a4562c2"",""environment"":""f6319bd4-2e87-40d4-8547-4ce714038bc1"",""service"":""c236b8cb-3eff-45c5-aca0-23e73e33dc8d"",""deployment"":""69394420-c732-4ebe-a5fd-54c2d5628ea7"",""replica"":""7fc15fda-5103-4647-b7c4-6251ceb0ef53""}",2026-07-23T06:29:47.459901199Z
"2026-07-23T06:29:47.438Z [[34mdebug[39m] Screen message received {""service"":""mqtt-publisher-lite"",""topic"":""proof.mqtt/DEVICE-13/gmb"",""screen"":""gmb""}",info,"{""level"":""info""}","{""project"":""90a47e04-a329-4122-9c82-2ee75a4562c2"",""environment"":""f6319bd4-2e87-40d4-8547-4ce714038bc1"",""service"":""c236b8cb-3eff-45c5-aca0-23e73e33dc8d"",""deployment"":""69394420-c732-4ebe-a5fd-54c2d5628ea7"",""replica"":""7fc15fda-5103-4647-b7c4-6251ceb0ef53""}",2026-07-23T06:29:47.459905109Z
"2026-07-23T06:29:47.537Z [[32minfo[39m] [STIM_GMB] Published {""service"":""mqtt-publisher-lite"",""deviceId"":""DEVICE-13"",""reviews"":22,""target"":100,""mode"":""synthetic"",""celebration"":""false"",""done"":false}",info,"{""level"":""info""}","{""project"":""90a47e04-a329-4122-9c82-2ee75a4562c2"",""environment"":""f6319bd4-2e87-40d4-8547-4ce714038bc1"",""service"":""c236b8cb-3eff-45c5-aca0-23e73e33dc8d"",""deployment"":""69394420-c732-4ebe-a5fd-54c2d5628ea7"",""replica"":""7fc15fda-5103-4647-b7c4-6251ceb0ef53""}",2026-07-23T06:29:47.545696479Z
"2026-07-23T06:29:59.207Z [[32minfo[39m] 📤 QoS 1 message sent {""service"":""mqtt-publisher-lite"",""messageId"":44726,""topic"":""proof.mqtt/DEVICE-15/instagram"",""qos"":1}",info,"{""level"":""info""}","{""project"":""90a47e04-a329-4122-9c82-2ee75a4562c2"",""environment"":""f6319bd4-2e87-40d4-8547-4ce714038bc1"",""service"":""c236b8cb-3eff-45c5-aca0-23e73e33dc8d"",""deployment"":""69394420-c732-4ebe-a5fd-54c2d5628ea7"",""replica"":""7fc15fda-5103-4647-b7c4-6251ceb0ef53""}",2026-07-23T06:30:07.831446378Z
"2026-07-23T06:29:59.207Z [[32minfo[39m] ⏱️ Tracking QoS 1 message (30s timeout) {""service"":""mqtt-publisher-lite"",""deviceId"":""DEVICE-15"",""messageId"":44726,""topic"":""proof.mqtt/DEVICE-15/instagram"",""pendingCount"":1}",info,"{""level"":""info""}","{""project"":""90a47e04-a329-4122-9c82-2ee75a4562c2"",""environment"":""f6319bd4-2e87-40d4-8547-4ce714038bc1"",""service"":""c236b8cb-3eff-45c5-aca0-23e73e33dc8d"",""deployment"":""69394420-c732-4ebe-a5fd-54c2d5628ea7"",""replica"":""7fc15fda-5103-4647-b7c4-6251ceb0ef53""}",2026-07-23T06:30:07.831452798Z
"2026-07-23T06:29:59.261Z [[34mdebug[39m] [IG_DIRECT] No Instagram credentials (Redis proof.mqtt:device:{id} or active-devices.json) {""service"":""mqtt-publisher-lite"",""deviceId"":""DEVICE-17"",""trigger"":""scheduled""}",info,"{""level"":""info""}","{""project"":""90a47e04-a329-4122-9c82-2ee75a4562c2"",""environment"":""f6319bd4-2e87-40d4-8547-4ce714038bc1"",""service"":""c236b8cb-3eff-45c5-aca0-23e73e33dc8d"",""deployment"":""69394420-c732-4ebe-a5fd-54c2d5628ea7"",""replica"":""7fc15fda-5103-4647-b7c4-6251ceb0ef53""}",2026-07-23T06:30:07.831458088Z
"2026-07-23T06:29:59.302Z [[32minfo[39m] 📤 QoS 1 message sent {""service"":""mqtt-publisher-lite"",""messageId"":44727,""topic"":""proof.mqtt/DEVICE-15/gmb"",""qos"":1}",info,"{""level"":""info""}","{""project"":""90a47e04-a329-4122-9c82-2ee75a4562c2"",""environment"":""f6319bd4-2e87-40d4-8547-4ce714038bc1"",""service"":""c236b8cb-3eff-45c5-aca0-23e73e33dc8d"",""deployment"":""69394420-c732-4ebe-a5fd-54c2d5628ea7"",""replica"":""7fc15fda-5103-4647-b7c4-6251ceb0ef53""}",2026-07-23T06:30:07.831463088Z
"2026-07-23T06:29:59.302Z [[32minfo[39m] ⏱️ Tracking QoS 1 message (30s timeout) {""service"":""mqtt-publisher-lite"",""deviceId"":""DEVICE-15"",""messageId"":44727,""topic"":""proof.mqtt/DEVICE-15/gmb"",""pendingCount"":2}",info,"{""level"":""info""}","{""project"":""90a47e04-a329-4122-9c82-2ee75a4562c2"",""environment"":""f6319bd4-2e87-40d4-8547-4ce714038bc1"",""service"":""c236b8cb-3eff-45c5-aca0-23e73e33dc8d"",""deployment"":""69394420-c732-4ebe-a5fd-54c2d5628ea7"",""replica"":""7fc15fda-5103-4647-b7c4-6251ceb0ef53""}",2026-07-23T06:30:07.831468678Z
"2026-07-23T06:29:59.363Z [[34mdebug[39m] Instagram fetch audit written to InfluxDB {""service"":""mqtt-publisher-lite"",""deviceId"":""DEVICE-17"",""success"":false}",info,"{""level"":""info""}","{""project"":""90a47e04-a329-4122-9c82-2ee75a4562c2"",""environment"":""f6319bd4-2e87-40d4-8547-4ce714038bc1"",""service"":""c236b8cb-3eff-45c5-aca0-23e73e33dc8d"",""deployment"":""69394420-c732-4ebe-a5fd-54c2d5628ea7"",""replica"":""7fc15fda-5103-4647-b7c4-6251ceb0ef53""}",2026-07-23T06:30:07.831474438Z
"2026-07-23T06:29:59.363Z [[33mwarn[39m] [IG_SCREEN] Skipping MQTT for failed fetch {""service"":""mqtt-publisher-lite"",""deviceId"":""DEVICE-17"",""error"":""no_instagram_credentials""}",info,"{""level"":""info""}","{""project"":""90a47e04-a329-4122-9c82-2ee75a4562c2"",""environment"":""f6319bd4-2e87-40d4-8547-4ce714038bc1"",""service"":""c236b8cb-3eff-45c5-aca0-23e73e33dc8d"",""deployment"":""69394420-c732-4ebe-a5fd-54c2d5628ea7"",""replica"":""7fc15fda-5103-4647-b7c4-6251ceb0ef53""}",2026-07-23T06:30:07.831479578Z
"2026-07-23T06:29:59.365Z [[32minfo[39m] InfluxDB batch flush {""service"":""mqtt-publisher-lite"",""source"":""metrics_disk_queue_worker"",""count"":1,""lines"":[""instagram_fetch_audit,device_id=DEVICE-17,success=false,trigger_type=scheduled duration_ms=0i,error_message=\""no_instagram_credentials\"",user_id_at_time=\""unknown\"" 1784788199261000000""]}",info,"{""level"":""info""}","{""project"":""90a47e04-a329-4122-9c82-2ee75a4562c2"",""environment"":""f6319bd4-2e87-40d4-8547-4ce714038bc1"",""service"":""c236b8cb-3eff-45c5-aca0-23e73e33dc8d"",""deployment"":""69394420-c732-4ebe-a5fd-54c2d5628ea7"",""replica"":""7fc15fda-5103-4647-b7c4-6251ceb0ef53""}",2026-07-23T06:30:07.831484728Z
"2026-07-23T06:29:59.426Z [[32minfo[39m] ✅ PUBACK received {""service"":""mqtt-publisher-lite"",""messageId"":44726}",info,"{""level"":""info""}","{""project"":""90a47e04-a329-4122-9c82-2ee75a4562c2"",""environment"":""f6319bd4-2e87-40d4-8547-4ce714038bc1"",""service"":""c236b8cb-3eff-45c5-aca0-23e73e33dc8d"",""deployment"":""69394420-c732-4ebe-a5fd-54c2d5628ea7"",""replica"":""7fc15fda-5103-4647-b7c4-6251ceb0ef53""}",2026-07-23T06:30:07.831490398Z
"2026-07-23T06:29:59.427Z [[32minfo[39m] ✅ QoS 1 PUBACK confirmed {""service"":""mqtt-publisher-lite"",""deviceId"":""DEVICE-15"",""messageId"":44726,""deliveryTime"":""220ms"",""pendingCount"":1}",info,"{""level"":""info""}","{""project"":""90a47e04-a329-4122-9c82-2ee75a4562c2"",""environment"":""f6319bd4-2e87-40d4-8547-4ce714038bc1"",""service"":""c236b8cb-3eff-45c5-aca0-23e73e33dc8d"",""deployment"":""69394420-c732-4ebe-a5fd-54c2d5628ea7"",""replica"":""7fc15fda-5103-4647-b7c4-6251ceb0ef53""}",2026-07-23T06:30:07.833450143Z
"2026-07-23T06:29:59.427Z [[34mdebug[39m] ✅ [LIFECYCLE:PUBACK_OK] Device confirmed message receipt {""service"":""mqtt-publisher-lite"",""deviceId"":""DEVICE-15""}",info,"{""level"":""info""}","{""project"":""90a47e04-a329-4122-9c82-2ee75a4562c2"",""environment"":""f6319bd4-2e87-40d4-8547-4ce714038bc1"",""service"":""c236b8cb-3eff-45c5-aca0-23e73e33dc8d"",""deployment"":""69394420-c732-4ebe-a5fd-54c2d5628ea7"",""replica"":""7fc15fda-5103-4647-b7c4-6251ceb0ef53""}",2026-07-23T06:30:07.833456683Z
"2026-07-23T06:29:59.427Z [[34mdebug[39m] Message published {""service"":""mqtt-publisher-lite"",""topic"":""proof.mqtt/DEVICE-15/instagram"",""qos"":1,""deliveryTime"":""220ms""}",info,"{""level"":""info""}","{""project"":""90a47e04-a329-4122-9c82-2ee75a4562c2"",""environment"":""f6319bd4-2e87-40d4-8547-4ce714038bc1"",""service"":""c236b8cb-3eff-45c5-aca0-23e73e33dc8d"",""deployment"":""69394420-c732-4ebe-a5fd-54c2d5628ea7"",""replica"":""7fc15fda-5103-4647-b7c4-6251ceb0ef53""}",2026-07-23T06:30:07.833461613Z
"2026-07-23T06:29:59.427Z [[34mdebug[39m] Message received {""service"":""mqtt-publisher-lite"",""topic"":""proof.mqtt/DEVICE-15/instagram"",""size"":254,""retain"":false}",info,"{""level"":""info""}","{""project"":""90a47e04-a329-4122-9c82-2ee75a4562c2"",""environment"":""f6319bd4-2e87-40d4-8547-4ce714038bc1"",""service"":""c236b8cb-3eff-45c5-aca0-23e73e33dc8d"",""deployment"":""69394420-c732-4ebe-a5fd-54c2d5628ea7"",""replica"":""7fc15fda-5103-4647-b7c4-6251ceb0ef53""}",2026-07-23T06:30:07.833467853Z
"2026-07-23T06:29:59.427Z [[34mdebug[39m] Skipping echo message {""service"":""mqtt-publisher-lite"",""topic"":""proof.mqtt/DEVICE-15/instagram"",""age"":""0ms""}",info,"{""level"":""info""}","{""project"":""90a47e04-a329-4122-9c82-2ee75a4562c2"",""environment"":""f6319bd4-2e87-40d4-8547-4ce714038bc1"",""service"":""c236b8cb-3eff-45c5-aca0-23e73e33dc8d"",""deployment"":""69394420-c732-4ebe-a5fd-54c2d5628ea7"",""replica"":""7fc15fda-5103-4647-b7c4-6251ceb0ef53""}",2026-07-23T06:30:07.833472593Z
"2026-07-23T06:29:59.428Z [[34mdebug[39m] Screen message received {""service"":""mqtt-publisher-lite"",""topic"":""proof.mqtt/DEVICE-15/instagram"",""screen"":""instagram""}",info,"{""level"":""info""}","{""project"":""90a47e04-a329-4122-9c82-2ee75a4562c2"",""environment"":""f6319bd4-2e87-40d4-8547-4ce714038bc1"",""service"":""c236b8cb-3eff-45c5-aca0-23e73e33dc8d"",""deployment"":""69394420-c732-4ebe-a5fd-54c2d5628ea7"",""replica"":""7fc15fda-5103-4647-b7c4-6251ceb0ef53""}",2026-07-23T06:30:07.833478713Z
"2026-07-23T06:29:59.521Z [[32minfo[39m] ✅ PUBACK received {""service"":""mqtt-publisher-lite"",""messageId"":44727}",info,"{""level"":""info""}","{""project"":""90a47e04-a329-4122-9c82-2ee75a4562c2"",""environment"":""f6319bd4-2e87-40d4-8547-4ce714038bc1"",""service"":""c236b8cb-3eff-45c5-aca0-23e73e33dc8d"",""deployment"":""69394420-c732-4ebe-a5fd-54c2d5628ea7"",""replica"":""7fc15fda-5103-4647-b7c4-6251ceb0ef53""}",2026-07-23T06:30:07.833484523Z
"2026-07-23T06:29:59.521Z [[32minfo[39m] ✅ QoS 1 PUBACK confirmed {""service"":""mqtt-publisher-lite"",""deviceId"":""DEVICE-15"",""messageId"":44727,""deliveryTime"":""219ms"",""pendingCount"":0}",info,"{""level"":""info""}","{""project"":""90a47e04-a329-4122-9c82-2ee75a4562c2"",""environment"":""f6319bd4-2e87-40d4-8547-4ce714038bc1"",""service"":""c236b8cb-3eff-45c5-aca0-23e73e33dc8d"",""deployment"":""69394420-c732-4ebe-a5fd-54c2d5628ea7"",""replica"":""7fc15fda-5103-4647-b7c4-6251ceb0ef53""}",2026-07-23T06:30:07.833489493Z
"2026-07-23T06:29:59.521Z [[34mdebug[39m] ✅ [LIFECYCLE:PUBACK_OK] Device confirmed message receipt {""service"":""mqtt-publisher-lite"",""deviceId"":""DEVICE-15""}",info,"{""level"":""info""}","{""project"":""90a47e04-a329-4122-9c82-2ee75a4562c2"",""environment"":""f6319bd4-2e87-40d4-8547-4ce714038bc1"",""service"":""c236b8cb-3eff-45c5-aca0-23e73e33dc8d"",""deployment"":""69394420-c732-4ebe-a5fd-54c2d5628ea7"",""replica"":""7fc15fda-5103-4647-b7c4-6251ceb0ef53""}",2026-07-23T06:30:07.833495173Z
"2026-07-23T06:29:59.521Z [[34mdebug[39m] Message published {""service"":""mqtt-publisher-lite"",""topic"":""proof.mqtt/DEVICE-15/gmb"",""qos"":1,""deliveryTime"":""219ms""}",info,"{""level"":""info""}","{""project"":""90a47e04-a329-4122-9c82-2ee75a4562c2"",""environment"":""f6319bd4-2e87-40d4-8547-4ce714038bc1"",""service"":""c236b8cb-3eff-45c5-aca0-23e73e33dc8d"",""deployment"":""69394420-c732-4ebe-a5fd-54c2d5628ea7"",""replica"":""7fc15fda-5103-4647-b7c4-6251ceb0ef53""}",2026-07-23T06:30:07.833499953Z
"2026-07-23T06:29:59.522Z [[34mdebug[39m] Message received {""service"":""mqtt-publisher-lite"",""topic"":""proof.mqtt/DEVICE-15/gmb"",""size"":246,""retain"":false}",info,"{""level"":""info""}","{""project"":""90a47e04-a329-4122-9c82-2ee75a4562c2"",""environment"":""f6319bd4-2e87-40d4-8547-4ce714038bc1"",""service"":""c236b8cb-3eff-45c5-aca0-23e73e33dc8d"",""deployment"":""69394420-c732-4ebe-a5fd-54c2d5628ea7"",""replica"":""7fc15fda-5103-4647-b7c4-6251ceb0ef53""}",2026-07-23T06:30:07.833503723Z
"2026-07-23T06:29:59.522Z [[34mdebug[39m] Skipping echo message {""service"":""mqtt-publisher-lite"",""topic"":""proof.mqtt/DEVICE-15/gmb"",""age"":""1ms""}",info,"{""level"":""info""}","{""project"":""90a47e04-a329-4122-9c82-2ee75a4562c2"",""environment"":""f6319bd4-2e87-40d4-8547-4ce714038bc1"",""service"":""c236b8cb-3eff-45c5-aca0-23e73e33dc8d"",""deployment"":""69394420-c732-4ebe-a5fd-54c2d5628ea7"",""replica"":""7fc15fda-5103-4647-b7c4-6251ceb0ef53""}",2026-07-23T06:30:07.834965661Z
"2026-07-23T06:29:59.522Z [[34mdebug[39m] Screen message received {""service"":""mqtt-publisher-lite"",""topic"":""proof.mqtt/DEVICE-15/gmb"",""screen"":""gmb""}",info,"{""level"":""info""}","{""project"":""90a47e04-a329-4122-9c82-2ee75a4562c2"",""environment"":""f6319bd4-2e87-40d4-8547-4ce714038bc1"",""service"":""c236b8cb-3eff-45c5-aca0-23e73e33dc8d"",""deployment"":""69394420-c732-4ebe-a5fd-54c2d5628ea7"",""replica"":""7fc15fda-5103-4647-b7c4-6251ceb0ef53""}",2026-07-23T06:30:07.834971961Z
"2026-07-23T06:29:59.526Z [[32minfo[39m] [STIM_IG] Published {""service"":""mqtt-publisher-lite"",""deviceId"":""DEVICE-15"",""followers"":30,""target"":500,""mode"":""synthetic"",""achievement"":35,""celebration"":""true"",""done"":false}",info,"{""level"":""info""}","{""project"":""90a47e04-a329-4122-9c82-2ee75a4562c2"",""environment"":""f6319bd4-2e87-40d4-8547-4ce714038bc1"",""service"":""c236b8cb-3eff-45c5-aca0-23e73e33dc8d"",""deployment"":""69394420-c732-4ebe-a5fd-54c2d5628ea7"",""replica"":""7fc15fda-5103-4647-b7c4-6251ceb0ef53""}",2026-07-23T06:30:07.834976531Z
"2026-07-23T06:29:59.621Z [[32minfo[39m] [STIM_GMB] Published {""service"":""mqtt-publisher-lite"",""deviceId"":""DEVICE-15"",""reviews"":28,""target"":100,""mode"":""synthetic"",""celebration"":""false"",""done"":false}",info,"{""level"":""info""}","{""project"":""90a47e04-a329-4122-9c82-2ee75a4562c2"",""environment"":""f6319bd4-2e87-40d4-8547-4ce714038bc1"",""service"":""c236b8cb-3eff-45c5-aca0-23e73e33dc8d"",""deployment"":""69394420-c732-4ebe-a5fd-54c2d5628ea7"",""replica"":""7fc15fda-5103-4647-b7c4-6251ceb0ef53""}",2026-07-23T06:30:07.834980421Z
"2026-07-23T06:30:17.107Z [[32minfo[39m] ⏱️ Tracking QoS 1 message (30s timeout) {""service"":""mqtt-publisher-lite"",""deviceId"":""DEVICE-13"",""messageId"":44728,""topic"":""proof.mqtt/DEVICE-13/instagram"",""pendingCount"":1}",info,"{""level"":""info""}","{""project"":""90a47e04-a329-4122-9c82-2ee75a4562c2"",""environment"":""f6319bd4-2e87-40d4-8547-4ce714038bc1"",""service"":""c236b8cb-3eff-45c5-aca0-23e73e33dc8d"",""deployment"":""69394420-c732-4ebe-a5fd-54c2d5628ea7"",""replica"":""7fc15fda-5103-4647-b7c4-6251ceb0ef53""}",2026-07-23T06:30:17.152639398Z
"2026-07-23T06:30:17.107Z [[32minfo[39m] 📤 QoS 1 message sent {""service"":""mqtt-publisher-lite"",""messageId"":44728,""topic"":""proof.mqtt/DEVICE-13/instagram"",""qos"":1}",info,"{""level"":""info""}","{""project"":""90a47e04-a329-4122-9c82-2ee75a4562c2"",""environment"":""f6319bd4-2e87-40d4-8547-4ce714038bc1"",""service"":""c236b8cb-3eff-45c5-aca0-23e73e33dc8d"",""deployment"":""69394420-c732-4ebe-a5fd-54c2d5628ea7"",""replica"":""7fc15fda-5103-4647-b7c4-6251ceb0ef53""}",2026-07-23T06:30:17.152786397Z
"2026-07-23T06:30:17.218Z [[32minfo[39m] 📤 QoS 1 message sent {""service"":""mqtt-publisher-lite"",""messageId"":44729,""topic"":""proof.mqtt/DEVICE-13/gmb"",""qos"":1}",info,"{""level"":""info""}","{""project"":""90a47e04-a329-4122-9c82-2ee75a4562c2"",""environment"":""f6319bd4-2e87-40d4-8547-4ce714038bc1"",""service"":""c236b8cb-3eff-45c5-aca0-23e73e33dc8d"",""deployment"":""69394420-c732-4ebe-a5fd-54c2d5628ea7"",""replica"":""7fc15fda-5103-4647-b7c4-6251ceb0ef53""}",2026-07-23T06:30:17.228227033Z
"2026-07-23T06:30:17.218Z [[32minfo[39m] ⏱️ Tracking QoS 1 message (30s timeout) {""service"":""mqtt-publisher-lite"",""deviceId"":""DEVICE-13"",""messageId"":44729,""topic"":""proof.mqtt/DEVICE-13/gmb"",""pendingCount"":2}",info,"{""level"":""info""}","{""project"":""90a47e04-a329-4122-9c82-2ee75a4562c2"",""environment"":""f6319bd4-2e87-40d4-8547-4ce714038bc1"",""service"":""c236b8cb-3eff-45c5-aca0-23e73e33dc8d"",""deployment"":""69394420-c732-4ebe-a5fd-54c2d5628ea7"",""replica"":""7fc15fda-5103-4647-b7c4-6251ceb0ef53""}",2026-07-23T06:30:17.228233713Z
"2026-07-23T06:30:17.326Z [[32minfo[39m] ✅ PUBACK received {""service"":""mqtt-publisher-lite"",""messageId"":44728}",info,"{""level"":""info""}","{""project"":""90a47e04-a329-4122-9c82-2ee75a4562c2"",""environment"":""f6319bd4-2e87-40d4-8547-4ce714038bc1"",""service"":""c236b8cb-3eff-45c5-aca0-23e73e33dc8d"",""deployment"":""69394420-c732-4ebe-a5fd-54c2d5628ea7"",""replica"":""7fc15fda-5103-4647-b7c4-6251ceb0ef53""}",2026-07-23T06:30:17.334446675Z
"2026-07-23T06:30:17.326Z [[32minfo[39m] ✅ QoS 1 PUBACK confirmed {""service"":""mqtt-publisher-lite"",""deviceId"":""DEVICE-13"",""messageId"":44728,""deliveryTime"":""219ms"",""pendingCount"":1}",info,"{""level"":""info""}","{""project"":""90a47e04-a329-4122-9c82-2ee75a4562c2"",""environment"":""f6319bd4-2e87-40d4-8547-4ce714038bc1"",""service"":""c236b8cb-3eff-45c5-aca0-23e73e33dc8d"",""deployment"":""69394420-c732-4ebe-a5fd-54c2d5628ea7"",""replica"":""7fc15fda-5103-4647-b7c4-6251ceb0ef53""}",2026-07-23T06:30:17.334451885Z
"2026-07-23T06:30:17.326Z [[34mdebug[39m] ✅ [LIFECYCLE:PUBACK_OK] Device confirmed message receipt {""service"":""mqtt-publisher-lite"",""deviceId"":""DEVICE-13""}",info,"{""level"":""info""}","{""project"":""90a47e04-a329-4122-9c82-2ee75a4562c2"",""environment"":""f6319bd4-2e87-40d4-8547-4ce714038bc1"",""service"":""c236b8cb-3eff-45c5-aca0-23e73e33dc8d"",""deployment"":""69394420-c732-4ebe-a5fd-54c2d5628ea7"",""replica"":""7fc15fda-5103-4647-b7c4-6251ceb0ef53""}",2026-07-23T06:30:17.334454905Z
"2026-07-23T06:30:17.326Z [[34mdebug[39m] Message published {""service"":""mqtt-publisher-lite"",""topic"":""proof.mqtt/DEVICE-13/instagram"",""qos"":1,""deliveryTime"":""220ms""}",info,"{""level"":""info""}","{""project"":""90a47e04-a329-4122-9c82-2ee75a4562c2"",""environment"":""f6319bd4-2e87-40d4-8547-4ce714038bc1"",""service"":""c236b8cb-3eff-45c5-aca0-23e73e33dc8d"",""deployment"":""69394420-c732-4ebe-a5fd-54c2d5628ea7"",""replica"":""7fc15fda-5103-4647-b7c4-6251ceb0ef53""}",2026-07-23T06:30:17.334458095Z
"2026-07-23T06:30:17.327Z [[34mdebug[39m] Message received {""service"":""mqtt-publisher-lite"",""topic"":""proof.mqtt/DEVICE-13/instagram"",""size"":254,""retain"":false}",info,"{""level"":""info""}","{""project"":""90a47e04-a329-4122-9c82-2ee75a4562c2"",""environment"":""f6319bd4-2e87-40d4-8547-4ce714038bc1"",""service"":""c236b8cb-3eff-45c5-aca0-23e73e33dc8d"",""deployment"":""69394420-c732-4ebe-a5fd-54c2d5628ea7"",""replica"":""7fc15fda-5103-4647-b7c4-6251ceb0ef53""}",2026-07-23T06:30:17.334461265Z
"2026-07-23T06:30:17.327Z [[34mdebug[39m] Skipping echo message {""service"":""mqtt-publisher-lite"",""topic"":""proof.mqtt/DEVICE-13/instagram"",""age"":""1ms""}",info,"{""level"":""info""}","{""project"":""90a47e04-a329-4122-9c82-2ee75a4562c2"",""environment"":""f6319bd4-2e87-40d4-8547-4ce714038bc1"",""service"":""c236b8cb-3eff-45c5-aca0-23e73e33dc8d"",""deployment"":""69394420-c732-4ebe-a5fd-54c2d5628ea7"",""replica"":""7fc15fda-5103-4647-b7c4-6251ceb0ef53""}",2026-07-23T06:30:17.334464315Z
"2026-07-23T06:30:17.327Z [[34mdebug[39m] Screen message received {""service"":""mqtt-publisher-lite"",""topic"":""proof.mqtt/DEVICE-13/instagram"",""screen"":""instagram""}",info,"{""level"":""info""}","{""project"":""90a47e04-a329-4122-9c82-2ee75a4562c2"",""environment"":""f6319bd4-2e87-40d4-8547-4ce714038bc1"",""service"":""c236b8cb-3eff-45c5-aca0-23e73e33dc8d"",""deployment"":""69394420-c732-4ebe-a5fd-54c2d5628ea7"",""replica"":""7fc15fda-5103-4647-b7c4-6251ceb0ef53""}",2026-07-23T06:30:17.334467675Z
"2026-07-23T06:30:17.426Z [[32minfo[39m] [STIM_IG] Published {""service"":""mqtt-publisher-lite"",""deviceId"":""DEVICE-13"",""followers"":25,""target"":500,""mode"":""synthetic"",""achievement"":30,""celebration"":""true"",""done"":false}",info,"{""level"":""info""}","{""project"":""90a47e04-a329-4122-9c82-2ee75a4562c2"",""environment"":""f6319bd4-2e87-40d4-8547-4ce714038bc1"",""service"":""c236b8cb-3eff-45c5-aca0-23e73e33dc8d"",""deployment"":""69394420-c732-4ebe-a5fd-54c2d5628ea7"",""replica"":""7fc15fda-5103-4647-b7c4-6251ceb0ef53""}",2026-07-23T06:30:17.427780764Z
"2026-07-23T06:30:17.437Z [[32minfo[39m] ✅ PUBACK received {""service"":""mqtt-publisher-lite"",""messageId"":44729}",info,"{""level"":""info""}","{""project"":""90a47e04-a329-4122-9c82-2ee75a4562c2"",""environment"":""f6319bd4-2e87-40d4-8547-4ce714038bc1"",""service"":""c236b8cb-3eff-45c5-aca0-23e73e33dc8d"",""deployment"":""69394420-c732-4ebe-a5fd-54c2d5628ea7"",""replica"":""7fc15fda-5103-4647-b7c4-6251ceb0ef53""}",2026-07-23T06:30:17.444365628Z
"2026-07-23T06:30:17.437Z [[32minfo[39m] ✅ QoS 1 PUBACK confirmed {""service"":""mqtt-publisher-lite"",""deviceId"":""DEVICE-13"",""messageId"":44729,""deliveryTime"":""219ms"",""pendingCount"":0}",info,"{""level"":""info""}","{""project"":""90a47e04-a329-4122-9c82-2ee75a4562c2"",""environment"":""f6319bd4-2e87-40d4-8547-4ce714038bc1"",""service"":""c236b8cb-3eff-45c5-aca0-23e73e33dc8d"",""deployment"":""69394420-c732-4ebe-a5fd-54c2d5628ea7"",""replica"":""7fc15fda-5103-4647-b7c4-6251ceb0ef53""}",2026-07-23T06:30:17.444371068Z
"2026-07-23T06:30:17.437Z [[34mdebug[39m] ✅ [LIFECYCLE:PUBACK_OK] Device confirmed message receipt {""service"":""mqtt-publisher-lite"",""deviceId"":""DEVICE-13""}",info,"{""level"":""info""}","{""project"":""90a47e04-a329-4122-9c82-2ee75a4562c2"",""environment"":""f6319bd4-2e87-40d4-8547-4ce714038bc1"",""service"":""c236b8cb-3eff-45c5-aca0-23e73e33dc8d"",""deployment"":""69394420-c732-4ebe-a5fd-54c2d5628ea7"",""replica"":""7fc15fda-5103-4647-b7c4-6251ceb0ef53""}",2026-07-23T06:30:17.444374328Z
"2026-07-23T06:30:17.437Z [[34mdebug[39m] Message published {""service"":""mqtt-publisher-lite"",""topic"":""proof.mqtt/DEVICE-13/gmb"",""qos"":1,""deliveryTime"":""219ms""}",info,"{""level"":""info""}","{""project"":""90a47e04-a329-4122-9c82-2ee75a4562c2"",""environment"":""f6319bd4-2e87-40d4-8547-4ce714038bc1"",""service"":""c236b8cb-3eff-45c5-aca0-23e73e33dc8d"",""deployment"":""69394420-c732-4ebe-a5fd-54c2d5628ea7"",""replica"":""7fc15fda-5103-4647-b7c4-6251ceb0ef53""}",2026-07-23T06:30:17.444378298Z
"2026-07-23T06:30:17.438Z [[34mdebug[39m] Message received {""service"":""mqtt-publisher-lite"",""topic"":""proof.mqtt/DEVICE-13/gmb"",""size"":246,""retain"":false}",info,"{""level"":""info""}","{""project"":""90a47e04-a329-4122-9c82-2ee75a4562c2"",""environment"":""f6319bd4-2e87-40d4-8547-4ce714038bc1"",""service"":""c236b8cb-3eff-45c5-aca0-23e73e33dc8d"",""deployment"":""69394420-c732-4ebe-a5fd-54c2d5628ea7"",""replica"":""7fc15fda-5103-4647-b7c4-6251ceb0ef53""}",2026-07-23T06:30:17.444381278Z
"2026-07-23T06:30:17.438Z [[34mdebug[39m] Skipping echo message {""service"":""mqtt-publisher-lite"",""topic"":""proof.mqtt/DEVICE-13/gmb"",""age"":""1ms""}",info,"{""level"":""info""}","{""project"":""90a47e04-a329-4122-9c82-2ee75a4562c2"",""environment"":""f6319bd4-2e87-40d4-8547-4ce714038bc1"",""service"":""c236b8cb-3eff-45c5-aca0-23e73e33dc8d"",""deployment"":""69394420-c732-4ebe-a5fd-54c2d5628ea7"",""replica"":""7fc15fda-5103-4647-b7c4-6251ceb0ef53""}",2026-07-23T06:30:17.444384748Z
"2026-07-23T06:30:17.438Z [[34mdebug[39m] Screen message received {""service"":""mqtt-publisher-lite"",""topic"":""proof.mqtt/DEVICE-13/gmb"",""screen"":""gmb""}",info,"{""level"":""info""}","{""project"":""90a47e04-a329-4122-9c82-2ee75a4562c2"",""environment"":""f6319bd4-2e87-40d4-8547-4ce714038bc1"",""service"":""c236b8cb-3eff-45c5-aca0-23e73e33dc8d"",""deployment"":""69394420-c732-4ebe-a5fd-54c2d5628ea7"",""replica"":""7fc15fda-5103-4647-b7c4-6251ceb0ef53""}",2026-07-23T06:30:17.444388178Z
"2026-07-23T06:30:17.536Z [[32minfo[39m] [STIM_GMB] Published {""service"":""mqtt-publisher-lite"",""deviceId"":""DEVICE-13"",""reviews"":23,""target"":100,""mode"":""synthetic"",""celebration"":""false"",""done"":false}",info,"{""level"":""info""}","{""project"":""90a47e04-a329-4122-9c82-2ee75a4562c2"",""environment"":""f6319bd4-2e87-40d4-8547-4ce714038bc1"",""service"":""c236b8cb-3eff-45c5-aca0-23e73e33dc8d"",""deployment"":""69394420-c732-4ebe-a5fd-54c2d5628ea7"",""replica"":""7fc15fda-5103-4647-b7c4-6251ceb0ef53""}",2026-07-23T06:30:17.543743892Z
"2026-07-23T06:30:29.414Z [[32minfo[39m] ✅ PUBACK received {""service"":""mqtt-publisher-lite"",""messageId"":44730}",info,"{""level"":""info""}","{""project"":""90a47e04-a329-4122-9c82-2ee75a4562c2"",""environment"":""f6319bd4-2e87-40d4-8547-4ce714038bc1"",""service"":""c236b8cb-3eff-45c5-aca0-23e73e33dc8d"",""deployment"":""69394420-c732-4ebe-a5fd-54c2d5628ea7"",""replica"":""7fc15fda-5103-4647-b7c4-6251ceb0ef53""}",2026-07-23T06:30:37.515681695Z
"2026-07-23T06:30:29.100Z [[32minfo[39m] 📤 [PUBLISH_CYCLE] Starting publish cycle {""service"":""mqtt-publisher-lite"",""deviceCount"":4,""source"":""redis"",""devices"":[{""id"":""DEVICE-17"",""userId"":""(none)"",""lastSeen"":""2026-07-23T06:29:29.423Z""},{""id"":""DEVICE-15"",""userId"":""68d3753f9f99d6b73ae2d991"",""lastSeen"":""2026-07-23T06:29:59.521Z""},{""id"":""DEVICE-13"",""userId"":""6937af58f950f0f5356a1599"",""lastSeen"":""2026-07-23T06:30:17.437Z""},{""id"":""DEVICE-19"",""userId"":""68d3753f9f99d6b73ae2d991"",""lastSeen"":""2026-07-23T06:27:34.170Z""}]}",info,"{""level"":""info""}","{""project"":""90a47e04-a329-4122-9c82-2ee75a4562c2"",""environment"":""f6319bd4-2e87-40d4-8547-4ce714038bc1"",""service"":""c236b8cb-3eff-45c5-aca0-23e73e33dc8d"",""deployment"":""69394420-c732-4ebe-a5fd-54c2d5628ea7"",""replica"":""7fc15fda-5103-4647-b7c4-6251ceb0ef53""}",2026-07-23T06:30:37.515685225Z
"2026-07-23T06:30:29.195Z [[32minfo[39m] 📤 QoS 1 message sent {""service"":""mqtt-publisher-lite"",""messageId"":44730,""topic"":""proof.mqtt/DEVICE-15/instagram"",""qos"":1}",info,"{""level"":""info""}","{""project"":""90a47e04-a329-4122-9c82-2ee75a4562c2"",""environment"":""f6319bd4-2e87-40d4-8547-4ce714038bc1"",""service"":""c236b8cb-3eff-45c5-aca0-23e73e33dc8d"",""deployment"":""69394420-c732-4ebe-a5fd-54c2d5628ea7"",""replica"":""7fc15fda-5103-4647-b7c4-6251ceb0ef53""}",2026-07-23T06:30:37.515689425Z
"2026-07-23T06:30:29.195Z [[32minfo[39m] ⏱️ Tracking QoS 1 message (30s timeout) {""service"":""mqtt-publisher-lite"",""deviceId"":""DEVICE-15"",""messageId"":44730,""topic"":""proof.mqtt/DEVICE-15/instagram"",""pendingCount"":1}",info,"{""level"":""info""}","{""project"":""90a47e04-a329-4122-9c82-2ee75a4562c2"",""environment"":""f6319bd4-2e87-40d4-8547-4ce714038bc1"",""service"":""c236b8cb-3eff-45c5-aca0-23e73e33dc8d"",""deployment"":""69394420-c732-4ebe-a5fd-54c2d5628ea7"",""replica"":""7fc15fda-5103-4647-b7c4-6251ceb0ef53""}",2026-07-23T06:30:37.515693605Z
"2026-07-23T06:30:29.199Z [[32minfo[39m] 📤 QoS 1 message sent {""service"":""mqtt-publisher-lite"",""messageId"":44731,""topic"":""proof.mqtt/DEVICE-17/test-gmb"",""qos"":1}",info,"{""level"":""info""}","{""project"":""90a47e04-a329-4122-9c82-2ee75a4562c2"",""environment"":""f6319bd4-2e87-40d4-8547-4ce714038bc1"",""service"":""c236b8cb-3eff-45c5-aca0-23e73e33dc8d"",""deployment"":""69394420-c732-4ebe-a5fd-54c2d5628ea7"",""replica"":""7fc15fda-5103-4647-b7c4-6251ceb0ef53""}",2026-07-23T06:30:37.515697445Z
"2026-07-23T06:30:29.199Z [[32minfo[39m] ⏱️ Tracking QoS 1 message (30s timeout) {""service"":""mqtt-publisher-lite"",""deviceId"":""DEVICE-17"",""messageId"":44731,""topic"":""proof.mqtt/DEVICE-17/test-gmb"",""pendingCount"":2}",info,"{""level"":""info""}","{""project"":""90a47e04-a329-4122-9c82-2ee75a4562c2"",""environment"":""f6319bd4-2e87-40d4-8547-4ce714038bc1"",""service"":""c236b8cb-3eff-45c5-aca0-23e73e33dc8d"",""deployment"":""69394420-c732-4ebe-a5fd-54c2d5628ea7"",""replica"":""7fc15fda-5103-4647-b7c4-6251ceb0ef53""}",2026-07-23T06:30:37.515701695Z
"2026-07-23T06:30:29.302Z [[32minfo[39m] 📤 QoS 1 message sent {""service"":""mqtt-publisher-lite"",""messageId"":44732,""topic"":""proof.mqtt/DEVICE-15/gmb"",""qos"":1}",info,"{""level"":""info""}","{""project"":""90a47e04-a329-4122-9c82-2ee75a4562c2"",""environment"":""f6319bd4-2e87-40d4-8547-4ce714038bc1"",""service"":""c236b8cb-3eff-45c5-aca0-23e73e33dc8d"",""deployment"":""69394420-c732-4ebe-a5fd-54c2d5628ea7"",""replica"":""7fc15fda-5103-4647-b7c4-6251ceb0ef53""}",2026-07-23T06:30:37.515705855Z
"2026-07-23T06:30:29.302Z [[32minfo[39m] ⏱️ Tracking QoS 1 message (30s timeout) {""service"":""mqtt-publisher-lite"",""deviceId"":""DEVICE-15"",""messageId"":44732,""topic"":""proof.mqtt/DEVICE-15/gmb"",""pendingCount"":3}",info,"{""level"":""info""}","{""project"":""90a47e04-a329-4122-9c82-2ee75a4562c2"",""environment"":""f6319bd4-2e87-40d4-8547-4ce714038bc1"",""service"":""c236b8cb-3eff-45c5-aca0-23e73e33dc8d"",""deployment"":""69394420-c732-4ebe-a5fd-54c2d5628ea7"",""replica"":""7fc15fda-5103-4647-b7c4-6251ceb0ef53""}",2026-07-23T06:30:37.515711095Z
"2026-07-23T06:30:29.414Z [[32minfo[39m] ✅ QoS 1 PUBACK confirmed {""service"":""mqtt-publisher-lite"",""deviceId"":""DEVICE-15"",""messageId"":44730,""deliveryTime"":""219ms"",""pendingCount"":2}",info,"{""level"":""info""}","{""project"":""90a47e04-a329-4122-9c82-2ee75a4562c2"",""environment"":""f6319bd4-2e87-40d4-8547-4ce714038bc1"",""service"":""c236b8cb-3eff-45c5-aca0-23e73e33dc8d"",""deployment"":""69394420-c732-4ebe-a5fd-54c2d5628ea7"",""replica"":""7fc15fda-5103-4647-b7c4-6251ceb0ef53""}",2026-07-23T06:30:37.516891836Z
"2026-07-23T06:30:29.414Z [[34mdebug[39m] ✅ [LIFECYCLE:PUBACK_OK] Device confirmed message receipt {""service"":""mqtt-publisher-lite"",""deviceId"":""DEVICE-15""}",info,"{""level"":""info""}","{""project"":""90a47e04-a329-4122-9c82-2ee75a4562c2"",""environment"":""f6319bd4-2e87-40d4-8547-4ce714038bc1"",""service"":""c236b8cb-3eff-45c5-aca0-23e73e33dc8d"",""deployment"":""69394420-c732-4ebe-a5fd-54c2d5628ea7"",""replica"":""7fc15fda-5103-4647-b7c4-6251ceb0ef53""}",2026-07-23T06:30:37.516895226Z
"2026-07-23T06:30:29.414Z [[34mdebug[39m] Message published {""service"":""mqtt-publisher-lite"",""topic"":""proof.mqtt/DEVICE-15/instagram"",""qos"":1,""deliveryTime"":""219ms""}",info,"{""level"":""info""}","{""project"":""90a47e04-a329-4122-9c82-2ee75a4562c2"",""environment"":""f6319bd4-2e87-40d4-8547-4ce714038bc1"",""service"":""c236b8cb-3eff-45c5-aca0-23e73e33dc8d"",""deployment"":""69394420-c732-4ebe-a5fd-54c2d5628ea7"",""replica"":""7fc15fda-5103-4647-b7c4-6251ceb0ef53""}",2026-07-23T06:30:37.516899586Z
"2026-07-23T06:30:29.415Z [[34mdebug[39m] Message received {""service"":""mqtt-publisher-lite"",""topic"":""proof.mqtt/DEVICE-15/instagram"",""size"":228,""retain"":false}",info,"{""level"":""info""}","{""project"":""90a47e04-a329-4122-9c82-2ee75a4562c2"",""environment"":""f6319bd4-2e87-40d4-8547-4ce714038bc1"",""service"":""c236b8cb-3eff-45c5-aca0-23e73e33dc8d"",""deployment"":""69394420-c732-4ebe-a5fd-54c2d5628ea7"",""replica"":""7fc15fda-5103-4647-b7c4-6251ceb0ef53""}",2026-07-23T06:30:37.516902966Z
"2026-07-23T06:30:29.415Z [[34mdebug[39m] Skipping echo message {""service"":""mqtt-publisher-lite"",""topic"":""proof.mqtt/DEVICE-15/instagram"",""age"":""1ms""}",info,"{""level"":""info""}","{""project"":""90a47e04-a329-4122-9c82-2ee75a4562c2"",""environment"":""f6319bd4-2e87-40d4-8547-4ce714038bc1"",""service"":""c236b8cb-3eff-45c5-aca0-23e73e33dc8d"",""deployment"":""69394420-c732-4ebe-a5fd-54c2d5628ea7"",""replica"":""7fc15fda-5103-4647-b7c4-6251ceb0ef53""}",2026-07-23T06:30:37.516905756Z
"2026-07-23T06:30:29.415Z [[34mdebug[39m] Screen message received {""service"":""mqtt-publisher-lite"",""topic"":""proof.mqtt/DEVICE-15/instagram"",""screen"":""instagram""}",info,"{""level"":""info""}","{""project"":""90a47e04-a329-4122-9c82-2ee75a4562c2"",""environment"":""f6319bd4-2e87-40d4-8547-4ce714038bc1"",""service"":""c236b8cb-3eff-45c5-aca0-23e73e33dc8d"",""deployment"":""69394420-c732-4ebe-a5fd-54c2d5628ea7"",""replica"":""7fc15fda-5103-4647-b7c4-6251ceb0ef53""}",2026-07-23T06:30:37.516908686Z
"2026-07-23T06:30:29.418Z [[32minfo[39m] ✅ PUBACK received {""service"":""mqtt-publisher-lite"",""messageId"":44731}",info,"{""level"":""info""}","{""project"":""90a47e04-a329-4122-9c82-2ee75a4562c2"",""environment"":""f6319bd4-2e87-40d4-8547-4ce714038bc1"",""service"":""c236b8cb-3eff-45c5-aca0-23e73e33dc8d"",""deployment"":""69394420-c732-4ebe-a5fd-54c2d5628ea7"",""replica"":""7fc15fda-5103-4647-b7c4-6251ceb0ef53""}",2026-07-23T06:30:37.516913346Z
"2026-07-23T06:30:29.418Z [[32minfo[39m] ✅ QoS 1 PUBACK confirmed {""service"":""mqtt-publisher-lite"",""deviceId"":""DEVICE-17"",""messageId"":44731,""deliveryTime"":""219ms"",""pendingCount"":1}",info,"{""level"":""info""}","{""project"":""90a47e04-a329-4122-9c82-2ee75a4562c2"",""environment"":""f6319bd4-2e87-40d4-8547-4ce714038bc1"",""service"":""c236b8cb-3eff-45c5-aca0-23e73e33dc8d"",""deployment"":""69394420-c732-4ebe-a5fd-54c2d5628ea7"",""replica"":""7fc15fda-5103-4647-b7c4-6251ceb0ef53""}",2026-07-23T06:30:37.516916606Z
"2026-07-23T06:30:29.418Z [[34mdebug[39m] ✅ [LIFECYCLE:PUBACK_OK] Device confirmed message receipt {""service"":""mqtt-publisher-lite"",""deviceId"":""DEVICE-17""}",info,"{""level"":""info""}","{""project"":""90a47e04-a329-4122-9c82-2ee75a4562c2"",""environment"":""f6319bd4-2e87-40d4-8547-4ce714038bc1"",""service"":""c236b8cb-3eff-45c5-aca0-23e73e33dc8d"",""deployment"":""69394420-c732-4ebe-a5fd-54c2d5628ea7"",""replica"":""7fc15fda-5103-4647-b7c4-6251ceb0ef53""}",2026-07-23T06:30:37.516919686Z
"2026-07-23T06:30:29.418Z [[34mdebug[39m] Message published {""service"":""mqtt-publisher-lite"",""topic"":""proof.mqtt/DEVICE-17/test-gmb"",""qos"":1,""deliveryTime"":""219ms""}",info,"{""level"":""info""}","{""project"":""90a47e04-a329-4122-9c82-2ee75a4562c2"",""environment"":""f6319bd4-2e87-40d4-8547-4ce714038bc1"",""service"":""c236b8cb-3eff-45c5-aca0-23e73e33dc8d"",""deployment"":""69394420-c732-4ebe-a5fd-54c2d5628ea7"",""replica"":""7fc15fda-5103-4647-b7c4-6251ceb0ef53""}",2026-07-23T06:30:37.516922616Z
"2026-07-23T06:30:29.418Z [[34mdebug[39m] Published test-gmb screen {""service"":""mqtt-publisher-lite"",""deviceId"":""DEVICE-17"",""reviews"":561,""milestone"":565}",info,"{""level"":""info""}","{""project"":""90a47e04-a329-4122-9c82-2ee75a4562c2"",""environment"":""f6319bd4-2e87-40d4-8547-4ce714038bc1"",""service"":""c236b8cb-3eff-45c5-aca0-23e73e33dc8d"",""deployment"":""69394420-c732-4ebe-a5fd-54c2d5628ea7"",""replica"":""7fc15fda-5103-4647-b7c4-6251ceb0ef53""}",2026-07-23T06:30:37.518273135Z
"2026-07-23T06:30:29.514Z [[32minfo[39m] [STIM_IG] Published {""service"":""mqtt-publisher-lite"",""deviceId"":""DEVICE-15"",""followers"":31,""target"":500,""mode"":""synthetic"",""achievement"":35,""celebration"":""false"",""done"":false}",info,"{""level"":""info""}","{""project"":""90a47e04-a329-4122-9c82-2ee75a4562c2"",""environment"":""f6319bd4-2e87-40d4-8547-4ce714038bc1"",""service"":""c236b8cb-3eff-45c5-aca0-23e73e33dc8d"",""deployment"":""69394420-c732-4ebe-a5fd-54c2d5628ea7"",""replica"":""7fc15fda-5103-4647-b7c4-6251ceb0ef53""}",2026-07-23T06:30:37.518278845Z
"2026-07-23T06:30:29.521Z [[32minfo[39m] ✅ PUBACK received {""service"":""mqtt-publisher-lite"",""messageId"":44732}",info,"{""level"":""info""}","{""project"":""90a47e04-a329-4122-9c82-2ee75a4562c2"",""environment"":""f6319bd4-2e87-40d4-8547-4ce714038bc1"",""service"":""c236b8cb-3eff-45c5-aca0-23e73e33dc8d"",""deployment"":""69394420-c732-4ebe-a5fd-54c2d5628ea7"",""replica"":""7fc15fda-5103-4647-b7c4-6251ceb0ef53""}",2026-07-23T06:30:37.518283215Z
"2026-07-23T06:30:29.521Z [[32minfo[39m] ✅ QoS 1 PUBACK confirmed {""service"":""mqtt-publisher-lite"",""deviceId"":""DEVICE-15"",""messageId"":44732,""deliveryTime"":""219ms"",""pendingCount"":0}",info,"{""level"":""info""}","{""project"":""90a47e04-a329-4122-9c82-2ee75a4562c2"",""environment"":""f6319bd4-2e87-40d4-8547-4ce714038bc1"",""service"":""c236b8cb-3eff-45c5-aca0-23e73e33dc8d"",""deployment"":""69394420-c732-4ebe-a5fd-54c2d5628ea7"",""replica"":""7fc15fda-5103-4647-b7c4-6251ceb0ef53""}",2026-07-23T06:30:37.518286935Z
"2026-07-23T06:30:29.521Z [[34mdebug[39m] ✅ [LIFECYCLE:PUBACK_OK] Device confirmed message receipt {""service"":""mqtt-publisher-lite"",""deviceId"":""DEVICE-15""}",info,"{""level"":""info""}","{""project"":""90a47e04-a329-4122-9c82-2ee75a4562c2"",""environment"":""f6319bd4-2e87-40d4-8547-4ce714038bc1"",""service"":""c236b8cb-3eff-45c5-aca0-23e73e33dc8d"",""deployment"":""69394420-c732-4ebe-a5fd-54c2d5628ea7"",""replica"":""7fc15fda-5103-4647-b7c4-6251ceb0ef53""}",2026-07-23T06:30:37.518290535Z
"2026-07-23T06:30:29.521Z [[34mdebug[39m] Message published {""service"":""mqtt-publisher-lite"",""topic"":""proof.mqtt/DEVICE-15/gmb"",""qos"":1,""deliveryTime"":""219ms""}",info,"{""level"":""info""}","{""project"":""90a47e04-a329-4122-9c82-2ee75a4562c2"",""environment"":""f6319bd4-2e87-40d4-8547-4ce714038bc1"",""service"":""c236b8cb-3eff-45c5-aca0-23e73e33dc8d"",""deployment"":""69394420-c732-4ebe-a5fd-54c2d5628ea7"",""replica"":""7fc15fda-5103-4647-b7c4-6251ceb0ef53""}",2026-07-23T06:30:37.518295425Z
"2026-07-23T06:30:29.521Z [[34mdebug[39m] Message received {""service"":""mqtt-publisher-lite"",""topic"":""proof.mqtt/DEVICE-15/gmb"",""size"":246,""retain"":false}",info,"{""level"":""info""}","{""project"":""90a47e04-a329-4122-9c82-2ee75a4562c2"",""environment"":""f6319bd4-2e87-40d4-8547-4ce714038bc1"",""service"":""c236b8cb-3eff-45c5-aca0-23e73e33dc8d"",""deployment"":""69394420-c732-4ebe-a5fd-54c2d5628ea7"",""replica"":""7fc15fda-5103-4647-b7c4-6251ceb0ef53""}",2026-07-23T06:30:37.518298635Z
"2026-07-23T06:30:29.521Z [[34mdebug[39m] Skipping echo message {""service"":""mqtt-publisher-lite"",""topic"":""proof.mqtt/DEVICE-15/gmb"",""age"":""0ms""}",info,"{""level"":""info""}","{""project"":""90a47e04-a329-4122-9c82-2ee75a4562c2"",""environment"":""f6319bd4-2e87-40d4-8547-4ce714038bc1"",""service"":""c236b8cb-3eff-45c5-aca0-23e73e33dc8d"",""deployment"":""69394420-c732-4ebe-a5fd-54c2d5628ea7"",""replica"":""7fc15fda-5103-4647-b7c4-6251ceb0ef53""}",2026-07-23T06:30:37.518303045Z
"2026-07-23T06:30:29.522Z [[34mdebug[39m] Screen message received {""service"":""mqtt-publisher-lite"",""topic"":""proof.mqtt/DEVICE-15/gmb"",""screen"":""gmb""}",info,"{""level"":""info""}","{""project"":""90a47e04-a329-4122-9c82-2ee75a4562c2"",""environment"":""f6319bd4-2e87-40d4-8547-4ce714038bc1"",""service"":""c236b8cb-3eff-45c5-aca0-23e73e33dc8d"",""deployment"":""69394420-c732-4ebe-a5fd-54c2d5628ea7"",""replica"":""7fc15fda-5103-4647-b7c4-6251ceb0ef53""}",2026-07-23T06:30:37.518306235Z
"2026-07-23T06:30:29.554Z [[34mdebug[39m] 📤 [PUBLISH_CYCLE] Publishing all screens to device {""service"":""mqtt-publisher-lite"",""deviceId"":""DEVICE-17""}",info,"{""level"":""info""}","{""project"":""90a47e04-a329-4122-9c82-2ee75a4562c2"",""environment"":""f6319bd4-2e87-40d4-8547-4ce714038bc1"",""service"":""c236b8cb-3eff-45c5-aca0-23e73e33dc8d"",""deployment"":""69394420-c732-4ebe-a5fd-54c2d5628ea7"",""replica"":""7fc15fda-5103-4647-b7c4-6251ceb0ef53""}",2026-07-23T06:30:37.518309635Z
"2026-07-23T06:30:29.620Z [[32minfo[39m] [STIM_GMB] Published {""service"":""mqtt-publisher-lite"",""deviceId"":""DEVICE-15"",""reviews"":29,""target"":100,""mode"":""synthetic"",""celebration"":""false"",""done"":false}",info,"{""level"":""info""}","{""project"":""90a47e04-a329-4122-9c82-2ee75a4562c2"",""environment"":""f6319bd4-2e87-40d4-8547-4ce714038bc1"",""service"":""c236b8cb-3eff-45c5-aca0-23e73e33dc8d"",""deployment"":""69394420-c732-4ebe-a5fd-54c2d5628ea7"",""replica"":""7fc15fda-5103-4647-b7c4-6251ceb0ef53""}",2026-07-23T06:30:37.518312825Z
"2026-07-23T06:30:29.668Z [[32minfo[39m] [PROMOTION] Default canvas not published {""service"":""mqtt-publisher-lite"",""deviceId"":""DEVICE-17"",""topic"":""proof.mqtt/DEVICE-17/promotion"",""reason"":""unchanged""}",info,"{""level"":""info""}","{""project"":""90a47e04-a329-4122-9c82-2ee75a4562c2"",""environment"":""f6319bd4-2e87-40d4-8547-4ce714038bc1"",""service"":""c236b8cb-3eff-45c5-aca0-23e73e33dc8d"",""deployment"":""69394420-c732-4ebe-a5fd-54c2d5628ea7"",""replica"":""7fc15fda-5103-4647-b7c4-6251ceb0ef53""}",2026-07-23T06:30:37.519565976Z
"2026-07-23T06:30:29.668Z [[34mdebug[39m] [STIM_SKIP] StatsPublisher skipping stim device {""service"":""mqtt-publisher-lite"",""deviceId"":""DEVICE-15""}",info,"{""level"":""info""}","{""project"":""90a47e04-a329-4122-9c82-2ee75a4562c2"",""environment"":""f6319bd4-2e87-40d4-8547-4ce714038bc1"",""service"":""c236b8cb-3eff-45c5-aca0-23e73e33dc8d"",""deployment"":""69394420-c732-4ebe-a5fd-54c2d5628ea7"",""replica"":""7fc15fda-5103-4647-b7c4-6251ceb0ef53""}",2026-07-23T06:30:37.519569706Z
"2026-07-23T06:30:29.668Z [[34mdebug[39m] [STIM_SKIP] StatsPublisher skipping stim device {""service"":""mqtt-publisher-lite"",""deviceId"":""DEVICE-13""}",info,"{""level"":""info""}","{""project"":""90a47e04-a329-4122-9c82-2ee75a4562c2"",""environment"":""f6319bd4-2e87-40d4-8547-4ce714038bc1"",""service"":""c236b8cb-3eff-45c5-aca0-23e73e33dc8d"",""deployment"":""69394420-c732-4ebe-a5fd-54c2d5628ea7"",""replica"":""7fc15fda-5103-4647-b7c4-6251ceb0ef53""}",2026-07-23T06:30:37.519572806Z
"2026-07-23T06:30:29.767Z [[34mdebug[39m] [STIM_SKIP] StatsPublisher skipping stim device {""service"":""mqtt-publisher-lite"",""deviceId"":""DEVICE-19""}",info,"{""level"":""info""}","{""project"":""90a47e04-a329-4122-9c82-2ee75a4562c2"",""environment"":""f6319bd4-2e87-40d4-8547-4ce714038bc1"",""service"":""c236b8cb-3eff-45c5-aca0-23e73e33dc8d"",""deployment"":""69394420-c732-4ebe-a5fd-54c2d5628ea7"",""replica"":""7fc15fda-5103-4647-b7c4-6251ceb0ef53""}",2026-07-23T06:30:37.519575676Z
"2026-07-23T06:30:47.106Z [[32minfo[39m] 📤 QoS 1 message sent {""service"":""mqtt-publisher-lite"",""messageId"":44733,""topic"":""proof.mqtt/DEVICE-13/instagram"",""qos"":1}",info,"{""level"":""info""}","{""project"":""90a47e04-a329-4122-9c82-2ee75a4562c2"",""environment"":""f6319bd4-2e87-40d4-8547-4ce714038bc1"",""service"":""c236b8cb-3eff-45c5-aca0-23e73e33dc8d"",""deployment"":""69394420-c732-4ebe-a5fd-54c2d5628ea7"",""replica"":""7fc15fda-5103-4647-b7c4-6251ceb0ef53""}",2026-07-23T06:30:47.119819689Z
"2026-07-23T06:30:47.107Z [[32minfo[39m] ⏱️ Tracking QoS 1 message (30s timeout) {""service"":""mqtt-publisher-lite"",""deviceId"":""DEVICE-13"",""messageId"":44733,""topic"":""proof.mqtt/DEVICE-13/instagram"",""pendingCount"":1}",info,"{""level"":""info""}","{""project"":""90a47e04-a329-4122-9c82-2ee75a4562c2"",""environment"":""f6319bd4-2e87-40d4-8547-4ce714038bc1"",""service"":""c236b8cb-3eff-45c5-aca0-23e73e33dc8d"",""deployment"":""69394420-c732-4ebe-a5fd-54c2d5628ea7"",""replica"":""7fc15fda-5103-4647-b7c4-6251ceb0ef53""}",2026-07-23T06:30:47.119831629Z
"2026-07-23T06:30:47.217Z [[32minfo[39m] 📤 QoS 1 message sent {""service"":""mqtt-publisher-lite"",""messageId"":44734,""topic"":""proof.mqtt/DEVICE-13/gmb"",""qos"":1}",info,"{""level"":""info""}","{""project"":""90a47e04-a329-4122-9c82-2ee75a4562c2"",""environment"":""f6319bd4-2e87-40d4-8547-4ce714038bc1"",""service"":""c236b8cb-3eff-45c5-aca0-23e73e33dc8d"",""deployment"":""69394420-c732-4ebe-a5fd-54c2d5628ea7"",""replica"":""7fc15fda-5103-4647-b7c4-6251ceb0ef53""}",2026-07-23T06:30:47.220599638Z
"2026-07-23T06:30:47.218Z [[32minfo[39m] ⏱️ Tracking QoS 1 message (30s timeout) {""service"":""mqtt-publisher-lite"",""deviceId"":""DEVICE-13"",""messageId"":44734,""topic"":""proof.mqtt/DEVICE-13/gmb"",""pendingCount"":2}",info,"{""level"":""info""}","{""project"":""90a47e04-a329-4122-9c82-2ee75a4562c2"",""environment"":""f6319bd4-2e87-40d4-8547-4ce714038bc1"",""service"":""c236b8cb-3eff-45c5-aca0-23e73e33dc8d"",""deployment"":""69394420-c732-4ebe-a5fd-54c2d5628ea7"",""replica"":""7fc15fda-5103-4647-b7c4-6251ceb0ef53""}",2026-07-23T06:30:47.220604508Z
"2026-07-23T06:30:47.326Z [[32minfo[39m] ✅ PUBACK received {""service"":""mqtt-publisher-lite"",""messageId"":44733}",info,"{""level"":""info""}","{""project"":""90a47e04-a329-4122-9c82-2ee75a4562c2"",""environment"":""f6319bd4-2e87-40d4-8547-4ce714038bc1"",""service"":""c236b8cb-3eff-45c5-aca0-23e73e33dc8d"",""deployment"":""69394420-c732-4ebe-a5fd-54c2d5628ea7"",""replica"":""7fc15fda-5103-4647-b7c4-6251ceb0ef53""}",2026-07-23T06:30:47.431283227Z
"2026-07-23T06:30:47.326Z [[32minfo[39m] ✅ QoS 1 PUBACK confirmed {""service"":""mqtt-publisher-lite"",""deviceId"":""DEVICE-13"",""messageId"":44733,""deliveryTime"":""220ms"",""pendingCount"":1}",info,"{""level"":""info""}","{""project"":""90a47e04-a329-4122-9c82-2ee75a4562c2"",""environment"":""f6319bd4-2e87-40d4-8547-4ce714038bc1"",""service"":""c236b8cb-3eff-45c5-aca0-23e73e33dc8d"",""deployment"":""69394420-c732-4ebe-a5fd-54c2d5628ea7"",""replica"":""7fc15fda-5103-4647-b7c4-6251ceb0ef53""}",2026-07-23T06:30:47.431286617Z
"2026-07-23T06:30:47.326Z [[34mdebug[39m] ✅ [LIFECYCLE:PUBACK_OK] Device confirmed message receipt {""service"":""mqtt-publisher-lite"",""deviceId"":""DEVICE-13""}",info,"{""level"":""info""}","{""project"":""90a47e04-a329-4122-9c82-2ee75a4562c2"",""environment"":""f6319bd4-2e87-40d4-8547-4ce714038bc1"",""service"":""c236b8cb-3eff-45c5-aca0-23e73e33dc8d"",""deployment"":""69394420-c732-4ebe-a5fd-54c2d5628ea7"",""replica"":""7fc15fda-5103-4647-b7c4-6251ceb0ef53""}",2026-07-23T06:30:47.431289667Z
"2026-07-23T06:30:47.326Z [[34mdebug[39m] Message published {""service"":""mqtt-publisher-lite"",""topic"":""proof.mqtt/DEVICE-13/instagram"",""qos"":1,""deliveryTime"":""220ms""}",info,"{""level"":""info""}","{""project"":""90a47e04-a329-4122-9c82-2ee75a4562c2"",""environment"":""f6319bd4-2e87-40d4-8547-4ce714038bc1"",""service"":""c236b8cb-3eff-45c5-aca0-23e73e33dc8d"",""deployment"":""69394420-c732-4ebe-a5fd-54c2d5628ea7"",""replica"":""7fc15fda-5103-4647-b7c4-6251ceb0ef53""}",2026-07-23T06:30:47.431293127Z
"2026-07-23T06:30:47.326Z [[34mdebug[39m] Message received {""service"":""mqtt-publisher-lite"",""topic"":""proof.mqtt/DEVICE-13/instagram"",""size"":228,""retain"":false}",info,"{""level"":""info""}","{""project"":""90a47e04-a329-4122-9c82-2ee75a4562c2"",""environment"":""f6319bd4-2e87-40d4-8547-4ce714038bc1"",""service"":""c236b8cb-3eff-45c5-aca0-23e73e33dc8d"",""deployment"":""69394420-c732-4ebe-a5fd-54c2d5628ea7"",""replica"":""7fc15fda-5103-4647-b7c4-6251ceb0ef53""}",2026-07-23T06:30:47.431296017Z
"2026-07-23T06:30:47.327Z [[34mdebug[39m] Skipping echo message {""service"":""mqtt-publisher-lite"",""topic"":""proof.mqtt/DEVICE-13/instagram"",""age"":""0ms""}",info,"{""level"":""info""}","{""project"":""90a47e04-a329-4122-9c82-2ee75a4562c2"",""environment"":""f6319bd4-2e87-40d4-8547-4ce714038bc1"",""service"":""c236b8cb-3eff-45c5-aca0-23e73e33dc8d"",""deployment"":""69394420-c732-4ebe-a5fd-54c2d5628ea7"",""replica"":""7fc15fda-5103-4647-b7c4-6251ceb0ef53""}",2026-07-23T06:30:47.431298957Z
"2026-07-23T06:30:47.327Z [[34mdebug[39m] Screen message received {""service"":""mqtt-publisher-lite"",""topic"":""proof.mqtt/DEVICE-13/instagram"",""screen"":""instagram""}",info,"{""level"":""info""}","{""project"":""90a47e04-a329-4122-9c82-2ee75a4562c2"",""environment"":""f6319bd4-2e87-40d4-8547-4ce714038bc1"",""service"":""c236b8cb-3eff-45c5-aca0-23e73e33dc8d"",""deployment"":""69394420-c732-4ebe-a5fd-54c2d5628ea7"",""replica"":""7fc15fda-5103-4647-b7c4-6251ceb0ef53""}",2026-07-23T06:30:47.431302187Z
"2026-07-23T06:30:47.425Z [[32minfo[39m] [STIM_IG] Published {""service"":""mqtt-publisher-lite"",""deviceId"":""DEVICE-13"",""followers"":26,""target"":500,""mode"":""synthetic"",""achievement"":30,""celebration"":""false"",""done"":false}",info,"{""level"":""info""}","{""project"":""90a47e04-a329-4122-9c82-2ee75a4562c2"",""environment"":""f6319bd4-2e87-40d4-8547-4ce714038bc1"",""service"":""c236b8cb-3eff-45c5-aca0-23e73e33dc8d"",""deployment"":""69394420-c732-4ebe-a5fd-54c2d5628ea7"",""replica"":""7fc15fda-5103-4647-b7c4-6251ceb0ef53""}",2026-07-23T06:30:47.431305157Z
"2026-07-23T06:30:47.437Z [[32minfo[39m] ✅ PUBACK received {""service"":""mqtt-publisher-lite"",""messageId"":44734}",info,"{""level"":""info""}","{""project"":""90a47e04-a329-4122-9c82-2ee75a4562c2"",""environment"":""f6319bd4-2e87-40d4-8547-4ce714038bc1"",""service"":""c236b8cb-3eff-45c5-aca0-23e73e33dc8d"",""deployment"":""69394420-c732-4ebe-a5fd-54c2d5628ea7"",""replica"":""7fc15fda-5103-4647-b7c4-6251ceb0ef53""}",2026-07-23T06:30:47.442767740Z
"2026-07-23T06:30:47.437Z [[32minfo[39m] ✅ QoS 1 PUBACK confirmed {""service"":""mqtt-publisher-lite"",""deviceId"":""DEVICE-13"",""messageId"":44734,""deliveryTime"":""219ms"",""pendingCount"":0}",info,"{""level"":""info""}","{""project"":""90a47e04-a329-4122-9c82-2ee75a4562c2"",""environment"":""f6319bd4-2e87-40d4-8547-4ce714038bc1"",""service"":""c236b8cb-3eff-45c5-aca0-23e73e33dc8d"",""deployment"":""69394420-c732-4ebe-a5fd-54c2d5628ea7"",""replica"":""7fc15fda-5103-4647-b7c4-6251ceb0ef53""}",2026-07-23T06:30:47.442774940Z
"2026-07-23T06:30:47.437Z [[34mdebug[39m] ✅ [LIFECYCLE:PUBACK_OK] Device confirmed message receipt {""service"":""mqtt-publisher-lite"",""deviceId"":""DEVICE-13""}",info,"{""level"":""info""}","{""project"":""90a47e04-a329-4122-9c82-2ee75a4562c2"",""environment"":""f6319bd4-2e87-40d4-8547-4ce714038bc1"",""service"":""c236b8cb-3eff-45c5-aca0-23e73e33dc8d"",""deployment"":""69394420-c732-4ebe-a5fd-54c2d5628ea7"",""replica"":""7fc15fda-5103-4647-b7c4-6251ceb0ef53""}",2026-07-23T06:30:47.442779329Z
"2026-07-23T06:30:47.437Z [[34mdebug[39m] Message published {""service"":""mqtt-publisher-lite"",""topic"":""proof.mqtt/DEVICE-13/gmb"",""qos"":1,""deliveryTime"":""220ms""}",info,"{""level"":""info""}","{""project"":""90a47e04-a329-4122-9c82-2ee75a4562c2"",""environment"":""f6319bd4-2e87-40d4-8547-4ce714038bc1"",""service"":""c236b8cb-3eff-45c5-aca0-23e73e33dc8d"",""deployment"":""69394420-c732-4ebe-a5fd-54c2d5628ea7"",""replica"":""7fc15fda-5103-4647-b7c4-6251ceb0ef53""}",2026-07-23T06:30:47.442783089Z
"2026-07-23T06:30:47.437Z [[34mdebug[39m] Message received {""service"":""mqtt-publisher-lite"",""topic"":""proof.mqtt/DEVICE-13/gmb"",""size"":246,""retain"":false}",info,"{""level"":""info""}","{""project"":""90a47e04-a329-4122-9c82-2ee75a4562c2"",""environment"":""f6319bd4-2e87-40d4-8547-4ce714038bc1"",""service"":""c236b8cb-3eff-45c5-aca0-23e73e33dc8d"",""deployment"":""69394420-c732-4ebe-a5fd-54c2d5628ea7"",""replica"":""7fc15fda-5103-4647-b7c4-6251ceb0ef53""}",2026-07-23T06:30:47.442787399Z
"2026-07-23T06:30:47.437Z [[34mdebug[39m] Skipping echo message {""service"":""mqtt-publisher-lite"",""topic"":""proof.mqtt/DEVICE-13/gmb"",""age"":""0ms""}",info,"{""level"":""info""}","{""project"":""90a47e04-a329-4122-9c82-2ee75a4562c2"",""environment"":""f6319bd4-2e87-40d4-8547-4ce714038bc1"",""service"":""c236b8cb-3eff-45c5-aca0-23e73e33dc8d"",""deployment"":""69394420-c732-4ebe-a5fd-54c2d5628ea7"",""replica"":""7fc15fda-5103-4647-b7c4-6251ceb0ef53""}",2026-07-23T06:30:47.442791569Z
"2026-07-23T06:30:47.438Z [[34mdebug[39m] Screen message received {""service"":""mqtt-publisher-lite"",""topic"":""proof.mqtt/DEVICE-13/gmb"",""screen"":""gmb""}",info,"{""level"":""info""}","{""project"":""90a47e04-a329-4122-9c82-2ee75a4562c2"",""environment"":""f6319bd4-2e87-40d4-8547-4ce714038bc1"",""service"":""c236b8cb-3eff-45c5-aca0-23e73e33dc8d"",""deployment"":""69394420-c732-4ebe-a5fd-54c2d5628ea7"",""replica"":""7fc15fda-5103-4647-b7c4-6251ceb0ef53""}",2026-07-23T06:30:47.442795769Z
"2026-07-23T06:30:47.536Z [[32minfo[39m] [STIM_GMB] Published {""service"":""mqtt-publisher-lite"",""deviceId"":""DEVICE-13"",""reviews"":24,""target"":100,""mode"":""synthetic"",""celebration"":""false"",""done"":false}",info,"{""level"":""info""}","{""project"":""90a47e04-a329-4122-9c82-2ee75a4562c2"",""environment"":""f6319bd4-2e87-40d4-8547-4ce714038bc1"",""service"":""c236b8cb-3eff-45c5-aca0-23e73e33dc8d"",""deployment"":""69394420-c732-4ebe-a5fd-54c2d5628ea7"",""replica"":""7fc15fda-5103-4647-b7c4-6251ceb0ef53""}",2026-07-23T06:30:47.562733982Z
"2026-07-23T06:30:59.195Z [[32minfo[39m] 📤 QoS 1 message sent {""service"":""mqtt-publisher-lite"",""messageId"":44735,""topic"":""proof.mqtt/DEVICE-15/instagram"",""qos"":1}",info,"{""level"":""info""}","{""project"":""90a47e04-a329-4122-9c82-2ee75a4562c2"",""environment"":""f6319bd4-2e87-40d4-8547-4ce714038bc1"",""service"":""c236b8cb-3eff-45c5-aca0-23e73e33dc8d"",""deployment"":""69394420-c732-4ebe-a5fd-54c2d5628ea7"",""replica"":""7fc15fda-5103-4647-b7c4-6251ceb0ef53""}",2026-07-23T06:31:07.415516459Z
"2026-07-23T06:30:59.195Z [[32minfo[39m] ⏱️ Tracking QoS 1 message (30s timeout) {""service"":""mqtt-publisher-lite"",""deviceId"":""DEVICE-15"",""messageId"":44735,""topic"":""proof.mqtt/DEVICE-15/instagram"",""pendingCount"":1}",info,"{""level"":""info""}","{""project"":""90a47e04-a329-4122-9c82-2ee75a4562c2"",""environment"":""f6319bd4-2e87-40d4-8547-4ce714038bc1"",""service"":""c236b8cb-3eff-45c5-aca0-23e73e33dc8d"",""deployment"":""69394420-c732-4ebe-a5fd-54c2d5628ea7"",""replica"":""7fc15fda-5103-4647-b7c4-6251ceb0ef53""}",2026-07-23T06:31:07.415519869Z
"2026-07-23T06:30:59.302Z [[32minfo[39m] 📤 QoS 1 message sent {""service"":""mqtt-publisher-lite"",""messageId"":44736,""topic"":""proof.mqtt/DEVICE-15/gmb"",""qos"":1}",info,"{""level"":""info""}","{""project"":""90a47e04-a329-4122-9c82-2ee75a4562c2"",""environment"":""f6319bd4-2e87-40d4-8547-4ce714038bc1"",""service"":""c236b8cb-3eff-45c5-aca0-23e73e33dc8d"",""deployment"":""69394420-c732-4ebe-a5fd-54c2d5628ea7"",""replica"":""7fc15fda-5103-4647-b7c4-6251ceb0ef53""}",2026-07-23T06:31:07.415523279Z
"2026-07-23T06:30:59.302Z [[32minfo[39m] ⏱️ Tracking QoS 1 message (30s timeout) {""service"":""mqtt-publisher-lite"",""deviceId"":""DEVICE-15"",""messageId"":44736,""topic"":""proof.mqtt/DEVICE-15/gmb"",""pendingCount"":2}",info,"{""level"":""info""}","{""project"":""90a47e04-a329-4122-9c82-2ee75a4562c2"",""environment"":""f6319bd4-2e87-40d4-8547-4ce714038bc1"",""service"":""c236b8cb-3eff-45c5-aca0-23e73e33dc8d"",""deployment"":""69394420-c732-4ebe-a5fd-54c2d5628ea7"",""replica"":""7fc15fda-5103-4647-b7c4-6251ceb0ef53""}",2026-07-23T06:31:07.415526089Z
"2026-07-23T06:30:59.414Z [[32minfo[39m] ✅ PUBACK received {""service"":""mqtt-publisher-lite"",""messageId"":44735}",info,"{""level"":""info""}","{""project"":""90a47e04-a329-4122-9c82-2ee75a4562c2"",""environment"":""f6319bd4-2e87-40d4-8547-4ce714038bc1"",""service"":""c236b8cb-3eff-45c5-aca0-23e73e33dc8d"",""deployment"":""69394420-c732-4ebe-a5fd-54c2d5628ea7"",""replica"":""7fc15fda-5103-4647-b7c4-6251ceb0ef53""}",2026-07-23T06:31:07.415530019Z
"2026-07-23T06:30:59.414Z [[32minfo[39m] ✅ QoS 1 PUBACK confirmed {""service"":""mqtt-publisher-lite"",""deviceId"":""DEVICE-15"",""messageId"":44735,""deliveryTime"":""219ms"",""pendingCount"":1}",info,"{""level"":""info""}","{""project"":""90a47e04-a329-4122-9c82-2ee75a4562c2"",""environment"":""f6319bd4-2e87-40d4-8547-4ce714038bc1"",""service"":""c236b8cb-3eff-45c5-aca0-23e73e33dc8d"",""deployment"":""69394420-c732-4ebe-a5fd-54c2d5628ea7"",""replica"":""7fc15fda-5103-4647-b7c4-6251ceb0ef53""}",2026-07-23T06:31:07.415533039Z
"2026-07-23T06:30:59.414Z [[34mdebug[39m] ✅ [LIFECYCLE:PUBACK_OK] Device confirmed message receipt {""service"":""mqtt-publisher-lite"",""deviceId"":""DEVICE-15""}",info,"{""level"":""info""}","{""project"":""90a47e04-a329-4122-9c82-2ee75a4562c2"",""environment"":""f6319bd4-2e87-40d4-8547-4ce714038bc1"",""service"":""c236b8cb-3eff-45c5-aca0-23e73e33dc8d"",""deployment"":""69394420-c732-4ebe-a5fd-54c2d5628ea7"",""replica"":""7fc15fda-5103-4647-b7c4-6251ceb0ef53""}",2026-07-23T06:31:07.415536199Z
"2026-07-23T06:30:59.414Z [[34mdebug[39m] Message published {""service"":""mqtt-publisher-lite"",""topic"":""proof.mqtt/DEVICE-15/instagram"",""qos"":1,""deliveryTime"":""219ms""}",info,"{""level"":""info""}","{""project"":""90a47e04-a329-4122-9c82-2ee75a4562c2"",""environment"":""f6319bd4-2e87-40d4-8547-4ce714038bc1"",""service"":""c236b8cb-3eff-45c5-aca0-23e73e33dc8d"",""deployment"":""69394420-c732-4ebe-a5fd-54c2d5628ea7"",""replica"":""7fc15fda-5103-4647-b7c4-6251ceb0ef53""}",2026-07-23T06:31:07.415539009Z
"2026-07-23T06:30:59.415Z [[34mdebug[39m] Message received {""service"":""mqtt-publisher-lite"",""topic"":""proof.mqtt/DEVICE-15/instagram"",""size"":228,""retain"":false}",info,"{""level"":""info""}","{""project"":""90a47e04-a329-4122-9c82-2ee75a4562c2"",""environment"":""f6319bd4-2e87-40d4-8547-4ce714038bc1"",""service"":""c236b8cb-3eff-45c5-aca0-23e73e33dc8d"",""deployment"":""69394420-c732-4ebe-a5fd-54c2d5628ea7"",""replica"":""7fc15fda-5103-4647-b7c4-6251ceb0ef53""}",2026-07-23T06:31:07.415542049Z
"2026-07-23T06:30:59.415Z [[34mdebug[39m] Skipping echo message {""service"":""mqtt-publisher-lite"",""topic"":""proof.mqtt/DEVICE-15/instagram"",""age"":""1ms""}",info,"{""level"":""info""}","{""project"":""90a47e04-a329-4122-9c82-2ee75a4562c2"",""environment"":""f6319bd4-2e87-40d4-8547-4ce714038bc1"",""service"":""c236b8cb-3eff-45c5-aca0-23e73e33dc8d"",""deployment"":""69394420-c732-4ebe-a5fd-54c2d5628ea7"",""replica"":""7fc15fda-5103-4647-b7c4-6251ceb0ef53""}",2026-07-23T06:31:07.415544669Z
"2026-07-23T06:30:59.415Z [[34mdebug[39m] Screen message received {""service"":""mqtt-publisher-lite"",""topic"":""proof.mqtt/DEVICE-15/instagram"",""screen"":""instagram""}",info,"{""level"":""info""}","{""project"":""90a47e04-a329-4122-9c82-2ee75a4562c2"",""environment"":""f6319bd4-2e87-40d4-8547-4ce714038bc1"",""service"":""c236b8cb-3eff-45c5-aca0-23e73e33dc8d"",""deployment"":""69394420-c732-4ebe-a5fd-54c2d5628ea7"",""replica"":""7fc15fda-5103-4647-b7c4-6251ceb0ef53""}",2026-07-23T06:31:07.416979758Z
"2026-07-23T06:30:59.514Z [[32minfo[39m] [STIM_IG] Published {""service"":""mqtt-publisher-lite"",""deviceId"":""DEVICE-15"",""followers"":32,""target"":500,""mode"":""synthetic"",""achievement"":35,""celebration"":""false"",""done"":false}",info,"{""level"":""info""}","{""project"":""90a47e04-a329-4122-9c82-2ee75a4562c2"",""environment"":""f6319bd4-2e87-40d4-8547-4ce714038bc1"",""service"":""c236b8cb-3eff-45c5-aca0-23e73e33dc8d"",""deployment"":""69394420-c732-4ebe-a5fd-54c2d5628ea7"",""replica"":""7fc15fda-5103-4647-b7c4-6251ceb0ef53""}",2026-07-23T06:31:07.416985258Z
"2026-07-23T06:30:59.521Z [[32minfo[39m] ✅ PUBACK received {""service"":""mqtt-publisher-lite"",""messageId"":44736}",info,"{""level"":""info""}","{""project"":""90a47e04-a329-4122-9c82-2ee75a4562c2"",""environment"":""f6319bd4-2e87-40d4-8547-4ce714038bc1"",""service"":""c236b8cb-3eff-45c5-aca0-23e73e33dc8d"",""deployment"":""69394420-c732-4ebe-a5fd-54c2d5628ea7"",""replica"":""7fc15fda-5103-4647-b7c4-6251ceb0ef53""}",2026-07-23T06:31:07.416989528Z
"2026-07-23T06:30:59.521Z [[32minfo[39m] ✅ QoS 1 PUBACK confirmed {""service"":""mqtt-publisher-lite"",""deviceId"":""DEVICE-15"",""messageId"":44736,""deliveryTime"":""219ms"",""pendingCount"":0}",info,"{""level"":""info""}","{""project"":""90a47e04-a329-4122-9c82-2ee75a4562c2"",""environment"":""f6319bd4-2e87-40d4-8547-4ce714038bc1"",""service"":""c236b8cb-3eff-45c5-aca0-23e73e33dc8d"",""deployment"":""69394420-c732-4ebe-a5fd-54c2d5628ea7"",""replica"":""7fc15fda-5103-4647-b7c4-6251ceb0ef53""}",2026-07-23T06:31:07.416993228Z
"2026-07-23T06:30:59.521Z [[34mdebug[39m] ✅ [LIFECYCLE:PUBACK_OK] Device confirmed message receipt {""service"":""mqtt-publisher-lite"",""deviceId"":""DEVICE-15""}",info,"{""level"":""info""}","{""project"":""90a47e04-a329-4122-9c82-2ee75a4562c2"",""environment"":""f6319bd4-2e87-40d4-8547-4ce714038bc1"",""service"":""c236b8cb-3eff-45c5-aca0-23e73e33dc8d"",""deployment"":""69394420-c732-4ebe-a5fd-54c2d5628ea7"",""replica"":""7fc15fda-5103-4647-b7c4-6251ceb0ef53""}",2026-07-23T06:31:07.416997237Z
"2026-07-23T06:30:59.521Z [[34mdebug[39m] Message published {""service"":""mqtt-publisher-lite"",""topic"":""proof.mqtt/DEVICE-15/gmb"",""qos"":1,""deliveryTime"":""220ms""}",info,"{""level"":""info""}","{""project"":""90a47e04-a329-4122-9c82-2ee75a4562c2"",""environment"":""f6319bd4-2e87-40d4-8547-4ce714038bc1"",""service"":""c236b8cb-3eff-45c5-aca0-23e73e33dc8d"",""deployment"":""69394420-c732-4ebe-a5fd-54c2d5628ea7"",""replica"":""7fc15fda-5103-4647-b7c4-6251ceb0ef53""}",2026-07-23T06:31:07.417001037Z
"2026-07-23T06:30:59.521Z [[34mdebug[39m] Message received {""service"":""mqtt-publisher-lite"",""topic"":""proof.mqtt/DEVICE-15/gmb"",""size"":272,""retain"":false}",info,"{""level"":""info""}","{""project"":""90a47e04-a329-4122-9c82-2ee75a4562c2"",""environment"":""f6319bd4-2e87-40d4-8547-4ce714038bc1"",""service"":""c236b8cb-3eff-45c5-aca0-23e73e33dc8d"",""deployment"":""69394420-c732-4ebe-a5fd-54c2d5628ea7"",""replica"":""7fc15fda-5103-4647-b7c4-6251ceb0ef53""}",2026-07-23T06:31:07.417004687Z
"2026-07-23T06:30:59.521Z [[34mdebug[39m] Skipping echo message {""service"":""mqtt-publisher-lite"",""topic"":""proof.mqtt/DEVICE-15/gmb"",""age"":""0ms""}",info,"{""level"":""info""}","{""project"":""90a47e04-a329-4122-9c82-2ee75a4562c2"",""environment"":""f6319bd4-2e87-40d4-8547-4ce714038bc1"",""service"":""c236b8cb-3eff-45c5-aca0-23e73e33dc8d"",""deployment"":""69394420-c732-4ebe-a5fd-54c2d5628ea7"",""replica"":""7fc15fda-5103-4647-b7c4-6251ceb0ef53""}",2026-07-23T06:31:07.417008767Z
"2026-07-23T06:30:59.522Z [[34mdebug[39m] Screen message received {""service"":""mqtt-publisher-lite"",""topic"":""proof.mqtt/DEVICE-15/gmb"",""screen"":""gmb""}",info,"{""level"":""info""}","{""project"":""90a47e04-a329-4122-9c82-2ee75a4562c2"",""environment"":""f6319bd4-2e87-40d4-8547-4ce714038bc1"",""service"":""c236b8cb-3eff-45c5-aca0-23e73e33dc8d"",""deployment"":""69394420-c732-4ebe-a5fd-54c2d5628ea7"",""replica"":""7fc15fda-5103-4647-b7c4-6251ceb0ef53""}",2026-07-23T06:31:07.417012097Z
"2026-07-23T06:30:59.620Z [[32minfo[39m] [STIM_GMB] Published {""service"":""mqtt-publisher-lite"",""deviceId"":""DEVICE-15"",""reviews"":30,""target"":100,""mode"":""synthetic"",""celebration"":""true"",""done"":false}",info,"{""level"":""info""}","{""project"":""90a47e04-a329-4122-9c82-2ee75a4562c2"",""environment"":""f6319bd4-2e87-40d4-8547-4ce714038bc1"",""service"":""c236b8cb-3eff-45c5-aca0-23e73e33dc8d"",""deployment"":""69394420-c732-4ebe-a5fd-54c2d5628ea7"",""replica"":""7fc15fda-5103-4647-b7c4-6251ceb0ef53""}",2026-07-23T06:31:07.417016047Z
"2026-07-23T06:31:17.106Z [[32minfo[39m] 📤 QoS 1 message sent {""service"":""mqtt-publisher-lite"",""messageId"":44737,""topic"":""proof.mqtt/DEVICE-13/instagram"",""qos"":1}",info,"{""level"":""info""}","{""project"":""90a47e04-a329-4122-9c82-2ee75a4562c2"",""environment"":""f6319bd4-2e87-40d4-8547-4ce714038bc1"",""service"":""c236b8cb-3eff-45c5-aca0-23e73e33dc8d"",""deployment"":""69394420-c732-4ebe-a5fd-54c2d5628ea7"",""replica"":""7fc15fda-5103-4647-b7c4-6251ceb0ef53""}",2026-07-23T06:31:17.112676703Z
"2026-07-23T06:31:17.106Z [[32minfo[39m] ⏱️ Tracking QoS 1 message (30s timeout) {""service"":""mqtt-publisher-lite"",""deviceId"":""DEVICE-13"",""messageId"":44737,""topic"":""proof.mqtt/DEVICE-13/instagram"",""pendingCount"":1}",info,"{""level"":""info""}","{""project"":""90a47e04-a329-4122-9c82-2ee75a4562c2"",""environment"":""f6319bd4-2e87-40d4-8547-4ce714038bc1"",""service"":""c236b8cb-3eff-45c5-aca0-23e73e33dc8d"",""deployment"":""69394420-c732-4ebe-a5fd-54c2d5628ea7"",""replica"":""7fc15fda-5103-4647-b7c4-6251ceb0ef53""}",2026-07-23T06:31:17.112680503Z
"2026-07-23T06:31:17.217Z [[32minfo[39m] 📤 QoS 1 message sent {""service"":""mqtt-publisher-lite"",""messageId"":44738,""topic"":""proof.mqtt/DEVICE-13/gmb"",""qos"":1}",info,"{""level"":""info""}","{""project"":""90a47e04-a329-4122-9c82-2ee75a4562c2"",""environment"":""f6319bd4-2e87-40d4-8547-4ce714038bc1"",""service"":""c236b8cb-3eff-45c5-aca0-23e73e33dc8d"",""deployment"":""69394420-c732-4ebe-a5fd-54c2d5628ea7"",""replica"":""7fc15fda-5103-4647-b7c4-6251ceb0ef53""}",2026-07-23T06:31:17.270110253Z
"2026-07-23T06:31:17.217Z [[32minfo[39m] ⏱️ Tracking QoS 1 message (30s timeout) {""service"":""mqtt-publisher-lite"",""deviceId"":""DEVICE-13"",""messageId"":44738,""topic"":""proof.mqtt/DEVICE-13/gmb"",""pendingCount"":2}",info,"{""level"":""info""}","{""project"":""90a47e04-a329-4122-9c82-2ee75a4562c2"",""environment"":""f6319bd4-2e87-40d4-8547-4ce714038bc1"",""service"":""c236b8cb-3eff-45c5-aca0-23e73e33dc8d"",""deployment"":""69394420-c732-4ebe-a5fd-54c2d5628ea7"",""replica"":""7fc15fda-5103-4647-b7c4-6251ceb0ef53""}",2026-07-23T06:31:17.270113523Z
"2026-07-23T06:31:17.325Z [[32minfo[39m] ✅ PUBACK received {""service"":""mqtt-publisher-lite"",""messageId"":44737}",info,"{""level"":""info""}","{""project"":""90a47e04-a329-4122-9c82-2ee75a4562c2"",""environment"":""f6319bd4-2e87-40d4-8547-4ce714038bc1"",""service"":""c236b8cb-3eff-45c5-aca0-23e73e33dc8d"",""deployment"":""69394420-c732-4ebe-a5fd-54c2d5628ea7"",""replica"":""7fc15fda-5103-4647-b7c4-6251ceb0ef53""}",2026-07-23T06:31:17.360632068Z
"2026-07-23T06:31:17.326Z [[32minfo[39m] ✅ QoS 1 PUBACK confirmed {""service"":""mqtt-publisher-lite"",""deviceId"":""DEVICE-13"",""messageId"":44737,""deliveryTime"":""220ms"",""pendingCount"":1}",info,"{""level"":""info""}","{""project"":""90a47e04-a329-4122-9c82-2ee75a4562c2"",""environment"":""f6319bd4-2e87-40d4-8547-4ce714038bc1"",""service"":""c236b8cb-3eff-45c5-aca0-23e73e33dc8d"",""deployment"":""69394420-c732-4ebe-a5fd-54c2d5628ea7"",""replica"":""7fc15fda-5103-4647-b7c4-6251ceb0ef53""}",2026-07-23T06:31:17.360641018Z
"2026-07-23T06:31:17.326Z [[34mdebug[39m] ✅ [LIFECYCLE:PUBACK_OK] Device confirmed message receipt {""service"":""mqtt-publisher-lite"",""deviceId"":""DEVICE-13""}",info,"{""level"":""info""}","{""project"":""90a47e04-a329-4122-9c82-2ee75a4562c2"",""environment"":""f6319bd4-2e87-40d4-8547-4ce714038bc1"",""service"":""c236b8cb-3eff-45c5-aca0-23e73e33dc8d"",""deployment"":""69394420-c732-4ebe-a5fd-54c2d5628ea7"",""replica"":""7fc15fda-5103-4647-b7c4-6251ceb0ef53""}",2026-07-23T06:31:17.360645348Z
"2026-07-23T06:31:17.326Z [[34mdebug[39m] Message published {""service"":""mqtt-publisher-lite"",""topic"":""proof.mqtt/DEVICE-13/instagram"",""qos"":1,""deliveryTime"":""220ms""}",info,"{""level"":""info""}","{""project"":""90a47e04-a329-4122-9c82-2ee75a4562c2"",""environment"":""f6319bd4-2e87-40d4-8547-4ce714038bc1"",""service"":""c236b8cb-3eff-45c5-aca0-23e73e33dc8d"",""deployment"":""69394420-c732-4ebe-a5fd-54c2d5628ea7"",""replica"":""7fc15fda-5103-4647-b7c4-6251ceb0ef53""}",2026-07-23T06:31:17.360648698Z
"2026-07-23T06:31:17.326Z [[34mdebug[39m] Message received {""service"":""mqtt-publisher-lite"",""topic"":""proof.mqtt/DEVICE-13/instagram"",""size"":228,""retain"":false}",info,"{""level"":""info""}","{""project"":""90a47e04-a329-4122-9c82-2ee75a4562c2"",""environment"":""f6319bd4-2e87-40d4-8547-4ce714038bc1"",""service"":""c236b8cb-3eff-45c5-aca0-23e73e33dc8d"",""deployment"":""69394420-c732-4ebe-a5fd-54c2d5628ea7"",""replica"":""7fc15fda-5103-4647-b7c4-6251ceb0ef53""}",2026-07-23T06:31:17.360651778Z
"2026-07-23T06:31:17.326Z [[34mdebug[39m] Skipping echo message {""service"":""mqtt-publisher-lite"",""topic"":""proof.mqtt/DEVICE-13/instagram"",""age"":""0ms""}",info,"{""level"":""info""}","{""project"":""90a47e04-a329-4122-9c82-2ee75a4562c2"",""environment"":""f6319bd4-2e87-40d4-8547-4ce714038bc1"",""service"":""c236b8cb-3eff-45c5-aca0-23e73e33dc8d"",""deployment"":""69394420-c732-4ebe-a5fd-54c2d5628ea7"",""replica"":""7fc15fda-5103-4647-b7c4-6251ceb0ef53""}",2026-07-23T06:31:17.360655568Z
"2026-07-23T06:31:17.326Z [[34mdebug[39m] Screen message received {""service"":""mqtt-publisher-lite"",""topic"":""proof.mqtt/DEVICE-13/instagram"",""screen"":""instagram""}",info,"{""level"":""info""}","{""project"":""90a47e04-a329-4122-9c82-2ee75a4562c2"",""environment"":""f6319bd4-2e87-40d4-8547-4ce714038bc1"",""service"":""c236b8cb-3eff-45c5-aca0-23e73e33dc8d"",""deployment"":""69394420-c732-4ebe-a5fd-54c2d5628ea7"",""replica"":""7fc15fda-5103-4647-b7c4-6251ceb0ef53""}",2026-07-23T06:31:17.360658688Z
"2026-07-23T06:31:17.425Z [[32minfo[39m] [STIM_IG] Published {""service"":""mqtt-publisher-lite"",""deviceId"":""DEVICE-13"",""followers"":27,""target"":500,""mode"":""synthetic"",""achievement"":30,""celebration"":""false"",""done"":false}",info,"{""level"":""info""}","{""project"":""90a47e04-a329-4122-9c82-2ee75a4562c2"",""environment"":""f6319bd4-2e87-40d4-8547-4ce714038bc1"",""service"":""c236b8cb-3eff-45c5-aca0-23e73e33dc8d"",""deployment"":""69394420-c732-4ebe-a5fd-54c2d5628ea7"",""replica"":""7fc15fda-5103-4647-b7c4-6251ceb0ef53""}",2026-07-23T06:31:17.428514147Z
"2026-07-23T06:31:17.436Z [[32minfo[39m] ✅ PUBACK received {""service"":""mqtt-publisher-lite"",""messageId"":44738}",info,"{""level"":""info""}","{""project"":""90a47e04-a329-4122-9c82-2ee75a4562c2"",""environment"":""f6319bd4-2e87-40d4-8547-4ce714038bc1"",""service"":""c236b8cb-3eff-45c5-aca0-23e73e33dc8d"",""deployment"":""69394420-c732-4ebe-a5fd-54c2d5628ea7"",""replica"":""7fc15fda-5103-4647-b7c4-6251ceb0ef53""}",2026-07-23T06:31:17.439020627Z
"2026-07-23T06:31:17.436Z [[32minfo[39m] ✅ QoS 1 PUBACK confirmed {""service"":""mqtt-publisher-lite"",""deviceId"":""DEVICE-13"",""messageId"":44738,""deliveryTime"":""219ms"",""pendingCount"":0}",info,"{""level"":""info""}","{""project"":""90a47e04-a329-4122-9c82-2ee75a4562c2"",""environment"":""f6319bd4-2e87-40d4-8547-4ce714038bc1"",""service"":""c236b8cb-3eff-45c5-aca0-23e73e33dc8d"",""deployment"":""69394420-c732-4ebe-a5fd-54c2d5628ea7"",""replica"":""7fc15fda-5103-4647-b7c4-6251ceb0ef53""}",2026-07-23T06:31:17.439025117Z
"2026-07-23T06:31:17.436Z [[34mdebug[39m] ✅ [LIFECYCLE:PUBACK_OK] Device confirmed message receipt {""service"":""mqtt-publisher-lite"",""deviceId"":""DEVICE-13""}",info,"{""level"":""info""}","{""project"":""90a47e04-a329-4122-9c82-2ee75a4562c2"",""environment"":""f6319bd4-2e87-40d4-8547-4ce714038bc1"",""service"":""c236b8cb-3eff-45c5-aca0-23e73e33dc8d"",""deployment"":""69394420-c732-4ebe-a5fd-54c2d5628ea7"",""replica"":""7fc15fda-5103-4647-b7c4-6251ceb0ef53""}",2026-07-23T06:31:17.439030716Z
"2026-07-23T06:31:17.437Z [[34mdebug[39m] Message published {""service"":""mqtt-publisher-lite"",""topic"":""proof.mqtt/DEVICE-13/gmb"",""qos"":1,""deliveryTime"":""220ms""}",info,"{""level"":""info""}","{""project"":""90a47e04-a329-4122-9c82-2ee75a4562c2"",""environment"":""f6319bd4-2e87-40d4-8547-4ce714038bc1"",""service"":""c236b8cb-3eff-45c5-aca0-23e73e33dc8d"",""deployment"":""69394420-c732-4ebe-a5fd-54c2d5628ea7"",""replica"":""7fc15fda-5103-4647-b7c4-6251ceb0ef53""}",2026-07-23T06:31:17.439034596Z
"2026-07-23T06:31:17.437Z [[34mdebug[39m] Message received {""service"":""mqtt-publisher-lite"",""topic"":""proof.mqtt/DEVICE-13/gmb"",""size"":272,""retain"":false}",info,"{""level"":""info""}","{""project"":""90a47e04-a329-4122-9c82-2ee75a4562c2"",""environment"":""f6319bd4-2e87-40d4-8547-4ce714038bc1"",""service"":""c236b8cb-3eff-45c5-aca0-23e73e33dc8d"",""deployment"":""69394420-c732-4ebe-a5fd-54c2d5628ea7"",""replica"":""7fc15fda-5103-4647-b7c4-6251ceb0ef53""}",2026-07-23T06:31:17.439038746Z
"2026-07-23T06:31:17.437Z [[34mdebug[39m] Skipping echo message {""service"":""mqtt-publisher-lite"",""topic"":""proof.mqtt/DEVICE-13/gmb"",""age"":""0ms""}",info,"{""level"":""info""}","{""project"":""90a47e04-a329-4122-9c82-2ee75a4562c2"",""environment"":""f6319bd4-2e87-40d4-8547-4ce714038bc1"",""service"":""c236b8cb-3eff-45c5-aca0-23e73e33dc8d"",""deployment"":""69394420-c732-4ebe-a5fd-54c2d5628ea7"",""replica"":""7fc15fda-5103-4647-b7c4-6251ceb0ef53""}",2026-07-23T06:31:17.439042656Z
"2026-07-23T06:31:17.437Z [[34mdebug[39m] Screen message received {""service"":""mqtt-publisher-lite"",""topic"":""proof.mqtt/DEVICE-13/gmb"",""screen"":""gmb""}",info,"{""level"":""info""}","{""project"":""90a47e04-a329-4122-9c82-2ee75a4562c2"",""environment"":""f6319bd4-2e87-40d4-8547-4ce714038bc1"",""service"":""c236b8cb-3eff-45c5-aca0-23e73e33dc8d"",""deployment"":""69394420-c732-4ebe-a5fd-54c2d5628ea7"",""replica"":""7fc15fda-5103-4647-b7c4-6251ceb0ef53""}",2026-07-23T06:31:17.439046636Z
"2026-07-23T06:31:17.536Z [[32minfo[39m] [STIM_GMB] Published {""service"":""mqtt-publisher-lite"",""deviceId"":""DEVICE-13"",""reviews"":25,""target"":100,""mode"":""synthetic"",""celebration"":""true"",""done"":false}",info,"{""level"":""info""}","{""project"":""90a47e04-a329-4122-9c82-2ee75a4562c2"",""environment"":""f6319bd4-2e87-40d4-8547-4ce714038bc1"",""service"":""c236b8cb-3eff-45c5-aca0-23e73e33dc8d"",""deployment"":""69394420-c732-4ebe-a5fd-54c2d5628ea7"",""replica"":""7fc15fda-5103-4647-b7c4-6251ceb0ef53""}",2026-07-23T06:31:17.539441004Z
"2026-07-23T06:31:29.123Z [[32minfo[39m] 📤 [PUBLISH_CYCLE] Starting publish cycle {""service"":""mqtt-publisher-lite"",""deviceCount"":4,""source"":""redis"",""devices"":[{""id"":""DEVICE-17"",""userId"":""(none)"",""lastSeen"":""2026-07-23T06:30:29.418Z""},{""id"":""DEVICE-15"",""userId"":""68d3753f9f99d6b73ae2d991"",""lastSeen"":""2026-07-23T06:30:59.521Z""},{""id"":""DEVICE-13"",""userId"":""6937af58f950f0f5356a1599"",""lastSeen"":""2026-07-23T06:31:17.437Z""},{""id"":""DEVICE-19"",""userId"":""68d3753f9f99d6b73ae2d991"",""lastSeen"":""2026-07-23T06:27:34.170Z""}]}",info,"{""level"":""info""}","{""project"":""90a47e04-a329-4122-9c82-2ee75a4562c2"",""environment"":""f6319bd4-2e87-40d4-8547-4ce714038bc1"",""service"":""c236b8cb-3eff-45c5-aca0-23e73e33dc8d"",""deployment"":""69394420-c732-4ebe-a5fd-54c2d5628ea7"",""replica"":""7fc15fda-5103-4647-b7c4-6251ceb0ef53""}",2026-07-23T06:31:37.540199076Z
"2026-07-23T06:31:29.200Z [[32minfo[39m] 📤 QoS 1 message sent {""service"":""mqtt-publisher-lite"",""messageId"":44739,""topic"":""proof.mqtt/DEVICE-15/instagram"",""qos"":1}",info,"{""level"":""info""}","{""project"":""90a47e04-a329-4122-9c82-2ee75a4562c2"",""environment"":""f6319bd4-2e87-40d4-8547-4ce714038bc1"",""service"":""c236b8cb-3eff-45c5-aca0-23e73e33dc8d"",""deployment"":""69394420-c732-4ebe-a5fd-54c2d5628ea7"",""replica"":""7fc15fda-5103-4647-b7c4-6251ceb0ef53""}",2026-07-23T06:31:37.540209126Z
"2026-07-23T06:31:29.200Z [[32minfo[39m] ⏱️ Tracking QoS 1 message (30s timeout) {""service"":""mqtt-publisher-lite"",""deviceId"":""DEVICE-15"",""messageId"":44739,""topic"":""proof.mqtt/DEVICE-15/instagram"",""pendingCount"":1}",info,"{""level"":""info""}","{""project"":""90a47e04-a329-4122-9c82-2ee75a4562c2"",""environment"":""f6319bd4-2e87-40d4-8547-4ce714038bc1"",""service"":""c236b8cb-3eff-45c5-aca0-23e73e33dc8d"",""deployment"":""69394420-c732-4ebe-a5fd-54c2d5628ea7"",""replica"":""7fc15fda-5103-4647-b7c4-6251ceb0ef53""}",2026-07-23T06:31:37.540214536Z
"2026-07-23T06:31:29.231Z [[32minfo[39m] 📤 QoS 1 message sent {""service"":""mqtt-publisher-lite"",""messageId"":44740,""topic"":""proof.mqtt/DEVICE-17/test-gmb"",""qos"":1}",info,"{""level"":""info""}","{""project"":""90a47e04-a329-4122-9c82-2ee75a4562c2"",""environment"":""f6319bd4-2e87-40d4-8547-4ce714038bc1"",""service"":""c236b8cb-3eff-45c5-aca0-23e73e33dc8d"",""deployment"":""69394420-c732-4ebe-a5fd-54c2d5628ea7"",""replica"":""7fc15fda-5103-4647-b7c4-6251ceb0ef53""}",2026-07-23T06:31:37.540221096Z
"2026-07-23T06:31:29.232Z [[32minfo[39m] ⏱️ Tracking QoS 1 message (30s timeout) {""service"":""mqtt-publisher-lite"",""deviceId"":""DEVICE-17"",""messageId"":44740,""topic"":""proof.mqtt/DEVICE-17/test-gmb"",""pendingCount"":2}",info,"{""level"":""info""}","{""project"":""90a47e04-a329-4122-9c82-2ee75a4562c2"",""environment"":""f6319bd4-2e87-40d4-8547-4ce714038bc1"",""service"":""c236b8cb-3eff-45c5-aca0-23e73e33dc8d"",""deployment"":""69394420-c732-4ebe-a5fd-54c2d5628ea7"",""replica"":""7fc15fda-5103-4647-b7c4-6251ceb0ef53""}",2026-07-23T06:31:37.540225726Z
"2026-07-23T06:31:29.278Z [[34mdebug[39m] [IG_DIRECT] No Instagram credentials (Redis proof.mqtt:device:{id} or active-devices.json) {""service"":""mqtt-publisher-lite"",""deviceId"":""DEVICE-17"",""trigger"":""scheduled""}",info,"{""level"":""info""}","{""project"":""90a47e04-a329-4122-9c82-2ee75a4562c2"",""environment"":""f6319bd4-2e87-40d4-8547-4ce714038bc1"",""service"":""c236b8cb-3eff-45c5-aca0-23e73e33dc8d"",""deployment"":""69394420-c732-4ebe-a5fd-54c2d5628ea7"",""replica"":""7fc15fda-5103-4647-b7c4-6251ceb0ef53""}",2026-07-23T06:31:37.540230186Z
"2026-07-23T06:31:29.301Z [[32minfo[39m] 📤 QoS 1 message sent {""service"":""mqtt-publisher-lite"",""messageId"":44741,""topic"":""proof.mqtt/DEVICE-15/gmb"",""qos"":1}",info,"{""level"":""info""}","{""project"":""90a47e04-a329-4122-9c82-2ee75a4562c2"",""environment"":""f6319bd4-2e87-40d4-8547-4ce714038bc1"",""service"":""c236b8cb-3eff-45c5-aca0-23e73e33dc8d"",""deployment"":""69394420-c732-4ebe-a5fd-54c2d5628ea7"",""replica"":""7fc15fda-5103-4647-b7c4-6251ceb0ef53""}",2026-07-23T06:31:37.540234286Z
"2026-07-23T06:31:29.301Z [[32minfo[39m] ⏱️ Tracking QoS 1 message (30s timeout) {""service"":""mqtt-publisher-lite"",""deviceId"":""DEVICE-15"",""messageId"":44741,""topic"":""proof.mqtt/DEVICE-15/gmb"",""pendingCount"":3}",info,"{""level"":""info""}","{""project"":""90a47e04-a329-4122-9c82-2ee75a4562c2"",""environment"":""f6319bd4-2e87-40d4-8547-4ce714038bc1"",""service"":""c236b8cb-3eff-45c5-aca0-23e73e33dc8d"",""deployment"":""69394420-c732-4ebe-a5fd-54c2d5628ea7"",""replica"":""7fc15fda-5103-4647-b7c4-6251ceb0ef53""}",2026-07-23T06:31:37.540238546Z
"2026-07-23T06:31:29.377Z [[34mdebug[39m] Instagram fetch audit written to InfluxDB {""service"":""mqtt-publisher-lite"",""deviceId"":""DEVICE-17"",""success"":false}",info,"{""level"":""info""}","{""project"":""90a47e04-a329-4122-9c82-2ee75a4562c2"",""environment"":""f6319bd4-2e87-40d4-8547-4ce714038bc1"",""service"":""c236b8cb-3eff-45c5-aca0-23e73e33dc8d"",""deployment"":""69394420-c732-4ebe-a5fd-54c2d5628ea7"",""replica"":""7fc15fda-5103-4647-b7c4-6251ceb0ef53""}",2026-07-23T06:31:37.541129849Z
"2026-07-23T06:31:29.377Z [[33mwarn[39m] [IG_SCREEN] Skipping MQTT for failed fetch {""service"":""mqtt-publisher-lite"",""deviceId"":""DEVICE-17"",""error"":""no_instagram_credentials""}",info,"{""level"":""info""}","{""project"":""90a47e04-a329-4122-9c82-2ee75a4562c2"",""environment"":""f6319bd4-2e87-40d4-8547-4ce714038bc1"",""service"":""c236b8cb-3eff-45c5-aca0-23e73e33dc8d"",""deployment"":""69394420-c732-4ebe-a5fd-54c2d5628ea7"",""replica"":""7fc15fda-5103-4647-b7c4-6251ceb0ef53""}",2026-07-23T06:31:37.541134539Z
"2026-07-23T06:31:29.379Z [[32minfo[39m] InfluxDB batch flush {""service"":""mqtt-publisher-lite"",""source"":""metrics_disk_queue_worker"",""count"":1,""lines"":[""instagram_fetch_audit,device_id=DEVICE-17,success=false,trigger_type=scheduled duration_ms=0i,error_message=\""no_instagram_credentials\"",user_id_at_time=\""unknown\"" 1784788289278000000""]}",info,"{""level"":""info""}","{""project"":""90a47e04-a329-4122-9c82-2ee75a4562c2"",""environment"":""f6319bd4-2e87-40d4-8547-4ce714038bc1"",""service"":""c236b8cb-3eff-45c5-aca0-23e73e33dc8d"",""deployment"":""69394420-c732-4ebe-a5fd-54c2d5628ea7"",""replica"":""7fc15fda-5103-4647-b7c4-6251ceb0ef53""}",2026-07-23T06:31:37.541137979Z
"2026-07-23T06:31:29.425Z [[32minfo[39m] ✅ PUBACK received {""service"":""mqtt-publisher-lite"",""messageId"":44739}",info,"{""level"":""info""}","{""project"":""90a47e04-a329-4122-9c82-2ee75a4562c2"",""environment"":""f6319bd4-2e87-40d4-8547-4ce714038bc1"",""service"":""c236b8cb-3eff-45c5-aca0-23e73e33dc8d"",""deployment"":""69394420-c732-4ebe-a5fd-54c2d5628ea7"",""replica"":""7fc15fda-5103-4647-b7c4-6251ceb0ef53""}",2026-07-23T06:31:37.541140739Z
"2026-07-23T06:31:29.426Z [[32minfo[39m] ✅ QoS 1 PUBACK confirmed {""service"":""mqtt-publisher-lite"",""deviceId"":""DEVICE-15"",""messageId"":44739,""deliveryTime"":""226ms"",""pendingCount"":2}",info,"{""level"":""info""}","{""project"":""90a47e04-a329-4122-9c82-2ee75a4562c2"",""environment"":""f6319bd4-2e87-40d4-8547-4ce714038bc1"",""service"":""c236b8cb-3eff-45c5-aca0-23e73e33dc8d"",""deployment"":""69394420-c732-4ebe-a5fd-54c2d5628ea7"",""replica"":""7fc15fda-5103-4647-b7c4-6251ceb0ef53""}",2026-07-23T06:31:37.541143529Z
"2026-07-23T06:31:29.426Z [[34mdebug[39m] ✅ [LIFECYCLE:PUBACK_OK] Device confirmed message receipt {""service"":""mqtt-publisher-lite"",""deviceId"":""DEVICE-15""}",info,"{""level"":""info""}","{""project"":""90a47e04-a329-4122-9c82-2ee75a4562c2"",""environment"":""f6319bd4-2e87-40d4-8547-4ce714038bc1"",""service"":""c236b8cb-3eff-45c5-aca0-23e73e33dc8d"",""deployment"":""69394420-c732-4ebe-a5fd-54c2d5628ea7"",""replica"":""7fc15fda-5103-4647-b7c4-6251ceb0ef53""}",2026-07-23T06:31:37.541146319Z
"2026-07-23T06:31:29.426Z [[34mdebug[39m] Message published {""service"":""mqtt-publisher-lite"",""topic"":""proof.mqtt/DEVICE-15/instagram"",""qos"":1,""deliveryTime"":""226ms""}",info,"{""level"":""info""}","{""project"":""90a47e04-a329-4122-9c82-2ee75a4562c2"",""environment"":""f6319bd4-2e87-40d4-8547-4ce714038bc1"",""service"":""c236b8cb-3eff-45c5-aca0-23e73e33dc8d"",""deployment"":""69394420-c732-4ebe-a5fd-54c2d5628ea7"",""replica"":""7fc15fda-5103-4647-b7c4-6251ceb0ef53""}",2026-07-23T06:31:37.541149308Z
"2026-07-23T06:31:29.426Z [[34mdebug[39m] Message received {""service"":""mqtt-publisher-lite"",""topic"":""proof.mqtt/DEVICE-15/instagram"",""size"":228,""retain"":false}",info,"{""level"":""info""}","{""project"":""90a47e04-a329-4122-9c82-2ee75a4562c2"",""environment"":""f6319bd4-2e87-40d4-8547-4ce714038bc1"",""service"":""c236b8cb-3eff-45c5-aca0-23e73e33dc8d"",""deployment"":""69394420-c732-4ebe-a5fd-54c2d5628ea7"",""replica"":""7fc15fda-5103-4647-b7c4-6251ceb0ef53""}",2026-07-23T06:31:37.541152168Z
"2026-07-23T06:31:29.426Z [[34mdebug[39m] Skipping echo message {""service"":""mqtt-publisher-lite"",""topic"":""proof.mqtt/DEVICE-15/instagram"",""age"":""0ms""}",info,"{""level"":""info""}","{""project"":""90a47e04-a329-4122-9c82-2ee75a4562c2"",""environment"":""f6319bd4-2e87-40d4-8547-4ce714038bc1"",""service"":""c236b8cb-3eff-45c5-aca0-23e73e33dc8d"",""deployment"":""69394420-c732-4ebe-a5fd-54c2d5628ea7"",""replica"":""7fc15fda-5103-4647-b7c4-6251ceb0ef53""}",2026-07-23T06:31:37.541154718Z
"2026-07-23T06:31:29.426Z [[34mdebug[39m] Screen message received {""service"":""mqtt-publisher-lite"",""topic"":""proof.mqtt/DEVICE-15/instagram"",""screen"":""instagram""}",info,"{""level"":""info""}","{""project"":""90a47e04-a329-4122-9c82-2ee75a4562c2"",""environment"":""f6319bd4-2e87-40d4-8547-4ce714038bc1"",""service"":""c236b8cb-3eff-45c5-aca0-23e73e33dc8d"",""deployment"":""69394420-c732-4ebe-a5fd-54c2d5628ea7"",""replica"":""7fc15fda-5103-4647-b7c4-6251ceb0ef53""}",2026-07-23T06:31:37.541157308Z
"2026-07-23T06:31:29.460Z [[32minfo[39m] ✅ PUBACK received {""service"":""mqtt-publisher-lite"",""messageId"":44740}",info,"{""level"":""info""}","{""project"":""90a47e04-a329-4122-9c82-2ee75a4562c2"",""environment"":""f6319bd4-2e87-40d4-8547-4ce714038bc1"",""service"":""c236b8cb-3eff-45c5-aca0-23e73e33dc8d"",""deployment"":""69394420-c732-4ebe-a5fd-54c2d5628ea7"",""replica"":""7fc15fda-5103-4647-b7c4-6251ceb0ef53""}",2026-07-23T06:31:37.542466558Z
"2026-07-23T06:31:29.461Z [[32minfo[39m] ✅ QoS 1 PUBACK confirmed {""service"":""mqtt-publisher-lite"",""deviceId"":""DEVICE-17"",""messageId"":44740,""deliveryTime"":""230ms"",""pendingCount"":1}",info,"{""level"":""info""}","{""project"":""90a47e04-a329-4122-9c82-2ee75a4562c2"",""environment"":""f6319bd4-2e87-40d4-8547-4ce714038bc1"",""service"":""c236b8cb-3eff-45c5-aca0-23e73e33dc8d"",""deployment"":""69394420-c732-4ebe-a5fd-54c2d5628ea7"",""replica"":""7fc15fda-5103-4647-b7c4-6251ceb0ef53""}",2026-07-23T06:31:37.542471598Z
"2026-07-23T06:31:29.461Z [[34mdebug[39m] ✅ [LIFECYCLE:PUBACK_OK] Device confirmed message receipt {""service"":""mqtt-publisher-lite"",""deviceId"":""DEVICE-17""}",info,"{""level"":""info""}","{""project"":""90a47e04-a329-4122-9c82-2ee75a4562c2"",""environment"":""f6319bd4-2e87-40d4-8547-4ce714038bc1"",""service"":""c236b8cb-3eff-45c5-aca0-23e73e33dc8d"",""deployment"":""69394420-c732-4ebe-a5fd-54c2d5628ea7"",""replica"":""7fc15fda-5103-4647-b7c4-6251ceb0ef53""}",2026-07-23T06:31:37.542474698Z
"2026-07-23T06:31:29.461Z [[34mdebug[39m] Message published {""service"":""mqtt-publisher-lite"",""topic"":""proof.mqtt/DEVICE-17/test-gmb"",""qos"":1,""deliveryTime"":""230ms""}",info,"{""level"":""info""}","{""project"":""90a47e04-a329-4122-9c82-2ee75a4562c2"",""environment"":""f6319bd4-2e87-40d4-8547-4ce714038bc1"",""service"":""c236b8cb-3eff-45c5-aca0-23e73e33dc8d"",""deployment"":""69394420-c732-4ebe-a5fd-54c2d5628ea7"",""replica"":""7fc15fda-5103-4647-b7c4-6251ceb0ef53""}",2026-07-23T06:31:37.542478428Z
"2026-07-23T06:31:29.461Z [[34mdebug[39m] Published test-gmb screen {""service"":""mqtt-publisher-lite"",""deviceId"":""DEVICE-17"",""reviews"":569,""milestone"":570}",info,"{""level"":""info""}","{""project"":""90a47e04-a329-4122-9c82-2ee75a4562c2"",""environment"":""f6319bd4-2e87-40d4-8547-4ce714038bc1"",""service"":""c236b8cb-3eff-45c5-aca0-23e73e33dc8d"",""deployment"":""69394420-c732-4ebe-a5fd-54c2d5628ea7"",""replica"":""7fc15fda-5103-4647-b7c4-6251ceb0ef53""}",2026-07-23T06:31:37.542481748Z
"2026-07-23T06:31:29.523Z [[32minfo[39m] ✅ PUBACK received {""service"":""mqtt-publisher-lite"",""messageId"":44741}",info,"{""level"":""info""}","{""project"":""90a47e04-a329-4122-9c82-2ee75a4562c2"",""environment"":""f6319bd4-2e87-40d4-8547-4ce714038bc1"",""service"":""c236b8cb-3eff-45c5-aca0-23e73e33dc8d"",""deployment"":""69394420-c732-4ebe-a5fd-54c2d5628ea7"",""replica"":""7fc15fda-5103-4647-b7c4-6251ceb0ef53""}",2026-07-23T06:31:37.542485188Z
"2026-07-23T06:31:29.523Z [[32minfo[39m] ✅ QoS 1 PUBACK confirmed {""service"":""mqtt-publisher-lite"",""deviceId"":""DEVICE-15"",""messageId"":44741,""deliveryTime"":""222ms"",""pendingCount"":0}",info,"{""level"":""info""}","{""project"":""90a47e04-a329-4122-9c82-2ee75a4562c2"",""environment"":""f6319bd4-2e87-40d4-8547-4ce714038bc1"",""service"":""c236b8cb-3eff-45c5-aca0-23e73e33dc8d"",""deployment"":""69394420-c732-4ebe-a5fd-54c2d5628ea7"",""replica"":""7fc15fda-5103-4647-b7c4-6251ceb0ef53""}",2026-07-23T06:31:37.542488568Z
"2026-07-23T06:31:29.524Z [[34mdebug[39m] ✅ [LIFECYCLE:PUBACK_OK] Device confirmed message receipt {""service"":""mqtt-publisher-lite"",""deviceId"":""DEVICE-15""}",info,"{""level"":""info""}","{""project"":""90a47e04-a329-4122-9c82-2ee75a4562c2"",""environment"":""f6319bd4-2e87-40d4-8547-4ce714038bc1"",""service"":""c236b8cb-3eff-45c5-aca0-23e73e33dc8d"",""deployment"":""69394420-c732-4ebe-a5fd-54c2d5628ea7"",""replica"":""7fc15fda-5103-4647-b7c4-6251ceb0ef53""}",2026-07-23T06:31:37.542491268Z
"2026-07-23T06:31:29.524Z [[34mdebug[39m] Message published {""service"":""mqtt-publisher-lite"",""topic"":""proof.mqtt/DEVICE-15/gmb"",""qos"":1,""deliveryTime"":""223ms""}",info,"{""level"":""info""}","{""project"":""90a47e04-a329-4122-9c82-2ee75a4562c2"",""environment"":""f6319bd4-2e87-40d4-8547-4ce714038bc1"",""service"":""c236b8cb-3eff-45c5-aca0-23e73e33dc8d"",""deployment"":""69394420-c732-4ebe-a5fd-54c2d5628ea7"",""replica"":""7fc15fda-5103-4647-b7c4-6251ceb0ef53""}",2026-07-23T06:31:37.542494018Z
"2026-07-23T06:31:29.524Z [[34mdebug[39m] Message received {""service"":""mqtt-publisher-lite"",""topic"":""proof.mqtt/DEVICE-15/gmb"",""size"":246,""retain"":false}",info,"{""level"":""info""}","{""project"":""90a47e04-a329-4122-9c82-2ee75a4562c2"",""environment"":""f6319bd4-2e87-40d4-8547-4ce714038bc1"",""service"":""c236b8cb-3eff-45c5-aca0-23e73e33dc8d"",""deployment"":""69394420-c732-4ebe-a5fd-54c2d5628ea7"",""replica"":""7fc15fda-5103-4647-b7c4-6251ceb0ef53""}",2026-07-23T06:31:37.542497278Z
"2026-07-23T06:31:29.524Z [[34mdebug[39m] Skipping echo message {""service"":""mqtt-publisher-lite"",""topic"":""proof.mqtt/DEVICE-15/gmb"",""age"":""0ms""}",info,"{""level"":""info""}","{""project"":""90a47e04-a329-4122-9c82-2ee75a4562c2"",""environment"":""f6319bd4-2e87-40d4-8547-4ce714038bc1"",""service"":""c236b8cb-3eff-45c5-aca0-23e73e33dc8d"",""deployment"":""69394420-c732-4ebe-a5fd-54c2d5628ea7"",""replica"":""7fc15fda-5103-4647-b7c4-6251ceb0ef53""}",2026-07-23T06:31:37.542500708Z
"2026-07-23T06:31:29.524Z [[34mdebug[39m] Screen message received {""service"":""mqtt-publisher-lite"",""topic"":""proof.mqtt/DEVICE-15/gmb"",""screen"":""gmb""}",info,"{""level"":""info""}","{""project"":""90a47e04-a329-4122-9c82-2ee75a4562c2"",""environment"":""f6319bd4-2e87-40d4-8547-4ce714038bc1"",""service"":""c236b8cb-3eff-45c5-aca0-23e73e33dc8d"",""deployment"":""69394420-c732-4ebe-a5fd-54c2d5628ea7"",""replica"":""7fc15fda-5103-4647-b7c4-6251ceb0ef53""}",2026-07-23T06:31:37.543492790Z
"2026-07-23T06:31:29.527Z [[32minfo[39m] [STIM_IG] Published {""service"":""mqtt-publisher-lite"",""deviceId"":""DEVICE-15"",""followers"":33,""target"":500,""mode"":""synthetic"",""achievement"":35,""celebration"":""false"",""done"":false}",info,"{""level"":""info""}","{""project"":""90a47e04-a329-4122-9c82-2ee75a4562c2"",""environment"":""f6319bd4-2e87-40d4-8547-4ce714038bc1"",""service"":""c236b8cb-3eff-45c5-aca0-23e73e33dc8d"",""deployment"":""69394420-c732-4ebe-a5fd-54c2d5628ea7"",""replica"":""7fc15fda-5103-4647-b7c4-6251ceb0ef53""}",2026-07-23T06:31:37.543497910Z
"2026-07-23T06:31:29.588Z [[34mdebug[39m] 📤 [PUBLISH_CYCLE] Publishing all screens to device {""service"":""mqtt-publisher-lite"",""deviceId"":""DEVICE-17""}",info,"{""level"":""info""}","{""project"":""90a47e04-a329-4122-9c82-2ee75a4562c2"",""environment"":""f6319bd4-2e87-40d4-8547-4ce714038bc1"",""service"":""c236b8cb-3eff-45c5-aca0-23e73e33dc8d"",""deployment"":""69394420-c732-4ebe-a5fd-54c2d5628ea7"",""replica"":""7fc15fda-5103-4647-b7c4-6251ceb0ef53""}",2026-07-23T06:31:37.543501630Z
"2026-07-23T06:31:29.635Z [[32minfo[39m] [STIM_GMB] Published {""service"":""mqtt-publisher-lite"",""deviceId"":""DEVICE-15"",""reviews"":31,""target"":100,""mode"":""synthetic"",""celebration"":""false"",""done"":false}",info,"{""level"":""info""}","{""project"":""90a47e04-a329-4122-9c82-2ee75a4562c2"",""environment"":""f6319bd4-2e87-40d4-8547-4ce714038bc1"",""service"":""c236b8cb-3eff-45c5-aca0-23e73e33dc8d"",""deployment"":""69394420-c732-4ebe-a5fd-54c2d5628ea7"",""replica"":""7fc15fda-5103-4647-b7c4-6251ceb0ef53""}",2026-07-23T06:31:37.543504570Z
"2026-07-23T06:31:29.696Z [[32minfo[39m] [PROMOTION] Default canvas not published {""service"":""mqtt-publisher-lite"",""deviceId"":""DEVICE-17"",""topic"":""proof.mqtt/DEVICE-17/promotion"",""reason"":""unchanged""}",info,"{""level"":""info""}","{""project"":""90a47e04-a329-4122-9c82-2ee75a4562c2"",""environment"":""f6319bd4-2e87-40d4-8547-4ce714038bc1"",""service"":""c236b8cb-3eff-45c5-aca0-23e73e33dc8d"",""deployment"":""69394420-c732-4ebe-a5fd-54c2d5628ea7"",""replica"":""7fc15fda-5103-4647-b7c4-6251ceb0ef53""}",2026-07-23T06:31:37.543507160Z
"2026-07-23T06:31:29.696Z [[34mdebug[39m] [STIM_SKIP] StatsPublisher skipping stim device {""service"":""mqtt-publisher-lite"",""deviceId"":""DEVICE-15""}",info,"{""level"":""info""}","{""project"":""90a47e04-a329-4122-9c82-2ee75a4562c2"",""environment"":""f6319bd4-2e87-40d4-8547-4ce714038bc1"",""service"":""c236b8cb-3eff-45c5-aca0-23e73e33dc8d"",""deployment"":""69394420-c732-4ebe-a5fd-54c2d5628ea7"",""replica"":""7fc15fda-5103-4647-b7c4-6251ceb0ef53""}",2026-07-23T06:31:37.543509960Z
"2026-07-23T06:31:29.697Z [[34mdebug[39m] [STIM_SKIP] StatsPublisher skipping stim device {""service"":""mqtt-publisher-lite"",""deviceId"":""DEVICE-13""}",info,"{""level"":""info""}","{""project"":""90a47e04-a329-4122-9c82-2ee75a4562c2"",""environment"":""f6319bd4-2e87-40d4-8547-4ce714038bc1"",""service"":""c236b8cb-3eff-45c5-aca0-23e73e33dc8d"",""deployment"":""69394420-c732-4ebe-a5fd-54c2d5628ea7"",""replica"":""7fc15fda-5103-4647-b7c4-6251ceb0ef53""}",2026-07-23T06:31:37.543513090Z
"2026-07-23T06:31:29.795Z [[34mdebug[39m] [STIM_SKIP] StatsPublisher skipping stim device {""service"":""mqtt-publisher-lite"",""deviceId"":""DEVICE-19""}",info,"{""level"":""info""}","{""project"":""90a47e04-a329-4122-9c82-2ee75a4562c2"",""environment"":""f6319bd4-2e87-40d4-8547-4ce714038bc1"",""service"":""c236b8cb-3eff-45c5-aca0-23e73e33dc8d"",""deployment"":""69394420-c732-4ebe-a5fd-54c2d5628ea7"",""replica"":""7fc15fda-5103-4647-b7c4-6251ceb0ef53""}",2026-07-23T06:31:37.543516470Z
"2026-07-23T06:31:47.106Z [[32minfo[39m] 📤 QoS 1 message sent {""service"":""mqtt-publisher-lite"",""messageId"":44742,""topic"":""proof.mqtt/DEVICE-13/instagram"",""qos"":1}",info,"{""level"":""info""}","{""project"":""90a47e04-a329-4122-9c82-2ee75a4562c2"",""environment"":""f6319bd4-2e87-40d4-8547-4ce714038bc1"",""service"":""c236b8cb-3eff-45c5-aca0-23e73e33dc8d"",""deployment"":""69394420-c732-4ebe-a5fd-54c2d5628ea7"",""replica"":""7fc15fda-5103-4647-b7c4-6251ceb0ef53""}",2026-07-23T06:31:47.157545900Z
"2026-07-23T06:31:47.106Z [[32minfo[39m] ⏱️ Tracking QoS 1 message (30s timeout) {""service"":""mqtt-publisher-lite"",""deviceId"":""DEVICE-13"",""messageId"":44742,""topic"":""proof.mqtt/DEVICE-13/instagram"",""pendingCount"":1}",info,"{""level"":""info""}","{""project"":""90a47e04-a329-4122-9c82-2ee75a4562c2"",""environment"":""f6319bd4-2e87-40d4-8547-4ce714038bc1"",""service"":""c236b8cb-3eff-45c5-aca0-23e73e33dc8d"",""deployment"":""69394420-c732-4ebe-a5fd-54c2d5628ea7"",""replica"":""7fc15fda-5103-4647-b7c4-6251ceb0ef53""}",2026-07-23T06:31:47.157552240Z
"2026-07-23T06:31:47.217Z [[32minfo[39m] 📤 QoS 1 message sent {""service"":""mqtt-publisher-lite"",""messageId"":44743,""topic"":""proof.mqtt/DEVICE-13/gmb"",""qos"":1}",info,"{""level"":""info""}","{""project"":""90a47e04-a329-4122-9c82-2ee75a4562c2"",""environment"":""f6319bd4-2e87-40d4-8547-4ce714038bc1"",""service"":""c236b8cb-3eff-45c5-aca0-23e73e33dc8d"",""deployment"":""69394420-c732-4ebe-a5fd-54c2d5628ea7"",""replica"":""7fc15fda-5103-4647-b7c4-6251ceb0ef53""}",2026-07-23T06:31:47.220778033Z
"2026-07-23T06:31:47.217Z [[32minfo[39m] ⏱️ Tracking QoS 1 message (30s timeout) {""service"":""mqtt-publisher-lite"",""deviceId"":""DEVICE-13"",""messageId"":44743,""topic"":""proof.mqtt/DEVICE-13/gmb"",""pendingCount"":2}",info,"{""level"":""info""}","{""project"":""90a47e04-a329-4122-9c82-2ee75a4562c2"",""environment"":""f6319bd4-2e87-40d4-8547-4ce714038bc1"",""service"":""c236b8cb-3eff-45c5-aca0-23e73e33dc8d"",""deployment"":""69394420-c732-4ebe-a5fd-54c2d5628ea7"",""replica"":""7fc15fda-5103-4647-b7c4-6251ceb0ef53""}",2026-07-23T06:31:47.220787203Z
"2026-07-23T06:31:47.326Z [[32minfo[39m] ✅ PUBACK received {""service"":""mqtt-publisher-lite"",""messageId"":44742}",info,"{""level"":""info""}","{""project"":""90a47e04-a329-4122-9c82-2ee75a4562c2"",""environment"":""f6319bd4-2e87-40d4-8547-4ce714038bc1"",""service"":""c236b8cb-3eff-45c5-aca0-23e73e33dc8d"",""deployment"":""69394420-c732-4ebe-a5fd-54c2d5628ea7"",""replica"":""7fc15fda-5103-4647-b7c4-6251ceb0ef53""}",2026-07-23T06:31:47.558494179Z
"2026-07-23T06:31:47.326Z [[32minfo[39m] ✅ QoS 1 PUBACK confirmed {""service"":""mqtt-publisher-lite"",""deviceId"":""DEVICE-13"",""messageId"":44742,""deliveryTime"":""220ms"",""pendingCount"":1}",info,"{""level"":""info""}","{""project"":""90a47e04-a329-4122-9c82-2ee75a4562c2"",""environment"":""f6319bd4-2e87-40d4-8547-4ce714038bc1"",""service"":""c236b8cb-3eff-45c5-aca0-23e73e33dc8d"",""deployment"":""69394420-c732-4ebe-a5fd-54c2d5628ea7"",""replica"":""7fc15fda-5103-4647-b7c4-6251ceb0ef53""}",2026-07-23T06:31:47.558499659Z
"2026-07-23T06:31:47.326Z [[34mdebug[39m] ✅ [LIFECYCLE:PUBACK_OK] Device confirmed message receipt {""service"":""mqtt-publisher-lite"",""deviceId"":""DEVICE-13""}",info,"{""level"":""info""}","{""project"":""90a47e04-a329-4122-9c82-2ee75a4562c2"",""environment"":""f6319bd4-2e87-40d4-8547-4ce714038bc1"",""service"":""c236b8cb-3eff-45c5-aca0-23e73e33dc8d"",""deployment"":""69394420-c732-4ebe-a5fd-54c2d5628ea7"",""replica"":""7fc15fda-5103-4647-b7c4-6251ceb0ef53""}",2026-07-23T06:31:47.558508839Z
"2026-07-23T06:31:47.326Z [[34mdebug[39m] Message published {""service"":""mqtt-publisher-lite"",""topic"":""proof.mqtt/DEVICE-13/instagram"",""qos"":1,""deliveryTime"":""220ms""}",info,"{""level"":""info""}","{""project"":""90a47e04-a329-4122-9c82-2ee75a4562c2"",""environment"":""f6319bd4-2e87-40d4-8547-4ce714038bc1"",""service"":""c236b8cb-3eff-45c5-aca0-23e73e33dc8d"",""deployment"":""69394420-c732-4ebe-a5fd-54c2d5628ea7"",""replica"":""7fc15fda-5103-4647-b7c4-6251ceb0ef53""}",2026-07-23T06:31:47.558515719Z
"2026-07-23T06:31:47.327Z [[34mdebug[39m] Message received {""service"":""mqtt-publisher-lite"",""topic"":""proof.mqtt/DEVICE-13/instagram"",""size"":228,""retain"":false}",info,"{""level"":""info""}","{""project"":""90a47e04-a329-4122-9c82-2ee75a4562c2"",""environment"":""f6319bd4-2e87-40d4-8547-4ce714038bc1"",""service"":""c236b8cb-3eff-45c5-aca0-23e73e33dc8d"",""deployment"":""69394420-c732-4ebe-a5fd-54c2d5628ea7"",""replica"":""7fc15fda-5103-4647-b7c4-6251ceb0ef53""}",2026-07-23T06:31:47.558522419Z
"2026-07-23T06:31:47.327Z [[34mdebug[39m] Skipping echo message {""service"":""mqtt-publisher-lite"",""topic"":""proof.mqtt/DEVICE-13/instagram"",""age"":""1ms""}",info,"{""level"":""info""}","{""project"":""90a47e04-a329-4122-9c82-2ee75a4562c2"",""environment"":""f6319bd4-2e87-40d4-8547-4ce714038bc1"",""service"":""c236b8cb-3eff-45c5-aca0-23e73e33dc8d"",""deployment"":""69394420-c732-4ebe-a5fd-54c2d5628ea7"",""replica"":""7fc15fda-5103-4647-b7c4-6251ceb0ef53""}",2026-07-23T06:31:47.558528209Z
"2026-07-23T06:31:47.327Z [[34mdebug[39m] Screen message received {""service"":""mqtt-publisher-lite"",""topic"":""proof.mqtt/DEVICE-13/instagram"",""screen"":""instagram""}",info,"{""level"":""info""}","{""project"":""90a47e04-a329-4122-9c82-2ee75a4562c2"",""environment"":""f6319bd4-2e87-40d4-8547-4ce714038bc1"",""service"":""c236b8cb-3eff-45c5-aca0-23e73e33dc8d"",""deployment"":""69394420-c732-4ebe-a5fd-54c2d5628ea7"",""replica"":""7fc15fda-5103-4647-b7c4-6251ceb0ef53""}",2026-07-23T06:31:47.558534809Z
"2026-07-23T06:31:47.426Z [[32minfo[39m] [STIM_IG] Published {""service"":""mqtt-publisher-lite"",""deviceId"":""DEVICE-13"",""followers"":28,""target"":500,""mode"":""synthetic"",""achievement"":30,""celebration"":""false"",""done"":false}",info,"{""level"":""info""}","{""project"":""90a47e04-a329-4122-9c82-2ee75a4562c2"",""environment"":""f6319bd4-2e87-40d4-8547-4ce714038bc1"",""service"":""c236b8cb-3eff-45c5-aca0-23e73e33dc8d"",""deployment"":""69394420-c732-4ebe-a5fd-54c2d5628ea7"",""replica"":""7fc15fda-5103-4647-b7c4-6251ceb0ef53""}",2026-07-23T06:31:47.558541888Z
"2026-07-23T06:31:47.502Z [[32minfo[39m] ✅ PUBACK received {""service"":""mqtt-publisher-lite"",""messageId"":44743}",info,"{""level"":""info""}","{""project"":""90a47e04-a329-4122-9c82-2ee75a4562c2"",""environment"":""f6319bd4-2e87-40d4-8547-4ce714038bc1"",""service"":""c236b8cb-3eff-45c5-aca0-23e73e33dc8d"",""deployment"":""69394420-c732-4ebe-a5fd-54c2d5628ea7"",""replica"":""7fc15fda-5103-4647-b7c4-6251ceb0ef53""}",2026-07-23T06:31:47.558547628Z
"2026-07-23T06:31:47.502Z [[32minfo[39m] ✅ QoS 1 PUBACK confirmed {""service"":""mqtt-publisher-lite"",""deviceId"":""DEVICE-13"",""messageId"":44743,""deliveryTime"":""285ms"",""pendingCount"":0}",info,"{""level"":""info""}","{""project"":""90a47e04-a329-4122-9c82-2ee75a4562c2"",""environment"":""f6319bd4-2e87-40d4-8547-4ce714038bc1"",""service"":""c236b8cb-3eff-45c5-aca0-23e73e33dc8d"",""deployment"":""69394420-c732-4ebe-a5fd-54c2d5628ea7"",""replica"":""7fc15fda-5103-4647-b7c4-6251ceb0ef53""}",2026-07-23T06:31:47.558553528Z
"2026-07-23T06:31:47.502Z [[34mdebug[39m] ✅ [LIFECYCLE:PUBACK_OK] Device confirmed message receipt {""service"":""mqtt-publisher-lite"",""deviceId"":""DEVICE-13""}",info,"{""level"":""info""}","{""project"":""90a47e04-a329-4122-9c82-2ee75a4562c2"",""environment"":""f6319bd4-2e87-40d4-8547-4ce714038bc1"",""service"":""c236b8cb-3eff-45c5-aca0-23e73e33dc8d"",""deployment"":""69394420-c732-4ebe-a5fd-54c2d5628ea7"",""replica"":""7fc15fda-5103-4647-b7c4-6251ceb0ef53""}",2026-07-23T06:31:47.559388852Z
"2026-07-23T06:31:47.502Z [[34mdebug[39m] Message published {""service"":""mqtt-publisher-lite"",""topic"":""proof.mqtt/DEVICE-13/gmb"",""qos"":1,""deliveryTime"":""285ms""}",info,"{""level"":""info""}","{""project"":""90a47e04-a329-4122-9c82-2ee75a4562c2"",""environment"":""f6319bd4-2e87-40d4-8547-4ce714038bc1"",""service"":""c236b8cb-3eff-45c5-aca0-23e73e33dc8d"",""deployment"":""69394420-c732-4ebe-a5fd-54c2d5628ea7"",""replica"":""7fc15fda-5103-4647-b7c4-6251ceb0ef53""}",2026-07-23T06:31:47.559397212Z
"2026-07-23T06:31:47.502Z [[34mdebug[39m] Message received {""service"":""mqtt-publisher-lite"",""topic"":""proof.mqtt/DEVICE-13/gmb"",""size"":246,""retain"":false}",info,"{""level"":""info""}","{""project"":""90a47e04-a329-4122-9c82-2ee75a4562c2"",""environment"":""f6319bd4-2e87-40d4-8547-4ce714038bc1"",""service"":""c236b8cb-3eff-45c5-aca0-23e73e33dc8d"",""deployment"":""69394420-c732-4ebe-a5fd-54c2d5628ea7"",""replica"":""7fc15fda-5103-4647-b7c4-6251ceb0ef53""}",2026-07-23T06:31:47.559403542Z
"2026-07-23T06:31:47.502Z [[34mdebug[39m] Skipping echo message {""service"":""mqtt-publisher-lite"",""topic"":""proof.mqtt/DEVICE-13/gmb"",""age"":""0ms""}",info,"{""level"":""info""}","{""project"":""90a47e04-a329-4122-9c82-2ee75a4562c2"",""environment"":""f6319bd4-2e87-40d4-8547-4ce714038bc1"",""service"":""c236b8cb-3eff-45c5-aca0-23e73e33dc8d"",""deployment"":""69394420-c732-4ebe-a5fd-54c2d5628ea7"",""replica"":""7fc15fda-5103-4647-b7c4-6251ceb0ef53""}",2026-07-23T06:31:47.559408612Z
"2026-07-23T06:31:47.503Z [[34mdebug[39m] Screen message received {""service"":""mqtt-publisher-lite"",""topic"":""proof.mqtt/DEVICE-13/gmb"",""screen"":""gmb""}",info,"{""level"":""info""}","{""project"":""90a47e04-a329-4122-9c82-2ee75a4562c2"",""environment"":""f6319bd4-2e87-40d4-8547-4ce714038bc1"",""service"":""c236b8cb-3eff-45c5-aca0-23e73e33dc8d"",""deployment"":""69394420-c732-4ebe-a5fd-54c2d5628ea7"",""replica"":""7fc15fda-5103-4647-b7c4-6251ceb0ef53""}",2026-07-23T06:31:47.559414972Z
"2026-07-23T06:31:47.603Z [[32minfo[39m] [STIM_GMB] Published {""service"":""mqtt-publisher-lite"",""deviceId"":""DEVICE-13"",""reviews"":26,""target"":100,""mode"":""synthetic"",""celebration"":""false"",""done"":false}",info,"{""level"":""info""}","{""project"":""90a47e04-a329-4122-9c82-2ee75a4562c2"",""environment"":""f6319bd4-2e87-40d4-8547-4ce714038bc1"",""service"":""c236b8cb-3eff-45c5-aca0-23e73e33dc8d"",""deployment"":""69394420-c732-4ebe-a5fd-54c2d5628ea7"",""replica"":""7fc15fda-5103-4647-b7c4-6251ceb0ef53""}",2026-07-23T06:31:47.614448448Z
"2026-07-23T06:31:59.200Z [[32minfo[39m] 📤 QoS 1 message sent {""service"":""mqtt-publisher-lite"",""messageId"":44744,""topic"":""proof.mqtt/DEVICE-15/instagram"",""qos"":1}",info,"{""level"":""info""}","{""project"":""90a47e04-a329-4122-9c82-2ee75a4562c2"",""environment"":""f6319bd4-2e87-40d4-8547-4ce714038bc1"",""service"":""c236b8cb-3eff-45c5-aca0-23e73e33dc8d"",""deployment"":""69394420-c732-4ebe-a5fd-54c2d5628ea7"",""replica"":""7fc15fda-5103-4647-b7c4-6251ceb0ef53""}",2026-07-23T06:32:07.621141535Z
"2026-07-23T06:31:59.200Z [[32minfo[39m] ⏱️ Tracking QoS 1 message (30s timeout) {""service"":""mqtt-publisher-lite"",""deviceId"":""DEVICE-15"",""messageId"":44744,""topic"":""proof.mqtt/DEVICE-15/instagram"",""pendingCount"":1}",info,"{""level"":""info""}","{""project"":""90a47e04-a329-4122-9c82-2ee75a4562c2"",""environment"":""f6319bd4-2e87-40d4-8547-4ce714038bc1"",""service"":""c236b8cb-3eff-45c5-aca0-23e73e33dc8d"",""deployment"":""69394420-c732-4ebe-a5fd-54c2d5628ea7"",""replica"":""7fc15fda-5103-4647-b7c4-6251ceb0ef53""}",2026-07-23T06:32:07.621145755Z
"2026-07-23T06:31:59.301Z [[32minfo[39m] 📤 QoS 1 message sent {""service"":""mqtt-publisher-lite"",""messageId"":44745,""topic"":""proof.mqtt/DEVICE-15/gmb"",""qos"":1}",info,"{""level"":""info""}","{""project"":""90a47e04-a329-4122-9c82-2ee75a4562c2"",""environment"":""f6319bd4-2e87-40d4-8547-4ce714038bc1"",""service"":""c236b8cb-3eff-45c5-aca0-23e73e33dc8d"",""deployment"":""69394420-c732-4ebe-a5fd-54c2d5628ea7"",""replica"":""7fc15fda-5103-4647-b7c4-6251ceb0ef53""}",2026-07-23T06:32:07.621149515Z
"2026-07-23T06:31:59.301Z [[32minfo[39m] ⏱️ Tracking QoS 1 message (30s timeout) {""service"":""mqtt-publisher-lite"",""deviceId"":""DEVICE-15"",""messageId"":44745,""topic"":""proof.mqtt/DEVICE-15/gmb"",""pendingCount"":2}",info,"{""level"":""info""}","{""project"":""90a47e04-a329-4122-9c82-2ee75a4562c2"",""environment"":""f6319bd4-2e87-40d4-8547-4ce714038bc1"",""service"":""c236b8cb-3eff-45c5-aca0-23e73e33dc8d"",""deployment"":""69394420-c732-4ebe-a5fd-54c2d5628ea7"",""replica"":""7fc15fda-5103-4647-b7c4-6251ceb0ef53""}",2026-07-23T06:32:07.621153405Z
"2026-07-23T06:31:59.420Z [[32minfo[39m] ✅ PUBACK received {""service"":""mqtt-publisher-lite"",""messageId"":44744}",info,"{""level"":""info""}","{""project"":""90a47e04-a329-4122-9c82-2ee75a4562c2"",""environment"":""f6319bd4-2e87-40d4-8547-4ce714038bc1"",""service"":""c236b8cb-3eff-45c5-aca0-23e73e33dc8d"",""deployment"":""69394420-c732-4ebe-a5fd-54c2d5628ea7"",""replica"":""7fc15fda-5103-4647-b7c4-6251ceb0ef53""}",2026-07-23T06:32:07.621158595Z
"2026-07-23T06:31:59.420Z [[32minfo[39m] ✅ QoS 1 PUBACK confirmed {""service"":""mqtt-publisher-lite"",""deviceId"":""DEVICE-15"",""messageId"":44744,""deliveryTime"":""220ms"",""pendingCount"":1}",info,"{""level"":""info""}","{""project"":""90a47e04-a329-4122-9c82-2ee75a4562c2"",""environment"":""f6319bd4-2e87-40d4-8547-4ce714038bc1"",""service"":""c236b8cb-3eff-45c5-aca0-23e73e33dc8d"",""deployment"":""69394420-c732-4ebe-a5fd-54c2d5628ea7"",""replica"":""7fc15fda-5103-4647-b7c4-6251ceb0ef53""}",2026-07-23T06:32:07.621163055Z
"2026-07-23T06:31:59.420Z [[34mdebug[39m] ✅ [LIFECYCLE:PUBACK_OK] Device confirmed message receipt {""service"":""mqtt-publisher-lite"",""deviceId"":""DEVICE-15""}",info,"{""level"":""info""}","{""project"":""90a47e04-a329-4122-9c82-2ee75a4562c2"",""environment"":""f6319bd4-2e87-40d4-8547-4ce714038bc1"",""service"":""c236b8cb-3eff-45c5-aca0-23e73e33dc8d"",""deployment"":""69394420-c732-4ebe-a5fd-54c2d5628ea7"",""replica"":""7fc15fda-5103-4647-b7c4-6251ceb0ef53""}",2026-07-23T06:32:07.621167345Z
"2026-07-23T06:31:59.420Z [[34mdebug[39m] Message published {""service"":""mqtt-publisher-lite"",""topic"":""proof.mqtt/DEVICE-15/instagram"",""qos"":1,""deliveryTime"":""220ms""}",info,"{""level"":""info""}","{""project"":""90a47e04-a329-4122-9c82-2ee75a4562c2"",""environment"":""f6319bd4-2e87-40d4-8547-4ce714038bc1"",""service"":""c236b8cb-3eff-45c5-aca0-23e73e33dc8d"",""deployment"":""69394420-c732-4ebe-a5fd-54c2d5628ea7"",""replica"":""7fc15fda-5103-4647-b7c4-6251ceb0ef53""}",2026-07-23T06:32:07.621171435Z
"2026-07-23T06:31:59.421Z [[34mdebug[39m] Message received {""service"":""mqtt-publisher-lite"",""topic"":""proof.mqtt/DEVICE-15/instagram"",""size"":228,""retain"":false}",info,"{""level"":""info""}","{""project"":""90a47e04-a329-4122-9c82-2ee75a4562c2"",""environment"":""f6319bd4-2e87-40d4-8547-4ce714038bc1"",""service"":""c236b8cb-3eff-45c5-aca0-23e73e33dc8d"",""deployment"":""69394420-c732-4ebe-a5fd-54c2d5628ea7"",""replica"":""7fc15fda-5103-4647-b7c4-6251ceb0ef53""}",2026-07-23T06:32:07.621176015Z
"2026-07-23T06:31:59.421Z [[34mdebug[39m] Skipping echo message {""service"":""mqtt-publisher-lite"",""topic"":""proof.mqtt/DEVICE-15/instagram"",""age"":""1ms""}",info,"{""level"":""info""}","{""project"":""90a47e04-a329-4122-9c82-2ee75a4562c2"",""environment"":""f6319bd4-2e87-40d4-8547-4ce714038bc1"",""service"":""c236b8cb-3eff-45c5-aca0-23e73e33dc8d"",""deployment"":""69394420-c732-4ebe-a5fd-54c2d5628ea7"",""replica"":""7fc15fda-5103-4647-b7c4-6251ceb0ef53""}",2026-07-23T06:32:07.621180245Z
"2026-07-23T06:31:59.421Z [[34mdebug[39m] Screen message received {""service"":""mqtt-publisher-lite"",""topic"":""proof.mqtt/DEVICE-15/instagram"",""screen"":""instagram""}",info,"{""level"":""info""}","{""project"":""90a47e04-a329-4122-9c82-2ee75a4562c2"",""environment"":""f6319bd4-2e87-40d4-8547-4ce714038bc1"",""service"":""c236b8cb-3eff-45c5-aca0-23e73e33dc8d"",""deployment"":""69394420-c732-4ebe-a5fd-54c2d5628ea7"",""replica"":""7fc15fda-5103-4647-b7c4-6251ceb0ef53""}",2026-07-23T06:32:07.622378755Z
"2026-07-23T06:31:59.520Z [[32minfo[39m] [STIM_IG] Published {""service"":""mqtt-publisher-lite"",""deviceId"":""DEVICE-15"",""followers"":34,""target"":500,""mode"":""synthetic"",""achievement"":35,""celebration"":""false"",""done"":false}",info,"{""level"":""info""}","{""project"":""90a47e04-a329-4122-9c82-2ee75a4562c2"",""environment"":""f6319bd4-2e87-40d4-8547-4ce714038bc1"",""service"":""c236b8cb-3eff-45c5-aca0-23e73e33dc8d"",""deployment"":""69394420-c732-4ebe-a5fd-54c2d5628ea7"",""replica"":""7fc15fda-5103-4647-b7c4-6251ceb0ef53""}",2026-07-23T06:32:07.622383155Z
"2026-07-23T06:31:59.520Z [[32minfo[39m] ✅ PUBACK received {""service"":""mqtt-publisher-lite"",""messageId"":44745}",info,"{""level"":""info""}","{""project"":""90a47e04-a329-4122-9c82-2ee75a4562c2"",""environment"":""f6319bd4-2e87-40d4-8547-4ce714038bc1"",""service"":""c236b8cb-3eff-45c5-aca0-23e73e33dc8d"",""deployment"":""69394420-c732-4ebe-a5fd-54c2d5628ea7"",""replica"":""7fc15fda-5103-4647-b7c4-6251ceb0ef53""}",2026-07-23T06:32:07.622386875Z
"2026-07-23T06:31:59.520Z [[32minfo[39m] ✅ QoS 1 PUBACK confirmed {""service"":""mqtt-publisher-lite"",""deviceId"":""DEVICE-15"",""messageId"":44745,""deliveryTime"":""219ms"",""pendingCount"":0}",info,"{""level"":""info""}","{""project"":""90a47e04-a329-4122-9c82-2ee75a4562c2"",""environment"":""f6319bd4-2e87-40d4-8547-4ce714038bc1"",""service"":""c236b8cb-3eff-45c5-aca0-23e73e33dc8d"",""deployment"":""69394420-c732-4ebe-a5fd-54c2d5628ea7"",""replica"":""7fc15fda-5103-4647-b7c4-6251ceb0ef53""}",2026-07-23T06:32:07.622389755Z
"2026-07-23T06:31:59.520Z [[34mdebug[39m] ✅ [LIFECYCLE:PUBACK_OK] Device confirmed message receipt {""service"":""mqtt-publisher-lite"",""deviceId"":""DEVICE-15""}",info,"{""level"":""info""}","{""project"":""90a47e04-a329-4122-9c82-2ee75a4562c2"",""environment"":""f6319bd4-2e87-40d4-8547-4ce714038bc1"",""service"":""c236b8cb-3eff-45c5-aca0-23e73e33dc8d"",""deployment"":""69394420-c732-4ebe-a5fd-54c2d5628ea7"",""replica"":""7fc15fda-5103-4647-b7c4-6251ceb0ef53""}",2026-07-23T06:32:07.622393005Z
"2026-07-23T06:31:59.520Z [[34mdebug[39m] Message published {""service"":""mqtt-publisher-lite"",""topic"":""proof.mqtt/DEVICE-15/gmb"",""qos"":1,""deliveryTime"":""219ms""}",info,"{""level"":""info""}","{""project"":""90a47e04-a329-4122-9c82-2ee75a4562c2"",""environment"":""f6319bd4-2e87-40d4-8547-4ce714038bc1"",""service"":""c236b8cb-3eff-45c5-aca0-23e73e33dc8d"",""deployment"":""69394420-c732-4ebe-a5fd-54c2d5628ea7"",""replica"":""7fc15fda-5103-4647-b7c4-6251ceb0ef53""}",2026-07-23T06:32:07.622396545Z
"2026-07-23T06:31:59.521Z [[34mdebug[39m] Message received {""service"":""mqtt-publisher-lite"",""topic"":""proof.mqtt/DEVICE-15/gmb"",""size"":246,""retain"":false}",info,"{""level"":""info""}","{""project"":""90a47e04-a329-4122-9c82-2ee75a4562c2"",""environment"":""f6319bd4-2e87-40d4-8547-4ce714038bc1"",""service"":""c236b8cb-3eff-45c5-aca0-23e73e33dc8d"",""deployment"":""69394420-c732-4ebe-a5fd-54c2d5628ea7"",""replica"":""7fc15fda-5103-4647-b7c4-6251ceb0ef53""}",2026-07-23T06:32:07.622399475Z
"2026-07-23T06:31:59.521Z [[34mdebug[39m] Skipping echo message {""service"":""mqtt-publisher-lite"",""topic"":""proof.mqtt/DEVICE-15/gmb"",""age"":""1ms""}",info,"{""level"":""info""}","{""project"":""90a47e04-a329-4122-9c82-2ee75a4562c2"",""environment"":""f6319bd4-2e87-40d4-8547-4ce714038bc1"",""service"":""c236b8cb-3eff-45c5-aca0-23e73e33dc8d"",""deployment"":""69394420-c732-4ebe-a5fd-54c2d5628ea7"",""replica"":""7fc15fda-5103-4647-b7c4-6251ceb0ef53""}",2026-07-23T06:32:07.622402615Z
"2026-07-23T06:31:59.521Z [[34mdebug[39m] Screen message received {""service"":""mqtt-publisher-lite"",""topic"":""proof.mqtt/DEVICE-15/gmb"",""screen"":""gmb""}",info,"{""level"":""info""}","{""project"":""90a47e04-a329-4122-9c82-2ee75a4562c2"",""environment"":""f6319bd4-2e87-40d4-8547-4ce714038bc1"",""service"":""c236b8cb-3eff-45c5-aca0-23e73e33dc8d"",""deployment"":""69394420-c732-4ebe-a5fd-54c2d5628ea7"",""replica"":""7fc15fda-5103-4647-b7c4-6251ceb0ef53""}",2026-07-23T06:32:07.622405525Z
"2026-07-23T06:31:59.620Z [[32minfo[39m] [STIM_GMB] Published {""service"":""mqtt-publisher-lite"",""deviceId"":""DEVICE-15"",""reviews"":32,""target"":100,""mode"":""synthetic"",""celebration"":""false"",""done"":false}",info,"{""level"":""info""}","{""project"":""90a47e04-a329-4122-9c82-2ee75a4562c2"",""environment"":""f6319bd4-2e87-40d4-8547-4ce714038bc1"",""service"":""c236b8cb-3eff-45c5-aca0-23e73e33dc8d"",""deployment"":""69394420-c732-4ebe-a5fd-54c2d5628ea7"",""replica"":""7fc15fda-5103-4647-b7c4-6251ceb0ef53""}",2026-07-23T06:32:07.622408395Z
"2026-07-23T06:32:17.106Z [[32minfo[39m] 📤 QoS 1 message sent {""service"":""mqtt-publisher-lite"",""messageId"":44746,""topic"":""proof.mqtt/DEVICE-13/instagram"",""qos"":1}",info,"{""level"":""info""}","{""project"":""90a47e04-a329-4122-9c82-2ee75a4562c2"",""environment"":""f6319bd4-2e87-40d4-8547-4ce714038bc1"",""service"":""c236b8cb-3eff-45c5-aca0-23e73e33dc8d"",""deployment"":""69394420-c732-4ebe-a5fd-54c2d5628ea7"",""replica"":""7fc15fda-5103-4647-b7c4-6251ceb0ef53""}",2026-07-23T06:32:17.123178060Z
"2026-07-23T06:32:17.107Z [[32minfo[39m] ⏱️ Tracking QoS 1 message (30s timeout) {""service"":""mqtt-publisher-lite"",""deviceId"":""DEVICE-13"",""messageId"":44746,""topic"":""proof.mqtt/DEVICE-13/instagram"",""pendingCount"":1}",info,"{""level"":""info""}","{""project"":""90a47e04-a329-4122-9c82-2ee75a4562c2"",""environment"":""f6319bd4-2e87-40d4-8547-4ce714038bc1"",""service"":""c236b8cb-3eff-45c5-aca0-23e73e33dc8d"",""deployment"":""69394420-c732-4ebe-a5fd-54c2d5628ea7"",""replica"":""7fc15fda-5103-4647-b7c4-6251ceb0ef53""}",2026-07-23T06:32:17.123184460Z
"2026-07-23T06:32:17.217Z [[32minfo[39m] 📤 QoS 1 message sent {""service"":""mqtt-publisher-lite"",""messageId"":44747,""topic"":""proof.mqtt/DEVICE-13/gmb"",""qos"":1}",info,"{""level"":""info""}","{""project"":""90a47e04-a329-4122-9c82-2ee75a4562c2"",""environment"":""f6319bd4-2e87-40d4-8547-4ce714038bc1"",""service"":""c236b8cb-3eff-45c5-aca0-23e73e33dc8d"",""deployment"":""69394420-c732-4ebe-a5fd-54c2d5628ea7"",""replica"":""7fc15fda-5103-4647-b7c4-6251ceb0ef53""}",2026-07-23T06:32:17.270887617Z
"2026-07-23T06:32:17.217Z [[32minfo[39m] ⏱️ Tracking QoS 1 message (30s timeout) {""service"":""mqtt-publisher-lite"",""deviceId"":""DEVICE-13"",""messageId"":44747,""topic"":""proof.mqtt/DEVICE-13/gmb"",""pendingCount"":2}",info,"{""level"":""info""}","{""project"":""90a47e04-a329-4122-9c82-2ee75a4562c2"",""environment"":""f6319bd4-2e87-40d4-8547-4ce714038bc1"",""service"":""c236b8cb-3eff-45c5-aca0-23e73e33dc8d"",""deployment"":""69394420-c732-4ebe-a5fd-54c2d5628ea7"",""replica"":""7fc15fda-5103-4647-b7c4-6251ceb0ef53""}",2026-07-23T06:32:17.270892727Z
"2026-07-23T06:32:17.326Z [[32minfo[39m] ✅ PUBACK received {""service"":""mqtt-publisher-lite"",""messageId"":44746}",info,"{""level"":""info""}","{""project"":""90a47e04-a329-4122-9c82-2ee75a4562c2"",""environment"":""f6319bd4-2e87-40d4-8547-4ce714038bc1"",""service"":""c236b8cb-3eff-45c5-aca0-23e73e33dc8d"",""deployment"":""69394420-c732-4ebe-a5fd-54c2d5628ea7"",""replica"":""7fc15fda-5103-4647-b7c4-6251ceb0ef53""}",2026-07-23T06:32:17.328738649Z
"2026-07-23T06:32:17.326Z [[32minfo[39m] ✅ QoS 1 PUBACK confirmed {""service"":""mqtt-publisher-lite"",""deviceId"":""DEVICE-13"",""messageId"":44746,""deliveryTime"":""220ms"",""pendingCount"":1}",info,"{""level"":""info""}","{""project"":""90a47e04-a329-4122-9c82-2ee75a4562c2"",""environment"":""f6319bd4-2e87-40d4-8547-4ce714038bc1"",""service"":""c236b8cb-3eff-45c5-aca0-23e73e33dc8d"",""deployment"":""69394420-c732-4ebe-a5fd-54c2d5628ea7"",""replica"":""7fc15fda-5103-4647-b7c4-6251ceb0ef53""}",2026-07-23T06:32:17.328748229Z
"2026-07-23T06:32:17.326Z [[34mdebug[39m] ✅ [LIFECYCLE:PUBACK_OK] Device confirmed message receipt {""service"":""mqtt-publisher-lite"",""deviceId"":""DEVICE-13""}",info,"{""level"":""info""}","{""project"":""90a47e04-a329-4122-9c82-2ee75a4562c2"",""environment"":""f6319bd4-2e87-40d4-8547-4ce714038bc1"",""service"":""c236b8cb-3eff-45c5-aca0-23e73e33dc8d"",""deployment"":""69394420-c732-4ebe-a5fd-54c2d5628ea7"",""replica"":""7fc15fda-5103-4647-b7c4-6251ceb0ef53""}",2026-07-23T06:32:17.328753759Z
"2026-07-23T06:32:17.326Z [[34mdebug[39m] Message published {""service"":""mqtt-publisher-lite"",""topic"":""proof.mqtt/DEVICE-13/instagram"",""qos"":1,""deliveryTime"":""220ms""}",info,"{""level"":""info""}","{""project"":""90a47e04-a329-4122-9c82-2ee75a4562c2"",""environment"":""f6319bd4-2e87-40d4-8547-4ce714038bc1"",""service"":""c236b8cb-3eff-45c5-aca0-23e73e33dc8d"",""deployment"":""69394420-c732-4ebe-a5fd-54c2d5628ea7"",""replica"":""7fc15fda-5103-4647-b7c4-6251ceb0ef53""}",2026-07-23T06:32:17.328758379Z
"2026-07-23T06:32:17.327Z [[34mdebug[39m] Message received {""service"":""mqtt-publisher-lite"",""topic"":""proof.mqtt/DEVICE-13/instagram"",""size"":228,""retain"":false}",info,"{""level"":""info""}","{""project"":""90a47e04-a329-4122-9c82-2ee75a4562c2"",""environment"":""f6319bd4-2e87-40d4-8547-4ce714038bc1"",""service"":""c236b8cb-3eff-45c5-aca0-23e73e33dc8d"",""deployment"":""69394420-c732-4ebe-a5fd-54c2d5628ea7"",""replica"":""7fc15fda-5103-4647-b7c4-6251ceb0ef53""}",2026-07-23T06:32:17.328763659Z
"2026-07-23T06:32:17.327Z [[34mdebug[39m] Skipping echo message {""service"":""mqtt-publisher-lite"",""topic"":""proof.mqtt/DEVICE-13/instagram"",""age"":""1ms""}",info,"{""level"":""info""}","{""project"":""90a47e04-a329-4122-9c82-2ee75a4562c2"",""environment"":""f6319bd4-2e87-40d4-8547-4ce714038bc1"",""service"":""c236b8cb-3eff-45c5-aca0-23e73e33dc8d"",""deployment"":""69394420-c732-4ebe-a5fd-54c2d5628ea7"",""replica"":""7fc15fda-5103-4647-b7c4-6251ceb0ef53""}",2026-07-23T06:32:17.328768369Z
"2026-07-23T06:32:17.327Z [[34mdebug[39m] Screen message received {""service"":""mqtt-publisher-lite"",""topic"":""proof.mqtt/DEVICE-13/instagram"",""screen"":""instagram""}",info,"{""level"":""info""}","{""project"":""90a47e04-a329-4122-9c82-2ee75a4562c2"",""environment"":""f6319bd4-2e87-40d4-8547-4ce714038bc1"",""service"":""c236b8cb-3eff-45c5-aca0-23e73e33dc8d"",""deployment"":""69394420-c732-4ebe-a5fd-54c2d5628ea7"",""replica"":""7fc15fda-5103-4647-b7c4-6251ceb0ef53""}",2026-07-23T06:32:17.328772259Z
"2026-07-23T06:32:17.426Z [[32minfo[39m] [STIM_IG] Published {""service"":""mqtt-publisher-lite"",""deviceId"":""DEVICE-13"",""followers"":29,""target"":500,""mode"":""synthetic"",""achievement"":30,""celebration"":""false"",""done"":false}",info,"{""level"":""info""}","{""project"":""90a47e04-a329-4122-9c82-2ee75a4562c2"",""environment"":""f6319bd4-2e87-40d4-8547-4ce714038bc1"",""service"":""c236b8cb-3eff-45c5-aca0-23e73e33dc8d"",""deployment"":""69394420-c732-4ebe-a5fd-54c2d5628ea7"",""replica"":""7fc15fda-5103-4647-b7c4-6251ceb0ef53""}",2026-07-23T06:32:17.450463557Z
"2026-07-23T06:32:17.436Z [[32minfo[39m] ✅ PUBACK received {""service"":""mqtt-publisher-lite"",""messageId"":44747}",info,"{""level"":""info""}","{""project"":""90a47e04-a329-4122-9c82-2ee75a4562c2"",""environment"":""f6319bd4-2e87-40d4-8547-4ce714038bc1"",""service"":""c236b8cb-3eff-45c5-aca0-23e73e33dc8d"",""deployment"":""69394420-c732-4ebe-a5fd-54c2d5628ea7"",""replica"":""7fc15fda-5103-4647-b7c4-6251ceb0ef53""}",2026-07-23T06:32:17.450466817Z
"2026-07-23T06:32:17.436Z [[32minfo[39m] ✅ QoS 1 PUBACK confirmed {""service"":""mqtt-publisher-lite"",""deviceId"":""DEVICE-13"",""messageId"":44747,""deliveryTime"":""219ms"",""pendingCount"":0}",info,"{""level"":""info""}","{""project"":""90a47e04-a329-4122-9c82-2ee75a4562c2"",""environment"":""f6319bd4-2e87-40d4-8547-4ce714038bc1"",""service"":""c236b8cb-3eff-45c5-aca0-23e73e33dc8d"",""deployment"":""69394420-c732-4ebe-a5fd-54c2d5628ea7"",""replica"":""7fc15fda-5103-4647-b7c4-6251ceb0ef53""}",2026-07-23T06:32:17.450470217Z
"2026-07-23T06:32:17.436Z [[34mdebug[39m] ✅ [LIFECYCLE:PUBACK_OK] Device confirmed message receipt {""service"":""mqtt-publisher-lite"",""deviceId"":""DEVICE-13""}",info,"{""level"":""info""}","{""project"":""90a47e04-a329-4122-9c82-2ee75a4562c2"",""environment"":""f6319bd4-2e87-40d4-8547-4ce714038bc1"",""service"":""c236b8cb-3eff-45c5-aca0-23e73e33dc8d"",""deployment"":""69394420-c732-4ebe-a5fd-54c2d5628ea7"",""replica"":""7fc15fda-5103-4647-b7c4-6251ceb0ef53""}",2026-07-23T06:32:17.450474157Z
"2026-07-23T06:32:17.436Z [[34mdebug[39m] Message published {""service"":""mqtt-publisher-lite"",""topic"":""proof.mqtt/DEVICE-13/gmb"",""qos"":1,""deliveryTime"":""219ms""}",info,"{""level"":""info""}","{""project"":""90a47e04-a329-4122-9c82-2ee75a4562c2"",""environment"":""f6319bd4-2e87-40d4-8547-4ce714038bc1"",""service"":""c236b8cb-3eff-45c5-aca0-23e73e33dc8d"",""deployment"":""69394420-c732-4ebe-a5fd-54c2d5628ea7"",""replica"":""7fc15fda-5103-4647-b7c4-6251ceb0ef53""}",2026-07-23T06:32:17.450477616Z
"2026-07-23T06:32:17.437Z [[34mdebug[39m] Message received {""service"":""mqtt-publisher-lite"",""topic"":""proof.mqtt/DEVICE-13/gmb"",""size"":246,""retain"":false}",info,"{""level"":""info""}","{""project"":""90a47e04-a329-4122-9c82-2ee75a4562c2"",""environment"":""f6319bd4-2e87-40d4-8547-4ce714038bc1"",""service"":""c236b8cb-3eff-45c5-aca0-23e73e33dc8d"",""deployment"":""69394420-c732-4ebe-a5fd-54c2d5628ea7"",""replica"":""7fc15fda-5103-4647-b7c4-6251ceb0ef53""}",2026-07-23T06:32:17.450481336Z
"2026-07-23T06:32:17.437Z [[34mdebug[39m] Skipping echo message {""service"":""mqtt-publisher-lite"",""topic"":""proof.mqtt/DEVICE-13/gmb"",""age"":""1ms""}",info,"{""level"":""info""}","{""project"":""90a47e04-a329-4122-9c82-2ee75a4562c2"",""environment"":""f6319bd4-2e87-40d4-8547-4ce714038bc1"",""service"":""c236b8cb-3eff-45c5-aca0-23e73e33dc8d"",""deployment"":""69394420-c732-4ebe-a5fd-54c2d5628ea7"",""replica"":""7fc15fda-5103-4647-b7c4-6251ceb0ef53""}",2026-07-23T06:32:17.450485266Z
"2026-07-23T06:32:17.437Z [[34mdebug[39m] Screen message received {""service"":""mqtt-publisher-lite"",""topic"":""proof.mqtt/DEVICE-13/gmb"",""screen"":""gmb""}",info,"{""level"":""info""}","{""project"":""90a47e04-a329-4122-9c82-2ee75a4562c2"",""environment"":""f6319bd4-2e87-40d4-8547-4ce714038bc1"",""service"":""c236b8cb-3eff-45c5-aca0-23e73e33dc8d"",""deployment"":""69394420-c732-4ebe-a5fd-54c2d5628ea7"",""replica"":""7fc15fda-5103-4647-b7c4-6251ceb0ef53""}",2026-07-23T06:32:17.450488446Z
"2026-07-23T06:32:17.536Z [[32minfo[39m] [STIM_GMB] Published {""service"":""mqtt-publisher-lite"",""deviceId"":""DEVICE-13"",""reviews"":27,""target"":100,""mode"":""synthetic"",""celebration"":""false"",""done"":false}",info,"{""level"":""info""}","{""project"":""90a47e04-a329-4122-9c82-2ee75a4562c2"",""environment"":""f6319bd4-2e87-40d4-8547-4ce714038bc1"",""service"":""c236b8cb-3eff-45c5-aca0-23e73e33dc8d"",""deployment"":""69394420-c732-4ebe-a5fd-54c2d5628ea7"",""replica"":""7fc15fda-5103-4647-b7c4-6251ceb0ef53""}",2026-07-23T06:32:17.689389588Z
"2026-07-23T06:32:29.109Z [[32minfo[39m] 📤 [PUBLISH_CYCLE] Starting publish cycle {""service"":""mqtt-publisher-lite"",""deviceCount"":4,""source"":""redis"",""devices"":[{""id"":""DEVICE-17"",""userId"":""(none)"",""lastSeen"":""2026-07-23T06:31:29.461Z""},{""id"":""DEVICE-15"",""userId"":""68d3753f9f99d6b73ae2d991"",""lastSeen"":""2026-07-23T06:31:59.520Z""},{""id"":""DEVICE-13"",""userId"":""6937af58f950f0f5356a1599"",""lastSeen"":""2026-07-23T06:32:17.436Z""},{""id"":""DEVICE-19"",""userId"":""68d3753f9f99d6b73ae2d991"",""lastSeen"":""2026-07-23T06:27:34.170Z""}]}",info,"{""level"":""info""}","{""project"":""90a47e04-a329-4122-9c82-2ee75a4562c2"",""environment"":""f6319bd4-2e87-40d4-8547-4ce714038bc1"",""service"":""c236b8cb-3eff-45c5-aca0-23e73e33dc8d"",""deployment"":""69394420-c732-4ebe-a5fd-54c2d5628ea7"",""replica"":""7fc15fda-5103-4647-b7c4-6251ceb0ef53""}",2026-07-23T06:32:37.554642720Z
"2026-07-23T06:32:29.200Z [[32minfo[39m] 📤 QoS 1 message sent {""service"":""mqtt-publisher-lite"",""messageId"":44748,""topic"":""proof.mqtt/DEVICE-15/instagram"",""qos"":1}",info,"{""level"":""info""}","{""project"":""90a47e04-a329-4122-9c82-2ee75a4562c2"",""environment"":""f6319bd4-2e87-40d4-8547-4ce714038bc1"",""service"":""c236b8cb-3eff-45c5-aca0-23e73e33dc8d"",""deployment"":""69394420-c732-4ebe-a5fd-54c2d5628ea7"",""replica"":""7fc15fda-5103-4647-b7c4-6251ceb0ef53""}",2026-07-23T06:32:37.554652950Z
"2026-07-23T06:32:29.200Z [[32minfo[39m] ⏱️ Tracking QoS 1 message (30s timeout) {""service"":""mqtt-publisher-lite"",""deviceId"":""DEVICE-15"",""messageId"":44748,""topic"":""proof.mqtt/DEVICE-15/instagram"",""pendingCount"":1}",info,"{""level"":""info""}","{""project"":""90a47e04-a329-4122-9c82-2ee75a4562c2"",""environment"":""f6319bd4-2e87-40d4-8547-4ce714038bc1"",""service"":""c236b8cb-3eff-45c5-aca0-23e73e33dc8d"",""deployment"":""69394420-c732-4ebe-a5fd-54c2d5628ea7"",""replica"":""7fc15fda-5103-4647-b7c4-6251ceb0ef53""}",2026-07-23T06:32:37.554657889Z
"2026-07-23T06:32:29.208Z [[32minfo[39m] 📤 QoS 1 message sent {""service"":""mqtt-publisher-lite"",""messageId"":44749,""topic"":""proof.mqtt/DEVICE-17/test-gmb"",""qos"":1}",info,"{""level"":""info""}","{""project"":""90a47e04-a329-4122-9c82-2ee75a4562c2"",""environment"":""f6319bd4-2e87-40d4-8547-4ce714038bc1"",""service"":""c236b8cb-3eff-45c5-aca0-23e73e33dc8d"",""deployment"":""69394420-c732-4ebe-a5fd-54c2d5628ea7"",""replica"":""7fc15fda-5103-4647-b7c4-6251ceb0ef53""}",2026-07-23T06:32:37.554663519Z
"2026-07-23T06:32:29.208Z [[32minfo[39m] ⏱️ Tracking QoS 1 message (30s timeout) {""service"":""mqtt-publisher-lite"",""deviceId"":""DEVICE-17"",""messageId"":44749,""topic"":""proof.mqtt/DEVICE-17/test-gmb"",""pendingCount"":2}",info,"{""level"":""info""}","{""project"":""90a47e04-a329-4122-9c82-2ee75a4562c2"",""environment"":""f6319bd4-2e87-40d4-8547-4ce714038bc1"",""service"":""c236b8cb-3eff-45c5-aca0-23e73e33dc8d"",""deployment"":""69394420-c732-4ebe-a5fd-54c2d5628ea7"",""replica"":""7fc15fda-5103-4647-b7c4-6251ceb0ef53""}",2026-07-23T06:32:37.554674949Z
"2026-07-23T06:32:29.301Z [[32minfo[39m] 📤 QoS 1 message sent {""service"":""mqtt-publisher-lite"",""messageId"":44750,""topic"":""proof.mqtt/DEVICE-15/gmb"",""qos"":1}",info,"{""level"":""info""}","{""project"":""90a47e04-a329-4122-9c82-2ee75a4562c2"",""environment"":""f6319bd4-2e87-40d4-8547-4ce714038bc1"",""service"":""c236b8cb-3eff-45c5-aca0-23e73e33dc8d"",""deployment"":""69394420-c732-4ebe-a5fd-54c2d5628ea7"",""replica"":""7fc15fda-5103-4647-b7c4-6251ceb0ef53""}",2026-07-23T06:32:37.554683519Z
"2026-07-23T06:32:29.301Z [[32minfo[39m] ⏱️ Tracking QoS 1 message (30s timeout) {""service"":""mqtt-publisher-lite"",""deviceId"":""DEVICE-15"",""messageId"":44750,""topic"":""proof.mqtt/DEVICE-15/gmb"",""pendingCount"":3}",info,"{""level"":""info""}","{""project"":""90a47e04-a329-4122-9c82-2ee75a4562c2"",""environment"":""f6319bd4-2e87-40d4-8547-4ce714038bc1"",""service"":""c236b8cb-3eff-45c5-aca0-23e73e33dc8d"",""deployment"":""69394420-c732-4ebe-a5fd-54c2d5628ea7"",""replica"":""7fc15fda-5103-4647-b7c4-6251ceb0ef53""}",2026-07-23T06:32:37.554688669Z
"2026-07-23T06:32:29.419Z [[32minfo[39m] ✅ PUBACK received {""service"":""mqtt-publisher-lite"",""messageId"":44748}",info,"{""level"":""info""}","{""project"":""90a47e04-a329-4122-9c82-2ee75a4562c2"",""environment"":""f6319bd4-2e87-40d4-8547-4ce714038bc1"",""service"":""c236b8cb-3eff-45c5-aca0-23e73e33dc8d"",""deployment"":""69394420-c732-4ebe-a5fd-54c2d5628ea7"",""replica"":""7fc15fda-5103-4647-b7c4-6251ceb0ef53""}",2026-07-23T06:32:37.554694379Z
"2026-07-23T06:32:29.419Z [[32minfo[39m] ✅ QoS 1 PUBACK confirmed {""service"":""mqtt-publisher-lite"",""deviceId"":""DEVICE-15"",""messageId"":44748,""deliveryTime"":""219ms"",""pendingCount"":2}",info,"{""level"":""info""}","{""project"":""90a47e04-a329-4122-9c82-2ee75a4562c2"",""environment"":""f6319bd4-2e87-40d4-8547-4ce714038bc1"",""service"":""c236b8cb-3eff-45c5-aca0-23e73e33dc8d"",""deployment"":""69394420-c732-4ebe-a5fd-54c2d5628ea7"",""replica"":""7fc15fda-5103-4647-b7c4-6251ceb0ef53""}",2026-07-23T06:32:37.556006639Z
"2026-07-23T06:32:29.419Z [[34mdebug[39m] ✅ [LIFECYCLE:PUBACK_OK] Device confirmed message receipt {""service"":""mqtt-publisher-lite"",""deviceId"":""DEVICE-15""}",info,"{""level"":""info""}","{""project"":""90a47e04-a329-4122-9c82-2ee75a4562c2"",""environment"":""f6319bd4-2e87-40d4-8547-4ce714038bc1"",""service"":""c236b8cb-3eff-45c5-aca0-23e73e33dc8d"",""deployment"":""69394420-c732-4ebe-a5fd-54c2d5628ea7"",""replica"":""7fc15fda-5103-4647-b7c4-6251ceb0ef53""}",2026-07-23T06:32:37.556012829Z
"2026-07-23T06:32:29.420Z [[34mdebug[39m] Message published {""service"":""mqtt-publisher-lite"",""topic"":""proof.mqtt/DEVICE-15/instagram"",""qos"":1,""deliveryTime"":""220ms""}",info,"{""level"":""info""}","{""project"":""90a47e04-a329-4122-9c82-2ee75a4562c2"",""environment"":""f6319bd4-2e87-40d4-8547-4ce714038bc1"",""service"":""c236b8cb-3eff-45c5-aca0-23e73e33dc8d"",""deployment"":""69394420-c732-4ebe-a5fd-54c2d5628ea7"",""replica"":""7fc15fda-5103-4647-b7c4-6251ceb0ef53""}",2026-07-23T06:32:37.556016549Z
"2026-07-23T06:32:29.420Z [[34mdebug[39m] Message received {""service"":""mqtt-publisher-lite"",""topic"":""proof.mqtt/DEVICE-15/instagram"",""size"":254,""retain"":false}",info,"{""level"":""info""}","{""project"":""90a47e04-a329-4122-9c82-2ee75a4562c2"",""environment"":""f6319bd4-2e87-40d4-8547-4ce714038bc1"",""service"":""c236b8cb-3eff-45c5-aca0-23e73e33dc8d"",""deployment"":""69394420-c732-4ebe-a5fd-54c2d5628ea7"",""replica"":""7fc15fda-5103-4647-b7c4-6251ceb0ef53""}",2026-07-23T06:32:37.556019779Z
"2026-07-23T06:32:29.420Z [[34mdebug[39m] Skipping echo message {""service"":""mqtt-publisher-lite"",""topic"":""proof.mqtt/DEVICE-15/instagram"",""age"":""0ms""}",info,"{""level"":""info""}","{""project"":""90a47e04-a329-4122-9c82-2ee75a4562c2"",""environment"":""f6319bd4-2e87-40d4-8547-4ce714038bc1"",""service"":""c236b8cb-3eff-45c5-aca0-23e73e33dc8d"",""deployment"":""69394420-c732-4ebe-a5fd-54c2d5628ea7"",""replica"":""7fc15fda-5103-4647-b7c4-6251ceb0ef53""}",2026-07-23T06:32:37.556023319Z
"2026-07-23T06:32:29.420Z [[34mdebug[39m] Screen message received {""service"":""mqtt-publisher-lite"",""topic"":""proof.mqtt/DEVICE-15/instagram"",""screen"":""instagram""}",info,"{""level"":""info""}","{""project"":""90a47e04-a329-4122-9c82-2ee75a4562c2"",""environment"":""f6319bd4-2e87-40d4-8547-4ce714038bc1"",""service"":""c236b8cb-3eff-45c5-aca0-23e73e33dc8d"",""deployment"":""69394420-c732-4ebe-a5fd-54c2d5628ea7"",""replica"":""7fc15fda-5103-4647-b7c4-6251ceb0ef53""}",2026-07-23T06:32:37.556027079Z
"2026-07-23T06:32:29.427Z [[32minfo[39m] ✅ PUBACK received {""service"":""mqtt-publisher-lite"",""messageId"":44749}",info,"{""level"":""info""}","{""project"":""90a47e04-a329-4122-9c82-2ee75a4562c2"",""environment"":""f6319bd4-2e87-40d4-8547-4ce714038bc1"",""service"":""c236b8cb-3eff-45c5-aca0-23e73e33dc8d"",""deployment"":""69394420-c732-4ebe-a5fd-54c2d5628ea7"",""replica"":""7fc15fda-5103-4647-b7c4-6251ceb0ef53""}",2026-07-23T06:32:37.556030649Z
"2026-07-23T06:32:29.427Z [[32minfo[39m] ✅ QoS 1 PUBACK confirmed {""service"":""mqtt-publisher-lite"",""deviceId"":""DEVICE-17"",""messageId"":44749,""deliveryTime"":""219ms"",""pendingCount"":1}",info,"{""level"":""info""}","{""project"":""90a47e04-a329-4122-9c82-2ee75a4562c2"",""environment"":""f6319bd4-2e87-40d4-8547-4ce714038bc1"",""service"":""c236b8cb-3eff-45c5-aca0-23e73e33dc8d"",""deployment"":""69394420-c732-4ebe-a5fd-54c2d5628ea7"",""replica"":""7fc15fda-5103-4647-b7c4-6251ceb0ef53""}",2026-07-23T06:32:37.556033509Z
"2026-07-23T06:32:29.427Z [[34mdebug[39m] ✅ [LIFECYCLE:PUBACK_OK] Device confirmed message receipt {""service"":""mqtt-publisher-lite"",""deviceId"":""DEVICE-17""}",info,"{""level"":""info""}","{""project"":""90a47e04-a329-4122-9c82-2ee75a4562c2"",""environment"":""f6319bd4-2e87-40d4-8547-4ce714038bc1"",""service"":""c236b8cb-3eff-45c5-aca0-23e73e33dc8d"",""deployment"":""69394420-c732-4ebe-a5fd-54c2d5628ea7"",""replica"":""7fc15fda-5103-4647-b7c4-6251ceb0ef53""}",2026-07-23T06:32:37.556036569Z
"2026-07-23T06:32:29.427Z [[34mdebug[39m] Message published {""service"":""mqtt-publisher-lite"",""topic"":""proof.mqtt/DEVICE-17/test-gmb"",""qos"":1,""deliveryTime"":""219ms""}",info,"{""level"":""info""}","{""project"":""90a47e04-a329-4122-9c82-2ee75a4562c2"",""environment"":""f6319bd4-2e87-40d4-8547-4ce714038bc1"",""service"":""c236b8cb-3eff-45c5-aca0-23e73e33dc8d"",""deployment"":""69394420-c732-4ebe-a5fd-54c2d5628ea7"",""replica"":""7fc15fda-5103-4647-b7c4-6251ceb0ef53""}",2026-07-23T06:32:37.556040159Z
"2026-07-23T06:32:29.427Z [[34mdebug[39m] Published test-gmb screen {""service"":""mqtt-publisher-lite"",""deviceId"":""DEVICE-17"",""reviews"":586,""milestone"":590}",info,"{""level"":""info""}","{""project"":""90a47e04-a329-4122-9c82-2ee75a4562c2"",""environment"":""f6319bd4-2e87-40d4-8547-4ce714038bc1"",""service"":""c236b8cb-3eff-45c5-aca0-23e73e33dc8d"",""deployment"":""69394420-c732-4ebe-a5fd-54c2d5628ea7"",""replica"":""7fc15fda-5103-4647-b7c4-6251ceb0ef53""}",2026-07-23T06:32:37.557475368Z
"2026-07-23T06:32:29.519Z [[32minfo[39m] [STIM_IG] Published {""service"":""mqtt-publisher-lite"",""deviceId"":""DEVICE-15"",""followers"":35,""target"":500,""mode"":""synthetic"",""achievement"":40,""celebration"":""true"",""done"":false}",info,"{""level"":""info""}","{""project"":""90a47e04-a329-4122-9c82-2ee75a4562c2"",""environment"":""f6319bd4-2e87-40d4-8547-4ce714038bc1"",""service"":""c236b8cb-3eff-45c5-aca0-23e73e33dc8d"",""deployment"":""69394420-c732-4ebe-a5fd-54c2d5628ea7"",""replica"":""7fc15fda-5103-4647-b7c4-6251ceb0ef53""}",2026-07-23T06:32:37.557491208Z
"2026-07-23T06:32:29.520Z [[32minfo[39m] ✅ PUBACK received {""service"":""mqtt-publisher-lite"",""messageId"":44750}",info,"{""level"":""info""}","{""project"":""90a47e04-a329-4122-9c82-2ee75a4562c2"",""environment"":""f6319bd4-2e87-40d4-8547-4ce714038bc1"",""service"":""c236b8cb-3eff-45c5-aca0-23e73e33dc8d"",""deployment"":""69394420-c732-4ebe-a5fd-54c2d5628ea7"",""replica"":""7fc15fda-5103-4647-b7c4-6251ceb0ef53""}",2026-07-23T06:32:37.557498247Z
"2026-07-23T06:32:29.520Z [[32minfo[39m] ✅ QoS 1 PUBACK confirmed {""service"":""mqtt-publisher-lite"",""deviceId"":""DEVICE-15"",""messageId"":44750,""deliveryTime"":""219ms"",""pendingCount"":0}",info,"{""level"":""info""}","{""project"":""90a47e04-a329-4122-9c82-2ee75a4562c2"",""environment"":""f6319bd4-2e87-40d4-8547-4ce714038bc1"",""service"":""c236b8cb-3eff-45c5-aca0-23e73e33dc8d"",""deployment"":""69394420-c732-4ebe-a5fd-54c2d5628ea7"",""replica"":""7fc15fda-5103-4647-b7c4-6251ceb0ef53""}",2026-07-23T06:32:37.557505467Z
"2026-07-23T06:32:29.520Z [[34mdebug[39m] ✅ [LIFECYCLE:PUBACK_OK] Device confirmed message receipt {""service"":""mqtt-publisher-lite"",""deviceId"":""DEVICE-15""}",info,"{""level"":""info""}","{""project"":""90a47e04-a329-4122-9c82-2ee75a4562c2"",""environment"":""f6319bd4-2e87-40d4-8547-4ce714038bc1"",""service"":""c236b8cb-3eff-45c5-aca0-23e73e33dc8d"",""deployment"":""69394420-c732-4ebe-a5fd-54c2d5628ea7"",""replica"":""7fc15fda-5103-4647-b7c4-6251ceb0ef53""}",2026-07-23T06:32:37.557513267Z
"2026-07-23T06:32:29.520Z [[34mdebug[39m] Message published {""service"":""mqtt-publisher-lite"",""topic"":""proof.mqtt/DEVICE-15/gmb"",""qos"":1,""deliveryTime"":""219ms""}",info,"{""level"":""info""}","{""project"":""90a47e04-a329-4122-9c82-2ee75a4562c2"",""environment"":""f6319bd4-2e87-40d4-8547-4ce714038bc1"",""service"":""c236b8cb-3eff-45c5-aca0-23e73e33dc8d"",""deployment"":""69394420-c732-4ebe-a5fd-54c2d5628ea7"",""replica"":""7fc15fda-5103-4647-b7c4-6251ceb0ef53""}",2026-07-23T06:32:37.557525717Z
"2026-07-23T06:32:29.521Z [[34mdebug[39m] Message received {""service"":""mqtt-publisher-lite"",""topic"":""proof.mqtt/DEVICE-15/gmb"",""size"":246,""retain"":false}",info,"{""level"":""info""}","{""project"":""90a47e04-a329-4122-9c82-2ee75a4562c2"",""environment"":""f6319bd4-2e87-40d4-8547-4ce714038bc1"",""service"":""c236b8cb-3eff-45c5-aca0-23e73e33dc8d"",""deployment"":""69394420-c732-4ebe-a5fd-54c2d5628ea7"",""replica"":""7fc15fda-5103-4647-b7c4-6251ceb0ef53""}",2026-07-23T06:32:37.557530297Z
"2026-07-23T06:32:29.521Z [[34mdebug[39m] Skipping echo message {""service"":""mqtt-publisher-lite"",""topic"":""proof.mqtt/DEVICE-15/gmb"",""age"":""1ms""}",info,"{""level"":""info""}","{""project"":""90a47e04-a329-4122-9c82-2ee75a4562c2"",""environment"":""f6319bd4-2e87-40d4-8547-4ce714038bc1"",""service"":""c236b8cb-3eff-45c5-aca0-23e73e33dc8d"",""deployment"":""69394420-c732-4ebe-a5fd-54c2d5628ea7"",""replica"":""7fc15fda-5103-4647-b7c4-6251ceb0ef53""}",2026-07-23T06:32:37.557535147Z
"2026-07-23T06:32:29.521Z [[34mdebug[39m] Screen message received {""service"":""mqtt-publisher-lite"",""topic"":""proof.mqtt/DEVICE-15/gmb"",""screen"":""gmb""}",info,"{""level"":""info""}","{""project"":""90a47e04-a329-4122-9c82-2ee75a4562c2"",""environment"":""f6319bd4-2e87-40d4-8547-4ce714038bc1"",""service"":""c236b8cb-3eff-45c5-aca0-23e73e33dc8d"",""deployment"":""69394420-c732-4ebe-a5fd-54c2d5628ea7"",""replica"":""7fc15fda-5103-4647-b7c4-6251ceb0ef53""}",2026-07-23T06:32:37.557539937Z
"2026-07-23T06:32:29.552Z [[34mdebug[39m] 📤 [PUBLISH_CYCLE] Publishing all screens to device {""service"":""mqtt-publisher-lite"",""deviceId"":""DEVICE-17""}",info,"{""level"":""info""}","{""project"":""90a47e04-a329-4122-9c82-2ee75a4562c2"",""environment"":""f6319bd4-2e87-40d4-8547-4ce714038bc1"",""service"":""c236b8cb-3eff-45c5-aca0-23e73e33dc8d"",""deployment"":""69394420-c732-4ebe-a5fd-54c2d5628ea7"",""replica"":""7fc15fda-5103-4647-b7c4-6251ceb0ef53""}",2026-07-23T06:32:37.557545177Z
"2026-07-23T06:32:29.620Z [[32minfo[39m] [STIM_GMB] Published {""service"":""mqtt-publisher-lite"",""deviceId"":""DEVICE-15"",""reviews"":33,""target"":100,""mode"":""synthetic"",""celebration"":""false"",""done"":false}",info,"{""level"":""info""}","{""project"":""90a47e04-a329-4122-9c82-2ee75a4562c2"",""environment"":""f6319bd4-2e87-40d4-8547-4ce714038bc1"",""service"":""c236b8cb-3eff-45c5-aca0-23e73e33dc8d"",""deployment"":""69394420-c732-4ebe-a5fd-54c2d5628ea7"",""replica"":""7fc15fda-5103-4647-b7c4-6251ceb0ef53""}",2026-07-23T06:32:37.557550307Z
"2026-07-23T06:32:29.667Z [[32minfo[39m] [PROMOTION] Default canvas not published {""service"":""mqtt-publisher-lite"",""deviceId"":""DEVICE-17"",""topic"":""proof.mqtt/DEVICE-17/promotion"",""reason"":""unchanged""}",info,"{""level"":""info""}","{""project"":""90a47e04-a329-4122-9c82-2ee75a4562c2"",""environment"":""f6319bd4-2e87-40d4-8547-4ce714038bc1"",""service"":""c236b8cb-3eff-45c5-aca0-23e73e33dc8d"",""deployment"":""69394420-c732-4ebe-a5fd-54c2d5628ea7"",""replica"":""7fc15fda-5103-4647-b7c4-6251ceb0ef53""}",2026-07-23T06:32:37.559117805Z
"2026-07-23T06:32:29.667Z [[34mdebug[39m] [STIM_SKIP] StatsPublisher skipping stim device {""service"":""mqtt-publisher-lite"",""deviceId"":""DEVICE-15""}",info,"{""level"":""info""}","{""project"":""90a47e04-a329-4122-9c82-2ee75a4562c2"",""environment"":""f6319bd4-2e87-40d4-8547-4ce714038bc1"",""service"":""c236b8cb-3eff-45c5-aca0-23e73e33dc8d"",""deployment"":""69394420-c732-4ebe-a5fd-54c2d5628ea7"",""replica"":""7fc15fda-5103-4647-b7c4-6251ceb0ef53""}",2026-07-23T06:32:37.559123145Z
"2026-07-23T06:32:29.667Z [[34mdebug[39m] [STIM_SKIP] StatsPublisher skipping stim device {""service"":""mqtt-publisher-lite"",""deviceId"":""DEVICE-13""}",info,"{""level"":""info""}","{""project"":""90a47e04-a329-4122-9c82-2ee75a4562c2"",""environment"":""f6319bd4-2e87-40d4-8547-4ce714038bc1"",""service"":""c236b8cb-3eff-45c5-aca0-23e73e33dc8d"",""deployment"":""69394420-c732-4ebe-a5fd-54c2d5628ea7"",""replica"":""7fc15fda-5103-4647-b7c4-6251ceb0ef53""}",2026-07-23T06:32:37.559126415Z
"2026-07-23T06:32:29.766Z [[34mdebug[39m] [STIM_SKIP] StatsPublisher skipping stim device {""service"":""mqtt-publisher-lite"",""deviceId"":""DEVICE-19""}",info,"{""level"":""info""}","{""project"":""90a47e04-a329-4122-9c82-2ee75a4562c2"",""environment"":""f6319bd4-2e87-40d4-8547-4ce714038bc1"",""service"":""c236b8cb-3eff-45c5-aca0-23e73e33dc8d"",""deployment"":""69394420-c732-4ebe-a5fd-54c2d5628ea7"",""replica"":""7fc15fda-5103-4647-b7c4-6251ceb0ef53""}",2026-07-23T06:32:37.559129265Z
"2026-07-23T06:32:47.106Z [[32minfo[39m] 📤 QoS 1 message sent {""service"":""mqtt-publisher-lite"",""messageId"":44751,""topic"":""proof.mqtt/DEVICE-13/instagram"",""qos"":1}",info,"{""level"":""info""}","{""project"":""90a47e04-a329-4122-9c82-2ee75a4562c2"",""environment"":""f6319bd4-2e87-40d4-8547-4ce714038bc1"",""service"":""c236b8cb-3eff-45c5-aca0-23e73e33dc8d"",""deployment"":""69394420-c732-4ebe-a5fd-54c2d5628ea7"",""replica"":""7fc15fda-5103-4647-b7c4-6251ceb0ef53""}",2026-07-23T06:32:47.119393113Z
"2026-07-23T06:32:47.106Z [[32minfo[39m] ⏱️ Tracking QoS 1 message (30s timeout) {""service"":""mqtt-publisher-lite"",""deviceId"":""DEVICE-13"",""messageId"":44751,""topic"":""proof.mqtt/DEVICE-13/instagram"",""pendingCount"":1}",info,"{""level"":""info""}","{""project"":""90a47e04-a329-4122-9c82-2ee75a4562c2"",""environment"":""f6319bd4-2e87-40d4-8547-4ce714038bc1"",""service"":""c236b8cb-3eff-45c5-aca0-23e73e33dc8d"",""deployment"":""69394420-c732-4ebe-a5fd-54c2d5628ea7"",""replica"":""7fc15fda-5103-4647-b7c4-6251ceb0ef53""}",2026-07-23T06:32:47.119397773Z
"2026-07-23T06:32:47.217Z [[32minfo[39m] 📤 QoS 1 message sent {""service"":""mqtt-publisher-lite"",""messageId"":44752,""topic"":""proof.mqtt/DEVICE-13/gmb"",""qos"":1}",info,"{""level"":""info""}","{""project"":""90a47e04-a329-4122-9c82-2ee75a4562c2"",""environment"":""f6319bd4-2e87-40d4-8547-4ce714038bc1"",""service"":""c236b8cb-3eff-45c5-aca0-23e73e33dc8d"",""deployment"":""69394420-c732-4ebe-a5fd-54c2d5628ea7"",""replica"":""7fc15fda-5103-4647-b7c4-6251ceb0ef53""}",2026-07-23T06:32:47.220490868Z
"2026-07-23T06:32:47.217Z [[32minfo[39m] ⏱️ Tracking QoS 1 message (30s timeout) {""service"":""mqtt-publisher-lite"",""deviceId"":""DEVICE-13"",""messageId"":44752,""topic"":""proof.mqtt/DEVICE-13/gmb"",""pendingCount"":2}",info,"{""level"":""info""}","{""project"":""90a47e04-a329-4122-9c82-2ee75a4562c2"",""environment"":""f6319bd4-2e87-40d4-8547-4ce714038bc1"",""service"":""c236b8cb-3eff-45c5-aca0-23e73e33dc8d"",""deployment"":""69394420-c732-4ebe-a5fd-54c2d5628ea7"",""replica"":""7fc15fda-5103-4647-b7c4-6251ceb0ef53""}",2026-07-23T06:32:47.220496148Z
"2026-07-23T06:32:47.325Z [[32minfo[39m] ✅ PUBACK received {""service"":""mqtt-publisher-lite"",""messageId"":44751}",info,"{""level"":""info""}","{""project"":""90a47e04-a329-4122-9c82-2ee75a4562c2"",""environment"":""f6319bd4-2e87-40d4-8547-4ce714038bc1"",""service"":""c236b8cb-3eff-45c5-aca0-23e73e33dc8d"",""deployment"":""69394420-c732-4ebe-a5fd-54c2d5628ea7"",""replica"":""7fc15fda-5103-4647-b7c4-6251ceb0ef53""}",2026-07-23T06:32:47.328890106Z
"2026-07-23T06:32:47.325Z [[32minfo[39m] ✅ QoS 1 PUBACK confirmed {""service"":""mqtt-publisher-lite"",""deviceId"":""DEVICE-13"",""messageId"":44751,""deliveryTime"":""219ms"",""pendingCount"":1}",info,"{""level"":""info""}","{""project"":""90a47e04-a329-4122-9c82-2ee75a4562c2"",""environment"":""f6319bd4-2e87-40d4-8547-4ce714038bc1"",""service"":""c236b8cb-3eff-45c5-aca0-23e73e33dc8d"",""deployment"":""69394420-c732-4ebe-a5fd-54c2d5628ea7"",""replica"":""7fc15fda-5103-4647-b7c4-6251ceb0ef53""}",2026-07-23T06:32:47.328899416Z
"2026-07-23T06:32:47.325Z [[34mdebug[39m] ✅ [LIFECYCLE:PUBACK_OK] Device confirmed message receipt {""service"":""mqtt-publisher-lite"",""deviceId"":""DEVICE-13""}",info,"{""level"":""info""}","{""project"":""90a47e04-a329-4122-9c82-2ee75a4562c2"",""environment"":""f6319bd4-2e87-40d4-8547-4ce714038bc1"",""service"":""c236b8cb-3eff-45c5-aca0-23e73e33dc8d"",""deployment"":""69394420-c732-4ebe-a5fd-54c2d5628ea7"",""replica"":""7fc15fda-5103-4647-b7c4-6251ceb0ef53""}",2026-07-23T06:32:47.328903986Z
"2026-07-23T06:32:47.325Z [[34mdebug[39m] Message published {""service"":""mqtt-publisher-lite"",""topic"":""proof.mqtt/DEVICE-13/instagram"",""qos"":1,""deliveryTime"":""219ms""}",info,"{""level"":""info""}","{""project"":""90a47e04-a329-4122-9c82-2ee75a4562c2"",""environment"":""f6319bd4-2e87-40d4-8547-4ce714038bc1"",""service"":""c236b8cb-3eff-45c5-aca0-23e73e33dc8d"",""deployment"":""69394420-c732-4ebe-a5fd-54c2d5628ea7"",""replica"":""7fc15fda-5103-4647-b7c4-6251ceb0ef53""}",2026-07-23T06:32:47.328908456Z
"2026-07-23T06:32:47.326Z [[34mdebug[39m] Message received {""service"":""mqtt-publisher-lite"",""topic"":""proof.mqtt/DEVICE-13/instagram"",""size"":254,""retain"":false}",info,"{""level"":""info""}","{""project"":""90a47e04-a329-4122-9c82-2ee75a4562c2"",""environment"":""f6319bd4-2e87-40d4-8547-4ce714038bc1"",""service"":""c236b8cb-3eff-45c5-aca0-23e73e33dc8d"",""deployment"":""69394420-c732-4ebe-a5fd-54c2d5628ea7"",""replica"":""7fc15fda-5103-4647-b7c4-6251ceb0ef53""}",2026-07-23T06:32:47.328912826Z
"2026-07-23T06:32:47.326Z [[34mdebug[39m] Skipping echo message {""service"":""mqtt-publisher-lite"",""topic"":""proof.mqtt/DEVICE-13/instagram"",""age"":""1ms""}",info,"{""level"":""info""}","{""project"":""90a47e04-a329-4122-9c82-2ee75a4562c2"",""environment"":""f6319bd4-2e87-40d4-8547-4ce714038bc1"",""service"":""c236b8cb-3eff-45c5-aca0-23e73e33dc8d"",""deployment"":""69394420-c732-4ebe-a5fd-54c2d5628ea7"",""replica"":""7fc15fda-5103-4647-b7c4-6251ceb0ef53""}",2026-07-23T06:32:47.328916906Z
"2026-07-23T06:32:47.326Z [[34mdebug[39m] Screen message received {""service"":""mqtt-publisher-lite"",""topic"":""proof.mqtt/DEVICE-13/instagram"",""screen"":""instagram""}",info,"{""level"":""info""}","{""project"":""90a47e04-a329-4122-9c82-2ee75a4562c2"",""environment"":""f6319bd4-2e87-40d4-8547-4ce714038bc1"",""service"":""c236b8cb-3eff-45c5-aca0-23e73e33dc8d"",""deployment"":""69394420-c732-4ebe-a5fd-54c2d5628ea7"",""replica"":""7fc15fda-5103-4647-b7c4-6251ceb0ef53""}",2026-07-23T06:32:47.328920746Z
"2026-07-23T06:32:47.394Z [[34mdebug[39m] Message received {""service"":""mqtt-publisher-lite"",""topic"":""proof.mqtt/DEVICE-13/lwt"",""size"":84,""retain"":false}",info,"{""level"":""info""}","{""project"":""90a47e04-a329-4122-9c82-2ee75a4562c2"",""environment"":""f6319bd4-2e87-40d4-8547-4ce714038bc1"",""service"":""c236b8cb-3eff-45c5-aca0-23e73e33dc8d"",""deployment"":""69394420-c732-4ebe-a5fd-54c2d5628ea7"",""replica"":""7fc15fda-5103-4647-b7c4-6251ceb0ef53""}",2026-07-23T06:32:47.403444447Z
"2026-07-23T06:32:47.394Z [[32minfo[39m] 📨 Broker-generated LWT message detected {""service"":""mqtt-publisher-lite"",""topic"":""proof.mqtt/DEVICE-13/lwt""}",info,"{""level"":""info""}","{""project"":""90a47e04-a329-4122-9c82-2ee75a4562c2"",""environment"":""f6319bd4-2e87-40d4-8547-4ce714038bc1"",""service"":""c236b8cb-3eff-45c5-aca0-23e73e33dc8d"",""deployment"":""69394420-c732-4ebe-a5fd-54c2d5628ea7"",""replica"":""7fc15fda-5103-4647-b7c4-6251ceb0ef53""}",2026-07-23T06:32:47.403450517Z
"2026-07-23T06:32:47.394Z [[32minfo[39m] 💀 LWT: Device Disconnected (Broker-Generated) {""service"":""mqtt-publisher-lite"",""deviceId"":""DEVICE-13"",""clientId"":""DEVICE-13"",""topic"":""/lwt"",""reason"":""Client disconnected (all types: graceful, crash, power cut, etc.)"",""source"":""broker"",""mechanism"":""Last Will and Testament""}",info,"{""level"":""info""}","{""project"":""90a47e04-a329-4122-9c82-2ee75a4562c2"",""environment"":""f6319bd4-2e87-40d4-8547-4ce714038bc1"",""service"":""c236b8cb-3eff-45c5-aca0-23e73e33dc8d"",""deployment"":""69394420-c732-4ebe-a5fd-54c2d5628ea7"",""replica"":""7fc15fda-5103-4647-b7c4-6251ceb0ef53""}",2026-07-23T06:32:47.403456737Z
"2026-07-23T06:32:47.394Z [[32minfo[39m] 💀 [LIFECYCLE:LWT] Removing device from Redis active cache {""service"":""mqtt-publisher-lite"",""deviceId"":""DEVICE-13""}",info,"{""level"":""info""}","{""project"":""90a47e04-a329-4122-9c82-2ee75a4562c2"",""environment"":""f6319bd4-2e87-40d4-8547-4ce714038bc1"",""service"":""c236b8cb-3eff-45c5-aca0-23e73e33dc8d"",""deployment"":""69394420-c732-4ebe-a5fd-54c2d5628ea7"",""replica"":""7fc15fda-5103-4647-b7c4-6251ceb0ef53""}",2026-07-23T06:32:47.403461097Z
"2026-07-23T06:32:47.425Z [[32minfo[39m] [STIM_IG] Published {""service"":""mqtt-publisher-lite"",""deviceId"":""DEVICE-13"",""followers"":30,""target"":500,""mode"":""synthetic"",""achievement"":35,""celebration"":""true"",""done"":false}",info,"{""level"":""info""}","{""project"":""90a47e04-a329-4122-9c82-2ee75a4562c2"",""environment"":""f6319bd4-2e87-40d4-8547-4ce714038bc1"",""service"":""c236b8cb-3eff-45c5-aca0-23e73e33dc8d"",""deployment"":""69394420-c732-4ebe-a5fd-54c2d5628ea7"",""replica"":""7fc15fda-5103-4647-b7c4-6251ceb0ef53""}",2026-07-23T06:32:47.427535180Z
"2026-07-23T06:32:47.501Z [[32minfo[39m] ✅ PUBACK received {""service"":""mqtt-publisher-lite"",""messageId"":44752}",info,"{""level"":""info""}","{""project"":""90a47e04-a329-4122-9c82-2ee75a4562c2"",""environment"":""f6319bd4-2e87-40d4-8547-4ce714038bc1"",""service"":""c236b8cb-3eff-45c5-aca0-23e73e33dc8d"",""deployment"":""69394420-c732-4ebe-a5fd-54c2d5628ea7"",""replica"":""7fc15fda-5103-4647-b7c4-6251ceb0ef53""}",2026-07-23T06:32:47.530564060Z
"2026-07-23T06:32:47.501Z [[32minfo[39m] ✅ QoS 1 PUBACK confirmed {""service"":""mqtt-publisher-lite"",""deviceId"":""DEVICE-13"",""messageId"":44752,""deliveryTime"":""284ms"",""pendingCount"":0}",info,"{""level"":""info""}","{""project"":""90a47e04-a329-4122-9c82-2ee75a4562c2"",""environment"":""f6319bd4-2e87-40d4-8547-4ce714038bc1"",""service"":""c236b8cb-3eff-45c5-aca0-23e73e33dc8d"",""deployment"":""69394420-c732-4ebe-a5fd-54c2d5628ea7"",""replica"":""7fc15fda-5103-4647-b7c4-6251ceb0ef53""}",2026-07-23T06:32:47.530569380Z
"2026-07-23T06:32:47.502Z [[34mdebug[39m] ✅ [LIFECYCLE:PUBACK_OK] Device confirmed message receipt {""service"":""mqtt-publisher-lite"",""deviceId"":""DEVICE-13""}",info,"{""level"":""info""}","{""project"":""90a47e04-a329-4122-9c82-2ee75a4562c2"",""environment"":""f6319bd4-2e87-40d4-8547-4ce714038bc1"",""service"":""c236b8cb-3eff-45c5-aca0-23e73e33dc8d"",""deployment"":""69394420-c732-4ebe-a5fd-54c2d5628ea7"",""replica"":""7fc15fda-5103-4647-b7c4-6251ceb0ef53""}",2026-07-23T06:32:47.530572750Z
"2026-07-23T06:32:47.502Z [[34mdebug[39m] Message published {""service"":""mqtt-publisher-lite"",""topic"":""proof.mqtt/DEVICE-13/gmb"",""qos"":1,""deliveryTime"":""285ms""}",info,"{""level"":""info""}","{""project"":""90a47e04-a329-4122-9c82-2ee75a4562c2"",""environment"":""f6319bd4-2e87-40d4-8547-4ce714038bc1"",""service"":""c236b8cb-3eff-45c5-aca0-23e73e33dc8d"",""deployment"":""69394420-c732-4ebe-a5fd-54c2d5628ea7"",""replica"":""7fc15fda-5103-4647-b7c4-6251ceb0ef53""}",2026-07-23T06:32:47.530576310Z
"2026-07-23T06:32:47.502Z [[34mdebug[39m] Message received {""service"":""mqtt-publisher-lite"",""topic"":""proof.mqtt/DEVICE-13/gmb"",""size"":246,""retain"":false}",info,"{""level"":""info""}","{""project"":""90a47e04-a329-4122-9c82-2ee75a4562c2"",""environment"":""f6319bd4-2e87-40d4-8547-4ce714038bc1"",""service"":""c236b8cb-3eff-45c5-aca0-23e73e33dc8d"",""deployment"":""69394420-c732-4ebe-a5fd-54c2d5628ea7"",""replica"":""7fc15fda-5103-4647-b7c4-6251ceb0ef53""}",2026-07-23T06:32:47.530581570Z
"2026-07-23T06:32:47.502Z [[34mdebug[39m] Skipping echo message {""service"":""mqtt-publisher-lite"",""topic"":""proof.mqtt/DEVICE-13/gmb"",""age"":""0ms""}",info,"{""level"":""info""}","{""project"":""90a47e04-a329-4122-9c82-2ee75a4562c2"",""environment"":""f6319bd4-2e87-40d4-8547-4ce714038bc1"",""service"":""c236b8cb-3eff-45c5-aca0-23e73e33dc8d"",""deployment"":""69394420-c732-4ebe-a5fd-54c2d5628ea7"",""replica"":""7fc15fda-5103-4647-b7c4-6251ceb0ef53""}",2026-07-23T06:32:47.530584690Z
"2026-07-23T06:32:47.502Z [[34mdebug[39m] Screen message received {""service"":""mqtt-publisher-lite"",""topic"":""proof.mqtt/DEVICE-13/gmb"",""screen"":""gmb""}",info,"{""level"":""info""}","{""project"":""90a47e04-a329-4122-9c82-2ee75a4562c2"",""environment"":""f6319bd4-2e87-40d4-8547-4ce714038bc1"",""service"":""c236b8cb-3eff-45c5-aca0-23e73e33dc8d"",""deployment"":""69394420-c732-4ebe-a5fd-54c2d5628ea7"",""replica"":""7fc15fda-5103-4647-b7c4-6251ceb0ef53""}",2026-07-23T06:32:47.530588559Z
"2026-07-23T06:32:47.603Z [[32minfo[39m] [STIM_GMB] Published {""service"":""mqtt-publisher-lite"",""deviceId"":""DEVICE-13"",""reviews"":28,""target"":100,""mode"":""synthetic"",""celebration"":""false"",""done"":false}",info,"{""level"":""info""}","{""project"":""90a47e04-a329-4122-9c82-2ee75a4562c2"",""environment"":""f6319bd4-2e87-40d4-8547-4ce714038bc1"",""service"":""c236b8cb-3eff-45c5-aca0-23e73e33dc8d"",""deployment"":""69394420-c732-4ebe-a5fd-54c2d5628ea7"",""replica"":""7fc15fda-5103-4647-b7c4-6251ceb0ef53""}",2026-07-23T06:32:47.633048634Z
"2026-07-23T06:32:47.754Z [[32minfo[39m] 💀 [LIFECYCLE:LWT] Cleared MQTT publish dedupe hashes {""service"":""mqtt-publisher-lite"",""deviceId"":""DEVICE-13"",""clearedPublishHashes"":1}",info,"{""level"":""info""}","{""project"":""90a47e04-a329-4122-9c82-2ee75a4562c2"",""environment"":""f6319bd4-2e87-40d4-8547-4ce714038bc1"",""service"":""c236b8cb-3eff-45c5-aca0-23e73e33dc8d"",""deployment"":""69394420-c732-4ebe-a5fd-54c2d5628ea7"",""replica"":""7fc15fda-5103-4647-b7c4-6251ceb0ef53""}",2026-07-23T06:32:47.777646501Z
"2026-07-23T06:32:47.755Z [[32minfo[39m] [STIM] /lwt — device disconnected, stopping loops (cache preserved with TTL) {""service"":""mqtt-publisher-lite"",""deviceId"":""DEVICE-13""}",info,"{""level"":""info""}","{""project"":""90a47e04-a329-4122-9c82-2ee75a4562c2"",""environment"":""f6319bd4-2e87-40d4-8547-4ce714038bc1"",""service"":""c236b8cb-3eff-45c5-aca0-23e73e33dc8d"",""deployment"":""69394420-c732-4ebe-a5fd-54c2d5628ea7"",""replica"":""7fc15fda-5103-4647-b7c4-6251ceb0ef53""}",2026-07-23T06:32:47.777650540Z
"2026-07-23T06:32:47.755Z [[32minfo[39m] 💀 [LIFECYCLE:LWT] Device disconnect processed {""service"":""mqtt-publisher-lite"",""deviceId"":""DEVICE-13"",""removedFromRedis"":true}",info,"{""level"":""info""}","{""project"":""90a47e04-a329-4122-9c82-2ee75a4562c2"",""environment"":""f6319bd4-2e87-40d4-8547-4ce714038bc1"",""service"":""c236b8cb-3eff-45c5-aca0-23e73e33dc8d"",""deployment"":""69394420-c732-4ebe-a5fd-54c2d5628ea7"",""replica"":""7fc15fda-5103-4647-b7c4-6251ceb0ef53""}",2026-07-23T06:32:47.777654300Z
"2026-07-23T06:32:59.189Z [[34mdebug[39m] Message received {""service"":""mqtt-publisher-lite"",""topic"":""proof.mqtt/DEVICE-13/active"",""size"":214,""retain"":false}",info,"{""level"":""info""}","{""project"":""90a47e04-a329-4122-9c82-2ee75a4562c2"",""environment"":""f6319bd4-2e87-40d4-8547-4ce714038bc1"",""service"":""c236b8cb-3eff-45c5-aca0-23e73e33dc8d"",""deployment"":""69394420-c732-4ebe-a5fd-54c2d5628ea7"",""replica"":""7fc15fda-5103-4647-b7c4-6251ceb0ef53""}",2026-07-23T06:33:07.774927590Z
"2026-07-23T06:32:59.189Z [[32minfo[39m] 📱 Device Registration Received {""service"":""mqtt-publisher-lite"",""deviceId"":""DEVICE-13"",""type"":""device_registration""}",info,"{""level"":""info""}","{""project"":""90a47e04-a329-4122-9c82-2ee75a4562c2"",""environment"":""f6319bd4-2e87-40d4-8547-4ce714038bc1"",""service"":""c236b8cb-3eff-45c5-aca0-23e73e33dc8d"",""deployment"":""69394420-c732-4ebe-a5fd-54c2d5628ea7"",""replica"":""7fc15fda-5103-4647-b7c4-6251ceb0ef53""}",2026-07-23T06:33:07.774933210Z
"2026-07-23T06:32:59.200Z [[32minfo[39m] 📤 QoS 1 message sent {""service"":""mqtt-publisher-lite"",""messageId"":44753,""topic"":""proof.mqtt/DEVICE-15/instagram"",""qos"":1}",info,"{""level"":""info""}","{""project"":""90a47e04-a329-4122-9c82-2ee75a4562c2"",""environment"":""f6319bd4-2e87-40d4-8547-4ce714038bc1"",""service"":""c236b8cb-3eff-45c5-aca0-23e73e33dc8d"",""deployment"":""69394420-c732-4ebe-a5fd-54c2d5628ea7"",""replica"":""7fc15fda-5103-4647-b7c4-6251ceb0ef53""}",2026-07-23T06:33:07.774938280Z
"2026-07-23T06:32:59.200Z [[32minfo[39m] ⏱️ Tracking QoS 1 message (30s timeout) {""service"":""mqtt-publisher-lite"",""deviceId"":""DEVICE-15"",""messageId"":44753,""topic"":""proof.mqtt/DEVICE-15/instagram"",""pendingCount"":1}",info,"{""level"":""info""}","{""project"":""90a47e04-a329-4122-9c82-2ee75a4562c2"",""environment"":""f6319bd4-2e87-40d4-8547-4ce714038bc1"",""service"":""c236b8cb-3eff-45c5-aca0-23e73e33dc8d"",""deployment"":""69394420-c732-4ebe-a5fd-54c2d5628ea7"",""replica"":""7fc15fda-5103-4647-b7c4-6251ceb0ef53""}",2026-07-23T06:33:07.774942210Z
"2026-07-23T06:32:59.273Z [[34mdebug[39m] [IG_DIRECT] No Instagram credentials (Redis proof.mqtt:device:{id} or active-devices.json) {""service"":""mqtt-publisher-lite"",""deviceId"":""DEVICE-17"",""trigger"":""scheduled""}",info,"{""level"":""info""}","{""project"":""90a47e04-a329-4122-9c82-2ee75a4562c2"",""environment"":""f6319bd4-2e87-40d4-8547-4ce714038bc1"",""service"":""c236b8cb-3eff-45c5-aca0-23e73e33dc8d"",""deployment"":""69394420-c732-4ebe-a5fd-54c2d5628ea7"",""replica"":""7fc15fda-5103-4647-b7c4-6251ceb0ef53""}",2026-07-23T06:33:07.774945340Z
"2026-07-23T06:32:59.301Z [[32minfo[39m] 📤 QoS 1 message sent {""service"":""mqtt-publisher-lite"",""messageId"":44754,""topic"":""proof.mqtt/DEVICE-15/gmb"",""qos"":1}",info,"{""level"":""info""}","{""project"":""90a47e04-a329-4122-9c82-2ee75a4562c2"",""environment"":""f6319bd4-2e87-40d4-8547-4ce714038bc1"",""service"":""c236b8cb-3eff-45c5-aca0-23e73e33dc8d"",""deployment"":""69394420-c732-4ebe-a5fd-54c2d5628ea7"",""replica"":""7fc15fda-5103-4647-b7c4-6251ceb0ef53""}",2026-07-23T06:33:07.774959060Z
"2026-07-23T06:32:59.301Z [[32minfo[39m] ⏱️ Tracking QoS 1 message (30s timeout) {""service"":""mqtt-publisher-lite"",""deviceId"":""DEVICE-15"",""messageId"":44754,""topic"":""proof.mqtt/DEVICE-15/gmb"",""pendingCount"":2}",info,"{""level"":""info""}","{""project"":""90a47e04-a329-4122-9c82-2ee75a4562c2"",""environment"":""f6319bd4-2e87-40d4-8547-4ce714038bc1"",""service"":""c236b8cb-3eff-45c5-aca0-23e73e33dc8d"",""deployment"":""69394420-c732-4ebe-a5fd-54c2d5628ea7"",""replica"":""7fc15fda-5103-4647-b7c4-6251ceb0ef53""}",2026-07-23T06:33:07.774967920Z
"2026-07-23T06:32:59.315Z [[32minfo[39m] ✅ Existing device reconnected {""service"":""mqtt-publisher-lite"",""deviceId"":""DEVICE-13""}",info,"{""level"":""info""}","{""project"":""90a47e04-a329-4122-9c82-2ee75a4562c2"",""environment"":""f6319bd4-2e87-40d4-8547-4ce714038bc1"",""service"":""c236b8cb-3eff-45c5-aca0-23e73e33dc8d"",""deployment"":""69394420-c732-4ebe-a5fd-54c2d5628ea7"",""replica"":""7fc15fda-5103-4647-b7c4-6251ceb0ef53""}",2026-07-23T06:33:07.774974500Z
"2026-07-23T06:32:59.315Z [[32minfo[39m] 📤 QoS 1 message sent {""service"":""mqtt-publisher-lite"",""messageId"":44755,""topic"":""proof.mqtt/DEVICE-13/registration_ack"",""qos"":1}",info,"{""level"":""info""}","{""project"":""90a47e04-a329-4122-9c82-2ee75a4562c2"",""environment"":""f6319bd4-2e87-40d4-8547-4ce714038bc1"",""service"":""c236b8cb-3eff-45c5-aca0-23e73e33dc8d"",""deployment"":""69394420-c732-4ebe-a5fd-54c2d5628ea7"",""replica"":""7fc15fda-5103-4647-b7c4-6251ceb0ef53""}",2026-07-23T06:33:07.774978630Z
"2026-07-23T06:32:59.315Z [[32minfo[39m] ⏱️ Tracking QoS 1 message (30s timeout) {""service"":""mqtt-publisher-lite"",""deviceId"":""DEVICE-13"",""messageId"":44755,""topic"":""proof.mqtt/DEVICE-13/registration_ack"",""pendingCount"":3}",info,"{""level"":""info""}","{""project"":""90a47e04-a329-4122-9c82-2ee75a4562c2"",""environment"":""f6319bd4-2e87-40d4-8547-4ce714038bc1"",""service"":""c236b8cb-3eff-45c5-aca0-23e73e33dc8d"",""deployment"":""69394420-c732-4ebe-a5fd-54c2d5628ea7"",""replica"":""7fc15fda-5103-4647-b7c4-6251ceb0ef53""}",2026-07-23T06:33:07.774981580Z
"2026-07-23T06:32:59.373Z [[34mdebug[39m] Instagram fetch audit written to InfluxDB {""service"":""mqtt-publisher-lite"",""deviceId"":""DEVICE-17"",""success"":false}",info,"{""level"":""info""}","{""project"":""90a47e04-a329-4122-9c82-2ee75a4562c2"",""environment"":""f6319bd4-2e87-40d4-8547-4ce714038bc1"",""service"":""c236b8cb-3eff-45c5-aca0-23e73e33dc8d"",""deployment"":""69394420-c732-4ebe-a5fd-54c2d5628ea7"",""replica"":""7fc15fda-5103-4647-b7c4-6251ceb0ef53""}",2026-07-23T06:33:07.777126203Z
"2026-07-23T06:32:59.373Z [[33mwarn[39m] [IG_SCREEN] Skipping MQTT for failed fetch {""service"":""mqtt-publisher-lite"",""deviceId"":""DEVICE-17"",""error"":""no_instagram_credentials""}",info,"{""level"":""info""}","{""project"":""90a47e04-a329-4122-9c82-2ee75a4562c2"",""environment"":""f6319bd4-2e87-40d4-8547-4ce714038bc1"",""service"":""c236b8cb-3eff-45c5-aca0-23e73e33dc8d"",""deployment"":""69394420-c732-4ebe-a5fd-54c2d5628ea7"",""replica"":""7fc15fda-5103-4647-b7c4-6251ceb0ef53""}",2026-07-23T06:33:07.777137983Z
"2026-07-23T06:32:59.374Z [[32minfo[39m] InfluxDB batch flush {""service"":""mqtt-publisher-lite"",""source"":""metrics_disk_queue_worker"",""count"":1,""lines"":[""instagram_fetch_audit,device_id=DEVICE-17,success=false,trigger_type=scheduled duration_ms=0i,error_message=\""no_instagram_credentials\"",user_id_at_time=\""unknown\"" 1784788379273000000""]}",info,"{""level"":""info""}","{""project"":""90a47e04-a329-4122-9c82-2ee75a4562c2"",""environment"":""f6319bd4-2e87-40d4-8547-4ce714038bc1"",""service"":""c236b8cb-3eff-45c5-aca0-23e73e33dc8d"",""deployment"":""69394420-c732-4ebe-a5fd-54c2d5628ea7"",""replica"":""7fc15fda-5103-4647-b7c4-6251ceb0ef53""}",2026-07-23T06:33:07.777143753Z
"2026-07-23T06:32:59.419Z [[32minfo[39m] ✅ PUBACK received {""service"":""mqtt-publisher-lite"",""messageId"":44753}",info,"{""level"":""info""}","{""project"":""90a47e04-a329-4122-9c82-2ee75a4562c2"",""environment"":""f6319bd4-2e87-40d4-8547-4ce714038bc1"",""service"":""c236b8cb-3eff-45c5-aca0-23e73e33dc8d"",""deployment"":""69394420-c732-4ebe-a5fd-54c2d5628ea7"",""replica"":""7fc15fda-5103-4647-b7c4-6251ceb0ef53""}",2026-07-23T06:33:07.777149403Z
"2026-07-23T06:32:59.420Z [[32minfo[39m] ✅ QoS 1 PUBACK confirmed {""service"":""mqtt-publisher-lite"",""deviceId"":""DEVICE-15"",""messageId"":44753,""deliveryTime"":""220ms"",""pendingCount"":2}",info,"{""level"":""info""}","{""project"":""90a47e04-a329-4122-9c82-2ee75a4562c2"",""environment"":""f6319bd4-2e87-40d4-8547-4ce714038bc1"",""service"":""c236b8cb-3eff-45c5-aca0-23e73e33dc8d"",""deployment"":""69394420-c732-4ebe-a5fd-54c2d5628ea7"",""replica"":""7fc15fda-5103-4647-b7c4-6251ceb0ef53""}",2026-07-23T06:33:07.777154163Z
"2026-07-23T06:32:59.420Z [[34mdebug[39m] ✅ [LIFECYCLE:PUBACK_OK] Device confirmed message receipt {""service"":""mqtt-publisher-lite"",""deviceId"":""DEVICE-15""}",info,"{""level"":""info""}","{""project"":""90a47e04-a329-4122-9c82-2ee75a4562c2"",""environment"":""f6319bd4-2e87-40d4-8547-4ce714038bc1"",""service"":""c236b8cb-3eff-45c5-aca0-23e73e33dc8d"",""deployment"":""69394420-c732-4ebe-a5fd-54c2d5628ea7"",""replica"":""7fc15fda-5103-4647-b7c4-6251ceb0ef53""}",2026-07-23T06:33:07.777158763Z
"2026-07-23T06:32:59.420Z [[34mdebug[39m] Message published {""service"":""mqtt-publisher-lite"",""topic"":""proof.mqtt/DEVICE-15/instagram"",""qos"":1,""deliveryTime"":""220ms""}",info,"{""level"":""info""}","{""project"":""90a47e04-a329-4122-9c82-2ee75a4562c2"",""environment"":""f6319bd4-2e87-40d4-8547-4ce714038bc1"",""service"":""c236b8cb-3eff-45c5-aca0-23e73e33dc8d"",""deployment"":""69394420-c732-4ebe-a5fd-54c2d5628ea7"",""replica"":""7fc15fda-5103-4647-b7c4-6251ceb0ef53""}",2026-07-23T06:33:07.777162783Z
"2026-07-23T06:32:59.420Z [[34mdebug[39m] Message received {""service"":""mqtt-publisher-lite"",""topic"":""proof.mqtt/DEVICE-15/instagram"",""size"":228,""retain"":false}",info,"{""level"":""info""}","{""project"":""90a47e04-a329-4122-9c82-2ee75a4562c2"",""environment"":""f6319bd4-2e87-40d4-8547-4ce714038bc1"",""service"":""c236b8cb-3eff-45c5-aca0-23e73e33dc8d"",""deployment"":""69394420-c732-4ebe-a5fd-54c2d5628ea7"",""replica"":""7fc15fda-5103-4647-b7c4-6251ceb0ef53""}",2026-07-23T06:33:07.777167613Z
"2026-07-23T06:32:59.420Z [[34mdebug[39m] Skipping echo message {""service"":""mqtt-publisher-lite"",""topic"":""proof.mqtt/DEVICE-15/instagram"",""age"":""0ms""}",info,"{""level"":""info""}","{""project"":""90a47e04-a329-4122-9c82-2ee75a4562c2"",""environment"":""f6319bd4-2e87-40d4-8547-4ce714038bc1"",""service"":""c236b8cb-3eff-45c5-aca0-23e73e33dc8d"",""deployment"":""69394420-c732-4ebe-a5fd-54c2d5628ea7"",""replica"":""7fc15fda-5103-4647-b7c4-6251ceb0ef53""}",2026-07-23T06:33:07.777172023Z
"2026-07-23T06:32:59.420Z [[34mdebug[39m] Screen message received {""service"":""mqtt-publisher-lite"",""topic"":""proof.mqtt/DEVICE-15/instagram"",""screen"":""instagram""}",info,"{""level"":""info""}","{""project"":""90a47e04-a329-4122-9c82-2ee75a4562c2"",""environment"":""f6319bd4-2e87-40d4-8547-4ce714038bc1"",""service"":""c236b8cb-3eff-45c5-aca0-23e73e33dc8d"",""deployment"":""69394420-c732-4ebe-a5fd-54c2d5628ea7"",""replica"":""7fc15fda-5103-4647-b7c4-6251ceb0ef53""}",2026-07-23T06:33:07.777178143Z
"2026-07-23T06:32:59.589Z [[32minfo[39m] ✅ QoS 1 PUBACK confirmed {""service"":""mqtt-publisher-lite"",""deviceId"":""DEVICE-13"",""messageId"":44755,""deliveryTime"":""274ms"",""pendingCount"":0}",info,"{""level"":""info""}","{""project"":""90a47e04-a329-4122-9c82-2ee75a4562c2"",""environment"":""f6319bd4-2e87-40d4-8547-4ce714038bc1"",""service"":""c236b8cb-3eff-45c5-aca0-23e73e33dc8d"",""deployment"":""69394420-c732-4ebe-a5fd-54c2d5628ea7"",""replica"":""7fc15fda-5103-4647-b7c4-6251ceb0ef53""}",2026-07-23T06:33:07.778821520Z
"2026-07-23T06:32:59.589Z [[34mdebug[39m] ✅ [LIFECYCLE:PUBACK_OK] Device confirmed message receipt {""service"":""mqtt-publisher-lite"",""deviceId"":""DEVICE-13""}",info,"{""level"":""info""}","{""project"":""90a47e04-a329-4122-9c82-2ee75a4562c2"",""environment"":""f6319bd4-2e87-40d4-8547-4ce714038bc1"",""service"":""c236b8cb-3eff-45c5-aca0-23e73e33dc8d"",""deployment"":""69394420-c732-4ebe-a5fd-54c2d5628ea7"",""replica"":""7fc15fda-5103-4647-b7c4-6251ceb0ef53""}",2026-07-23T06:33:07.778828900Z
"2026-07-23T06:32:59.520Z [[32minfo[39m] ✅ PUBACK received {""service"":""mqtt-publisher-lite"",""messageId"":44754}",info,"{""level"":""info""}","{""project"":""90a47e04-a329-4122-9c82-2ee75a4562c2"",""environment"":""f6319bd4-2e87-40d4-8547-4ce714038bc1"",""service"":""c236b8cb-3eff-45c5-aca0-23e73e33dc8d"",""deployment"":""69394420-c732-4ebe-a5fd-54c2d5628ea7"",""replica"":""7fc15fda-5103-4647-b7c4-6251ceb0ef53""}",2026-07-23T06:33:07.778848850Z
"2026-07-23T06:32:59.520Z [[32minfo[39m] ✅ QoS 1 PUBACK confirmed {""service"":""mqtt-publisher-lite"",""deviceId"":""DEVICE-15"",""messageId"":44754,""deliveryTime"":""219ms"",""pendingCount"":1}",info,"{""level"":""info""}","{""project"":""90a47e04-a329-4122-9c82-2ee75a4562c2"",""environment"":""f6319bd4-2e87-40d4-8547-4ce714038bc1"",""service"":""c236b8cb-3eff-45c5-aca0-23e73e33dc8d"",""deployment"":""69394420-c732-4ebe-a5fd-54c2d5628ea7"",""replica"":""7fc15fda-5103-4647-b7c4-6251ceb0ef53""}",2026-07-23T06:33:07.778857840Z
"2026-07-23T06:32:59.520Z [[34mdebug[39m] ✅ [LIFECYCLE:PUBACK_OK] Device confirmed message receipt {""service"":""mqtt-publisher-lite"",""deviceId"":""DEVICE-15""}",info,"{""level"":""info""}","{""project"":""90a47e04-a329-4122-9c82-2ee75a4562c2"",""environment"":""f6319bd4-2e87-40d4-8547-4ce714038bc1"",""service"":""c236b8cb-3eff-45c5-aca0-23e73e33dc8d"",""deployment"":""69394420-c732-4ebe-a5fd-54c2d5628ea7"",""replica"":""7fc15fda-5103-4647-b7c4-6251ceb0ef53""}",2026-07-23T06:33:07.778862060Z
"2026-07-23T06:32:59.520Z [[34mdebug[39m] Message published {""service"":""mqtt-publisher-lite"",""topic"":""proof.mqtt/DEVICE-15/gmb"",""qos"":1,""deliveryTime"":""219ms""}",info,"{""level"":""info""}","{""project"":""90a47e04-a329-4122-9c82-2ee75a4562c2"",""environment"":""f6319bd4-2e87-40d4-8547-4ce714038bc1"",""service"":""c236b8cb-3eff-45c5-aca0-23e73e33dc8d"",""deployment"":""69394420-c732-4ebe-a5fd-54c2d5628ea7"",""replica"":""7fc15fda-5103-4647-b7c4-6251ceb0ef53""}",2026-07-23T06:33:07.778866040Z
"2026-07-23T06:32:59.521Z [[34mdebug[39m] Message received {""service"":""mqtt-publisher-lite"",""topic"":""proof.mqtt/DEVICE-15/gmb"",""size"":246,""retain"":false}",info,"{""level"":""info""}","{""project"":""90a47e04-a329-4122-9c82-2ee75a4562c2"",""environment"":""f6319bd4-2e87-40d4-8547-4ce714038bc1"",""service"":""c236b8cb-3eff-45c5-aca0-23e73e33dc8d"",""deployment"":""69394420-c732-4ebe-a5fd-54c2d5628ea7"",""replica"":""7fc15fda-5103-4647-b7c4-6251ceb0ef53""}",2026-07-23T06:33:07.778869519Z
"2026-07-23T06:32:59.521Z [[34mdebug[39m] Skipping echo message {""service"":""mqtt-publisher-lite"",""topic"":""proof.mqtt/DEVICE-15/gmb"",""age"":""1ms""}",info,"{""level"":""info""}","{""project"":""90a47e04-a329-4122-9c82-2ee75a4562c2"",""environment"":""f6319bd4-2e87-40d4-8547-4ce714038bc1"",""service"":""c236b8cb-3eff-45c5-aca0-23e73e33dc8d"",""deployment"":""69394420-c732-4ebe-a5fd-54c2d5628ea7"",""replica"":""7fc15fda-5103-4647-b7c4-6251ceb0ef53""}",2026-07-23T06:33:07.778873409Z
"2026-07-23T06:32:59.521Z [[34mdebug[39m] Screen message received {""service"":""mqtt-publisher-lite"",""topic"":""proof.mqtt/DEVICE-15/gmb"",""screen"":""gmb""}",info,"{""level"":""info""}","{""project"":""90a47e04-a329-4122-9c82-2ee75a4562c2"",""environment"":""f6319bd4-2e87-40d4-8547-4ce714038bc1"",""service"":""c236b8cb-3eff-45c5-aca0-23e73e33dc8d"",""deployment"":""69394420-c732-4ebe-a5fd-54c2d5628ea7"",""replica"":""7fc15fda-5103-4647-b7c4-6251ceb0ef53""}",2026-07-23T06:33:07.778877669Z
"2026-07-23T06:32:59.522Z [[32minfo[39m] [STIM_IG] Published {""service"":""mqtt-publisher-lite"",""deviceId"":""DEVICE-15"",""followers"":36,""target"":500,""mode"":""synthetic"",""achievement"":40,""celebration"":""false"",""done"":false}",info,"{""level"":""info""}","{""project"":""90a47e04-a329-4122-9c82-2ee75a4562c2"",""environment"":""f6319bd4-2e87-40d4-8547-4ce714038bc1"",""service"":""c236b8cb-3eff-45c5-aca0-23e73e33dc8d"",""deployment"":""69394420-c732-4ebe-a5fd-54c2d5628ea7"",""replica"":""7fc15fda-5103-4647-b7c4-6251ceb0ef53""}",2026-07-23T06:33:07.778881569Z
"2026-07-23T06:32:59.588Z [[32minfo[39m] ✅ PUBACK received {""service"":""mqtt-publisher-lite"",""messageId"":44755}",info,"{""level"":""info""}","{""project"":""90a47e04-a329-4122-9c82-2ee75a4562c2"",""environment"":""f6319bd4-2e87-40d4-8547-4ce714038bc1"",""service"":""c236b8cb-3eff-45c5-aca0-23e73e33dc8d"",""deployment"":""69394420-c732-4ebe-a5fd-54c2d5628ea7"",""replica"":""7fc15fda-5103-4647-b7c4-6251ceb0ef53""}",2026-07-23T06:33:07.778884819Z
"2026-07-23T06:32:59.589Z [[34mdebug[39m] Message published {""service"":""mqtt-publisher-lite"",""topic"":""proof.mqtt/DEVICE-13/registration_ack"",""qos"":1,""deliveryTime"":""274ms""}",info,"{""level"":""info""}","{""project"":""90a47e04-a329-4122-9c82-2ee75a4562c2"",""environment"":""f6319bd4-2e87-40d4-8547-4ce714038bc1"",""service"":""c236b8cb-3eff-45c5-aca0-23e73e33dc8d"",""deployment"":""69394420-c732-4ebe-a5fd-54c2d5628ea7"",""replica"":""7fc15fda-5103-4647-b7c4-6251ceb0ef53""}",2026-07-23T06:33:07.780553886Z
"2026-07-23T06:32:59.589Z [[32minfo[39m] 📤 Registration response sent {""service"":""mqtt-publisher-lite"",""deviceId"":""DEVICE-13"",""success"":true,""isNewDevice"":false}",info,"{""level"":""info""}","{""project"":""90a47e04-a329-4122-9c82-2ee75a4562c2"",""environment"":""f6319bd4-2e87-40d4-8547-4ce714038bc1"",""service"":""c236b8cb-3eff-45c5-aca0-23e73e33dc8d"",""deployment"":""69394420-c732-4ebe-a5fd-54c2d5628ea7"",""replica"":""7fc15fda-5103-4647-b7c4-6251ceb0ef53""}",2026-07-23T06:33:07.780558466Z
"2026-07-23T06:32:59.589Z [[32minfo[39m] 📋 [LIFECYCLE:REGISTER] Caching device in Redis active list {""service"":""mqtt-publisher-lite"",""deviceId"":""DEVICE-13""}",info,"{""level"":""info""}","{""project"":""90a47e04-a329-4122-9c82-2ee75a4562c2"",""environment"":""f6319bd4-2e87-40d4-8547-4ce714038bc1"",""service"":""c236b8cb-3eff-45c5-aca0-23e73e33dc8d"",""deployment"":""69394420-c732-4ebe-a5fd-54c2d5628ea7"",""replica"":""7fc15fda-5103-4647-b7c4-6251ceb0ef53""}",2026-07-23T06:33:07.780561896Z
"2026-07-23T06:32:59.589Z [[32minfo[39m] 📋 [LIFECYCLE:CACHE] Step 1/2 — Device lookup (MongoDB) {""service"":""mqtt-publisher-lite"",""deviceId"":""DEVICE-13""}",info,"{""level"":""info""}","{""project"":""90a47e04-a329-4122-9c82-2ee75a4562c2"",""environment"":""f6319bd4-2e87-40d4-8547-4ce714038bc1"",""service"":""c236b8cb-3eff-45c5-aca0-23e73e33dc8d"",""deployment"":""69394420-c732-4ebe-a5fd-54c2d5628ea7"",""replica"":""7fc15fda-5103-4647-b7c4-6251ceb0ef53""}",2026-07-23T06:33:07.780565556Z
"2026-07-23T06:32:59.620Z [[32minfo[39m] [STIM_GMB] Published {""service"":""mqtt-publisher-lite"",""deviceId"":""DEVICE-15"",""reviews"":34,""target"":100,""mode"":""synthetic"",""celebration"":""false"",""done"":false}",info,"{""level"":""info""}","{""project"":""90a47e04-a329-4122-9c82-2ee75a4562c2"",""environment"":""f6319bd4-2e87-40d4-8547-4ce714038bc1"",""service"":""c236b8cb-3eff-45c5-aca0-23e73e33dc8d"",""deployment"":""69394420-c732-4ebe-a5fd-54c2d5628ea7"",""replica"":""7fc15fda-5103-4647-b7c4-6251ceb0ef53""}",2026-07-23T06:33:07.780569346Z
"2026-07-23T06:32:59.714Z [[32minfo[39m] 📋 [LIFECYCLE:CACHE] Step 2/2 — Social (Instagram) for device {""service"":""mqtt-publisher-lite"",""deviceId"":""DEVICE-13"",""userId"":""6937af58f950f0f5356a1599"",""deviceStatus"":""ACTIVE""}",info,"{""level"":""info""}","{""project"":""90a47e04-a329-4122-9c82-2ee75a4562c2"",""environment"":""f6319bd4-2e87-40d4-8547-4ce714038bc1"",""service"":""c236b8cb-3eff-45c5-aca0-23e73e33dc8d"",""deployment"":""69394420-c732-4ebe-a5fd-54c2d5628ea7"",""replica"":""7fc15fda-5103-4647-b7c4-6251ceb0ef53""}",2026-07-23T06:33:07.780572556Z
"2026-07-23T06:32:59.840Z [[33mwarn[39m] 📋 [LIFECYCLE:CACHE] No INSTAGRAM `Social` row for owner — add Instagram for this user in the web app {""service"":""mqtt-publisher-lite"",""deviceId"":""DEVICE-13"",""userId"":""6937af58f950f0f5356a1599""}",info,"{""level"":""info""}","{""project"":""90a47e04-a329-4122-9c82-2ee75a4562c2"",""environment"":""f6319bd4-2e87-40d4-8547-4ce714038bc1"",""service"":""c236b8cb-3eff-45c5-aca0-23e73e33dc8d"",""deployment"":""69394420-c732-4ebe-a5fd-54c2d5628ea7"",""replica"":""7fc15fda-5103-4647-b7c4-6251ceb0ef53""}",2026-07-23T06:33:07.780575646Z
"2026-07-23T06:32:59.841Z [[32minfo[39m] 📋 [LIFECYCLE:CACHE] Active device record written (Mongo → file + Redis IG key) {""service"":""mqtt-publisher-lite"",""deviceId"":""DEVICE-13"",""userId"":""6937af58f950f0f5356a1599"",""instagramFromSocial"":false}",info,"{""level"":""info""}","{""project"":""90a47e04-a329-4122-9c82-2ee75a4562c2"",""environment"":""f6319bd4-2e87-40d4-8547-4ce714038bc1"",""service"":""c236b8cb-3eff-45c5-aca0-23e73e33dc8d"",""deployment"":""69394420-c732-4ebe-a5fd-54c2d5628ea7"",""replica"":""7fc15fda-5103-4647-b7c4-6251ceb0ef53""}",2026-07-23T06:33:07.780578806Z
"2026-07-23T06:33:00.171Z [[32minfo[39m] [STIM] /active — cache valid within TTL, resuming ramp {""service"":""mqtt-publisher-lite"",""deviceId"":""DEVICE-13""}",info,"{""level"":""info""}","{""project"":""90a47e04-a329-4122-9c82-2ee75a4562c2"",""environment"":""f6319bd4-2e87-40d4-8547-4ce714038bc1"",""service"":""c236b8cb-3eff-45c5-aca0-23e73e33dc8d"",""deployment"":""69394420-c732-4ebe-a5fd-54c2d5628ea7"",""replica"":""7fc15fda-5103-4647-b7c4-6251ceb0ef53""}",2026-07-23T06:33:07.780582186Z
"2026-07-23T06:33:00.172Z [[32minfo[39m] 📋 [LIFECYCLE:REGISTER] Device registration complete {""service"":""mqtt-publisher-lite"",""deviceId"":""DEVICE-13""}",info,"{""level"":""info""}","{""project"":""90a47e04-a329-4122-9c82-2ee75a4562c2"",""environment"":""f6319bd4-2e87-40d4-8547-4ce714038bc1"",""service"":""c236b8cb-3eff-45c5-aca0-23e73e33dc8d"",""deployment"":""69394420-c732-4ebe-a5fd-54c2d5628ea7"",""replica"":""7fc15fda-5103-4647-b7c4-6251ceb0ef53""}",2026-07-23T06:33:07.781949626Z
"2026-07-23T06:33:00.279Z [[32minfo[39m] 📤 QoS 1 message sent {""service"":""mqtt-publisher-lite"",""messageId"":44756,""topic"":""proof.mqtt/DEVICE-13/instagram"",""qos"":1}",info,"{""level"":""info""}","{""project"":""90a47e04-a329-4122-9c82-2ee75a4562c2"",""environment"":""f6319bd4-2e87-40d4-8547-4ce714038bc1"",""service"":""c236b8cb-3eff-45c5-aca0-23e73e33dc8d"",""deployment"":""69394420-c732-4ebe-a5fd-54c2d5628ea7"",""replica"":""7fc15fda-5103-4647-b7c4-6251ceb0ef53""}",2026-07-23T06:33:07.781958676Z
"2026-07-23T06:33:00.279Z [[32minfo[39m] ⏱️ Tracking QoS 1 message (30s timeout) {""service"":""mqtt-publisher-lite"",""deviceId"":""DEVICE-13"",""messageId"":44756,""topic"":""proof.mqtt/DEVICE-13/instagram"",""pendingCount"":1}",info,"{""level"":""info""}","{""project"":""90a47e04-a329-4122-9c82-2ee75a4562c2"",""environment"":""f6319bd4-2e87-40d4-8547-4ce714038bc1"",""service"":""c236b8cb-3eff-45c5-aca0-23e73e33dc8d"",""deployment"":""69394420-c732-4ebe-a5fd-54c2d5628ea7"",""replica"":""7fc15fda-5103-4647-b7c4-6251ceb0ef53""}",2026-07-23T06:33:07.781966885Z
"2026-07-23T06:33:00.379Z [[32minfo[39m] 📤 QoS 1 message sent {""service"":""mqtt-publisher-lite"",""messageId"":44757,""topic"":""proof.mqtt/DEVICE-13/gmb"",""qos"":1}",info,"{""level"":""info""}","{""project"":""90a47e04-a329-4122-9c82-2ee75a4562c2"",""environment"":""f6319bd4-2e87-40d4-8547-4ce714038bc1"",""service"":""c236b8cb-3eff-45c5-aca0-23e73e33dc8d"",""deployment"":""69394420-c732-4ebe-a5fd-54c2d5628ea7"",""replica"":""7fc15fda-5103-4647-b7c4-6251ceb0ef53""}",2026-07-23T06:33:07.781971815Z
"2026-07-23T06:33:00.379Z [[32minfo[39m] ⏱️ Tracking QoS 1 message (30s timeout) {""service"":""mqtt-publisher-lite"",""deviceId"":""DEVICE-13"",""messageId"":44757,""topic"":""proof.mqtt/DEVICE-13/gmb"",""pendingCount"":2}",info,"{""level"":""info""}","{""project"":""90a47e04-a329-4122-9c82-2ee75a4562c2"",""environment"":""f6319bd4-2e87-40d4-8547-4ce714038bc1"",""service"":""c236b8cb-3eff-45c5-aca0-23e73e33dc8d"",""deployment"":""69394420-c732-4ebe-a5fd-54c2d5628ea7"",""replica"":""7fc15fda-5103-4647-b7c4-6251ceb0ef53""}",2026-07-23T06:33:07.781977915Z
"2026-07-23T06:33:00.427Z [[32minfo[39m] [USER_INTEGRATIONS] Cached {""service"":""mqtt-publisher-lite"",""userId"":""6937af58f950f0f5356a1599"",""hasInstagram"":false,""hasGmb"":false,""posPlatform"":null}",info,"{""level"":""info""}","{""project"":""90a47e04-a329-4122-9c82-2ee75a4562c2"",""environment"":""f6319bd4-2e87-40d4-8547-4ce714038bc1"",""service"":""c236b8cb-3eff-45c5-aca0-23e73e33dc8d"",""deployment"":""69394420-c732-4ebe-a5fd-54c2d5628ea7"",""replica"":""7fc15fda-5103-4647-b7c4-6251ceb0ef53""}",2026-07-23T06:33:07.781982315Z
"2026-07-23T06:33:00.511Z [[32minfo[39m] ✅ PUBACK received {""service"":""mqtt-publisher-lite"",""messageId"":44756}",info,"{""level"":""info""}","{""project"":""90a47e04-a329-4122-9c82-2ee75a4562c2"",""environment"":""f6319bd4-2e87-40d4-8547-4ce714038bc1"",""service"":""c236b8cb-3eff-45c5-aca0-23e73e33dc8d"",""deployment"":""69394420-c732-4ebe-a5fd-54c2d5628ea7"",""replica"":""7fc15fda-5103-4647-b7c4-6251ceb0ef53""}",2026-07-23T06:33:07.781986255Z
"2026-07-23T06:33:00.511Z [[32minfo[39m] ✅ QoS 1 PUBACK confirmed {""service"":""mqtt-publisher-lite"",""deviceId"":""DEVICE-13"",""messageId"":44756,""deliveryTime"":""232ms"",""pendingCount"":1}",info,"{""level"":""info""}","{""project"":""90a47e04-a329-4122-9c82-2ee75a4562c2"",""environment"":""f6319bd4-2e87-40d4-8547-4ce714038bc1"",""service"":""c236b8cb-3eff-45c5-aca0-23e73e33dc8d"",""deployment"":""69394420-c732-4ebe-a5fd-54c2d5628ea7"",""replica"":""7fc15fda-5103-4647-b7c4-6251ceb0ef53""}",2026-07-23T06:33:07.781989865Z
"2026-07-23T06:33:00.511Z [[34mdebug[39m] ✅ [LIFECYCLE:PUBACK_OK] Device confirmed message receipt {""service"":""mqtt-publisher-lite"",""deviceId"":""DEVICE-13""}",info,"{""level"":""info""}","{""project"":""90a47e04-a329-4122-9c82-2ee75a4562c2"",""environment"":""f6319bd4-2e87-40d4-8547-4ce714038bc1"",""service"":""c236b8cb-3eff-45c5-aca0-23e73e33dc8d"",""deployment"":""69394420-c732-4ebe-a5fd-54c2d5628ea7"",""replica"":""7fc15fda-5103-4647-b7c4-6251ceb0ef53""}",2026-07-23T06:33:07.781993215Z
"2026-07-23T06:33:00.511Z [[34mdebug[39m] Message published {""service"":""mqtt-publisher-lite"",""topic"":""proof.mqtt/DEVICE-13/instagram"",""qos"":1,""deliveryTime"":""232ms""}",info,"{""level"":""info""}","{""project"":""90a47e04-a329-4122-9c82-2ee75a4562c2"",""environment"":""f6319bd4-2e87-40d4-8547-4ce714038bc1"",""service"":""c236b8cb-3eff-45c5-aca0-23e73e33dc8d"",""deployment"":""69394420-c732-4ebe-a5fd-54c2d5628ea7"",""replica"":""7fc15fda-5103-4647-b7c4-6251ceb0ef53""}",2026-07-23T06:33:07.781999095Z
"2026-07-23T06:33:00.511Z [[34mdebug[39m] Message received {""service"":""mqtt-publisher-lite"",""topic"":""proof.mqtt/DEVICE-13/instagram"",""size"":228,""retain"":false}",info,"{""level"":""info""}","{""project"":""90a47e04-a329-4122-9c82-2ee75a4562c2"",""environment"":""f6319bd4-2e87-40d4-8547-4ce714038bc1"",""service"":""c236b8cb-3eff-45c5-aca0-23e73e33dc8d"",""deployment"":""69394420-c732-4ebe-a5fd-54c2d5628ea7"",""replica"":""7fc15fda-5103-4647-b7c4-6251ceb0ef53""}",2026-07-23T06:33:07.783420674Z
"2026-07-23T06:33:00.512Z [[34mdebug[39m] Skipping echo message {""service"":""mqtt-publisher-lite"",""topic"":""proof.mqtt/DEVICE-13/instagram"",""age"":""0ms""}",info,"{""level"":""info""}","{""project"":""90a47e04-a329-4122-9c82-2ee75a4562c2"",""environment"":""f6319bd4-2e87-40d4-8547-4ce714038bc1"",""service"":""c236b8cb-3eff-45c5-aca0-23e73e33dc8d"",""deployment"":""69394420-c732-4ebe-a5fd-54c2d5628ea7"",""replica"":""7fc15fda-5103-4647-b7c4-6251ceb0ef53""}",2026-07-23T06:33:07.783424914Z
"2026-07-23T06:33:00.512Z [[34mdebug[39m] Screen message received {""service"":""mqtt-publisher-lite"",""topic"":""proof.mqtt/DEVICE-13/instagram"",""screen"":""instagram""}",info,"{""level"":""info""}","{""project"":""90a47e04-a329-4122-9c82-2ee75a4562c2"",""environment"":""f6319bd4-2e87-40d4-8547-4ce714038bc1"",""service"":""c236b8cb-3eff-45c5-aca0-23e73e33dc8d"",""deployment"":""69394420-c732-4ebe-a5fd-54c2d5628ea7"",""replica"":""7fc15fda-5103-4647-b7c4-6251ceb0ef53""}",2026-07-23T06:33:07.783428344Z
"2026-07-23T06:33:00.615Z [[32minfo[39m] ✅ PUBACK received {""service"":""mqtt-publisher-lite"",""messageId"":44757}",info,"{""level"":""info""}","{""project"":""90a47e04-a329-4122-9c82-2ee75a4562c2"",""environment"":""f6319bd4-2e87-40d4-8547-4ce714038bc1"",""service"":""c236b8cb-3eff-45c5-aca0-23e73e33dc8d"",""deployment"":""69394420-c732-4ebe-a5fd-54c2d5628ea7"",""replica"":""7fc15fda-5103-4647-b7c4-6251ceb0ef53""}",2026-07-23T06:33:07.783432244Z
"2026-07-23T06:33:00.615Z [[32minfo[39m] ✅ QoS 1 PUBACK confirmed {""service"":""mqtt-publisher-lite"",""deviceId"":""DEVICE-13"",""messageId"":44757,""deliveryTime"":""236ms"",""pendingCount"":0}",info,"{""level"":""info""}","{""project"":""90a47e04-a329-4122-9c82-2ee75a4562c2"",""environment"":""f6319bd4-2e87-40d4-8547-4ce714038bc1"",""service"":""c236b8cb-3eff-45c5-aca0-23e73e33dc8d"",""deployment"":""69394420-c732-4ebe-a5fd-54c2d5628ea7"",""replica"":""7fc15fda-5103-4647-b7c4-6251ceb0ef53""}",2026-07-23T06:33:07.783436054Z
"2026-07-23T06:33:00.615Z [[34mdebug[39m] ✅ [LIFECYCLE:PUBACK_OK] Device confirmed message receipt {""service"":""mqtt-publisher-lite"",""deviceId"":""DEVICE-13""}",info,"{""level"":""info""}","{""project"":""90a47e04-a329-4122-9c82-2ee75a4562c2"",""environment"":""f6319bd4-2e87-40d4-8547-4ce714038bc1"",""service"":""c236b8cb-3eff-45c5-aca0-23e73e33dc8d"",""deployment"":""69394420-c732-4ebe-a5fd-54c2d5628ea7"",""replica"":""7fc15fda-5103-4647-b7c4-6251ceb0ef53""}",2026-07-23T06:33:07.783439524Z
"2026-07-23T06:33:00.615Z [[34mdebug[39m] Message published {""service"":""mqtt-publisher-lite"",""topic"":""proof.mqtt/DEVICE-13/gmb"",""qos"":1,""deliveryTime"":""236ms""}",info,"{""level"":""info""}","{""project"":""90a47e04-a329-4122-9c82-2ee75a4562c2"",""environment"":""f6319bd4-2e87-40d4-8547-4ce714038bc1"",""service"":""c236b8cb-3eff-45c5-aca0-23e73e33dc8d"",""deployment"":""69394420-c732-4ebe-a5fd-54c2d5628ea7"",""replica"":""7fc15fda-5103-4647-b7c4-6251ceb0ef53""}",2026-07-23T06:33:07.783443134Z
"2026-07-23T06:33:00.616Z [[34mdebug[39m] Message received {""service"":""mqtt-publisher-lite"",""topic"":""proof.mqtt/DEVICE-13/gmb"",""size"":246,""retain"":false}",info,"{""level"":""info""}","{""project"":""90a47e04-a329-4122-9c82-2ee75a4562c2"",""environment"":""f6319bd4-2e87-40d4-8547-4ce714038bc1"",""service"":""c236b8cb-3eff-45c5-aca0-23e73e33dc8d"",""deployment"":""69394420-c732-4ebe-a5fd-54c2d5628ea7"",""replica"":""7fc15fda-5103-4647-b7c4-6251ceb0ef53""}",2026-07-23T06:33:07.783446584Z
"2026-07-23T06:33:00.616Z [[34mdebug[39m] Skipping echo message {""service"":""mqtt-publisher-lite"",""topic"":""proof.mqtt/DEVICE-13/gmb"",""age"":""1ms""}",info,"{""level"":""info""}","{""project"":""90a47e04-a329-4122-9c82-2ee75a4562c2"",""environment"":""f6319bd4-2e87-40d4-8547-4ce714038bc1"",""service"":""c236b8cb-3eff-45c5-aca0-23e73e33dc8d"",""deployment"":""69394420-c732-4ebe-a5fd-54c2d5628ea7"",""replica"":""7fc15fda-5103-4647-b7c4-6251ceb0ef53""}",2026-07-23T06:33:07.783450274Z
"2026-07-23T06:33:00.616Z [[34mdebug[39m] Screen message received {""service"":""mqtt-publisher-lite"",""topic"":""proof.mqtt/DEVICE-13/gmb"",""screen"":""gmb""}",info,"{""level"":""info""}","{""project"":""90a47e04-a329-4122-9c82-2ee75a4562c2"",""environment"":""f6319bd4-2e87-40d4-8547-4ce714038bc1"",""service"":""c236b8cb-3eff-45c5-aca0-23e73e33dc8d"",""deployment"":""69394420-c732-4ebe-a5fd-54c2d5628ea7"",""replica"":""7fc15fda-5103-4647-b7c4-6251ceb0ef53""}",2026-07-23T06:33:07.783454494Z
"2026-07-23T06:33:00.617Z [[32minfo[39m] [STIM_IG] Published {""service"":""mqtt-publisher-lite"",""deviceId"":""DEVICE-13"",""followers"":31,""target"":500,""mode"":""synthetic"",""achievement"":35,""celebration"":""false"",""done"":false}",info,"{""level"":""info""}","{""project"":""90a47e04-a329-4122-9c82-2ee75a4562c2"",""environment"":""f6319bd4-2e87-40d4-8547-4ce714038bc1"",""service"":""c236b8cb-3eff-45c5-aca0-23e73e33dc8d"",""deployment"":""69394420-c732-4ebe-a5fd-54c2d5628ea7"",""replica"":""7fc15fda-5103-4647-b7c4-6251ceb0ef53""}",2026-07-23T06:33:07.783457814Z
"2026-07-23T06:33:00.702Z [[32minfo[39m] [PROMOTION] No running brand canvas — default canvas {""service"":""mqtt-publisher-lite"",""deviceId"":""DEVICE-13"",""userId"":""6937af58f950f0f5356a1599""}",info,"{""level"":""info""}","{""project"":""90a47e04-a329-4122-9c82-2ee75a4562c2"",""environment"":""f6319bd4-2e87-40d4-8547-4ce714038bc1"",""service"":""c236b8cb-3eff-45c5-aca0-23e73e33dc8d"",""deployment"":""69394420-c732-4ebe-a5fd-54c2d5628ea7"",""replica"":""7fc15fda-5103-4647-b7c4-6251ceb0ef53""}",2026-07-23T06:33:07.784936602Z
"2026-07-23T06:33:00.703Z [[32minfo[39m] 📤 QoS 1 message sent {""service"":""mqtt-publisher-lite"",""messageId"":44758,""topic"":""proof.mqtt/DEVICE-13/promotion"",""qos"":1}",info,"{""level"":""info""}","{""project"":""90a47e04-a329-4122-9c82-2ee75a4562c2"",""environment"":""f6319bd4-2e87-40d4-8547-4ce714038bc1"",""service"":""c236b8cb-3eff-45c5-aca0-23e73e33dc8d"",""deployment"":""69394420-c732-4ebe-a5fd-54c2d5628ea7"",""replica"":""7fc15fda-5103-4647-b7c4-6251ceb0ef53""}",2026-07-23T06:33:07.784949892Z
"2026-07-23T06:33:00.703Z [[32minfo[39m] ⏱️ Tracking QoS 1 message (30s timeout) {""service"":""mqtt-publisher-lite"",""deviceId"":""DEVICE-13"",""messageId"":44758,""topic"":""proof.mqtt/DEVICE-13/promotion"",""pendingCount"":1}",info,"{""level"":""info""}","{""project"":""90a47e04-a329-4122-9c82-2ee75a4562c2"",""environment"":""f6319bd4-2e87-40d4-8547-4ce714038bc1"",""service"":""c236b8cb-3eff-45c5-aca0-23e73e33dc8d"",""deployment"":""69394420-c732-4ebe-a5fd-54c2d5628ea7"",""replica"":""7fc15fda-5103-4647-b7c4-6251ceb0ef53""}",2026-07-23T06:33:07.784956092Z
"2026-07-23T06:33:00.715Z [[32minfo[39m] [STIM_GMB] Published {""service"":""mqtt-publisher-lite"",""deviceId"":""DEVICE-13"",""reviews"":29,""target"":100,""mode"":""synthetic"",""celebration"":""false"",""done"":false}",info,"{""level"":""info""}","{""project"":""90a47e04-a329-4122-9c82-2ee75a4562c2"",""environment"":""f6319bd4-2e87-40d4-8547-4ce714038bc1"",""service"":""c236b8cb-3eff-45c5-aca0-23e73e33dc8d"",""deployment"":""69394420-c732-4ebe-a5fd-54c2d5628ea7"",""replica"":""7fc15fda-5103-4647-b7c4-6251ceb0ef53""}",2026-07-23T06:33:07.784961932Z
"2026-07-23T06:33:00.986Z [[32minfo[39m] ✅ PUBACK received {""service"":""mqtt-publisher-lite"",""messageId"":44758}",info,"{""level"":""info""}","{""project"":""90a47e04-a329-4122-9c82-2ee75a4562c2"",""environment"":""f6319bd4-2e87-40d4-8547-4ce714038bc1"",""service"":""c236b8cb-3eff-45c5-aca0-23e73e33dc8d"",""deployment"":""69394420-c732-4ebe-a5fd-54c2d5628ea7"",""replica"":""7fc15fda-5103-4647-b7c4-6251ceb0ef53""}",2026-07-23T06:33:07.784967812Z
"2026-07-23T06:33:00.986Z [[32minfo[39m] ✅ QoS 1 PUBACK confirmed {""service"":""mqtt-publisher-lite"",""deviceId"":""DEVICE-13"",""messageId"":44758,""deliveryTime"":""283ms"",""pendingCount"":0}",info,"{""level"":""info""}","{""project"":""90a47e04-a329-4122-9c82-2ee75a4562c2"",""environment"":""f6319bd4-2e87-40d4-8547-4ce714038bc1"",""service"":""c236b8cb-3eff-45c5-aca0-23e73e33dc8d"",""deployment"":""69394420-c732-4ebe-a5fd-54c2d5628ea7"",""replica"":""7fc15fda-5103-4647-b7c4-6251ceb0ef53""}",2026-07-23T06:33:07.784974002Z
"2026-07-23T06:33:00.986Z [[34mdebug[39m] ✅ [LIFECYCLE:PUBACK_OK] Device confirmed message receipt {""service"":""mqtt-publisher-lite"",""deviceId"":""DEVICE-13""}",info,"{""level"":""info""}","{""project"":""90a47e04-a329-4122-9c82-2ee75a4562c2"",""environment"":""f6319bd4-2e87-40d4-8547-4ce714038bc1"",""service"":""c236b8cb-3eff-45c5-aca0-23e73e33dc8d"",""deployment"":""69394420-c732-4ebe-a5fd-54c2d5628ea7"",""replica"":""7fc15fda-5103-4647-b7c4-6251ceb0ef53""}",2026-07-23T06:33:07.784978882Z
"2026-07-23T06:33:00.986Z [[34mdebug[39m] Message published {""service"":""mqtt-publisher-lite"",""topic"":""proof.mqtt/DEVICE-13/promotion"",""qos"":1,""deliveryTime"":""283ms""}",info,"{""level"":""info""}","{""project"":""90a47e04-a329-4122-9c82-2ee75a4562c2"",""environment"":""f6319bd4-2e87-40d4-8547-4ce714038bc1"",""service"":""c236b8cb-3eff-45c5-aca0-23e73e33dc8d"",""deployment"":""69394420-c732-4ebe-a5fd-54c2d5628ea7"",""replica"":""7fc15fda-5103-4647-b7c4-6251ceb0ef53""}",2026-07-23T06:33:07.784985212Z
"2026-07-23T06:33:00.987Z [[34mdebug[39m] Message received {""service"":""mqtt-publisher-lite"",""topic"":""proof.mqtt/DEVICE-13/promotion"",""size"":227,""retain"":false}",info,"{""level"":""info""}","{""project"":""90a47e04-a329-4122-9c82-2ee75a4562c2"",""environment"":""f6319bd4-2e87-40d4-8547-4ce714038bc1"",""service"":""c236b8cb-3eff-45c5-aca0-23e73e33dc8d"",""deployment"":""69394420-c732-4ebe-a5fd-54c2d5628ea7"",""replica"":""7fc15fda-5103-4647-b7c4-6251ceb0ef53""}",2026-07-23T06:33:07.784990362Z
"2026-07-23T06:33:00.987Z [[34mdebug[39m] Skipping echo message {""service"":""mqtt-publisher-lite"",""topic"":""proof.mqtt/DEVICE-13/promotion"",""age"":""1ms""}",info,"{""level"":""info""}","{""project"":""90a47e04-a329-4122-9c82-2ee75a4562c2"",""environment"":""f6319bd4-2e87-40d4-8547-4ce714038bc1"",""service"":""c236b8cb-3eff-45c5-aca0-23e73e33dc8d"",""deployment"":""69394420-c732-4ebe-a5fd-54c2d5628ea7"",""replica"":""7fc15fda-5103-4647-b7c4-6251ceb0ef53""}",2026-07-23T06:33:07.784995042Z
"2026-07-23T06:33:00.987Z [[34mdebug[39m] Screen message received {""service"":""mqtt-publisher-lite"",""topic"":""proof.mqtt/DEVICE-13/promotion"",""screen"":""promotion""}",info,"{""level"":""info""}","{""project"":""90a47e04-a329-4122-9c82-2ee75a4562c2"",""environment"":""f6319bd4-2e87-40d4-8547-4ce714038bc1"",""service"":""c236b8cb-3eff-45c5-aca0-23e73e33dc8d"",""deployment"":""69394420-c732-4ebe-a5fd-54c2d5628ea7"",""replica"":""7fc15fda-5103-4647-b7c4-6251ceb0ef53""}",2026-07-23T06:33:07.786580629Z
"2026-07-23T06:33:01.086Z [[32minfo[39m] 🎨 [DEFAULT:PUBLISHED] Empty default canvas sent {""service"":""mqtt-publisher-lite"",""deviceId"":""DEVICE-13"",""topic"":""proof.mqtt/DEVICE-13/promotion""}",info,"{""level"":""info""}","{""project"":""90a47e04-a329-4122-9c82-2ee75a4562c2"",""environment"":""f6319bd4-2e87-40d4-8547-4ce714038bc1"",""service"":""c236b8cb-3eff-45c5-aca0-23e73e33dc8d"",""deployment"":""69394420-c732-4ebe-a5fd-54c2d5628ea7"",""replica"":""7fc15fda-5103-4647-b7c4-6251ceb0ef53""}",2026-07-23T06:33:07.786586369Z
"2026-07-23T06:33:01.086Z [[32minfo[39m] [CONNECT_REFRESH] Promotion published (connect force) {""service"":""mqtt-publisher-lite"",""deviceId"":""DEVICE-13"",""clearedHashes"":0}",info,"{""level"":""info""}","{""project"":""90a47e04-a329-4122-9c82-2ee75a4562c2"",""environment"":""f6319bd4-2e87-40d4-8547-4ce714038bc1"",""service"":""c236b8cb-3eff-45c5-aca0-23e73e33dc8d"",""deployment"":""69394420-c732-4ebe-a5fd-54c2d5628ea7"",""replica"":""7fc15fda-5103-4647-b7c4-6251ceb0ef53""}",2026-07-23T06:33:07.786589939Z
"2026-07-23T06:33:01.086Z [[32minfo[39m] [DEFERRED_WORK] Drain complete {""service"":""mqtt-publisher-lite"",""processed"":1,""skippedStale"":0,""failed"":0}",info,"{""level"":""info""}","{""project"":""90a47e04-a329-4122-9c82-2ee75a4562c2"",""environment"":""f6319bd4-2e87-40d4-8547-4ce714038bc1"",""service"":""c236b8cb-3eff-45c5-aca0-23e73e33dc8d"",""deployment"":""69394420-c732-4ebe-a5fd-54c2d5628ea7"",""replica"":""7fc15fda-5103-4647-b7c4-6251ceb0ef53""}",2026-07-23T06:33:07.786593139Z
"2026-07-23T06:33:03.809Z [[32minfo[39m] InfluxDB batch flush {""service"":""mqtt-publisher-lite"",""source"":""metrics_disk_queue_worker"",""count"":1,""lines"":[""device_ota_events,device_id=DEVICE-13,event=boot,source=mqtt-publisher-lite,source_topic=active ip_address=\""127.0.0.1\"" 1784788379589000000""]}",info,"{""level"":""info""}","{""project"":""90a47e04-a329-4122-9c82-2ee75a4562c2"",""environment"":""f6319bd4-2e87-40d4-8547-4ce714038bc1"",""service"":""c236b8cb-3eff-45c5-aca0-23e73e33dc8d"",""deployment"":""69394420-c732-4ebe-a5fd-54c2d5628ea7"",""replica"":""7fc15fda-5103-4647-b7c4-6251ceb0ef53""}",2026-07-23T06:33:07.786596329Z
"2026-07-23T06:33:29.108Z [[32minfo[39m] 📤 [PUBLISH_CYCLE] Starting publish cycle {""service"":""mqtt-publisher-lite"",""deviceCount"":4,""source"":""redis"",""devices"":[{""id"":""DEVICE-17"",""userId"":""(none)"",""lastSeen"":""2026-07-23T06:32:29.427Z""},{""id"":""DEVICE-15"",""userId"":""68d3753f9f99d6b73ae2d991"",""lastSeen"":""2026-07-23T06:32:59.520Z""},{""id"":""DEVICE-19"",""userId"":""68d3753f9f99d6b73ae2d991"",""lastSeen"":""2026-07-23T06:27:34.170Z""},{""id"":""DEVICE-13"",""userId"":""6937af58f950f0f5356a1599"",""lastSeen"":""2026-07-23T06:33:00.986Z""}]}",info,"{""level"":""info""}","{""project"":""90a47e04-a329-4122-9c82-2ee75a4562c2"",""environment"":""f6319bd4-2e87-40d4-8547-4ce714038bc1"",""service"":""c236b8cb-3eff-45c5-aca0-23e73e33dc8d"",""deployment"":""69394420-c732-4ebe-a5fd-54c2d5628ea7"",""replica"":""7fc15fda-5103-4647-b7c4-6251ceb0ef53""}",2026-07-23T06:33:37.800350141Z
"2026-07-23T06:33:29.200Z [[32minfo[39m] 📤 QoS 1 message sent {""service"":""mqtt-publisher-lite"",""messageId"":44759,""topic"":""proof.mqtt/DEVICE-15/instagram"",""qos"":1}",info,"{""level"":""info""}","{""project"":""90a47e04-a329-4122-9c82-2ee75a4562c2"",""environment"":""f6319bd4-2e87-40d4-8547-4ce714038bc1"",""service"":""c236b8cb-3eff-45c5-aca0-23e73e33dc8d"",""deployment"":""69394420-c732-4ebe-a5fd-54c2d5628ea7"",""replica"":""7fc15fda-5103-4647-b7c4-6251ceb0ef53""}",2026-07-23T06:33:37.800355151Z
"2026-07-23T06:33:29.200Z [[32minfo[39m] ⏱️ Tracking QoS 1 message (30s timeout) {""service"":""mqtt-publisher-lite"",""deviceId"":""DEVICE-15"",""messageId"":44759,""topic"":""proof.mqtt/DEVICE-15/instagram"",""pendingCount"":1}",info,"{""level"":""info""}","{""project"":""90a47e04-a329-4122-9c82-2ee75a4562c2"",""environment"":""f6319bd4-2e87-40d4-8547-4ce714038bc1"",""service"":""c236b8cb-3eff-45c5-aca0-23e73e33dc8d"",""deployment"":""69394420-c732-4ebe-a5fd-54c2d5628ea7"",""replica"":""7fc15fda-5103-4647-b7c4-6251ceb0ef53""}",2026-07-23T06:33:37.800358151Z
"2026-07-23T06:33:29.207Z [[32minfo[39m] 📤 QoS 1 message sent {""service"":""mqtt-publisher-lite"",""messageId"":44760,""topic"":""proof.mqtt/DEVICE-17/test-gmb"",""qos"":1}",info,"{""level"":""info""}","{""project"":""90a47e04-a329-4122-9c82-2ee75a4562c2"",""environment"":""f6319bd4-2e87-40d4-8547-4ce714038bc1"",""service"":""c236b8cb-3eff-45c5-aca0-23e73e33dc8d"",""deployment"":""69394420-c732-4ebe-a5fd-54c2d5628ea7"",""replica"":""7fc15fda-5103-4647-b7c4-6251ceb0ef53""}",2026-07-23T06:33:37.800361701Z
"2026-07-23T06:33:29.207Z [[32minfo[39m] ⏱️ Tracking QoS 1 message (30s timeout) {""service"":""mqtt-publisher-lite"",""deviceId"":""DEVICE-17"",""messageId"":44760,""topic"":""proof.mqtt/DEVICE-17/test-gmb"",""pendingCount"":2}",info,"{""level"":""info""}","{""project"":""90a47e04-a329-4122-9c82-2ee75a4562c2"",""environment"":""f6319bd4-2e87-40d4-8547-4ce714038bc1"",""service"":""c236b8cb-3eff-45c5-aca0-23e73e33dc8d"",""deployment"":""69394420-c732-4ebe-a5fd-54c2d5628ea7"",""replica"":""7fc15fda-5103-4647-b7c4-6251ceb0ef53""}",2026-07-23T06:33:37.800365151Z
"2026-07-23T06:33:29.301Z [[32minfo[39m] 📤 QoS 1 message sent {""service"":""mqtt-publisher-lite"",""messageId"":44761,""topic"":""proof.mqtt/DEVICE-15/gmb"",""qos"":1}",info,"{""level"":""info""}","{""project"":""90a47e04-a329-4122-9c82-2ee75a4562c2"",""environment"":""f6319bd4-2e87-40d4-8547-4ce714038bc1"",""service"":""c236b8cb-3eff-45c5-aca0-23e73e33dc8d"",""deployment"":""69394420-c732-4ebe-a5fd-54c2d5628ea7"",""replica"":""7fc15fda-5103-4647-b7c4-6251ceb0ef53""}",2026-07-23T06:33:37.800368481Z
"2026-07-23T06:33:29.301Z [[32minfo[39m] ⏱️ Tracking QoS 1 message (30s timeout) {""service"":""mqtt-publisher-lite"",""deviceId"":""DEVICE-15"",""messageId"":44761,""topic"":""proof.mqtt/DEVICE-15/gmb"",""pendingCount"":3}",info,"{""level"":""info""}","{""project"":""90a47e04-a329-4122-9c82-2ee75a4562c2"",""environment"":""f6319bd4-2e87-40d4-8547-4ce714038bc1"",""service"":""c236b8cb-3eff-45c5-aca0-23e73e33dc8d"",""deployment"":""69394420-c732-4ebe-a5fd-54c2d5628ea7"",""replica"":""7fc15fda-5103-4647-b7c4-6251ceb0ef53""}",2026-07-23T06:33:37.800371321Z
"2026-07-23T06:33:29.419Z [[32minfo[39m] ✅ PUBACK received {""service"":""mqtt-publisher-lite"",""messageId"":44759}",info,"{""level"":""info""}","{""project"":""90a47e04-a329-4122-9c82-2ee75a4562c2"",""environment"":""f6319bd4-2e87-40d4-8547-4ce714038bc1"",""service"":""c236b8cb-3eff-45c5-aca0-23e73e33dc8d"",""deployment"":""69394420-c732-4ebe-a5fd-54c2d5628ea7"",""replica"":""7fc15fda-5103-4647-b7c4-6251ceb0ef53""}",2026-07-23T06:33:37.800374561Z
"2026-07-23T06:33:29.419Z [[32minfo[39m] ✅ QoS 1 PUBACK confirmed {""service"":""mqtt-publisher-lite"",""deviceId"":""DEVICE-15"",""messageId"":44759,""deliveryTime"":""219ms"",""pendingCount"":2}",info,"{""level"":""info""}","{""project"":""90a47e04-a329-4122-9c82-2ee75a4562c2"",""environment"":""f6319bd4-2e87-40d4-8547-4ce714038bc1"",""service"":""c236b8cb-3eff-45c5-aca0-23e73e33dc8d"",""deployment"":""69394420-c732-4ebe-a5fd-54c2d5628ea7"",""replica"":""7fc15fda-5103-4647-b7c4-6251ceb0ef53""}",2026-07-23T06:33:37.802514534Z
"2026-07-23T06:33:29.419Z [[34mdebug[39m] ✅ [LIFECYCLE:PUBACK_OK] Device confirmed message receipt {""service"":""mqtt-publisher-lite"",""deviceId"":""DEVICE-15""}",info,"{""level"":""info""}","{""project"":""90a47e04-a329-4122-9c82-2ee75a4562c2"",""environment"":""f6319bd4-2e87-40d4-8547-4ce714038bc1"",""service"":""c236b8cb-3eff-45c5-aca0-23e73e33dc8d"",""deployment"":""69394420-c732-4ebe-a5fd-54c2d5628ea7"",""replica"":""7fc15fda-5103-4647-b7c4-6251ceb0ef53""}",2026-07-23T06:33:37.802519424Z
"2026-07-23T06:33:29.419Z [[34mdebug[39m] Message published {""service"":""mqtt-publisher-lite"",""topic"":""proof.mqtt/DEVICE-15/instagram"",""qos"":1,""deliveryTime"":""220ms""}",info,"{""level"":""info""}","{""project"":""90a47e04-a329-4122-9c82-2ee75a4562c2"",""environment"":""f6319bd4-2e87-40d4-8547-4ce714038bc1"",""service"":""c236b8cb-3eff-45c5-aca0-23e73e33dc8d"",""deployment"":""69394420-c732-4ebe-a5fd-54c2d5628ea7"",""replica"":""7fc15fda-5103-4647-b7c4-6251ceb0ef53""}",2026-07-23T06:33:37.802523034Z
"2026-07-23T06:33:29.420Z [[34mdebug[39m] Message received {""service"":""mqtt-publisher-lite"",""topic"":""proof.mqtt/DEVICE-15/instagram"",""size"":228,""retain"":false}",info,"{""level"":""info""}","{""project"":""90a47e04-a329-4122-9c82-2ee75a4562c2"",""environment"":""f6319bd4-2e87-40d4-8547-4ce714038bc1"",""service"":""c236b8cb-3eff-45c5-aca0-23e73e33dc8d"",""deployment"":""69394420-c732-4ebe-a5fd-54c2d5628ea7"",""replica"":""7fc15fda-5103-4647-b7c4-6251ceb0ef53""}",2026-07-23T06:33:37.802526204Z
"2026-07-23T06:33:29.420Z [[34mdebug[39m] Skipping echo message {""service"":""mqtt-publisher-lite"",""topic"":""proof.mqtt/DEVICE-15/instagram"",""age"":""1ms""}",info,"{""level"":""info""}","{""project"":""90a47e04-a329-4122-9c82-2ee75a4562c2"",""environment"":""f6319bd4-2e87-40d4-8547-4ce714038bc1"",""service"":""c236b8cb-3eff-45c5-aca0-23e73e33dc8d"",""deployment"":""69394420-c732-4ebe-a5fd-54c2d5628ea7"",""replica"":""7fc15fda-5103-4647-b7c4-6251ceb0ef53""}",2026-07-23T06:33:37.802529314Z
"2026-07-23T06:33:29.420Z [[34mdebug[39m] Screen message received {""service"":""mqtt-publisher-lite"",""topic"":""proof.mqtt/DEVICE-15/instagram"",""screen"":""instagram""}",info,"{""level"":""info""}","{""project"":""90a47e04-a329-4122-9c82-2ee75a4562c2"",""environment"":""f6319bd4-2e87-40d4-8547-4ce714038bc1"",""service"":""c236b8cb-3eff-45c5-aca0-23e73e33dc8d"",""deployment"":""69394420-c732-4ebe-a5fd-54c2d5628ea7"",""replica"":""7fc15fda-5103-4647-b7c4-6251ceb0ef53""}",2026-07-23T06:33:37.802533304Z
"2026-07-23T06:33:29.426Z [[32minfo[39m] ✅ PUBACK received {""service"":""mqtt-publisher-lite"",""messageId"":44760}",info,"{""level"":""info""}","{""project"":""90a47e04-a329-4122-9c82-2ee75a4562c2"",""environment"":""f6319bd4-2e87-40d4-8547-4ce714038bc1"",""service"":""c236b8cb-3eff-45c5-aca0-23e73e33dc8d"",""deployment"":""69394420-c732-4ebe-a5fd-54c2d5628ea7"",""replica"":""7fc15fda-5103-4647-b7c4-6251ceb0ef53""}",2026-07-23T06:33:37.802536914Z
"2026-07-23T06:33:29.426Z [[32minfo[39m] ✅ QoS 1 PUBACK confirmed {""service"":""mqtt-publisher-lite"",""deviceId"":""DEVICE-17"",""messageId"":44760,""deliveryTime"":""219ms"",""pendingCount"":1}",info,"{""level"":""info""}","{""project"":""90a47e04-a329-4122-9c82-2ee75a4562c2"",""environment"":""f6319bd4-2e87-40d4-8547-4ce714038bc1"",""service"":""c236b8cb-3eff-45c5-aca0-23e73e33dc8d"",""deployment"":""69394420-c732-4ebe-a5fd-54c2d5628ea7"",""replica"":""7fc15fda-5103-4647-b7c4-6251ceb0ef53""}",2026-07-23T06:33:37.802540144Z
"2026-07-23T06:33:29.426Z [[34mdebug[39m] ✅ [LIFECYCLE:PUBACK_OK] Device confirmed message receipt {""service"":""mqtt-publisher-lite"",""deviceId"":""DEVICE-17""}",info,"{""level"":""info""}","{""project"":""90a47e04-a329-4122-9c82-2ee75a4562c2"",""environment"":""f6319bd4-2e87-40d4-8547-4ce714038bc1"",""service"":""c236b8cb-3eff-45c5-aca0-23e73e33dc8d"",""deployment"":""69394420-c732-4ebe-a5fd-54c2d5628ea7"",""replica"":""7fc15fda-5103-4647-b7c4-6251ceb0ef53""}",2026-07-23T06:33:37.802545574Z
"2026-07-23T06:33:29.426Z [[34mdebug[39m] Message published {""service"":""mqtt-publisher-lite"",""topic"":""proof.mqtt/DEVICE-17/test-gmb"",""qos"":1,""deliveryTime"":""219ms""}",info,"{""level"":""info""}","{""project"":""90a47e04-a329-4122-9c82-2ee75a4562c2"",""environment"":""f6319bd4-2e87-40d4-8547-4ce714038bc1"",""service"":""c236b8cb-3eff-45c5-aca0-23e73e33dc8d"",""deployment"":""69394420-c732-4ebe-a5fd-54c2d5628ea7"",""replica"":""7fc15fda-5103-4647-b7c4-6251ceb0ef53""}",2026-07-23T06:33:37.802548454Z
"2026-07-23T06:33:29.633Z [[32minfo[39m] [STIM_GMB] Published {""service"":""mqtt-publisher-lite"",""deviceId"":""DEVICE-15"",""reviews"":35,""target"":100,""mode"":""synthetic"",""celebration"":""true"",""done"":false}",info,"{""level"":""info""}","{""project"":""90a47e04-a329-4122-9c82-2ee75a4562c2"",""environment"":""f6319bd4-2e87-40d4-8547-4ce714038bc1"",""service"":""c236b8cb-3eff-45c5-aca0-23e73e33dc8d"",""deployment"":""69394420-c732-4ebe-a5fd-54c2d5628ea7"",""replica"":""7fc15fda-5103-4647-b7c4-6251ceb0ef53""}",2026-07-23T06:33:37.804779017Z
"2026-07-23T06:33:29.426Z [[34mdebug[39m] Published test-gmb screen {""service"":""mqtt-publisher-lite"",""deviceId"":""DEVICE-17"",""reviews"":599,""milestone"":600}",info,"{""level"":""info""}","{""project"":""90a47e04-a329-4122-9c82-2ee75a4562c2"",""environment"":""f6319bd4-2e87-40d4-8547-4ce714038bc1"",""service"":""c236b8cb-3eff-45c5-aca0-23e73e33dc8d"",""deployment"":""69394420-c732-4ebe-a5fd-54c2d5628ea7"",""replica"":""7fc15fda-5103-4647-b7c4-6251ceb0ef53""}",2026-07-23T06:33:37.804793977Z
"2026-07-23T06:33:29.519Z [[32minfo[39m] [STIM_IG] Published {""service"":""mqtt-publisher-lite"",""deviceId"":""DEVICE-15"",""followers"":37,""target"":500,""mode"":""synthetic"",""achievement"":40,""celebration"":""false"",""done"":false}",info,"{""level"":""info""}","{""project"":""90a47e04-a329-4122-9c82-2ee75a4562c2"",""environment"":""f6319bd4-2e87-40d4-8547-4ce714038bc1"",""service"":""c236b8cb-3eff-45c5-aca0-23e73e33dc8d"",""deployment"":""69394420-c732-4ebe-a5fd-54c2d5628ea7"",""replica"":""7fc15fda-5103-4647-b7c4-6251ceb0ef53""}",2026-07-23T06:33:37.804798857Z
"2026-07-23T06:33:29.520Z [[32minfo[39m] ✅ PUBACK received {""service"":""mqtt-publisher-lite"",""messageId"":44761}",info,"{""level"":""info""}","{""project"":""90a47e04-a329-4122-9c82-2ee75a4562c2"",""environment"":""f6319bd4-2e87-40d4-8547-4ce714038bc1"",""service"":""c236b8cb-3eff-45c5-aca0-23e73e33dc8d"",""deployment"":""69394420-c732-4ebe-a5fd-54c2d5628ea7"",""replica"":""7fc15fda-5103-4647-b7c4-6251ceb0ef53""}",2026-07-23T06:33:37.804804587Z
"2026-07-23T06:33:29.520Z [[32minfo[39m] ✅ QoS 1 PUBACK confirmed {""service"":""mqtt-publisher-lite"",""deviceId"":""DEVICE-15"",""messageId"":44761,""deliveryTime"":""219ms"",""pendingCount"":0}",info,"{""level"":""info""}","{""project"":""90a47e04-a329-4122-9c82-2ee75a4562c2"",""environment"":""f6319bd4-2e87-40d4-8547-4ce714038bc1"",""service"":""c236b8cb-3eff-45c5-aca0-23e73e33dc8d"",""deployment"":""69394420-c732-4ebe-a5fd-54c2d5628ea7"",""replica"":""7fc15fda-5103-4647-b7c4-6251ceb0ef53""}",2026-07-23T06:33:37.804808897Z
"2026-07-23T06:33:29.520Z [[34mdebug[39m] ✅ [LIFECYCLE:PUBACK_OK] Device confirmed message receipt {""service"":""mqtt-publisher-lite"",""deviceId"":""DEVICE-15""}",info,"{""level"":""info""}","{""project"":""90a47e04-a329-4122-9c82-2ee75a4562c2"",""environment"":""f6319bd4-2e87-40d4-8547-4ce714038bc1"",""service"":""c236b8cb-3eff-45c5-aca0-23e73e33dc8d"",""deployment"":""69394420-c732-4ebe-a5fd-54c2d5628ea7"",""replica"":""7fc15fda-5103-4647-b7c4-6251ceb0ef53""}",2026-07-23T06:33:37.804813357Z
"2026-07-23T06:33:29.520Z [[34mdebug[39m] Message published {""service"":""mqtt-publisher-lite"",""topic"":""proof.mqtt/DEVICE-15/gmb"",""qos"":1,""deliveryTime"":""219ms""}",info,"{""level"":""info""}","{""project"":""90a47e04-a329-4122-9c82-2ee75a4562c2"",""environment"":""f6319bd4-2e87-40d4-8547-4ce714038bc1"",""service"":""c236b8cb-3eff-45c5-aca0-23e73e33dc8d"",""deployment"":""69394420-c732-4ebe-a5fd-54c2d5628ea7"",""replica"":""7fc15fda-5103-4647-b7c4-6251ceb0ef53""}",2026-07-23T06:33:37.804817507Z
"2026-07-23T06:33:29.520Z [[34mdebug[39m] Message received {""service"":""mqtt-publisher-lite"",""topic"":""proof.mqtt/DEVICE-15/gmb"",""size"":272,""retain"":false}",info,"{""level"":""info""}","{""project"":""90a47e04-a329-4122-9c82-2ee75a4562c2"",""environment"":""f6319bd4-2e87-40d4-8547-4ce714038bc1"",""service"":""c236b8cb-3eff-45c5-aca0-23e73e33dc8d"",""deployment"":""69394420-c732-4ebe-a5fd-54c2d5628ea7"",""replica"":""7fc15fda-5103-4647-b7c4-6251ceb0ef53""}",2026-07-23T06:33:37.804821807Z
"2026-07-23T06:33:29.521Z [[34mdebug[39m] Skipping echo message {""service"":""mqtt-publisher-lite"",""topic"":""proof.mqtt/DEVICE-15/gmb"",""age"":""1ms""}",info,"{""level"":""info""}","{""project"":""90a47e04-a329-4122-9c82-2ee75a4562c2"",""environment"":""f6319bd4-2e87-40d4-8547-4ce714038bc1"",""service"":""c236b8cb-3eff-45c5-aca0-23e73e33dc8d"",""deployment"":""69394420-c732-4ebe-a5fd-54c2d5628ea7"",""replica"":""7fc15fda-5103-4647-b7c4-6251ceb0ef53""}",2026-07-23T06:33:37.804825476Z
"2026-07-23T06:33:29.521Z [[34mdebug[39m] Screen message received {""service"":""mqtt-publisher-lite"",""topic"":""proof.mqtt/DEVICE-15/gmb"",""screen"":""gmb""}",info,"{""level"":""info""}","{""project"":""90a47e04-a329-4122-9c82-2ee75a4562c2"",""environment"":""f6319bd4-2e87-40d4-8547-4ce714038bc1"",""service"":""c236b8cb-3eff-45c5-aca0-23e73e33dc8d"",""deployment"":""69394420-c732-4ebe-a5fd-54c2d5628ea7"",""replica"":""7fc15fda-5103-4647-b7c4-6251ceb0ef53""}",2026-07-23T06:33:37.804829456Z
"2026-07-23T06:33:29.554Z [[34mdebug[39m] 📤 [PUBLISH_CYCLE] Publishing all screens to device {""service"":""mqtt-publisher-lite"",""deviceId"":""DEVICE-17""}",info,"{""level"":""info""}","{""project"":""90a47e04-a329-4122-9c82-2ee75a4562c2"",""environment"":""f6319bd4-2e87-40d4-8547-4ce714038bc1"",""service"":""c236b8cb-3eff-45c5-aca0-23e73e33dc8d"",""deployment"":""69394420-c732-4ebe-a5fd-54c2d5628ea7"",""replica"":""7fc15fda-5103-4647-b7c4-6251ceb0ef53""}",2026-07-23T06:33:37.804834356Z
"2026-07-23T06:33:29.697Z [[32minfo[39m] [PROMOTION] Default canvas not published {""service"":""mqtt-publisher-lite"",""deviceId"":""DEVICE-17"",""topic"":""proof.mqtt/DEVICE-17/promotion"",""reason"":""unchanged""}",info,"{""level"":""info""}","{""project"":""90a47e04-a329-4122-9c82-2ee75a4562c2"",""environment"":""f6319bd4-2e87-40d4-8547-4ce714038bc1"",""service"":""c236b8cb-3eff-45c5-aca0-23e73e33dc8d"",""deployment"":""69394420-c732-4ebe-a5fd-54c2d5628ea7"",""replica"":""7fc15fda-5103-4647-b7c4-6251ceb0ef53""}",2026-07-23T06:33:37.806418924Z
"2026-07-23T06:33:29.698Z [[34mdebug[39m] [STIM_SKIP] StatsPublisher skipping stim device {""service"":""mqtt-publisher-lite"",""deviceId"":""DEVICE-15""}",info,"{""level"":""info""}","{""project"":""90a47e04-a329-4122-9c82-2ee75a4562c2"",""environment"":""f6319bd4-2e87-40d4-8547-4ce714038bc1"",""service"":""c236b8cb-3eff-45c5-aca0-23e73e33dc8d"",""deployment"":""69394420-c732-4ebe-a5fd-54c2d5628ea7"",""replica"":""7fc15fda-5103-4647-b7c4-6251ceb0ef53""}",2026-07-23T06:33:37.806425014Z
"2026-07-23T06:33:29.796Z [[34mdebug[39m] [STIM_SKIP] StatsPublisher skipping stim device {""service"":""mqtt-publisher-lite"",""deviceId"":""DEVICE-19""}",info,"{""level"":""info""}","{""project"":""90a47e04-a329-4122-9c82-2ee75a4562c2"",""environment"":""f6319bd4-2e87-40d4-8547-4ce714038bc1"",""service"":""c236b8cb-3eff-45c5-aca0-23e73e33dc8d"",""deployment"":""69394420-c732-4ebe-a5fd-54c2d5628ea7"",""replica"":""7fc15fda-5103-4647-b7c4-6251ceb0ef53""}",2026-07-23T06:33:37.806428294Z
"2026-07-23T06:33:29.797Z [[34mdebug[39m] [STIM_SKIP] StatsPublisher skipping stim device {""service"":""mqtt-publisher-lite"",""deviceId"":""DEVICE-13""}",info,"{""level"":""info""}","{""project"":""90a47e04-a329-4122-9c82-2ee75a4562c2"",""environment"":""f6319bd4-2e87-40d4-8547-4ce714038bc1"",""service"":""c236b8cb-3eff-45c5-aca0-23e73e33dc8d"",""deployment"":""69394420-c732-4ebe-a5fd-54c2d5628ea7"",""replica"":""7fc15fda-5103-4647-b7c4-6251ceb0ef53""}",2026-07-23T06:33:37.806431464Z
"2026-07-23T06:33:30.279Z [[32minfo[39m] 📤 QoS 1 message sent {""service"":""mqtt-publisher-lite"",""messageId"":44762,""topic"":""proof.mqtt/DEVICE-13/instagram"",""qos"":1}",info,"{""level"":""info""}","{""project"":""90a47e04-a329-4122-9c82-2ee75a4562c2"",""environment"":""f6319bd4-2e87-40d4-8547-4ce714038bc1"",""service"":""c236b8cb-3eff-45c5-aca0-23e73e33dc8d"",""deployment"":""69394420-c732-4ebe-a5fd-54c2d5628ea7"",""replica"":""7fc15fda-5103-4647-b7c4-6251ceb0ef53""}",2026-07-23T06:33:37.806434704Z
"2026-07-23T06:33:30.279Z [[32minfo[39m] ⏱️ Tracking QoS 1 message (30s timeout) {""service"":""mqtt-publisher-lite"",""deviceId"":""DEVICE-13"",""messageId"":44762,""topic"":""proof.mqtt/DEVICE-13/instagram"",""pendingCount"":1}",info,"{""level"":""info""}","{""project"":""90a47e04-a329-4122-9c82-2ee75a4562c2"",""environment"":""f6319bd4-2e87-40d4-8547-4ce714038bc1"",""service"":""c236b8cb-3eff-45c5-aca0-23e73e33dc8d"",""deployment"":""69394420-c732-4ebe-a5fd-54c2d5628ea7"",""replica"":""7fc15fda-5103-4647-b7c4-6251ceb0ef53""}",2026-07-23T06:33:37.806438184Z
"2026-07-23T06:33:30.379Z [[32minfo[39m] 📤 QoS 1 message sent {""service"":""mqtt-publisher-lite"",""messageId"":44763,""topic"":""proof.mqtt/DEVICE-13/gmb"",""qos"":1}",info,"{""level"":""info""}","{""project"":""90a47e04-a329-4122-9c82-2ee75a4562c2"",""environment"":""f6319bd4-2e87-40d4-8547-4ce714038bc1"",""service"":""c236b8cb-3eff-45c5-aca0-23e73e33dc8d"",""deployment"":""69394420-c732-4ebe-a5fd-54c2d5628ea7"",""replica"":""7fc15fda-5103-4647-b7c4-6251ceb0ef53""}",2026-07-23T06:33:37.806441924Z
"2026-07-23T06:33:30.379Z [[32minfo[39m] ⏱️ Tracking QoS 1 message (30s timeout) {""service"":""mqtt-publisher-lite"",""deviceId"":""DEVICE-13"",""messageId"":44763,""topic"":""proof.mqtt/DEVICE-13/gmb"",""pendingCount"":2}",info,"{""level"":""info""}","{""project"":""90a47e04-a329-4122-9c82-2ee75a4562c2"",""environment"":""f6319bd4-2e87-40d4-8547-4ce714038bc1"",""service"":""c236b8cb-3eff-45c5-aca0-23e73e33dc8d"",""deployment"":""69394420-c732-4ebe-a5fd-54c2d5628ea7"",""replica"":""7fc15fda-5103-4647-b7c4-6251ceb0ef53""}",2026-07-23T06:33:37.806445934Z
"2026-07-23T06:33:30.498Z [[32minfo[39m] ✅ PUBACK received {""service"":""mqtt-publisher-lite"",""messageId"":44762}",info,"{""level"":""info""}","{""project"":""90a47e04-a329-4122-9c82-2ee75a4562c2"",""environment"":""f6319bd4-2e87-40d4-8547-4ce714038bc1"",""service"":""c236b8cb-3eff-45c5-aca0-23e73e33dc8d"",""deployment"":""69394420-c732-4ebe-a5fd-54c2d5628ea7"",""replica"":""7fc15fda-5103-4647-b7c4-6251ceb0ef53""}",2026-07-23T06:33:37.806450014Z
"2026-07-23T06:33:30.499Z [[32minfo[39m] ✅ QoS 1 PUBACK confirmed {""service"":""mqtt-publisher-lite"",""deviceId"":""DEVICE-13"",""messageId"":44762,""deliveryTime"":""220ms"",""pendingCount"":1}",info,"{""level"":""info""}","{""project"":""90a47e04-a329-4122-9c82-2ee75a4562c2"",""environment"":""f6319bd4-2e87-40d4-8547-4ce714038bc1"",""service"":""c236b8cb-3eff-45c5-aca0-23e73e33dc8d"",""deployment"":""69394420-c732-4ebe-a5fd-54c2d5628ea7"",""replica"":""7fc15fda-5103-4647-b7c4-6251ceb0ef53""}",2026-07-23T06:33:37.806455184Z
"2026-07-23T06:33:30.499Z [[34mdebug[39m] ✅ [LIFECYCLE:PUBACK_OK] Device confirmed message receipt {""service"":""mqtt-publisher-lite"",""deviceId"":""DEVICE-13""}",info,"{""level"":""info""}","{""project"":""90a47e04-a329-4122-9c82-2ee75a4562c2"",""environment"":""f6319bd4-2e87-40d4-8547-4ce714038bc1"",""service"":""c236b8cb-3eff-45c5-aca0-23e73e33dc8d"",""deployment"":""69394420-c732-4ebe-a5fd-54c2d5628ea7"",""replica"":""7fc15fda-5103-4647-b7c4-6251ceb0ef53""}",2026-07-23T06:33:37.808149451Z
"2026-07-23T06:33:30.499Z [[34mdebug[39m] Message published {""service"":""mqtt-publisher-lite"",""topic"":""proof.mqtt/DEVICE-13/instagram"",""qos"":1,""deliveryTime"":""220ms""}",info,"{""level"":""info""}","{""project"":""90a47e04-a329-4122-9c82-2ee75a4562c2"",""environment"":""f6319bd4-2e87-40d4-8547-4ce714038bc1"",""service"":""c236b8cb-3eff-45c5-aca0-23e73e33dc8d"",""deployment"":""69394420-c732-4ebe-a5fd-54c2d5628ea7"",""replica"":""7fc15fda-5103-4647-b7c4-6251ceb0ef53""}",2026-07-23T06:33:37.808155961Z
"2026-07-23T06:33:30.499Z [[34mdebug[39m] Message received {""service"":""mqtt-publisher-lite"",""topic"":""proof.mqtt/DEVICE-13/instagram"",""size"":228,""retain"":false}",info,"{""level"":""info""}","{""project"":""90a47e04-a329-4122-9c82-2ee75a4562c2"",""environment"":""f6319bd4-2e87-40d4-8547-4ce714038bc1"",""service"":""c236b8cb-3eff-45c5-aca0-23e73e33dc8d"",""deployment"":""69394420-c732-4ebe-a5fd-54c2d5628ea7"",""replica"":""7fc15fda-5103-4647-b7c4-6251ceb0ef53""}",2026-07-23T06:33:37.808160671Z
"2026-07-23T06:33:30.499Z [[34mdebug[39m] Skipping echo message {""service"":""mqtt-publisher-lite"",""topic"":""proof.mqtt/DEVICE-13/instagram"",""age"":""0ms""}",info,"{""level"":""info""}","{""project"":""90a47e04-a329-4122-9c82-2ee75a4562c2"",""environment"":""f6319bd4-2e87-40d4-8547-4ce714038bc1"",""service"":""c236b8cb-3eff-45c5-aca0-23e73e33dc8d"",""deployment"":""69394420-c732-4ebe-a5fd-54c2d5628ea7"",""replica"":""7fc15fda-5103-4647-b7c4-6251ceb0ef53""}",2026-07-23T06:33:37.808164350Z
"2026-07-23T06:33:30.499Z [[34mdebug[39m] Screen message received {""service"":""mqtt-publisher-lite"",""topic"":""proof.mqtt/DEVICE-13/instagram"",""screen"":""instagram""}",info,"{""level"":""info""}","{""project"":""90a47e04-a329-4122-9c82-2ee75a4562c2"",""environment"":""f6319bd4-2e87-40d4-8547-4ce714038bc1"",""service"":""c236b8cb-3eff-45c5-aca0-23e73e33dc8d"",""deployment"":""69394420-c732-4ebe-a5fd-54c2d5628ea7"",""replica"":""7fc15fda-5103-4647-b7c4-6251ceb0ef53""}",2026-07-23T06:33:37.808167900Z
"2026-07-23T06:33:30.598Z [[32minfo[39m] ✅ PUBACK received {""service"":""mqtt-publisher-lite"",""messageId"":44763}",info,"{""level"":""info""}","{""project"":""90a47e04-a329-4122-9c82-2ee75a4562c2"",""environment"":""f6319bd4-2e87-40d4-8547-4ce714038bc1"",""service"":""c236b8cb-3eff-45c5-aca0-23e73e33dc8d"",""deployment"":""69394420-c732-4ebe-a5fd-54c2d5628ea7"",""replica"":""7fc15fda-5103-4647-b7c4-6251ceb0ef53""}",2026-07-23T06:33:37.808171940Z
"2026-07-23T06:33:30.598Z [[32minfo[39m] ✅ QoS 1 PUBACK confirmed {""service"":""mqtt-publisher-lite"",""deviceId"":""DEVICE-13"",""messageId"":44763,""deliveryTime"":""219ms"",""pendingCount"":0}",info,"{""level"":""info""}","{""project"":""90a47e04-a329-4122-9c82-2ee75a4562c2"",""environment"":""f6319bd4-2e87-40d4-8547-4ce714038bc1"",""service"":""c236b8cb-3eff-45c5-aca0-23e73e33dc8d"",""deployment"":""69394420-c732-4ebe-a5fd-54c2d5628ea7"",""replica"":""7fc15fda-5103-4647-b7c4-6251ceb0ef53""}",2026-07-23T06:33:37.808175390Z
"2026-07-23T06:33:30.598Z [[34mdebug[39m] ✅ [LIFECYCLE:PUBACK_OK] Device confirmed message receipt {""service"":""mqtt-publisher-lite"",""deviceId"":""DEVICE-13""}",info,"{""level"":""info""}","{""project"":""90a47e04-a329-4122-9c82-2ee75a4562c2"",""environment"":""f6319bd4-2e87-40d4-8547-4ce714038bc1"",""service"":""c236b8cb-3eff-45c5-aca0-23e73e33dc8d"",""deployment"":""69394420-c732-4ebe-a5fd-54c2d5628ea7"",""replica"":""7fc15fda-5103-4647-b7c4-6251ceb0ef53""}",2026-07-23T06:33:37.808178890Z
"2026-07-23T06:33:30.599Z [[34mdebug[39m] Message published {""service"":""mqtt-publisher-lite"",""topic"":""proof.mqtt/DEVICE-13/gmb"",""qos"":1,""deliveryTime"":""220ms""}",info,"{""level"":""info""}","{""project"":""90a47e04-a329-4122-9c82-2ee75a4562c2"",""environment"":""f6319bd4-2e87-40d4-8547-4ce714038bc1"",""service"":""c236b8cb-3eff-45c5-aca0-23e73e33dc8d"",""deployment"":""69394420-c732-4ebe-a5fd-54c2d5628ea7"",""replica"":""7fc15fda-5103-4647-b7c4-6251ceb0ef53""}",2026-07-23T06:33:37.808182750Z
"2026-07-23T06:33:30.599Z [[34mdebug[39m] Message received {""service"":""mqtt-publisher-lite"",""topic"":""proof.mqtt/DEVICE-13/gmb"",""size"":272,""retain"":false}",info,"{""level"":""info""}","{""project"":""90a47e04-a329-4122-9c82-2ee75a4562c2"",""environment"":""f6319bd4-2e87-40d4-8547-4ce714038bc1"",""service"":""c236b8cb-3eff-45c5-aca0-23e73e33dc8d"",""deployment"":""69394420-c732-4ebe-a5fd-54c2d5628ea7"",""replica"":""7fc15fda-5103-4647-b7c4-6251ceb0ef53""}",2026-07-23T06:33:37.808186730Z
"2026-07-23T06:33:30.599Z [[34mdebug[39m] Skipping echo message {""service"":""mqtt-publisher-lite"",""topic"":""proof.mqtt/DEVICE-13/gmb"",""age"":""0ms""}",info,"{""level"":""info""}","{""project"":""90a47e04-a329-4122-9c82-2ee75a4562c2"",""environment"":""f6319bd4-2e87-40d4-8547-4ce714038bc1"",""service"":""c236b8cb-3eff-45c5-aca0-23e73e33dc8d"",""deployment"":""69394420-c732-4ebe-a5fd-54c2d5628ea7"",""replica"":""7fc15fda-5103-4647-b7c4-6251ceb0ef53""}",2026-07-23T06:33:37.808190440Z
"2026-07-23T06:33:30.599Z [[34mdebug[39m] Screen message received {""service"":""mqtt-publisher-lite"",""topic"":""proof.mqtt/DEVICE-13/gmb"",""screen"":""gmb""}",info,"{""level"":""info""}","{""project"":""90a47e04-a329-4122-9c82-2ee75a4562c2"",""environment"":""f6319bd4-2e87-40d4-8547-4ce714038bc1"",""service"":""c236b8cb-3eff-45c5-aca0-23e73e33dc8d"",""deployment"":""69394420-c732-4ebe-a5fd-54c2d5628ea7"",""replica"":""7fc15fda-5103-4647-b7c4-6251ceb0ef53""}",2026-07-23T06:33:37.810070375Z
"2026-07-23T06:33:30.600Z [[32minfo[39m] [STIM_IG] Published {""service"":""mqtt-publisher-lite"",""deviceId"":""DEVICE-13"",""followers"":32,""target"":500,""mode"":""synthetic"",""achievement"":35,""celebration"":""false"",""done"":false}",info,"{""level"":""info""}","{""project"":""90a47e04-a329-4122-9c82-2ee75a4562c2"",""environment"":""f6319bd4-2e87-40d4-8547-4ce714038bc1"",""service"":""c236b8cb-3eff-45c5-aca0-23e73e33dc8d"",""deployment"":""69394420-c732-4ebe-a5fd-54c2d5628ea7"",""replica"":""7fc15fda-5103-4647-b7c4-6251ceb0ef53""}",2026-07-23T06:33:37.810079115Z
"2026-07-23T06:33:30.698Z [[32minfo[39m] [STIM_GMB] Published {""service"":""mqtt-publisher-lite"",""deviceId"":""DEVICE-13"",""reviews"":30,""target"":100,""mode"":""synthetic"",""celebration"":""true"",""done"":false}",info,"{""level"":""info""}","{""project"":""90a47e04-a329-4122-9c82-2ee75a4562c2"",""environment"":""f6319bd4-2e87-40d4-8547-4ce714038bc1"",""service"":""c236b8cb-3eff-45c5-aca0-23e73e33dc8d"",""deployment"":""69394420-c732-4ebe-a5fd-54c2d5628ea7"",""replica"":""7fc15fda-5103-4647-b7c4-6251ceb0ef53""}",2026-07-23T06:33:37.810084005Z
"2026-07-23T06:33:30.704Z [[34mdebug[39m] Message received {""service"":""mqtt-publisher-lite"",""topic"":""proof.mqtt/DEVICE-13/lwt"",""size"":69,""retain"":false}",info,"{""level"":""info""}","{""project"":""90a47e04-a329-4122-9c82-2ee75a4562c2"",""environment"":""f6319bd4-2e87-40d4-8547-4ce714038bc1"",""service"":""c236b8cb-3eff-45c5-aca0-23e73e33dc8d"",""deployment"":""69394420-c732-4ebe-a5fd-54c2d5628ea7"",""replica"":""7fc15fda-5103-4647-b7c4-6251ceb0ef53""}",2026-07-23T06:33:37.810088265Z
"2026-07-23T06:33:30.704Z [[32minfo[39m] 📨 Broker-generated LWT message detected {""service"":""mqtt-publisher-lite"",""topic"":""proof.mqtt/DEVICE-13/lwt""}",info,"{""level"":""info""}","{""project"":""90a47e04-a329-4122-9c82-2ee75a4562c2"",""environment"":""f6319bd4-2e87-40d4-8547-4ce714038bc1"",""service"":""c236b8cb-3eff-45c5-aca0-23e73e33dc8d"",""deployment"":""69394420-c732-4ebe-a5fd-54c2d5628ea7"",""replica"":""7fc15fda-5103-4647-b7c4-6251ceb0ef53""}",2026-07-23T06:33:37.810093395Z
"2026-07-23T06:33:30.704Z [[32minfo[39m] 💀 LWT: Device Disconnected (Broker-Generated) {""service"":""mqtt-publisher-lite"",""deviceId"":""DEVICE-13"",""clientId"":""DEVICE-13"",""topic"":""/lwt"",""reason"":""Client disconnected (all types: graceful, crash, power cut, etc.)"",""source"":""broker"",""mechanism"":""Last Will and Testament""}",info,"{""level"":""info""}","{""project"":""90a47e04-a329-4122-9c82-2ee75a4562c2"",""environment"":""f6319bd4-2e87-40d4-8547-4ce714038bc1"",""service"":""c236b8cb-3eff-45c5-aca0-23e73e33dc8d"",""deployment"":""69394420-c732-4ebe-a5fd-54c2d5628ea7"",""replica"":""7fc15fda-5103-4647-b7c4-6251ceb0ef53""}",2026-07-23T06:33:37.810098015Z
"2026-07-23T06:33:30.704Z [[32minfo[39m] 💀 [LIFECYCLE:LWT] Removing device from Redis active cache {""service"":""mqtt-publisher-lite"",""deviceId"":""DEVICE-13""}",info,"{""level"":""info""}","{""project"":""90a47e04-a329-4122-9c82-2ee75a4562c2"",""environment"":""f6319bd4-2e87-40d4-8547-4ce714038bc1"",""service"":""c236b8cb-3eff-45c5-aca0-23e73e33dc8d"",""deployment"":""69394420-c732-4ebe-a5fd-54c2d5628ea7"",""replica"":""7fc15fda-5103-4647-b7c4-6251ceb0ef53""}",2026-07-23T06:33:37.810102065Z
"2026-07-23T06:33:31.005Z [[32minfo[39m] 💀 [LIFECYCLE:LWT] Cleared MQTT publish dedupe hashes {""service"":""mqtt-publisher-lite"",""deviceId"":""DEVICE-13"",""clearedPublishHashes"":1}",info,"{""level"":""info""}","{""project"":""90a47e04-a329-4122-9c82-2ee75a4562c2"",""environment"":""f6319bd4-2e87-40d4-8547-4ce714038bc1"",""service"":""c236b8cb-3eff-45c5-aca0-23e73e33dc8d"",""deployment"":""69394420-c732-4ebe-a5fd-54c2d5628ea7"",""replica"":""7fc15fda-5103-4647-b7c4-6251ceb0ef53""}",2026-07-23T06:33:37.810106155Z
"2026-07-23T06:33:31.005Z [[32minfo[39m] [STIM] /lwt — device disconnected, stopping loops (cache preserved with TTL) {""service"":""mqtt-publisher-lite"",""deviceId"":""DEVICE-13""}",info,"{""level"":""info""}","{""project"":""90a47e04-a329-4122-9c82-2ee75a4562c2"",""environment"":""f6319bd4-2e87-40d4-8547-4ce714038bc1"",""service"":""c236b8cb-3eff-45c5-aca0-23e73e33dc8d"",""deployment"":""69394420-c732-4ebe-a5fd-54c2d5628ea7"",""replica"":""7fc15fda-5103-4647-b7c4-6251ceb0ef53""}",2026-07-23T06:33:37.810110725Z
"2026-07-23T06:33:31.005Z [[32minfo[39m] 💀 [LIFECYCLE:LWT] Device disconnect processed {""service"":""mqtt-publisher-lite"",""deviceId"":""DEVICE-13"",""removedFromRedis"":true}",info,"{""level"":""info""}","{""project"":""90a47e04-a329-4122-9c82-2ee75a4562c2"",""environment"":""f6319bd4-2e87-40d4-8547-4ce714038bc1"",""service"":""c236b8cb-3eff-45c5-aca0-23e73e33dc8d"",""deployment"":""69394420-c732-4ebe-a5fd-54c2d5628ea7"",""replica"":""7fc15fda-5103-4647-b7c4-6251ceb0ef53""}",2026-07-23T06:33:37.811493104Z
"2026-07-23T06:33:36.595Z [[34mdebug[39m] Message received {""service"":""mqtt-publisher-lite"",""topic"":""proof.mqtt/DEVICE-13/active"",""size"":229,""retain"":false}",info,"{""level"":""info""}","{""project"":""90a47e04-a329-4122-9c82-2ee75a4562c2"",""environment"":""f6319bd4-2e87-40d4-8547-4ce714038bc1"",""service"":""c236b8cb-3eff-45c5-aca0-23e73e33dc8d"",""deployment"":""69394420-c732-4ebe-a5fd-54c2d5628ea7"",""replica"":""7fc15fda-5103-4647-b7c4-6251ceb0ef53""}",2026-07-23T06:33:37.811507014Z
"2026-07-23T06:33:36.595Z [[32minfo[39m] 📱 Device Registration Received {""service"":""mqtt-publisher-lite"",""deviceId"":""DEVICE-13"",""type"":""device_registration""}",info,"{""level"":""info""}","{""project"":""90a47e04-a329-4122-9c82-2ee75a4562c2"",""environment"":""f6319bd4-2e87-40d4-8547-4ce714038bc1"",""service"":""c236b8cb-3eff-45c5-aca0-23e73e33dc8d"",""deployment"":""69394420-c732-4ebe-a5fd-54c2d5628ea7"",""replica"":""7fc15fda-5103-4647-b7c4-6251ceb0ef53""}",2026-07-23T06:33:37.811511044Z
"2026-07-23T06:33:36.719Z [[32minfo[39m] ✅ Existing device reconnected {""service"":""mqtt-publisher-lite"",""deviceId"":""DEVICE-13""}",info,"{""level"":""info""}","{""project"":""90a47e04-a329-4122-9c82-2ee75a4562c2"",""environment"":""f6319bd4-2e87-40d4-8547-4ce714038bc1"",""service"":""c236b8cb-3eff-45c5-aca0-23e73e33dc8d"",""deployment"":""69394420-c732-4ebe-a5fd-54c2d5628ea7"",""replica"":""7fc15fda-5103-4647-b7c4-6251ceb0ef53""}",2026-07-23T06:33:37.811514424Z
"2026-07-23T06:33:36.719Z [[32minfo[39m] 📤 QoS 1 message sent {""service"":""mqtt-publisher-lite"",""messageId"":44764,""topic"":""proof.mqtt/DEVICE-13/registration_ack"",""qos"":1}",info,"{""level"":""info""}","{""project"":""90a47e04-a329-4122-9c82-2ee75a4562c2"",""environment"":""f6319bd4-2e87-40d4-8547-4ce714038bc1"",""service"":""c236b8cb-3eff-45c5-aca0-23e73e33dc8d"",""deployment"":""69394420-c732-4ebe-a5fd-54c2d5628ea7"",""replica"":""7fc15fda-5103-4647-b7c4-6251ceb0ef53""}",2026-07-23T06:33:37.811517614Z
"2026-07-23T06:33:36.720Z [[32minfo[39m] ⏱️ Tracking QoS 1 message (30s timeout) {""service"":""mqtt-publisher-lite"",""deviceId"":""DEVICE-13"",""messageId"":44764,""topic"":""proof.mqtt/DEVICE-13/registration_ack"",""pendingCount"":1}",info,"{""level"":""info""}","{""project"":""90a47e04-a329-4122-9c82-2ee75a4562c2"",""environment"":""f6319bd4-2e87-40d4-8547-4ce714038bc1"",""service"":""c236b8cb-3eff-45c5-aca0-23e73e33dc8d"",""deployment"":""69394420-c732-4ebe-a5fd-54c2d5628ea7"",""replica"":""7fc15fda-5103-4647-b7c4-6251ceb0ef53""}",2026-07-23T06:33:37.811521334Z
"2026-07-23T06:33:36.939Z [[32minfo[39m] ✅ PUBACK received {""service"":""mqtt-publisher-lite"",""messageId"":44764}",info,"{""level"":""info""}","{""project"":""90a47e04-a329-4122-9c82-2ee75a4562c2"",""environment"":""f6319bd4-2e87-40d4-8547-4ce714038bc1"",""service"":""c236b8cb-3eff-45c5-aca0-23e73e33dc8d"",""deployment"":""69394420-c732-4ebe-a5fd-54c2d5628ea7"",""replica"":""7fc15fda-5103-4647-b7c4-6251ceb0ef53""}",2026-07-23T06:33:37.811525304Z
"2026-07-23T06:33:36.939Z [[32minfo[39m] ✅ QoS 1 PUBACK confirmed {""service"":""mqtt-publisher-lite"",""deviceId"":""DEVICE-13"",""messageId"":44764,""deliveryTime"":""219ms"",""pendingCount"":0}",info,"{""level"":""info""}","{""project"":""90a47e04-a329-4122-9c82-2ee75a4562c2"",""environment"":""f6319bd4-2e87-40d4-8547-4ce714038bc1"",""service"":""c236b8cb-3eff-45c5-aca0-23e73e33dc8d"",""deployment"":""69394420-c732-4ebe-a5fd-54c2d5628ea7"",""replica"":""7fc15fda-5103-4647-b7c4-6251ceb0ef53""}",2026-07-23T06:33:37.811528754Z
"2026-07-23T06:33:36.939Z [[34mdebug[39m] ✅ [LIFECYCLE:PUBACK_OK] Device confirmed message receipt {""service"":""mqtt-publisher-lite"",""deviceId"":""DEVICE-13""}",info,"{""level"":""info""}","{""project"":""90a47e04-a329-4122-9c82-2ee75a4562c2"",""environment"":""f6319bd4-2e87-40d4-8547-4ce714038bc1"",""service"":""c236b8cb-3eff-45c5-aca0-23e73e33dc8d"",""deployment"":""69394420-c732-4ebe-a5fd-54c2d5628ea7"",""replica"":""7fc15fda-5103-4647-b7c4-6251ceb0ef53""}",2026-07-23T06:33:37.811532134Z
"2026-07-23T06:33:36.939Z [[34mdebug[39m] Message published {""service"":""mqtt-publisher-lite"",""topic"":""proof.mqtt/DEVICE-13/registration_ack"",""qos"":1,""deliveryTime"":""220ms""}",info,"{""level"":""info""}","{""project"":""90a47e04-a329-4122-9c82-2ee75a4562c2"",""environment"":""f6319bd4-2e87-40d4-8547-4ce714038bc1"",""service"":""c236b8cb-3eff-45c5-aca0-23e73e33dc8d"",""deployment"":""69394420-c732-4ebe-a5fd-54c2d5628ea7"",""replica"":""7fc15fda-5103-4647-b7c4-6251ceb0ef53""}",2026-07-23T06:33:37.811535284Z
"2026-07-23T06:33:36.939Z [[32minfo[39m] 📤 Registration response sent {""service"":""mqtt-publisher-lite"",""deviceId"":""DEVICE-13"",""success"":true,""isNewDevice"":false}",info,"{""level"":""info""}","{""project"":""90a47e04-a329-4122-9c82-2ee75a4562c2"",""environment"":""f6319bd4-2e87-40d4-8547-4ce714038bc1"",""service"":""c236b8cb-3eff-45c5-aca0-23e73e33dc8d"",""deployment"":""69394420-c732-4ebe-a5fd-54c2d5628ea7"",""replica"":""7fc15fda-5103-4647-b7c4-6251ceb0ef53""}",2026-07-23T06:33:37.812912803Z
"2026-07-23T06:33:36.939Z [[32minfo[39m] 📋 [LIFECYCLE:REGISTER] Caching device in Redis active list {""service"":""mqtt-publisher-lite"",""deviceId"":""DEVICE-13""}",info,"{""level"":""info""}","{""project"":""90a47e04-a329-4122-9c82-2ee75a4562c2"",""environment"":""f6319bd4-2e87-40d4-8547-4ce714038bc1"",""service"":""c236b8cb-3eff-45c5-aca0-23e73e33dc8d"",""deployment"":""69394420-c732-4ebe-a5fd-54c2d5628ea7"",""replica"":""7fc15fda-5103-4647-b7c4-6251ceb0ef53""}",2026-07-23T06:33:37.812919263Z
"2026-07-23T06:33:36.939Z [[32minfo[39m] 📋 [LIFECYCLE:CACHE] Step 1/2 — Device lookup (MongoDB) {""service"":""mqtt-publisher-lite"",""deviceId"":""DEVICE-13""}",info,"{""level"":""info""}","{""project"":""90a47e04-a329-4122-9c82-2ee75a4562c2"",""environment"":""f6319bd4-2e87-40d4-8547-4ce714038bc1"",""service"":""c236b8cb-3eff-45c5-aca0-23e73e33dc8d"",""deployment"":""69394420-c732-4ebe-a5fd-54c2d5628ea7"",""replica"":""7fc15fda-5103-4647-b7c4-6251ceb0ef53""}",2026-07-23T06:33:37.812923593Z
"2026-07-23T06:33:37.076Z [[32minfo[39m] 📋 [LIFECYCLE:CACHE] Step 2/2 — Social (Instagram) for device {""service"":""mqtt-publisher-lite"",""deviceId"":""DEVICE-13"",""userId"":""6937af58f950f0f5356a1599"",""deviceStatus"":""ACTIVE""}",info,"{""level"":""info""}","{""project"":""90a47e04-a329-4122-9c82-2ee75a4562c2"",""environment"":""f6319bd4-2e87-40d4-8547-4ce714038bc1"",""service"":""c236b8cb-3eff-45c5-aca0-23e73e33dc8d"",""deployment"":""69394420-c732-4ebe-a5fd-54c2d5628ea7"",""replica"":""7fc15fda-5103-4647-b7c4-6251ceb0ef53""}",2026-07-23T06:33:37.812927843Z
"2026-07-23T06:33:37.200Z [[33mwarn[39m] 📋 [LIFECYCLE:CACHE] No INSTAGRAM `Social` row for owner — add Instagram for this user in the web app {""service"":""mqtt-publisher-lite"",""deviceId"":""DEVICE-13"",""userId"":""6937af58f950f0f5356a1599""}",info,"{""level"":""info""}","{""project"":""90a47e04-a329-4122-9c82-2ee75a4562c2"",""environment"":""f6319bd4-2e87-40d4-8547-4ce714038bc1"",""service"":""c236b8cb-3eff-45c5-aca0-23e73e33dc8d"",""deployment"":""69394420-c732-4ebe-a5fd-54c2d5628ea7"",""replica"":""7fc15fda-5103-4647-b7c4-6251ceb0ef53""}",2026-07-23T06:33:37.812931963Z
"2026-07-23T06:33:37.201Z [[32minfo[39m] 📋 [LIFECYCLE:CACHE] Active device record written (Mongo → file + Redis IG key) {""service"":""mqtt-publisher-lite"",""deviceId"":""DEVICE-13"",""userId"":""6937af58f950f0f5356a1599"",""instagramFromSocial"":false}",info,"{""level"":""info""}","{""project"":""90a47e04-a329-4122-9c82-2ee75a4562c2"",""environment"":""f6319bd4-2e87-40d4-8547-4ce714038bc1"",""service"":""c236b8cb-3eff-45c5-aca0-23e73e33dc8d"",""deployment"":""69394420-c732-4ebe-a5fd-54c2d5628ea7"",""replica"":""7fc15fda-5103-4647-b7c4-6251ceb0ef53""}",2026-07-23T06:33:37.812938303Z
"2026-07-23T06:33:37.525Z [[32minfo[39m] [STIM] /active — cache valid within TTL, resuming ramp {""service"":""mqtt-publisher-lite"",""deviceId"":""DEVICE-13""}",info,"{""level"":""info""}","{""project"":""90a47e04-a329-4122-9c82-2ee75a4562c2"",""environment"":""f6319bd4-2e87-40d4-8547-4ce714038bc1"",""service"":""c236b8cb-3eff-45c5-aca0-23e73e33dc8d"",""deployment"":""69394420-c732-4ebe-a5fd-54c2d5628ea7"",""replica"":""7fc15fda-5103-4647-b7c4-6251ceb0ef53""}",2026-07-23T06:33:37.812942633Z
"2026-07-23T06:33:37.525Z [[32minfo[39m] 📋 [LIFECYCLE:REGISTER] Device registration complete {""service"":""mqtt-publisher-lite"",""deviceId"":""DEVICE-13""}",info,"{""level"":""info""}","{""project"":""90a47e04-a329-4122-9c82-2ee75a4562c2"",""environment"":""f6319bd4-2e87-40d4-8547-4ce714038bc1"",""service"":""c236b8cb-3eff-45c5-aca0-23e73e33dc8d"",""deployment"":""69394420-c732-4ebe-a5fd-54c2d5628ea7"",""replica"":""7fc15fda-5103-4647-b7c4-6251ceb0ef53""}",2026-07-23T06:33:37.812949773Z
"2026-07-23T06:33:37.627Z [[32minfo[39m] 📤 QoS 1 message sent {""service"":""mqtt-publisher-lite"",""messageId"":44765,""topic"":""proof.mqtt/DEVICE-13/instagram"",""qos"":1}",info,"{""level"":""info""}","{""project"":""90a47e04-a329-4122-9c82-2ee75a4562c2"",""environment"":""f6319bd4-2e87-40d4-8547-4ce714038bc1"",""service"":""c236b8cb-3eff-45c5-aca0-23e73e33dc8d"",""deployment"":""69394420-c732-4ebe-a5fd-54c2d5628ea7"",""replica"":""7fc15fda-5103-4647-b7c4-6251ceb0ef53""}",2026-07-23T06:33:37.812954103Z
"2026-07-23T06:33:37.627Z [[32minfo[39m] ⏱️ Tracking QoS 1 message (30s timeout) {""service"":""mqtt-publisher-lite"",""deviceId"":""DEVICE-13"",""messageId"":44765,""topic"":""proof.mqtt/DEVICE-13/instagram"",""pendingCount"":1}",info,"{""level"":""info""}","{""project"":""90a47e04-a329-4122-9c82-2ee75a4562c2"",""environment"":""f6319bd4-2e87-40d4-8547-4ce714038bc1"",""service"":""c236b8cb-3eff-45c5-aca0-23e73e33dc8d"",""deployment"":""69394420-c732-4ebe-a5fd-54c2d5628ea7"",""replica"":""7fc15fda-5103-4647-b7c4-6251ceb0ef53""}",2026-07-23T06:33:37.814278853Z
"2026-07-23T06:33:37.727Z [[32minfo[39m] 📤 QoS 1 message sent {""service"":""mqtt-publisher-lite"",""messageId"":44766,""topic"":""proof.mqtt/DEVICE-13/gmb"",""qos"":1}",info,"{""level"":""info""}","{""project"":""90a47e04-a329-4122-9c82-2ee75a4562c2"",""environment"":""f6319bd4-2e87-40d4-8547-4ce714038bc1"",""service"":""c236b8cb-3eff-45c5-aca0-23e73e33dc8d"",""deployment"":""69394420-c732-4ebe-a5fd-54c2d5628ea7"",""replica"":""7fc15fda-5103-4647-b7c4-6251ceb0ef53""}",2026-07-23T06:33:37.814284433Z
"2026-07-23T06:33:37.727Z [[32minfo[39m] ⏱️ Tracking QoS 1 message (30s timeout) {""service"":""mqtt-publisher-lite"",""deviceId"":""DEVICE-13"",""messageId"":44766,""topic"":""proof.mqtt/DEVICE-13/gmb"",""pendingCount"":2}",info,"{""level"":""info""}","{""project"":""90a47e04-a329-4122-9c82-2ee75a4562c2"",""environment"":""f6319bd4-2e87-40d4-8547-4ce714038bc1"",""service"":""c236b8cb-3eff-45c5-aca0-23e73e33dc8d"",""deployment"":""69394420-c732-4ebe-a5fd-54c2d5628ea7"",""replica"":""7fc15fda-5103-4647-b7c4-6251ceb0ef53""}",2026-07-23T06:33:37.814288413Z
"2026-07-23T06:33:37.774Z [[32minfo[39m] [USER_INTEGRATIONS] Cached {""service"":""mqtt-publisher-lite"",""userId"":""6937af58f950f0f5356a1599"",""hasInstagram"":false,""hasGmb"":false,""posPlatform"":null}",info,"{""level"":""info""}","{""project"":""90a47e04-a329-4122-9c82-2ee75a4562c2"",""environment"":""f6319bd4-2e87-40d4-8547-4ce714038bc1"",""service"":""c236b8cb-3eff-45c5-aca0-23e73e33dc8d"",""deployment"":""69394420-c732-4ebe-a5fd-54c2d5628ea7"",""replica"":""7fc15fda-5103-4647-b7c4-6251ceb0ef53""}",2026-07-23T06:33:37.814292223Z
"2026-07-23T06:33:37.856Z [[32minfo[39m] ✅ PUBACK received {""service"":""mqtt-publisher-lite"",""messageId"":44765}",info,"{""level"":""info""}","{""project"":""90a47e04-a329-4122-9c82-2ee75a4562c2"",""environment"":""f6319bd4-2e87-40d4-8547-4ce714038bc1"",""service"":""c236b8cb-3eff-45c5-aca0-23e73e33dc8d"",""deployment"":""69394420-c732-4ebe-a5fd-54c2d5628ea7"",""replica"":""7fc15fda-5103-4647-b7c4-6251ceb0ef53""}",2026-07-23T06:33:37.874027176Z
"2026-07-23T06:33:37.856Z [[32minfo[39m] ✅ QoS 1 PUBACK confirmed {""service"":""mqtt-publisher-lite"",""deviceId"":""DEVICE-13"",""messageId"":44765,""deliveryTime"":""229ms"",""pendingCount"":1}",info,"{""level"":""info""}","{""project"":""90a47e04-a329-4122-9c82-2ee75a4562c2"",""environment"":""f6319bd4-2e87-40d4-8547-4ce714038bc1"",""service"":""c236b8cb-3eff-45c5-aca0-23e73e33dc8d"",""deployment"":""69394420-c732-4ebe-a5fd-54c2d5628ea7"",""replica"":""7fc15fda-5103-4647-b7c4-6251ceb0ef53""}",2026-07-23T06:33:37.874032826Z
"2026-07-23T06:33:37.857Z [[34mdebug[39m] ✅ [LIFECYCLE:PUBACK_OK] Device confirmed message receipt {""service"":""mqtt-publisher-lite"",""deviceId"":""DEVICE-13""}",info,"{""level"":""info""}","{""project"":""90a47e04-a329-4122-9c82-2ee75a4562c2"",""environment"":""f6319bd4-2e87-40d4-8547-4ce714038bc1"",""service"":""c236b8cb-3eff-45c5-aca0-23e73e33dc8d"",""deployment"":""69394420-c732-4ebe-a5fd-54c2d5628ea7"",""replica"":""7fc15fda-5103-4647-b7c4-6251ceb0ef53""}",2026-07-23T06:33:37.874036636Z
"2026-07-23T06:33:37.857Z [[34mdebug[39m] Message published {""service"":""mqtt-publisher-lite"",""topic"":""proof.mqtt/DEVICE-13/instagram"",""qos"":1,""deliveryTime"":""230ms""}",info,"{""level"":""info""}","{""project"":""90a47e04-a329-4122-9c82-2ee75a4562c2"",""environment"":""f6319bd4-2e87-40d4-8547-4ce714038bc1"",""service"":""c236b8cb-3eff-45c5-aca0-23e73e33dc8d"",""deployment"":""69394420-c732-4ebe-a5fd-54c2d5628ea7"",""replica"":""7fc15fda-5103-4647-b7c4-6251ceb0ef53""}",2026-07-23T06:33:37.874041056Z
"2026-07-23T06:33:37.857Z [[34mdebug[39m] Message received {""service"":""mqtt-publisher-lite"",""topic"":""proof.mqtt/DEVICE-13/instagram"",""size"":228,""retain"":false}",info,"{""level"":""info""}","{""project"":""90a47e04-a329-4122-9c82-2ee75a4562c2"",""environment"":""f6319bd4-2e87-40d4-8547-4ce714038bc1"",""service"":""c236b8cb-3eff-45c5-aca0-23e73e33dc8d"",""deployment"":""69394420-c732-4ebe-a5fd-54c2d5628ea7"",""replica"":""7fc15fda-5103-4647-b7c4-6251ceb0ef53""}",2026-07-23T06:33:37.874045456Z
"2026-07-23T06:33:37.857Z [[34mdebug[39m] Skipping echo message {""service"":""mqtt-publisher-lite"",""topic"":""proof.mqtt/DEVICE-13/instagram"",""age"":""0ms""}",info,"{""level"":""info""}","{""project"":""90a47e04-a329-4122-9c82-2ee75a4562c2"",""environment"":""f6319bd4-2e87-40d4-8547-4ce714038bc1"",""service"":""c236b8cb-3eff-45c5-aca0-23e73e33dc8d"",""deployment"":""69394420-c732-4ebe-a5fd-54c2d5628ea7"",""replica"":""7fc15fda-5103-4647-b7c4-6251ceb0ef53""}",2026-07-23T06:33:37.874049416Z
"2026-07-23T06:33:37.857Z [[34mdebug[39m] Screen message received {""service"":""mqtt-publisher-lite"",""topic"":""proof.mqtt/DEVICE-13/instagram"",""screen"":""instagram""}",info,"{""level"":""info""}","{""project"":""90a47e04-a329-4122-9c82-2ee75a4562c2"",""environment"":""f6319bd4-2e87-40d4-8547-4ce714038bc1"",""service"":""c236b8cb-3eff-45c5-aca0-23e73e33dc8d"",""deployment"":""69394420-c732-4ebe-a5fd-54c2d5628ea7"",""replica"":""7fc15fda-5103-4647-b7c4-6251ceb0ef53""}",2026-07-23T06:33:37.874052956Z
"2026-07-23T06:33:37.955Z [[32minfo[39m] ✅ PUBACK received {""service"":""mqtt-publisher-lite"",""messageId"":44766}",info,"{""level"":""info""}","{""project"":""90a47e04-a329-4122-9c82-2ee75a4562c2"",""environment"":""f6319bd4-2e87-40d4-8547-4ce714038bc1"",""service"":""c236b8cb-3eff-45c5-aca0-23e73e33dc8d"",""deployment"":""69394420-c732-4ebe-a5fd-54c2d5628ea7"",""replica"":""7fc15fda-5103-4647-b7c4-6251ceb0ef53""}",2026-07-23T06:33:37.972320358Z
"2026-07-23T06:33:37.956Z [[32minfo[39m] ✅ QoS 1 PUBACK confirmed {""service"":""mqtt-publisher-lite"",""deviceId"":""DEVICE-13"",""messageId"":44766,""deliveryTime"":""229ms"",""pendingCount"":0}",info,"{""level"":""info""}","{""project"":""90a47e04-a329-4122-9c82-2ee75a4562c2"",""environment"":""f6319bd4-2e87-40d4-8547-4ce714038bc1"",""service"":""c236b8cb-3eff-45c5-aca0-23e73e33dc8d"",""deployment"":""69394420-c732-4ebe-a5fd-54c2d5628ea7"",""replica"":""7fc15fda-5103-4647-b7c4-6251ceb0ef53""}",2026-07-23T06:33:37.972323938Z
"2026-07-23T06:33:37.956Z [[34mdebug[39m] ✅ [LIFECYCLE:PUBACK_OK] Device confirmed message receipt {""service"":""mqtt-publisher-lite"",""deviceId"":""DEVICE-13""}",info,"{""level"":""info""}","{""project"":""90a47e04-a329-4122-9c82-2ee75a4562c2"",""environment"":""f6319bd4-2e87-40d4-8547-4ce714038bc1"",""service"":""c236b8cb-3eff-45c5-aca0-23e73e33dc8d"",""deployment"":""69394420-c732-4ebe-a5fd-54c2d5628ea7"",""replica"":""7fc15fda-5103-4647-b7c4-6251ceb0ef53""}",2026-07-23T06:33:37.972327578Z
"2026-07-23T06:33:37.956Z [[34mdebug[39m] Message published {""service"":""mqtt-publisher-lite"",""topic"":""proof.mqtt/DEVICE-13/gmb"",""qos"":1,""deliveryTime"":""230ms""}",info,"{""level"":""info""}","{""project"":""90a47e04-a329-4122-9c82-2ee75a4562c2"",""environment"":""f6319bd4-2e87-40d4-8547-4ce714038bc1"",""service"":""c236b8cb-3eff-45c5-aca0-23e73e33dc8d"",""deployment"":""69394420-c732-4ebe-a5fd-54c2d5628ea7"",""replica"":""7fc15fda-5103-4647-b7c4-6251ceb0ef53""}",2026-07-23T06:33:37.972332028Z
"2026-07-23T06:33:37.956Z [[34mdebug[39m] Message received {""service"":""mqtt-publisher-lite"",""topic"":""proof.mqtt/DEVICE-13/gmb"",""size"":246,""retain"":false}",info,"{""level"":""info""}","{""project"":""90a47e04-a329-4122-9c82-2ee75a4562c2"",""environment"":""f6319bd4-2e87-40d4-8547-4ce714038bc1"",""service"":""c236b8cb-3eff-45c5-aca0-23e73e33dc8d"",""deployment"":""69394420-c732-4ebe-a5fd-54c2d5628ea7"",""replica"":""7fc15fda-5103-4647-b7c4-6251ceb0ef53""}",2026-07-23T06:33:37.972336208Z
"2026-07-23T06:33:37.956Z [[34mdebug[39m] Skipping echo message {""service"":""mqtt-publisher-lite"",""topic"":""proof.mqtt/DEVICE-13/gmb"",""age"":""0ms""}",info,"{""level"":""info""}","{""project"":""90a47e04-a329-4122-9c82-2ee75a4562c2"",""environment"":""f6319bd4-2e87-40d4-8547-4ce714038bc1"",""service"":""c236b8cb-3eff-45c5-aca0-23e73e33dc8d"",""deployment"":""69394420-c732-4ebe-a5fd-54c2d5628ea7"",""replica"":""7fc15fda-5103-4647-b7c4-6251ceb0ef53""}",2026-07-23T06:33:37.972340678Z
"2026-07-23T06:33:37.956Z [[34mdebug[39m] Screen message received {""service"":""mqtt-publisher-lite"",""topic"":""proof.mqtt/DEVICE-13/gmb"",""screen"":""gmb""}",info,"{""level"":""info""}","{""project"":""90a47e04-a329-4122-9c82-2ee75a4562c2"",""environment"":""f6319bd4-2e87-40d4-8547-4ce714038bc1"",""service"":""c236b8cb-3eff-45c5-aca0-23e73e33dc8d"",""deployment"":""69394420-c732-4ebe-a5fd-54c2d5628ea7"",""replica"":""7fc15fda-5103-4647-b7c4-6251ceb0ef53""}",2026-07-23T06:33:37.972345468Z
"2026-07-23T06:33:37.958Z [[32minfo[39m] [STIM_IG] Published {""service"":""mqtt-publisher-lite"",""deviceId"":""DEVICE-13"",""followers"":33,""target"":500,""mode"":""synthetic"",""achievement"":35,""celebration"":""false"",""done"":false}",info,"{""level"":""info""}","{""project"":""90a47e04-a329-4122-9c82-2ee75a4562c2"",""environment"":""f6319bd4-2e87-40d4-8547-4ce714038bc1"",""service"":""c236b8cb-3eff-45c5-aca0-23e73e33dc8d"",""deployment"":""69394420-c732-4ebe-a5fd-54c2d5628ea7"",""replica"":""7fc15fda-5103-4647-b7c4-6251ceb0ef53""}",2026-07-23T06:33:37.972349268Z
"2026-07-23T06:33:38.053Z [[32minfo[39m] [PROMOTION] No running brand canvas — default canvas {""service"":""mqtt-publisher-lite"",""deviceId"":""DEVICE-13"",""userId"":""6937af58f950f0f5356a1599""}",info,"{""level"":""info""}","{""project"":""90a47e04-a329-4122-9c82-2ee75a4562c2"",""environment"":""f6319bd4-2e87-40d4-8547-4ce714038bc1"",""service"":""c236b8cb-3eff-45c5-aca0-23e73e33dc8d"",""deployment"":""69394420-c732-4ebe-a5fd-54c2d5628ea7"",""replica"":""7fc15fda-5103-4647-b7c4-6251ceb0ef53""}",2026-07-23T06:33:38.055369830Z
"2026-07-23T06:33:38.053Z [[32minfo[39m] 📤 QoS 1 message sent {""service"":""mqtt-publisher-lite"",""messageId"":44767,""topic"":""proof.mqtt/DEVICE-13/promotion"",""qos"":1}",info,"{""level"":""info""}","{""project"":""90a47e04-a329-4122-9c82-2ee75a4562c2"",""environment"":""f6319bd4-2e87-40d4-8547-4ce714038bc1"",""service"":""c236b8cb-3eff-45c5-aca0-23e73e33dc8d"",""deployment"":""69394420-c732-4ebe-a5fd-54c2d5628ea7"",""replica"":""7fc15fda-5103-4647-b7c4-6251ceb0ef53""}",2026-07-23T06:33:38.055373890Z
"2026-07-23T06:33:38.053Z [[32minfo[39m] ⏱️ Tracking QoS 1 message (30s timeout) {""service"":""mqtt-publisher-lite"",""deviceId"":""DEVICE-13"",""messageId"":44767,""topic"":""proof.mqtt/DEVICE-13/promotion"",""pendingCount"":1}",info,"{""level"":""info""}","{""project"":""90a47e04-a329-4122-9c82-2ee75a4562c2"",""environment"":""f6319bd4-2e87-40d4-8547-4ce714038bc1"",""service"":""c236b8cb-3eff-45c5-aca0-23e73e33dc8d"",""deployment"":""69394420-c732-4ebe-a5fd-54c2d5628ea7"",""replica"":""7fc15fda-5103-4647-b7c4-6251ceb0ef53""}",2026-07-23T06:33:38.055378330Z
"2026-07-23T06:33:38.057Z [[32minfo[39m] [STIM_GMB] Published {""service"":""mqtt-publisher-lite"",""deviceId"":""DEVICE-13"",""reviews"":31,""target"":100,""mode"":""synthetic"",""celebration"":""false"",""done"":false}",info,"{""level"":""info""}","{""project"":""90a47e04-a329-4122-9c82-2ee75a4562c2"",""environment"":""f6319bd4-2e87-40d4-8547-4ce714038bc1"",""service"":""c236b8cb-3eff-45c5-aca0-23e73e33dc8d"",""deployment"":""69394420-c732-4ebe-a5fd-54c2d5628ea7"",""replica"":""7fc15fda-5103-4647-b7c4-6251ceb0ef53""}",2026-07-23T06:33:38.060847407Z
"2026-07-23T06:33:38.280Z [[32minfo[39m] ✅ QoS 1 PUBACK confirmed {""service"":""mqtt-publisher-lite"",""deviceId"":""DEVICE-13"",""messageId"":44767,""deliveryTime"":""226ms"",""pendingCount"":0}",info,"{""level"":""info""}","{""project"":""90a47e04-a329-4122-9c82-2ee75a4562c2"",""environment"":""f6319bd4-2e87-40d4-8547-4ce714038bc1"",""service"":""c236b8cb-3eff-45c5-aca0-23e73e33dc8d"",""deployment"":""69394420-c732-4ebe-a5fd-54c2d5628ea7"",""replica"":""7fc15fda-5103-4647-b7c4-6251ceb0ef53""}",2026-07-23T06:33:38.569290696Z
"2026-07-23T06:33:38.280Z [[34mdebug[39m] ✅ [LIFECYCLE:PUBACK_OK] Device confirmed message receipt {""service"":""mqtt-publisher-lite"",""deviceId"":""DEVICE-13""}",info,"{""level"":""info""}","{""project"":""90a47e04-a329-4122-9c82-2ee75a4562c2"",""environment"":""f6319bd4-2e87-40d4-8547-4ce714038bc1"",""service"":""c236b8cb-3eff-45c5-aca0-23e73e33dc8d"",""deployment"":""69394420-c732-4ebe-a5fd-54c2d5628ea7"",""replica"":""7fc15fda-5103-4647-b7c4-6251ceb0ef53""}",2026-07-23T06:33:38.569298726Z
"2026-07-23T06:33:38.280Z [[34mdebug[39m] Message published {""service"":""mqtt-publisher-lite"",""topic"":""proof.mqtt/DEVICE-13/promotion"",""qos"":1,""deliveryTime"":""227ms""}",info,"{""level"":""info""}","{""project"":""90a47e04-a329-4122-9c82-2ee75a4562c2"",""environment"":""f6319bd4-2e87-40d4-8547-4ce714038bc1"",""service"":""c236b8cb-3eff-45c5-aca0-23e73e33dc8d"",""deployment"":""69394420-c732-4ebe-a5fd-54c2d5628ea7"",""replica"":""7fc15fda-5103-4647-b7c4-6251ceb0ef53""}",2026-07-23T06:33:38.569304596Z
"2026-07-23T06:33:38.280Z [[34mdebug[39m] Message received {""service"":""mqtt-publisher-lite"",""topic"":""proof.mqtt/DEVICE-13/promotion"",""size"":227,""retain"":false}",info,"{""level"":""info""}","{""project"":""90a47e04-a329-4122-9c82-2ee75a4562c2"",""environment"":""f6319bd4-2e87-40d4-8547-4ce714038bc1"",""service"":""c236b8cb-3eff-45c5-aca0-23e73e33dc8d"",""deployment"":""69394420-c732-4ebe-a5fd-54c2d5628ea7"",""replica"":""7fc15fda-5103-4647-b7c4-6251ceb0ef53""}",2026-07-23T06:33:38.569309596Z
"2026-07-23T06:33:38.280Z [[34mdebug[39m] Skipping echo message {""service"":""mqtt-publisher-lite"",""topic"":""proof.mqtt/DEVICE-13/promotion"",""age"":""0ms""}",info,"{""level"":""info""}","{""project"":""90a47e04-a329-4122-9c82-2ee75a4562c2"",""environment"":""f6319bd4-2e87-40d4-8547-4ce714038bc1"",""service"":""c236b8cb-3eff-45c5-aca0-23e73e33dc8d"",""deployment"":""69394420-c732-4ebe-a5fd-54c2d5628ea7"",""replica"":""7fc15fda-5103-4647-b7c4-6251ceb0ef53""}",2026-07-23T06:33:38.569314586Z
"2026-07-23T06:33:38.280Z [[34mdebug[39m] Screen message received {""service"":""mqtt-publisher-lite"",""topic"":""proof.mqtt/DEVICE-13/promotion"",""screen"":""promotion""}",info,"{""level"":""info""}","{""project"":""90a47e04-a329-4122-9c82-2ee75a4562c2"",""environment"":""f6319bd4-2e87-40d4-8547-4ce714038bc1"",""service"":""c236b8cb-3eff-45c5-aca0-23e73e33dc8d"",""deployment"":""69394420-c732-4ebe-a5fd-54c2d5628ea7"",""replica"":""7fc15fda-5103-4647-b7c4-6251ceb0ef53""}",2026-07-23T06:33:38.569318686Z
"2026-07-23T06:33:38.381Z [[32minfo[39m] 🎨 [DEFAULT:PUBLISHED] Empty default canvas sent {""service"":""mqtt-publisher-lite"",""deviceId"":""DEVICE-13"",""topic"":""proof.mqtt/DEVICE-13/promotion""}",info,"{""level"":""info""}","{""project"":""90a47e04-a329-4122-9c82-2ee75a4562c2"",""environment"":""f6319bd4-2e87-40d4-8547-4ce714038bc1"",""service"":""c236b8cb-3eff-45c5-aca0-23e73e33dc8d"",""deployment"":""69394420-c732-4ebe-a5fd-54c2d5628ea7"",""replica"":""7fc15fda-5103-4647-b7c4-6251ceb0ef53""}",2026-07-23T06:33:38.569322826Z
"2026-07-23T06:33:38.381Z [[32minfo[39m] [CONNECT_REFRESH] Promotion published (connect force) {""service"":""mqtt-publisher-lite"",""deviceId"":""DEVICE-13"",""clearedHashes"":0}",info,"{""level"":""info""}","{""project"":""90a47e04-a329-4122-9c82-2ee75a4562c2"",""environment"":""f6319bd4-2e87-40d4-8547-4ce714038bc1"",""service"":""c236b8cb-3eff-45c5-aca0-23e73e33dc8d"",""deployment"":""69394420-c732-4ebe-a5fd-54c2d5628ea7"",""replica"":""7fc15fda-5103-4647-b7c4-6251ceb0ef53""}",2026-07-23T06:33:38.569327336Z
"2026-07-23T06:33:38.381Z [[32minfo[39m] [DEFERRED_WORK] Drain complete {""service"":""mqtt-publisher-lite"",""processed"":1,""skippedStale"":0,""failed"":0}",info,"{""level"":""info""}","{""project"":""90a47e04-a329-4122-9c82-2ee75a4562c2"",""environment"":""f6319bd4-2e87-40d4-8547-4ce714038bc1"",""service"":""c236b8cb-3eff-45c5-aca0-23e73e33dc8d"",""deployment"":""69394420-c732-4ebe-a5fd-54c2d5628ea7"",""replica"":""7fc15fda-5103-4647-b7c4-6251ceb0ef53""}",2026-07-23T06:33:38.569331176Z
"2026-07-23T06:33:38.279Z [[32minfo[39m] ✅ PUBACK received {""service"":""mqtt-publisher-lite"",""messageId"":44767}",info,"{""level"":""info""}","{""project"":""90a47e04-a329-4122-9c82-2ee75a4562c2"",""environment"":""f6319bd4-2e87-40d4-8547-4ce714038bc1"",""service"":""c236b8cb-3eff-45c5-aca0-23e73e33dc8d"",""deployment"":""69394420-c732-4ebe-a5fd-54c2d5628ea7"",""replica"":""7fc15fda-5103-4647-b7c4-6251ceb0ef53""}",2026-07-23T06:33:38.569375496Z
"2026-07-23T06:33:38.838Z [[32minfo[39m] InfluxDB batch flush {""service"":""mqtt-publisher-lite"",""source"":""metrics_disk_queue_worker"",""count"":1,""lines"":[""device_ota_events,device_id=DEVICE-13,event=boot,source=mqtt-publisher-lite,source_topic=active ip_address=\""127.0.0.1\"" 1784788416000000000""]}",info,"{""level"":""info""}","{""project"":""90a47e04-a329-4122-9c82-2ee75a4562c2"",""environment"":""f6319bd4-2e87-40d4-8547-4ce714038bc1"",""service"":""c236b8cb-3eff-45c5-aca0-23e73e33dc8d"",""deployment"":""69394420-c732-4ebe-a5fd-54c2d5628ea7"",""replica"":""7fc15fda-5103-4647-b7c4-6251ceb0ef53""}",2026-07-23T06:33:38.844138430Z
"2026-07-23T06:33:59.199Z [[32minfo[39m] 📤 QoS 1 message sent {""service"":""mqtt-publisher-lite"",""messageId"":44768,""topic"":""proof.mqtt/DEVICE-15/instagram"",""qos"":1}",info,"{""level"":""info""}","{""project"":""90a47e04-a329-4122-9c82-2ee75a4562c2"",""environment"":""f6319bd4-2e87-40d4-8547-4ce714038bc1"",""service"":""c236b8cb-3eff-45c5-aca0-23e73e33dc8d"",""deployment"":""69394420-c732-4ebe-a5fd-54c2d5628ea7"",""replica"":""7fc15fda-5103-4647-b7c4-6251ceb0ef53""}",2026-07-23T06:34:08.842729412Z
"2026-07-23T06:33:59.200Z [[32minfo[39m] ⏱️ Tracking QoS 1 message (30s timeout) {""service"":""mqtt-publisher-lite"",""deviceId"":""DEVICE-15"",""messageId"":44768,""topic"":""proof.mqtt/DEVICE-15/instagram"",""pendingCount"":1}",info,"{""level"":""info""}","{""project"":""90a47e04-a329-4122-9c82-2ee75a4562c2"",""environment"":""f6319bd4-2e87-40d4-8547-4ce714038bc1"",""service"":""c236b8cb-3eff-45c5-aca0-23e73e33dc8d"",""deployment"":""69394420-c732-4ebe-a5fd-54c2d5628ea7"",""replica"":""7fc15fda-5103-4647-b7c4-6251ceb0ef53""}",2026-07-23T06:34:08.842734392Z
"2026-07-23T06:33:59.301Z [[32minfo[39m] 📤 QoS 1 message sent {""service"":""mqtt-publisher-lite"",""messageId"":44769,""topic"":""proof.mqtt/DEVICE-15/gmb"",""qos"":1}",info,"{""level"":""info""}","{""project"":""90a47e04-a329-4122-9c82-2ee75a4562c2"",""environment"":""f6319bd4-2e87-40d4-8547-4ce714038bc1"",""service"":""c236b8cb-3eff-45c5-aca0-23e73e33dc8d"",""deployment"":""69394420-c732-4ebe-a5fd-54c2d5628ea7"",""replica"":""7fc15fda-5103-4647-b7c4-6251ceb0ef53""}",2026-07-23T06:34:08.842737612Z
"2026-07-23T06:33:59.301Z [[32minfo[39m] ⏱️ Tracking QoS 1 message (30s timeout) {""service"":""mqtt-publisher-lite"",""deviceId"":""DEVICE-15"",""messageId"":44769,""topic"":""proof.mqtt/DEVICE-15/gmb"",""pendingCount"":2}",info,"{""level"":""info""}","{""project"":""90a47e04-a329-4122-9c82-2ee75a4562c2"",""environment"":""f6319bd4-2e87-40d4-8547-4ce714038bc1"",""service"":""c236b8cb-3eff-45c5-aca0-23e73e33dc8d"",""deployment"":""69394420-c732-4ebe-a5fd-54c2d5628ea7"",""replica"":""7fc15fda-5103-4647-b7c4-6251ceb0ef53""}",2026-07-23T06:34:08.842740462Z
"2026-07-23T06:33:59.419Z [[32minfo[39m] ✅ PUBACK received {""service"":""mqtt-publisher-lite"",""messageId"":44768}",info,"{""level"":""info""}","{""project"":""90a47e04-a329-4122-9c82-2ee75a4562c2"",""environment"":""f6319bd4-2e87-40d4-8547-4ce714038bc1"",""service"":""c236b8cb-3eff-45c5-aca0-23e73e33dc8d"",""deployment"":""69394420-c732-4ebe-a5fd-54c2d5628ea7"",""replica"":""7fc15fda-5103-4647-b7c4-6251ceb0ef53""}",2026-07-23T06:34:08.842743642Z
"2026-07-23T06:33:59.419Z [[32minfo[39m] ✅ QoS 1 PUBACK confirmed {""service"":""mqtt-publisher-lite"",""deviceId"":""DEVICE-15"",""messageId"":44768,""deliveryTime"":""219ms"",""pendingCount"":1}",info,"{""level"":""info""}","{""project"":""90a47e04-a329-4122-9c82-2ee75a4562c2"",""environment"":""f6319bd4-2e87-40d4-8547-4ce714038bc1"",""service"":""c236b8cb-3eff-45c5-aca0-23e73e33dc8d"",""deployment"":""69394420-c732-4ebe-a5fd-54c2d5628ea7"",""replica"":""7fc15fda-5103-4647-b7c4-6251ceb0ef53""}",2026-07-23T06:34:08.842746922Z
"2026-07-23T06:33:59.419Z [[34mdebug[39m] ✅ [LIFECYCLE:PUBACK_OK] Device confirmed message receipt {""service"":""mqtt-publisher-lite"",""deviceId"":""DEVICE-15""}",info,"{""level"":""info""}","{""project"":""90a47e04-a329-4122-9c82-2ee75a4562c2"",""environment"":""f6319bd4-2e87-40d4-8547-4ce714038bc1"",""service"":""c236b8cb-3eff-45c5-aca0-23e73e33dc8d"",""deployment"":""69394420-c732-4ebe-a5fd-54c2d5628ea7"",""replica"":""7fc15fda-5103-4647-b7c4-6251ceb0ef53""}",2026-07-23T06:34:08.842750122Z
"2026-07-23T06:33:59.419Z [[34mdebug[39m] Message published {""service"":""mqtt-publisher-lite"",""topic"":""proof.mqtt/DEVICE-15/instagram"",""qos"":1,""deliveryTime"":""220ms""}",info,"{""level"":""info""}","{""project"":""90a47e04-a329-4122-9c82-2ee75a4562c2"",""environment"":""f6319bd4-2e87-40d4-8547-4ce714038bc1"",""service"":""c236b8cb-3eff-45c5-aca0-23e73e33dc8d"",""deployment"":""69394420-c732-4ebe-a5fd-54c2d5628ea7"",""replica"":""7fc15fda-5103-4647-b7c4-6251ceb0ef53""}",2026-07-23T06:34:08.842754261Z
"2026-07-23T06:33:59.419Z [[34mdebug[39m] Message received {""service"":""mqtt-publisher-lite"",""topic"":""proof.mqtt/DEVICE-15/instagram"",""size"":228,""retain"":false}",info,"{""level"":""info""}","{""project"":""90a47e04-a329-4122-9c82-2ee75a4562c2"",""environment"":""f6319bd4-2e87-40d4-8547-4ce714038bc1"",""service"":""c236b8cb-3eff-45c5-aca0-23e73e33dc8d"",""deployment"":""69394420-c732-4ebe-a5fd-54c2d5628ea7"",""replica"":""7fc15fda-5103-4647-b7c4-6251ceb0ef53""}",2026-07-23T06:34:08.842758751Z
"2026-07-23T06:33:59.419Z [[34mdebug[39m] Skipping echo message {""service"":""mqtt-publisher-lite"",""topic"":""proof.mqtt/DEVICE-15/instagram"",""age"":""0ms""}",info,"{""level"":""info""}","{""project"":""90a47e04-a329-4122-9c82-2ee75a4562c2"",""environment"":""f6319bd4-2e87-40d4-8547-4ce714038bc1"",""service"":""c236b8cb-3eff-45c5-aca0-23e73e33dc8d"",""deployment"":""69394420-c732-4ebe-a5fd-54c2d5628ea7"",""replica"":""7fc15fda-5103-4647-b7c4-6251ceb0ef53""}",2026-07-23T06:34:08.842761361Z
"2026-07-23T06:33:59.420Z [[34mdebug[39m] Screen message received {""service"":""mqtt-publisher-lite"",""topic"":""proof.mqtt/DEVICE-15/instagram"",""screen"":""instagram""}",info,"{""level"":""info""}","{""project"":""90a47e04-a329-4122-9c82-2ee75a4562c2"",""environment"":""f6319bd4-2e87-40d4-8547-4ce714038bc1"",""service"":""c236b8cb-3eff-45c5-aca0-23e73e33dc8d"",""deployment"":""69394420-c732-4ebe-a5fd-54c2d5628ea7"",""replica"":""7fc15fda-5103-4647-b7c4-6251ceb0ef53""}",2026-07-23T06:34:08.843656454Z
"2026-07-23T06:33:59.520Z [[32minfo[39m] ✅ PUBACK received {""service"":""mqtt-publisher-lite"",""messageId"":44769}",info,"{""level"":""info""}","{""project"":""90a47e04-a329-4122-9c82-2ee75a4562c2"",""environment"":""f6319bd4-2e87-40d4-8547-4ce714038bc1"",""service"":""c236b8cb-3eff-45c5-aca0-23e73e33dc8d"",""deployment"":""69394420-c732-4ebe-a5fd-54c2d5628ea7"",""replica"":""7fc15fda-5103-4647-b7c4-6251ceb0ef53""}",2026-07-23T06:34:08.843661744Z
"2026-07-23T06:33:59.520Z [[32minfo[39m] ✅ QoS 1 PUBACK confirmed {""service"":""mqtt-publisher-lite"",""deviceId"":""DEVICE-15"",""messageId"":44769,""deliveryTime"":""219ms"",""pendingCount"":0}",info,"{""level"":""info""}","{""project"":""90a47e04-a329-4122-9c82-2ee75a4562c2"",""environment"":""f6319bd4-2e87-40d4-8547-4ce714038bc1"",""service"":""c236b8cb-3eff-45c5-aca0-23e73e33dc8d"",""deployment"":""69394420-c732-4ebe-a5fd-54c2d5628ea7"",""replica"":""7fc15fda-5103-4647-b7c4-6251ceb0ef53""}",2026-07-23T06:34:08.843665284Z
"2026-07-23T06:33:59.520Z [[34mdebug[39m] ✅ [LIFECYCLE:PUBACK_OK] Device confirmed message receipt {""service"":""mqtt-publisher-lite"",""deviceId"":""DEVICE-15""}",info,"{""level"":""info""}","{""project"":""90a47e04-a329-4122-9c82-2ee75a4562c2"",""environment"":""f6319bd4-2e87-40d4-8547-4ce714038bc1"",""service"":""c236b8cb-3eff-45c5-aca0-23e73e33dc8d"",""deployment"":""69394420-c732-4ebe-a5fd-54c2d5628ea7"",""replica"":""7fc15fda-5103-4647-b7c4-6251ceb0ef53""}",2026-07-23T06:34:08.843668214Z
"2026-07-23T06:33:59.520Z [[34mdebug[39m] Message published {""service"":""mqtt-publisher-lite"",""topic"":""proof.mqtt/DEVICE-15/gmb"",""qos"":1,""deliveryTime"":""220ms""}",info,"{""level"":""info""}","{""project"":""90a47e04-a329-4122-9c82-2ee75a4562c2"",""environment"":""f6319bd4-2e87-40d4-8547-4ce714038bc1"",""service"":""c236b8cb-3eff-45c5-aca0-23e73e33dc8d"",""deployment"":""69394420-c732-4ebe-a5fd-54c2d5628ea7"",""replica"":""7fc15fda-5103-4647-b7c4-6251ceb0ef53""}",2026-07-23T06:34:08.843672304Z
"2026-07-23T06:33:59.521Z [[34mdebug[39m] Message received {""service"":""mqtt-publisher-lite"",""topic"":""proof.mqtt/DEVICE-15/gmb"",""size"":246,""retain"":false}",info,"{""level"":""info""}","{""project"":""90a47e04-a329-4122-9c82-2ee75a4562c2"",""environment"":""f6319bd4-2e87-40d4-8547-4ce714038bc1"",""service"":""c236b8cb-3eff-45c5-aca0-23e73e33dc8d"",""deployment"":""69394420-c732-4ebe-a5fd-54c2d5628ea7"",""replica"":""7fc15fda-5103-4647-b7c4-6251ceb0ef53""}",2026-07-23T06:34:08.843676494Z
"2026-07-23T06:33:59.521Z [[34mdebug[39m] Skipping echo message {""service"":""mqtt-publisher-lite"",""topic"":""proof.mqtt/DEVICE-15/gmb"",""age"":""1ms""}",info,"{""level"":""info""}","{""project"":""90a47e04-a329-4122-9c82-2ee75a4562c2"",""environment"":""f6319bd4-2e87-40d4-8547-4ce714038bc1"",""service"":""c236b8cb-3eff-45c5-aca0-23e73e33dc8d"",""deployment"":""69394420-c732-4ebe-a5fd-54c2d5628ea7"",""replica"":""7fc15fda-5103-4647-b7c4-6251ceb0ef53""}",2026-07-23T06:34:08.843679634Z
"2026-07-23T06:33:59.521Z [[34mdebug[39m] Screen message received {""service"":""mqtt-publisher-lite"",""topic"":""proof.mqtt/DEVICE-15/gmb"",""screen"":""gmb""}",info,"{""level"":""info""}","{""project"":""90a47e04-a329-4122-9c82-2ee75a4562c2"",""environment"":""f6319bd4-2e87-40d4-8547-4ce714038bc1"",""service"":""c236b8cb-3eff-45c5-aca0-23e73e33dc8d"",""deployment"":""69394420-c732-4ebe-a5fd-54c2d5628ea7"",""replica"":""7fc15fda-5103-4647-b7c4-6251ceb0ef53""}",2026-07-23T06:34:08.843682744Z
"2026-07-23T06:33:59.522Z [[32minfo[39m] [STIM_IG] Published {""service"":""mqtt-publisher-lite"",""deviceId"":""DEVICE-15"",""followers"":38,""target"":500,""mode"":""synthetic"",""achievement"":40,""celebration"":""false"",""done"":false}",info,"{""level"":""info""}","{""project"":""90a47e04-a329-4122-9c82-2ee75a4562c2"",""environment"":""f6319bd4-2e87-40d4-8547-4ce714038bc1"",""service"":""c236b8cb-3eff-45c5-aca0-23e73e33dc8d"",""deployment"":""69394420-c732-4ebe-a5fd-54c2d5628ea7"",""replica"":""7fc15fda-5103-4647-b7c4-6251ceb0ef53""}",2026-07-23T06:34:08.843686084Z
"2026-07-23T06:33:59.620Z [[32minfo[39m] [STIM_GMB] Published {""service"":""mqtt-publisher-lite"",""deviceId"":""DEVICE-15"",""reviews"":36,""target"":100,""mode"":""synthetic"",""celebration"":""false"",""done"":false}",info,"{""level"":""info""}","{""project"":""90a47e04-a329-4122-9c82-2ee75a4562c2"",""environment"":""f6319bd4-2e87-40d4-8547-4ce714038bc1"",""service"":""c236b8cb-3eff-45c5-aca0-23e73e33dc8d"",""deployment"":""69394420-c732-4ebe-a5fd-54c2d5628ea7"",""replica"":""7fc15fda-5103-4647-b7c4-6251ceb0ef53""}",2026-07-23T06:34:08.843689194Z
"2026-07-23T06:34:07.627Z [[32minfo[39m] 📤 QoS 1 message sent {""service"":""mqtt-publisher-lite"",""messageId"":44770,""topic"":""proof.mqtt/DEVICE-13/instagram"",""qos"":1}",info,"{""level"":""info""}","{""project"":""90a47e04-a329-4122-9c82-2ee75a4562c2"",""environment"":""f6319bd4-2e87-40d4-8547-4ce714038bc1"",""service"":""c236b8cb-3eff-45c5-aca0-23e73e33dc8d"",""deployment"":""69394420-c732-4ebe-a5fd-54c2d5628ea7"",""replica"":""7fc15fda-5103-4647-b7c4-6251ceb0ef53""}",2026-07-23T06:34:08.844158190Z
"2026-07-23T06:34:07.627Z [[32minfo[39m] ⏱️ Tracking QoS 1 message (30s timeout) {""service"":""mqtt-publisher-lite"",""deviceId"":""DEVICE-13"",""messageId"":44770,""topic"":""proof.mqtt/DEVICE-13/instagram"",""pendingCount"":1}",info,"{""level"":""info""}","{""project"":""90a47e04-a329-4122-9c82-2ee75a4562c2"",""environment"":""f6319bd4-2e87-40d4-8547-4ce714038bc1"",""service"":""c236b8cb-3eff-45c5-aca0-23e73e33dc8d"",""deployment"":""69394420-c732-4ebe-a5fd-54c2d5628ea7"",""replica"":""7fc15fda-5103-4647-b7c4-6251ceb0ef53""}",2026-07-23T06:34:08.844161710Z
"2026-07-23T06:34:07.726Z [[32minfo[39m] 📤 QoS 1 message sent {""service"":""mqtt-publisher-lite"",""messageId"":44771,""topic"":""proof.mqtt/DEVICE-13/gmb"",""qos"":1}",info,"{""level"":""info""}","{""project"":""90a47e04-a329-4122-9c82-2ee75a4562c2"",""environment"":""f6319bd4-2e87-40d4-8547-4ce714038bc1"",""service"":""c236b8cb-3eff-45c5-aca0-23e73e33dc8d"",""deployment"":""69394420-c732-4ebe-a5fd-54c2d5628ea7"",""replica"":""7fc15fda-5103-4647-b7c4-6251ceb0ef53""}",2026-07-23T06:34:08.844164770Z
"2026-07-23T06:34:07.727Z [[32minfo[39m] ⏱️ Tracking QoS 1 message (30s timeout) {""service"":""mqtt-publisher-lite"",""deviceId"":""DEVICE-13"",""messageId"":44771,""topic"":""proof.mqtt/DEVICE-13/gmb"",""pendingCount"":2}",info,"{""level"":""info""}","{""project"":""90a47e04-a329-4122-9c82-2ee75a4562c2"",""environment"":""f6319bd4-2e87-40d4-8547-4ce714038bc1"",""service"":""c236b8cb-3eff-45c5-aca0-23e73e33dc8d"",""deployment"":""69394420-c732-4ebe-a5fd-54c2d5628ea7"",""replica"":""7fc15fda-5103-4647-b7c4-6251ceb0ef53""}",2026-07-23T06:34:08.844167850Z
"2026-07-23T06:34:07.846Z [[32minfo[39m] ✅ PUBACK received {""service"":""mqtt-publisher-lite"",""messageId"":44770}",info,"{""level"":""info""}","{""project"":""90a47e04-a329-4122-9c82-2ee75a4562c2"",""environment"":""f6319bd4-2e87-40d4-8547-4ce714038bc1"",""service"":""c236b8cb-3eff-45c5-aca0-23e73e33dc8d"",""deployment"":""69394420-c732-4ebe-a5fd-54c2d5628ea7"",""replica"":""7fc15fda-5103-4647-b7c4-6251ceb0ef53""}",2026-07-23T06:34:08.844170980Z
"2026-07-23T06:34:07.847Z [[32minfo[39m] ✅ QoS 1 PUBACK confirmed {""service"":""mqtt-publisher-lite"",""deviceId"":""DEVICE-13"",""messageId"":44770,""deliveryTime"":""220ms"",""pendingCount"":1}",info,"{""level"":""info""}","{""project"":""90a47e04-a329-4122-9c82-2ee75a4562c2"",""environment"":""f6319bd4-2e87-40d4-8547-4ce714038bc1"",""service"":""c236b8cb-3eff-45c5-aca0-23e73e33dc8d"",""deployment"":""69394420-c732-4ebe-a5fd-54c2d5628ea7"",""replica"":""7fc15fda-5103-4647-b7c4-6251ceb0ef53""}",2026-07-23T06:34:08.844174180Z
"2026-07-23T06:34:07.847Z [[34mdebug[39m] ✅ [LIFECYCLE:PUBACK_OK] Device confirmed message receipt {""service"":""mqtt-publisher-lite"",""deviceId"":""DEVICE-13""}",info,"{""level"":""info""}","{""project"":""90a47e04-a329-4122-9c82-2ee75a4562c2"",""environment"":""f6319bd4-2e87-40d4-8547-4ce714038bc1"",""service"":""c236b8cb-3eff-45c5-aca0-23e73e33dc8d"",""deployment"":""69394420-c732-4ebe-a5fd-54c2d5628ea7"",""replica"":""7fc15fda-5103-4647-b7c4-6251ceb0ef53""}",2026-07-23T06:34:08.844177060Z
"2026-07-23T06:34:07.847Z [[34mdebug[39m] Message published {""service"":""mqtt-publisher-lite"",""topic"":""proof.mqtt/DEVICE-13/instagram"",""qos"":1,""deliveryTime"":""220ms""}",info,"{""level"":""info""}","{""project"":""90a47e04-a329-4122-9c82-2ee75a4562c2"",""environment"":""f6319bd4-2e87-40d4-8547-4ce714038bc1"",""service"":""c236b8cb-3eff-45c5-aca0-23e73e33dc8d"",""deployment"":""69394420-c732-4ebe-a5fd-54c2d5628ea7"",""replica"":""7fc15fda-5103-4647-b7c4-6251ceb0ef53""}",2026-07-23T06:34:08.844179790Z
"2026-07-23T06:34:07.847Z [[34mdebug[39m] Message received {""service"":""mqtt-publisher-lite"",""topic"":""proof.mqtt/DEVICE-13/instagram"",""size"":228,""retain"":false}",info,"{""level"":""info""}","{""project"":""90a47e04-a329-4122-9c82-2ee75a4562c2"",""environment"":""f6319bd4-2e87-40d4-8547-4ce714038bc1"",""service"":""c236b8cb-3eff-45c5-aca0-23e73e33dc8d"",""deployment"":""69394420-c732-4ebe-a5fd-54c2d5628ea7"",""replica"":""7fc15fda-5103-4647-b7c4-6251ceb0ef53""}",2026-07-23T06:34:08.844182640Z
"2026-07-23T06:34:07.848Z [[34mdebug[39m] Skipping echo message {""service"":""mqtt-publisher-lite"",""topic"":""proof.mqtt/DEVICE-13/instagram"",""age"":""1ms""}",info,"{""level"":""info""}","{""project"":""90a47e04-a329-4122-9c82-2ee75a4562c2"",""environment"":""f6319bd4-2e87-40d4-8547-4ce714038bc1"",""service"":""c236b8cb-3eff-45c5-aca0-23e73e33dc8d"",""deployment"":""69394420-c732-4ebe-a5fd-54c2d5628ea7"",""replica"":""7fc15fda-5103-4647-b7c4-6251ceb0ef53""}",2026-07-23T06:34:08.844185590Z
"2026-07-23T06:34:07.848Z [[34mdebug[39m] Screen message received {""service"":""mqtt-publisher-lite"",""topic"":""proof.mqtt/DEVICE-13/instagram"",""screen"":""instagram""}",info,"{""level"":""info""}","{""project"":""90a47e04-a329-4122-9c82-2ee75a4562c2"",""environment"":""f6319bd4-2e87-40d4-8547-4ce714038bc1"",""service"":""c236b8cb-3eff-45c5-aca0-23e73e33dc8d"",""deployment"":""69394420-c732-4ebe-a5fd-54c2d5628ea7"",""replica"":""7fc15fda-5103-4647-b7c4-6251ceb0ef53""}",2026-07-23T06:34:08.845086163Z
"2026-07-23T06:34:07.946Z [[32minfo[39m] ✅ PUBACK received {""service"":""mqtt-publisher-lite"",""messageId"":44771}",info,"{""level"":""info""}","{""project"":""90a47e04-a329-4122-9c82-2ee75a4562c2"",""environment"":""f6319bd4-2e87-40d4-8547-4ce714038bc1"",""service"":""c236b8cb-3eff-45c5-aca0-23e73e33dc8d"",""deployment"":""69394420-c732-4ebe-a5fd-54c2d5628ea7"",""replica"":""7fc15fda-5103-4647-b7c4-6251ceb0ef53""}",2026-07-23T06:34:08.845091433Z
"2026-07-23T06:34:07.946Z [[32minfo[39m] ✅ QoS 1 PUBACK confirmed {""service"":""mqtt-publisher-lite"",""deviceId"":""DEVICE-13"",""messageId"":44771,""deliveryTime"":""219ms"",""pendingCount"":0}",info,"{""level"":""info""}","{""project"":""90a47e04-a329-4122-9c82-2ee75a4562c2"",""environment"":""f6319bd4-2e87-40d4-8547-4ce714038bc1"",""service"":""c236b8cb-3eff-45c5-aca0-23e73e33dc8d"",""deployment"":""69394420-c732-4ebe-a5fd-54c2d5628ea7"",""replica"":""7fc15fda-5103-4647-b7c4-6251ceb0ef53""}",2026-07-23T06:34:08.845094723Z
"2026-07-23T06:34:07.946Z [[34mdebug[39m] ✅ [LIFECYCLE:PUBACK_OK] Device confirmed message receipt {""service"":""mqtt-publisher-lite"",""deviceId"":""DEVICE-13""}",info,"{""level"":""info""}","{""project"":""90a47e04-a329-4122-9c82-2ee75a4562c2"",""environment"":""f6319bd4-2e87-40d4-8547-4ce714038bc1"",""service"":""c236b8cb-3eff-45c5-aca0-23e73e33dc8d"",""deployment"":""69394420-c732-4ebe-a5fd-54c2d5628ea7"",""replica"":""7fc15fda-5103-4647-b7c4-6251ceb0ef53""}",2026-07-23T06:34:08.845098363Z
"2026-07-23T06:34:07.946Z [[34mdebug[39m] Message published {""service"":""mqtt-publisher-lite"",""topic"":""proof.mqtt/DEVICE-13/gmb"",""qos"":1,""deliveryTime"":""220ms""}",info,"{""level"":""info""}","{""project"":""90a47e04-a329-4122-9c82-2ee75a4562c2"",""environment"":""f6319bd4-2e87-40d4-8547-4ce714038bc1"",""service"":""c236b8cb-3eff-45c5-aca0-23e73e33dc8d"",""deployment"":""69394420-c732-4ebe-a5fd-54c2d5628ea7"",""replica"":""7fc15fda-5103-4647-b7c4-6251ceb0ef53""}",2026-07-23T06:34:08.845101233Z
"2026-07-23T06:34:07.947Z [[34mdebug[39m] Message received {""service"":""mqtt-publisher-lite"",""topic"":""proof.mqtt/DEVICE-13/gmb"",""size"":246,""retain"":false}",info,"{""level"":""info""}","{""project"":""90a47e04-a329-4122-9c82-2ee75a4562c2"",""environment"":""f6319bd4-2e87-40d4-8547-4ce714038bc1"",""service"":""c236b8cb-3eff-45c5-aca0-23e73e33dc8d"",""deployment"":""69394420-c732-4ebe-a5fd-54c2d5628ea7"",""replica"":""7fc15fda-5103-4647-b7c4-6251ceb0ef53""}",2026-07-23T06:34:08.845104373Z
"2026-07-23T06:34:07.947Z [[34mdebug[39m] Skipping echo message {""service"":""mqtt-publisher-lite"",""topic"":""proof.mqtt/DEVICE-13/gmb"",""age"":""1ms""}",info,"{""level"":""info""}","{""project"":""90a47e04-a329-4122-9c82-2ee75a4562c2"",""environment"":""f6319bd4-2e87-40d4-8547-4ce714038bc1"",""service"":""c236b8cb-3eff-45c5-aca0-23e73e33dc8d"",""deployment"":""69394420-c732-4ebe-a5fd-54c2d5628ea7"",""replica"":""7fc15fda-5103-4647-b7c4-6251ceb0ef53""}",2026-07-23T06:34:08.845107133Z
"2026-07-23T06:34:07.947Z [[34mdebug[39m] Screen message received {""service"":""mqtt-publisher-lite"",""topic"":""proof.mqtt/DEVICE-13/gmb"",""screen"":""gmb""}",info,"{""level"":""info""}","{""project"":""90a47e04-a329-4122-9c82-2ee75a4562c2"",""environment"":""f6319bd4-2e87-40d4-8547-4ce714038bc1"",""service"":""c236b8cb-3eff-45c5-aca0-23e73e33dc8d"",""deployment"":""69394420-c732-4ebe-a5fd-54c2d5628ea7"",""replica"":""7fc15fda-5103-4647-b7c4-6251ceb0ef53""}",2026-07-23T06:34:08.845111103Z
"2026-07-23T06:34:07.948Z [[32minfo[39m] [STIM_IG] Published {""service"":""mqtt-publisher-lite"",""deviceId"":""DEVICE-13"",""followers"":34,""target"":500,""mode"":""synthetic"",""achievement"":35,""celebration"":""false"",""done"":false}",info,"{""level"":""info""}","{""project"":""90a47e04-a329-4122-9c82-2ee75a4562c2"",""environment"":""f6319bd4-2e87-40d4-8547-4ce714038bc1"",""service"":""c236b8cb-3eff-45c5-aca0-23e73e33dc8d"",""deployment"":""69394420-c732-4ebe-a5fd-54c2d5628ea7"",""replica"":""7fc15fda-5103-4647-b7c4-6251ceb0ef53""}",2026-07-23T06:34:08.845114173Z
"2026-07-23T06:34:08.046Z [[32minfo[39m] [STIM_GMB] Published {""service"":""mqtt-publisher-lite"",""deviceId"":""DEVICE-13"",""reviews"":32,""target"":100,""mode"":""synthetic"",""celebration"":""false"",""done"":false}",info,"{""level"":""info""}","{""project"":""90a47e04-a329-4122-9c82-2ee75a4562c2"",""environment"":""f6319bd4-2e87-40d4-8547-4ce714038bc1"",""service"":""c236b8cb-3eff-45c5-aca0-23e73e33dc8d"",""deployment"":""69394420-c732-4ebe-a5fd-54c2d5628ea7"",""replica"":""7fc15fda-5103-4647-b7c4-6251ceb0ef53""}",2026-07-23T06:34:08.845117163Z
"2026-07-23T06:34:15.362Z [[34mdebug[39m] Message received {""service"":""mqtt-publisher-lite"",""topic"":""proof.mqtt/DEVICE-13/lwt"",""size"":84,""retain"":false}",info,"{""level"":""info""}","{""project"":""90a47e04-a329-4122-9c82-2ee75a4562c2"",""environment"":""f6319bd4-2e87-40d4-8547-4ce714038bc1"",""service"":""c236b8cb-3eff-45c5-aca0-23e73e33dc8d"",""deployment"":""69394420-c732-4ebe-a5fd-54c2d5628ea7"",""replica"":""7fc15fda-5103-4647-b7c4-6251ceb0ef53""}",2026-07-23T06:34:15.365569066Z
"2026-07-23T06:34:15.363Z [[32minfo[39m] 📨 Broker-generated LWT message detected {""service"":""mqtt-publisher-lite"",""topic"":""proof.mqtt/DEVICE-13/lwt""}",info,"{""level"":""info""}","{""project"":""90a47e04-a329-4122-9c82-2ee75a4562c2"",""environment"":""f6319bd4-2e87-40d4-8547-4ce714038bc1"",""service"":""c236b8cb-3eff-45c5-aca0-23e73e33dc8d"",""deployment"":""69394420-c732-4ebe-a5fd-54c2d5628ea7"",""replica"":""7fc15fda-5103-4647-b7c4-6251ceb0ef53""}",2026-07-23T06:34:15.365574106Z
"2026-07-23T06:34:15.363Z [[32minfo[39m] 💀 LWT: Device Disconnected (Broker-Generated) {""service"":""mqtt-publisher-lite"",""deviceId"":""DEVICE-13"",""clientId"":""DEVICE-13"",""topic"":""/lwt"",""reason"":""Client disconnected (all types: graceful, crash, power cut, etc.)"",""source"":""broker"",""mechanism"":""Last Will and Testament""}",info,"{""level"":""info""}","{""project"":""90a47e04-a329-4122-9c82-2ee75a4562c2"",""environment"":""f6319bd4-2e87-40d4-8547-4ce714038bc1"",""service"":""c236b8cb-3eff-45c5-aca0-23e73e33dc8d"",""deployment"":""69394420-c732-4ebe-a5fd-54c2d5628ea7"",""replica"":""7fc15fda-5103-4647-b7c4-6251ceb0ef53""}",2026-07-23T06:34:15.365577356Z
"2026-07-23T06:34:15.363Z [[32minfo[39m] 💀 [LIFECYCLE:LWT] Removing device from Redis active cache {""service"":""mqtt-publisher-lite"",""deviceId"":""DEVICE-13""}",info,"{""level"":""info""}","{""project"":""90a47e04-a329-4122-9c82-2ee75a4562c2"",""environment"":""f6319bd4-2e87-40d4-8547-4ce714038bc1"",""service"":""c236b8cb-3eff-45c5-aca0-23e73e33dc8d"",""deployment"":""69394420-c732-4ebe-a5fd-54c2d5628ea7"",""replica"":""7fc15fda-5103-4647-b7c4-6251ceb0ef53""}",2026-07-23T06:34:15.365580146Z
"2026-07-23T06:34:15.425Z [[34mdebug[39m] Message received {""service"":""mqtt-publisher-lite"",""topic"":""proof.mqtt/DEVICE-13/active"",""size"":229,""retain"":false}",info,"{""level"":""info""}","{""project"":""90a47e04-a329-4122-9c82-2ee75a4562c2"",""environment"":""f6319bd4-2e87-40d4-8547-4ce714038bc1"",""service"":""c236b8cb-3eff-45c5-aca0-23e73e33dc8d"",""deployment"":""69394420-c732-4ebe-a5fd-54c2d5628ea7"",""replica"":""7fc15fda-5103-4647-b7c4-6251ceb0ef53""}",2026-07-23T06:34:15.426403929Z
"2026-07-23T06:34:15.425Z [[32minfo[39m] 📱 Device Registration Received {""service"":""mqtt-publisher-lite"",""deviceId"":""DEVICE-13"",""type"":""device_registration""}",info,"{""level"":""info""}","{""project"":""90a47e04-a329-4122-9c82-2ee75a4562c2"",""environment"":""f6319bd4-2e87-40d4-8547-4ce714038bc1"",""service"":""c236b8cb-3eff-45c5-aca0-23e73e33dc8d"",""deployment"":""69394420-c732-4ebe-a5fd-54c2d5628ea7"",""replica"":""7fc15fda-5103-4647-b7c4-6251ceb0ef53""}",2026-07-23T06:34:15.426409809Z
"2026-07-23T06:34:15.550Z [[32minfo[39m] ✅ Existing device reconnected {""service"":""mqtt-publisher-lite"",""deviceId"":""DEVICE-13""}",info,"{""level"":""info""}","{""project"":""90a47e04-a329-4122-9c82-2ee75a4562c2"",""environment"":""f6319bd4-2e87-40d4-8547-4ce714038bc1"",""service"":""c236b8cb-3eff-45c5-aca0-23e73e33dc8d"",""deployment"":""69394420-c732-4ebe-a5fd-54c2d5628ea7"",""replica"":""7fc15fda-5103-4647-b7c4-6251ceb0ef53""}",2026-07-23T06:34:15.552099404Z
"2026-07-23T06:34:15.550Z [[32minfo[39m] 📤 QoS 1 message sent {""service"":""mqtt-publisher-lite"",""messageId"":44772,""topic"":""proof.mqtt/DEVICE-13/registration_ack"",""qos"":1}",info,"{""level"":""info""}","{""project"":""90a47e04-a329-4122-9c82-2ee75a4562c2"",""environment"":""f6319bd4-2e87-40d4-8547-4ce714038bc1"",""service"":""c236b8cb-3eff-45c5-aca0-23e73e33dc8d"",""deployment"":""69394420-c732-4ebe-a5fd-54c2d5628ea7"",""replica"":""7fc15fda-5103-4647-b7c4-6251ceb0ef53""}",2026-07-23T06:34:15.552109294Z
"2026-07-23T06:34:15.551Z [[32minfo[39m] ⏱️ Tracking QoS 1 message (30s timeout) {""service"":""mqtt-publisher-lite"",""deviceId"":""DEVICE-13"",""messageId"":44772,""topic"":""proof.mqtt/DEVICE-13/registration_ack"",""pendingCount"":1}",info,"{""level"":""info""}","{""project"":""90a47e04-a329-4122-9c82-2ee75a4562c2"",""environment"":""f6319bd4-2e87-40d4-8547-4ce714038bc1"",""service"":""c236b8cb-3eff-45c5-aca0-23e73e33dc8d"",""deployment"":""69394420-c732-4ebe-a5fd-54c2d5628ea7"",""replica"":""7fc15fda-5103-4647-b7c4-6251ceb0ef53""}",2026-07-23T06:34:15.552112894Z
"2026-07-23T06:34:15.684Z [[32minfo[39m] 💀 [LIFECYCLE:LWT] Cleared MQTT publish dedupe hashes {""service"":""mqtt-publisher-lite"",""deviceId"":""DEVICE-13"",""clearedPublishHashes"":1}",info,"{""level"":""info""}","{""project"":""90a47e04-a329-4122-9c82-2ee75a4562c2"",""environment"":""f6319bd4-2e87-40d4-8547-4ce714038bc1"",""service"":""c236b8cb-3eff-45c5-aca0-23e73e33dc8d"",""deployment"":""69394420-c732-4ebe-a5fd-54c2d5628ea7"",""replica"":""7fc15fda-5103-4647-b7c4-6251ceb0ef53""}",2026-07-23T06:34:15.993359435Z
"2026-07-23T06:34:15.684Z [[32minfo[39m] [STIM] /lwt — device disconnected, stopping loops (cache preserved with TTL) {""service"":""mqtt-publisher-lite"",""deviceId"":""DEVICE-13""}",info,"{""level"":""info""}","{""project"":""90a47e04-a329-4122-9c82-2ee75a4562c2"",""environment"":""f6319bd4-2e87-40d4-8547-4ce714038bc1"",""service"":""c236b8cb-3eff-45c5-aca0-23e73e33dc8d"",""deployment"":""69394420-c732-4ebe-a5fd-54c2d5628ea7"",""replica"":""7fc15fda-5103-4647-b7c4-6251ceb0ef53""}",2026-07-23T06:34:15.993362715Z
"2026-07-23T06:34:15.684Z [[32minfo[39m] 💀 [LIFECYCLE:LWT] Device disconnect processed {""service"":""mqtt-publisher-lite"",""deviceId"":""DEVICE-13"",""removedFromRedis"":true}",info,"{""level"":""info""}","{""project"":""90a47e04-a329-4122-9c82-2ee75a4562c2"",""environment"":""f6319bd4-2e87-40d4-8547-4ce714038bc1"",""service"":""c236b8cb-3eff-45c5-aca0-23e73e33dc8d"",""deployment"":""69394420-c732-4ebe-a5fd-54c2d5628ea7"",""replica"":""7fc15fda-5103-4647-b7c4-6251ceb0ef53""}",2026-07-23T06:34:15.993366255Z
"2026-07-23T06:34:15.770Z [[32minfo[39m] ✅ PUBACK received {""service"":""mqtt-publisher-lite"",""messageId"":44772}",info,"{""level"":""info""}","{""project"":""90a47e04-a329-4122-9c82-2ee75a4562c2"",""environment"":""f6319bd4-2e87-40d4-8547-4ce714038bc1"",""service"":""c236b8cb-3eff-45c5-aca0-23e73e33dc8d"",""deployment"":""69394420-c732-4ebe-a5fd-54c2d5628ea7"",""replica"":""7fc15fda-5103-4647-b7c4-6251ceb0ef53""}",2026-07-23T06:34:15.993369755Z
"2026-07-23T06:34:15.770Z [[32minfo[39m] ✅ QoS 1 PUBACK confirmed {""service"":""mqtt-publisher-lite"",""deviceId"":""DEVICE-13"",""messageId"":44772,""deliveryTime"":""219ms"",""pendingCount"":0}",info,"{""level"":""info""}","{""project"":""90a47e04-a329-4122-9c82-2ee75a4562c2"",""environment"":""f6319bd4-2e87-40d4-8547-4ce714038bc1"",""service"":""c236b8cb-3eff-45c5-aca0-23e73e33dc8d"",""deployment"":""69394420-c732-4ebe-a5fd-54c2d5628ea7"",""replica"":""7fc15fda-5103-4647-b7c4-6251ceb0ef53""}",2026-07-23T06:34:15.993373095Z
"2026-07-23T06:34:15.770Z [[34mdebug[39m] ✅ [LIFECYCLE:PUBACK_OK] Device confirmed message receipt {""service"":""mqtt-publisher-lite"",""deviceId"":""DEVICE-13""}",info,"{""level"":""info""}","{""project"":""90a47e04-a329-4122-9c82-2ee75a4562c2"",""environment"":""f6319bd4-2e87-40d4-8547-4ce714038bc1"",""service"":""c236b8cb-3eff-45c5-aca0-23e73e33dc8d"",""deployment"":""69394420-c732-4ebe-a5fd-54c2d5628ea7"",""replica"":""7fc15fda-5103-4647-b7c4-6251ceb0ef53""}",2026-07-23T06:34:15.993376125Z
"2026-07-23T06:34:15.770Z [[34mdebug[39m] Message published {""service"":""mqtt-publisher-lite"",""topic"":""proof.mqtt/DEVICE-13/registration_ack"",""qos"":1,""deliveryTime"":""220ms""}",info,"{""level"":""info""}","{""project"":""90a47e04-a329-4122-9c82-2ee75a4562c2"",""environment"":""f6319bd4-2e87-40d4-8547-4ce714038bc1"",""service"":""c236b8cb-3eff-45c5-aca0-23e73e33dc8d"",""deployment"":""69394420-c732-4ebe-a5fd-54c2d5628ea7"",""replica"":""7fc15fda-5103-4647-b7c4-6251ceb0ef53""}",2026-07-23T06:34:15.993379125Z
"2026-07-23T06:34:15.770Z [[32minfo[39m] 📤 Registration response sent {""service"":""mqtt-publisher-lite"",""deviceId"":""DEVICE-13"",""success"":true,""isNewDevice"":false}",info,"{""level"":""info""}","{""project"":""90a47e04-a329-4122-9c82-2ee75a4562c2"",""environment"":""f6319bd4-2e87-40d4-8547-4ce714038bc1"",""service"":""c236b8cb-3eff-45c5-aca0-23e73e33dc8d"",""deployment"":""69394420-c732-4ebe-a5fd-54c2d5628ea7"",""replica"":""7fc15fda-5103-4647-b7c4-6251ceb0ef53""}",2026-07-23T06:34:15.993381905Z
"2026-07-23T06:34:15.771Z [[32minfo[39m] 📋 [LIFECYCLE:REGISTER] Caching device in Redis active list {""service"":""mqtt-publisher-lite"",""deviceId"":""DEVICE-13""}",info,"{""level"":""info""}","{""project"":""90a47e04-a329-4122-9c82-2ee75a4562c2"",""environment"":""f6319bd4-2e87-40d4-8547-4ce714038bc1"",""service"":""c236b8cb-3eff-45c5-aca0-23e73e33dc8d"",""deployment"":""69394420-c732-4ebe-a5fd-54c2d5628ea7"",""replica"":""7fc15fda-5103-4647-b7c4-6251ceb0ef53""}",2026-07-23T06:34:15.993385005Z
"2026-07-23T06:34:15.771Z [[32minfo[39m] 📋 [LIFECYCLE:CACHE] Step 1/2 — Device lookup (MongoDB) {""service"":""mqtt-publisher-lite"",""deviceId"":""DEVICE-13""}",info,"{""level"":""info""}","{""project"":""90a47e04-a329-4122-9c82-2ee75a4562c2"",""environment"":""f6319bd4-2e87-40d4-8547-4ce714038bc1"",""service"":""c236b8cb-3eff-45c5-aca0-23e73e33dc8d"",""deployment"":""69394420-c732-4ebe-a5fd-54c2d5628ea7"",""replica"":""7fc15fda-5103-4647-b7c4-6251ceb0ef53""}",2026-07-23T06:34:15.993388855Z
"2026-07-23T06:34:15.904Z [[32minfo[39m] 📋 [LIFECYCLE:CACHE] Step 2/2 — Social (Instagram) for device {""service"":""mqtt-publisher-lite"",""deviceId"":""DEVICE-13"",""userId"":""6937af58f950f0f5356a1599"",""deviceStatus"":""ACTIVE""}",info,"{""level"":""info""}","{""project"":""90a47e04-a329-4122-9c82-2ee75a4562c2"",""environment"":""f6319bd4-2e87-40d4-8547-4ce714038bc1"",""service"":""c236b8cb-3eff-45c5-aca0-23e73e33dc8d"",""deployment"":""69394420-c732-4ebe-a5fd-54c2d5628ea7"",""replica"":""7fc15fda-5103-4647-b7c4-6251ceb0ef53""}",2026-07-23T06:34:15.994615185Z
"2026-07-23T06:34:16.028Z [[33mwarn[39m] 📋 [LIFECYCLE:CACHE] No INSTAGRAM `Social` row for owner — add Instagram for this user in the web app {""service"":""mqtt-publisher-lite"",""deviceId"":""DEVICE-13"",""userId"":""6937af58f950f0f5356a1599""}",info,"{""level"":""info""}","{""project"":""90a47e04-a329-4122-9c82-2ee75a4562c2"",""environment"":""f6319bd4-2e87-40d4-8547-4ce714038bc1"",""service"":""c236b8cb-3eff-45c5-aca0-23e73e33dc8d"",""deployment"":""69394420-c732-4ebe-a5fd-54c2d5628ea7"",""replica"":""7fc15fda-5103-4647-b7c4-6251ceb0ef53""}",2026-07-23T06:34:16.041598487Z
"2026-07-23T06:34:16.030Z [[32minfo[39m] 📋 [LIFECYCLE:CACHE] Active device record written (Mongo → file + Redis IG key) {""service"":""mqtt-publisher-lite"",""deviceId"":""DEVICE-13"",""userId"":""6937af58f950f0f5356a1599"",""instagramFromSocial"":false}",info,"{""level"":""info""}","{""project"":""90a47e04-a329-4122-9c82-2ee75a4562c2"",""environment"":""f6319bd4-2e87-40d4-8547-4ce714038bc1"",""service"":""c236b8cb-3eff-45c5-aca0-23e73e33dc8d"",""deployment"":""69394420-c732-4ebe-a5fd-54c2d5628ea7"",""replica"":""7fc15fda-5103-4647-b7c4-6251ceb0ef53""}",2026-07-23T06:34:16.041604437Z
"2026-07-23T06:34:16.356Z [[32minfo[39m] [STIM] /active — cache valid within TTL, resuming ramp {""service"":""mqtt-publisher-lite"",""deviceId"":""DEVICE-13""}",info,"{""level"":""info""}","{""project"":""90a47e04-a329-4122-9c82-2ee75a4562c2"",""environment"":""f6319bd4-2e87-40d4-8547-4ce714038bc1"",""service"":""c236b8cb-3eff-45c5-aca0-23e73e33dc8d"",""deployment"":""69394420-c732-4ebe-a5fd-54c2d5628ea7"",""replica"":""7fc15fda-5103-4647-b7c4-6251ceb0ef53""}",2026-07-23T06:34:16.444927635Z
"2026-07-23T06:34:16.356Z [[32minfo[39m] 📋 [LIFECYCLE:REGISTER] Device registration complete {""service"":""mqtt-publisher-lite"",""deviceId"":""DEVICE-13""}",info,"{""level"":""info""}","{""project"":""90a47e04-a329-4122-9c82-2ee75a4562c2"",""environment"":""f6319bd4-2e87-40d4-8547-4ce714038bc1"",""service"":""c236b8cb-3eff-45c5-aca0-23e73e33dc8d"",""deployment"":""69394420-c732-4ebe-a5fd-54c2d5628ea7"",""replica"":""7fc15fda-5103-4647-b7c4-6251ceb0ef53""}",2026-07-23T06:34:16.444932035Z
"2026-07-23T06:34:16.458Z [[32minfo[39m] 📤 QoS 1 message sent {""service"":""mqtt-publisher-lite"",""messageId"":44773,""topic"":""proof.mqtt/DEVICE-13/instagram"",""qos"":1}",info,"{""level"":""info""}","{""project"":""90a47e04-a329-4122-9c82-2ee75a4562c2"",""environment"":""f6319bd4-2e87-40d4-8547-4ce714038bc1"",""service"":""c236b8cb-3eff-45c5-aca0-23e73e33dc8d"",""deployment"":""69394420-c732-4ebe-a5fd-54c2d5628ea7"",""replica"":""7fc15fda-5103-4647-b7c4-6251ceb0ef53""}",2026-07-23T06:34:16.462881433Z
"2026-07-23T06:34:16.458Z [[32minfo[39m] ⏱️ Tracking QoS 1 message (30s timeout) {""service"":""mqtt-publisher-lite"",""deviceId"":""DEVICE-13"",""messageId"":44773,""topic"":""proof.mqtt/DEVICE-13/instagram"",""pendingCount"":1}",info,"{""level"":""info""}","{""project"":""90a47e04-a329-4122-9c82-2ee75a4562c2"",""environment"":""f6319bd4-2e87-40d4-8547-4ce714038bc1"",""service"":""c236b8cb-3eff-45c5-aca0-23e73e33dc8d"",""deployment"":""69394420-c732-4ebe-a5fd-54c2d5628ea7"",""replica"":""7fc15fda-5103-4647-b7c4-6251ceb0ef53""}",2026-07-23T06:34:16.462888833Z
"2026-07-23T06:34:16.557Z [[32minfo[39m] 📤 QoS 1 message sent {""service"":""mqtt-publisher-lite"",""messageId"":44774,""topic"":""proof.mqtt/DEVICE-13/gmb"",""qos"":1}",info,"{""level"":""info""}","{""project"":""90a47e04-a329-4122-9c82-2ee75a4562c2"",""environment"":""f6319bd4-2e87-40d4-8547-4ce714038bc1"",""service"":""c236b8cb-3eff-45c5-aca0-23e73e33dc8d"",""deployment"":""69394420-c732-4ebe-a5fd-54c2d5628ea7"",""replica"":""7fc15fda-5103-4647-b7c4-6251ceb0ef53""}",2026-07-23T06:34:16.559565555Z
"2026-07-23T06:34:16.558Z [[32minfo[39m] ⏱️ Tracking QoS 1 message (30s timeout) {""service"":""mqtt-publisher-lite"",""deviceId"":""DEVICE-13"",""messageId"":44774,""topic"":""proof.mqtt/DEVICE-13/gmb"",""pendingCount"":2}",info,"{""level"":""info""}","{""project"":""90a47e04-a329-4122-9c82-2ee75a4562c2"",""environment"":""f6319bd4-2e87-40d4-8547-4ce714038bc1"",""service"":""c236b8cb-3eff-45c5-aca0-23e73e33dc8d"",""deployment"":""69394420-c732-4ebe-a5fd-54c2d5628ea7"",""replica"":""7fc15fda-5103-4647-b7c4-6251ceb0ef53""}",2026-07-23T06:34:16.559573735Z
"2026-07-23T06:34:16.587Z [[32minfo[39m] [USER_INTEGRATIONS] Cached {""service"":""mqtt-publisher-lite"",""userId"":""6937af58f950f0f5356a1599"",""hasInstagram"":false,""hasGmb"":false,""posPlatform"":null}",info,"{""level"":""info""}","{""project"":""90a47e04-a329-4122-9c82-2ee75a4562c2"",""environment"":""f6319bd4-2e87-40d4-8547-4ce714038bc1"",""service"":""c236b8cb-3eff-45c5-aca0-23e73e33dc8d"",""deployment"":""69394420-c732-4ebe-a5fd-54c2d5628ea7"",""replica"":""7fc15fda-5103-4647-b7c4-6251ceb0ef53""}",2026-07-23T06:34:16.608011735Z
"2026-07-23T06:34:16.687Z [[34mdebug[39m] Skipping echo message {""service"":""mqtt-publisher-lite"",""topic"":""proof.mqtt/DEVICE-13/instagram"",""age"":""0ms""}",info,"{""level"":""info""}","{""project"":""90a47e04-a329-4122-9c82-2ee75a4562c2"",""environment"":""f6319bd4-2e87-40d4-8547-4ce714038bc1"",""service"":""c236b8cb-3eff-45c5-aca0-23e73e33dc8d"",""deployment"":""69394420-c732-4ebe-a5fd-54c2d5628ea7"",""replica"":""7fc15fda-5103-4647-b7c4-6251ceb0ef53""}",2026-07-23T06:34:17.043376812Z
"2026-07-23T06:34:16.688Z [[34mdebug[39m] Screen message received {""service"":""mqtt-publisher-lite"",""topic"":""proof.mqtt/DEVICE-13/instagram"",""screen"":""instagram""}",info,"{""level"":""info""}","{""project"":""90a47e04-a329-4122-9c82-2ee75a4562c2"",""environment"":""f6319bd4-2e87-40d4-8547-4ce714038bc1"",""service"":""c236b8cb-3eff-45c5-aca0-23e73e33dc8d"",""deployment"":""69394420-c732-4ebe-a5fd-54c2d5628ea7"",""replica"":""7fc15fda-5103-4647-b7c4-6251ceb0ef53""}",2026-07-23T06:34:17.043384672Z
"2026-07-23T06:34:16.792Z [[32minfo[39m] ✅ PUBACK received {""service"":""mqtt-publisher-lite"",""messageId"":44774}",info,"{""level"":""info""}","{""project"":""90a47e04-a329-4122-9c82-2ee75a4562c2"",""environment"":""f6319bd4-2e87-40d4-8547-4ce714038bc1"",""service"":""c236b8cb-3eff-45c5-aca0-23e73e33dc8d"",""deployment"":""69394420-c732-4ebe-a5fd-54c2d5628ea7"",""replica"":""7fc15fda-5103-4647-b7c4-6251ceb0ef53""}",2026-07-23T06:34:17.043388992Z
"2026-07-23T06:34:16.792Z [[32minfo[39m] ✅ QoS 1 PUBACK confirmed {""service"":""mqtt-publisher-lite"",""deviceId"":""DEVICE-13"",""messageId"":44774,""deliveryTime"":""235ms"",""pendingCount"":0}",info,"{""level"":""info""}","{""project"":""90a47e04-a329-4122-9c82-2ee75a4562c2"",""environment"":""f6319bd4-2e87-40d4-8547-4ce714038bc1"",""service"":""c236b8cb-3eff-45c5-aca0-23e73e33dc8d"",""deployment"":""69394420-c732-4ebe-a5fd-54c2d5628ea7"",""replica"":""7fc15fda-5103-4647-b7c4-6251ceb0ef53""}",2026-07-23T06:34:17.043392822Z
"2026-07-23T06:34:16.792Z [[34mdebug[39m] ✅ [LIFECYCLE:PUBACK_OK] Device confirmed message receipt {""service"":""mqtt-publisher-lite"",""deviceId"":""DEVICE-13""}",info,"{""level"":""info""}","{""project"":""90a47e04-a329-4122-9c82-2ee75a4562c2"",""environment"":""f6319bd4-2e87-40d4-8547-4ce714038bc1"",""service"":""c236b8cb-3eff-45c5-aca0-23e73e33dc8d"",""deployment"":""69394420-c732-4ebe-a5fd-54c2d5628ea7"",""replica"":""7fc15fda-5103-4647-b7c4-6251ceb0ef53""}",2026-07-23T06:34:17.043396342Z
"2026-07-23T06:34:16.792Z [[34mdebug[39m] Message published {""service"":""mqtt-publisher-lite"",""topic"":""proof.mqtt/DEVICE-13/gmb"",""qos"":1,""deliveryTime"":""235ms""}",info,"{""level"":""info""}","{""project"":""90a47e04-a329-4122-9c82-2ee75a4562c2"",""environment"":""f6319bd4-2e87-40d4-8547-4ce714038bc1"",""service"":""c236b8cb-3eff-45c5-aca0-23e73e33dc8d"",""deployment"":""69394420-c732-4ebe-a5fd-54c2d5628ea7"",""replica"":""7fc15fda-5103-4647-b7c4-6251ceb0ef53""}",2026-07-23T06:34:17.043402012Z
"2026-07-23T06:34:16.687Z [[32minfo[39m] ✅ PUBACK received {""service"":""mqtt-publisher-lite"",""messageId"":44773}",info,"{""level"":""info""}","{""project"":""90a47e04-a329-4122-9c82-2ee75a4562c2"",""environment"":""f6319bd4-2e87-40d4-8547-4ce714038bc1"",""service"":""c236b8cb-3eff-45c5-aca0-23e73e33dc8d"",""deployment"":""69394420-c732-4ebe-a5fd-54c2d5628ea7"",""replica"":""7fc15fda-5103-4647-b7c4-6251ceb0ef53""}",2026-07-23T06:34:17.043438882Z
"2026-07-23T06:34:16.687Z [[32minfo[39m] ✅ QoS 1 PUBACK confirmed {""service"":""mqtt-publisher-lite"",""deviceId"":""DEVICE-13"",""messageId"":44773,""deliveryTime"":""229ms"",""pendingCount"":1}",info,"{""level"":""info""}","{""project"":""90a47e04-a329-4122-9c82-2ee75a4562c2"",""environment"":""f6319bd4-2e87-40d4-8547-4ce714038bc1"",""service"":""c236b8cb-3eff-45c5-aca0-23e73e33dc8d"",""deployment"":""69394420-c732-4ebe-a5fd-54c2d5628ea7"",""replica"":""7fc15fda-5103-4647-b7c4-6251ceb0ef53""}",2026-07-23T06:34:17.043441902Z
"2026-07-23T06:34:16.687Z [[34mdebug[39m] ✅ [LIFECYCLE:PUBACK_OK] Device confirmed message receipt {""service"":""mqtt-publisher-lite"",""deviceId"":""DEVICE-13""}",info,"{""level"":""info""}","{""project"":""90a47e04-a329-4122-9c82-2ee75a4562c2"",""environment"":""f6319bd4-2e87-40d4-8547-4ce714038bc1"",""service"":""c236b8cb-3eff-45c5-aca0-23e73e33dc8d"",""deployment"":""69394420-c732-4ebe-a5fd-54c2d5628ea7"",""replica"":""7fc15fda-5103-4647-b7c4-6251ceb0ef53""}",2026-07-23T06:34:17.043445232Z
"2026-07-23T06:34:16.687Z [[34mdebug[39m] Message published {""service"":""mqtt-publisher-lite"",""topic"":""proof.mqtt/DEVICE-13/instagram"",""qos"":1,""deliveryTime"":""229ms""}",info,"{""level"":""info""}","{""project"":""90a47e04-a329-4122-9c82-2ee75a4562c2"",""environment"":""f6319bd4-2e87-40d4-8547-4ce714038bc1"",""service"":""c236b8cb-3eff-45c5-aca0-23e73e33dc8d"",""deployment"":""69394420-c732-4ebe-a5fd-54c2d5628ea7"",""replica"":""7fc15fda-5103-4647-b7c4-6251ceb0ef53""}",2026-07-23T06:34:17.043448402Z
"2026-07-23T06:34:16.687Z [[34mdebug[39m] Message received {""service"":""mqtt-publisher-lite"",""topic"":""proof.mqtt/DEVICE-13/instagram"",""size"":254,""retain"":false}",info,"{""level"":""info""}","{""project"":""90a47e04-a329-4122-9c82-2ee75a4562c2"",""environment"":""f6319bd4-2e87-40d4-8547-4ce714038bc1"",""service"":""c236b8cb-3eff-45c5-aca0-23e73e33dc8d"",""deployment"":""69394420-c732-4ebe-a5fd-54c2d5628ea7"",""replica"":""7fc15fda-5103-4647-b7c4-6251ceb0ef53""}",2026-07-23T06:34:17.043451322Z
"2026-07-23T06:34:16.792Z [[34mdebug[39m] Message received {""service"":""mqtt-publisher-lite"",""topic"":""proof.mqtt/DEVICE-13/gmb"",""size"":246,""retain"":false}",info,"{""level"":""info""}","{""project"":""90a47e04-a329-4122-9c82-2ee75a4562c2"",""environment"":""f6319bd4-2e87-40d4-8547-4ce714038bc1"",""service"":""c236b8cb-3eff-45c5-aca0-23e73e33dc8d"",""deployment"":""69394420-c732-4ebe-a5fd-54c2d5628ea7"",""replica"":""7fc15fda-5103-4647-b7c4-6251ceb0ef53""}",2026-07-23T06:34:17.044516983Z
"2026-07-23T06:34:16.793Z [[34mdebug[39m] Skipping echo message {""service"":""mqtt-publisher-lite"",""topic"":""proof.mqtt/DEVICE-13/gmb"",""age"":""1ms""}",info,"{""level"":""info""}","{""project"":""90a47e04-a329-4122-9c82-2ee75a4562c2"",""environment"":""f6319bd4-2e87-40d4-8547-4ce714038bc1"",""service"":""c236b8cb-3eff-45c5-aca0-23e73e33dc8d"",""deployment"":""69394420-c732-4ebe-a5fd-54c2d5628ea7"",""replica"":""7fc15fda-5103-4647-b7c4-6251ceb0ef53""}",2026-07-23T06:34:17.044520963Z
"2026-07-23T06:34:16.793Z [[34mdebug[39m] Screen message received {""service"":""mqtt-publisher-lite"",""topic"":""proof.mqtt/DEVICE-13/gmb"",""screen"":""gmb""}",info,"{""level"":""info""}","{""project"":""90a47e04-a329-4122-9c82-2ee75a4562c2"",""environment"":""f6319bd4-2e87-40d4-8547-4ce714038bc1"",""service"":""c236b8cb-3eff-45c5-aca0-23e73e33dc8d"",""deployment"":""69394420-c732-4ebe-a5fd-54c2d5628ea7"",""replica"":""7fc15fda-5103-4647-b7c4-6251ceb0ef53""}",2026-07-23T06:34:17.044524513Z
"2026-07-23T06:34:16.794Z [[32minfo[39m] [STIM_IG] Published {""service"":""mqtt-publisher-lite"",""deviceId"":""DEVICE-13"",""followers"":35,""target"":500,""mode"":""synthetic"",""achievement"":40,""celebration"":""true"",""done"":false}",info,"{""level"":""info""}","{""project"":""90a47e04-a329-4122-9c82-2ee75a4562c2"",""environment"":""f6319bd4-2e87-40d4-8547-4ce714038bc1"",""service"":""c236b8cb-3eff-45c5-aca0-23e73e33dc8d"",""deployment"":""69394420-c732-4ebe-a5fd-54c2d5628ea7"",""replica"":""7fc15fda-5103-4647-b7c4-6251ceb0ef53""}",2026-07-23T06:34:17.044528293Z
"2026-07-23T06:34:16.892Z [[32minfo[39m] [STIM_GMB] Published {""service"":""mqtt-publisher-lite"",""deviceId"":""DEVICE-13"",""reviews"":33,""target"":100,""mode"":""synthetic"",""celebration"":""false"",""done"":false}",info,"{""level"":""info""}","{""project"":""90a47e04-a329-4122-9c82-2ee75a4562c2"",""environment"":""f6319bd4-2e87-40d4-8547-4ce714038bc1"",""service"":""c236b8cb-3eff-45c5-aca0-23e73e33dc8d"",""deployment"":""69394420-c732-4ebe-a5fd-54c2d5628ea7"",""replica"":""7fc15fda-5103-4647-b7c4-6251ceb0ef53""}",2026-07-23T06:34:17.044531833Z
"2026-07-23T06:34:16.892Z [[32minfo[39m] [PROMOTION] No running brand canvas — default canvas {""service"":""mqtt-publisher-lite"",""deviceId"":""DEVICE-13"",""userId"":""6937af58f950f0f5356a1599""}",info,"{""level"":""info""}","{""project"":""90a47e04-a329-4122-9c82-2ee75a4562c2"",""environment"":""f6319bd4-2e87-40d4-8547-4ce714038bc1"",""service"":""c236b8cb-3eff-45c5-aca0-23e73e33dc8d"",""deployment"":""69394420-c732-4ebe-a5fd-54c2d5628ea7"",""replica"":""7fc15fda-5103-4647-b7c4-6251ceb0ef53""}",2026-07-23T06:34:17.044535213Z
"2026-07-23T06:34:16.892Z [[32minfo[39m] 📤 QoS 1 message sent {""service"":""mqtt-publisher-lite"",""messageId"":44775,""topic"":""proof.mqtt/DEVICE-13/promotion"",""qos"":1}",info,"{""level"":""info""}","{""project"":""90a47e04-a329-4122-9c82-2ee75a4562c2"",""environment"":""f6319bd4-2e87-40d4-8547-4ce714038bc1"",""service"":""c236b8cb-3eff-45c5-aca0-23e73e33dc8d"",""deployment"":""69394420-c732-4ebe-a5fd-54c2d5628ea7"",""replica"":""7fc15fda-5103-4647-b7c4-6251ceb0ef53""}",2026-07-23T06:34:17.044537973Z
"2026-07-23T06:34:16.893Z [[32minfo[39m] ⏱️ Tracking QoS 1 message (30s timeout) {""service"":""mqtt-publisher-lite"",""deviceId"":""DEVICE-13"",""messageId"":44775,""topic"":""proof.mqtt/DEVICE-13/promotion"",""pendingCount"":1}",info,"{""level"":""info""}","{""project"":""90a47e04-a329-4122-9c82-2ee75a4562c2"",""environment"":""f6319bd4-2e87-40d4-8547-4ce714038bc1"",""service"":""c236b8cb-3eff-45c5-aca0-23e73e33dc8d"",""deployment"":""69394420-c732-4ebe-a5fd-54c2d5628ea7"",""replica"":""7fc15fda-5103-4647-b7c4-6251ceb0ef53""}",2026-07-23T06:34:17.044540923Z
"2026-07-23T06:34:17.115Z [[32minfo[39m] ✅ PUBACK received {""service"":""mqtt-publisher-lite"",""messageId"":44775}",info,"{""level"":""info""}","{""project"":""90a47e04-a329-4122-9c82-2ee75a4562c2"",""environment"":""f6319bd4-2e87-40d4-8547-4ce714038bc1"",""service"":""c236b8cb-3eff-45c5-aca0-23e73e33dc8d"",""deployment"":""69394420-c732-4ebe-a5fd-54c2d5628ea7"",""replica"":""7fc15fda-5103-4647-b7c4-6251ceb0ef53""}",2026-07-23T06:34:17.125324660Z
"2026-07-23T06:34:17.116Z [[32minfo[39m] ✅ QoS 1 PUBACK confirmed {""service"":""mqtt-publisher-lite"",""deviceId"":""DEVICE-13"",""messageId"":44775,""deliveryTime"":""223ms"",""pendingCount"":0}",info,"{""level"":""info""}","{""project"":""90a47e04-a329-4122-9c82-2ee75a4562c2"",""environment"":""f6319bd4-2e87-40d4-8547-4ce714038bc1"",""service"":""c236b8cb-3eff-45c5-aca0-23e73e33dc8d"",""deployment"":""69394420-c732-4ebe-a5fd-54c2d5628ea7"",""replica"":""7fc15fda-5103-4647-b7c4-6251ceb0ef53""}",2026-07-23T06:34:17.125330330Z
"2026-07-23T06:34:17.116Z [[34mdebug[39m] ✅ [LIFECYCLE:PUBACK_OK] Device confirmed message receipt {""service"":""mqtt-publisher-lite"",""deviceId"":""DEVICE-13""}",info,"{""level"":""info""}","{""project"":""90a47e04-a329-4122-9c82-2ee75a4562c2"",""environment"":""f6319bd4-2e87-40d4-8547-4ce714038bc1"",""service"":""c236b8cb-3eff-45c5-aca0-23e73e33dc8d"",""deployment"":""69394420-c732-4ebe-a5fd-54c2d5628ea7"",""replica"":""7fc15fda-5103-4647-b7c4-6251ceb0ef53""}",2026-07-23T06:34:17.125333580Z
"2026-07-23T06:34:17.116Z [[34mdebug[39m] Message published {""service"":""mqtt-publisher-lite"",""topic"":""proof.mqtt/DEVICE-13/promotion"",""qos"":1,""deliveryTime"":""224ms""}",info,"{""level"":""info""}","{""project"":""90a47e04-a329-4122-9c82-2ee75a4562c2"",""environment"":""f6319bd4-2e87-40d4-8547-4ce714038bc1"",""service"":""c236b8cb-3eff-45c5-aca0-23e73e33dc8d"",""deployment"":""69394420-c732-4ebe-a5fd-54c2d5628ea7"",""replica"":""7fc15fda-5103-4647-b7c4-6251ceb0ef53""}",2026-07-23T06:34:17.125336450Z
"2026-07-23T06:34:17.116Z [[34mdebug[39m] Message received {""service"":""mqtt-publisher-lite"",""topic"":""proof.mqtt/DEVICE-13/promotion"",""size"":227,""retain"":false}",info,"{""level"":""info""}","{""project"":""90a47e04-a329-4122-9c82-2ee75a4562c2"",""environment"":""f6319bd4-2e87-40d4-8547-4ce714038bc1"",""service"":""c236b8cb-3eff-45c5-aca0-23e73e33dc8d"",""deployment"":""69394420-c732-4ebe-a5fd-54c2d5628ea7"",""replica"":""7fc15fda-5103-4647-b7c4-6251ceb0ef53""}",2026-07-23T06:34:17.125339620Z
"2026-07-23T06:34:17.116Z [[34mdebug[39m] Skipping echo message {""service"":""mqtt-publisher-lite"",""topic"":""proof.mqtt/DEVICE-13/promotion"",""age"":""0ms""}",info,"{""level"":""info""}","{""project"":""90a47e04-a329-4122-9c82-2ee75a4562c2"",""environment"":""f6319bd4-2e87-40d4-8547-4ce714038bc1"",""service"":""c236b8cb-3eff-45c5-aca0-23e73e33dc8d"",""deployment"":""69394420-c732-4ebe-a5fd-54c2d5628ea7"",""replica"":""7fc15fda-5103-4647-b7c4-6251ceb0ef53""}",2026-07-23T06:34:17.125342470Z
"2026-07-23T06:34:17.116Z [[34mdebug[39m] Screen message received {""service"":""mqtt-publisher-lite"",""topic"":""proof.mqtt/DEVICE-13/promotion"",""screen"":""promotion""}",info,"{""level"":""info""}","{""project"":""90a47e04-a329-4122-9c82-2ee75a4562c2"",""environment"":""f6319bd4-2e87-40d4-8547-4ce714038bc1"",""service"":""c236b8cb-3eff-45c5-aca0-23e73e33dc8d"",""deployment"":""69394420-c732-4ebe-a5fd-54c2d5628ea7"",""replica"":""7fc15fda-5103-4647-b7c4-6251ceb0ef53""}",2026-07-23T06:34:17.125346040Z
"2026-07-23T06:34:17.217Z [[32minfo[39m] 🎨 [DEFAULT:PUBLISHED] Empty default canvas sent {""service"":""mqtt-publisher-lite"",""deviceId"":""DEVICE-13"",""topic"":""proof.mqtt/DEVICE-13/promotion""}",info,"{""level"":""info""}","{""project"":""90a47e04-a329-4122-9c82-2ee75a4562c2"",""environment"":""f6319bd4-2e87-40d4-8547-4ce714038bc1"",""service"":""c236b8cb-3eff-45c5-aca0-23e73e33dc8d"",""deployment"":""69394420-c732-4ebe-a5fd-54c2d5628ea7"",""replica"":""7fc15fda-5103-4647-b7c4-6251ceb0ef53""}",2026-07-23T06:34:17.226348998Z
"2026-07-23T06:34:17.218Z [[32minfo[39m] [CONNECT_REFRESH] Promotion published (connect force) {""service"":""mqtt-publisher-lite"",""deviceId"":""DEVICE-13"",""clearedHashes"":0}",info,"{""level"":""info""}","{""project"":""90a47e04-a329-4122-9c82-2ee75a4562c2"",""environment"":""f6319bd4-2e87-40d4-8547-4ce714038bc1"",""service"":""c236b8cb-3eff-45c5-aca0-23e73e33dc8d"",""deployment"":""69394420-c732-4ebe-a5fd-54c2d5628ea7"",""replica"":""7fc15fda-5103-4647-b7c4-6251ceb0ef53""}",2026-07-23T06:34:17.226356248Z
"2026-07-23T06:34:17.218Z [[32minfo[39m] [DEFERRED_WORK] Drain complete {""service"":""mqtt-publisher-lite"",""processed"":1,""skippedStale"":0,""failed"":0}",info,"{""level"":""info""}","{""project"":""90a47e04-a329-4122-9c82-2ee75a4562c2"",""environment"":""f6319bd4-2e87-40d4-8547-4ce714038bc1"",""service"":""c236b8cb-3eff-45c5-aca0-23e73e33dc8d"",""deployment"":""69394420-c732-4ebe-a5fd-54c2d5628ea7"",""replica"":""7fc15fda-5103-4647-b7c4-6251ceb0ef53""}",2026-07-23T06:34:17.226360908Z
"2026-07-23T06:34:18.861Z [[32minfo[39m] InfluxDB batch flush {""service"":""mqtt-publisher-lite"",""source"":""metrics_disk_queue_worker"",""count"":1,""lines"":[""device_ota_events,device_id=DEVICE-13,event=boot,source=mqtt-publisher-lite,source_topic=active ip_address=\""127.0.0.1\"" 1784788455000000000""]}",info,"{""level"":""info""}","{""project"":""90a47e04-a329-4122-9c82-2ee75a4562c2"",""environment"":""f6319bd4-2e87-40d4-8547-4ce714038bc1"",""service"":""c236b8cb-3eff-45c5-aca0-23e73e33dc8d"",""deployment"":""69394420-c732-4ebe-a5fd-54c2d5628ea7"",""replica"":""7fc15fda-5103-4647-b7c4-6251ceb0ef53""}",2026-07-23T06:34:19.012046557Z
"2026-07-23T06:34:29.238Z [[32minfo[39m] ⏱️ Tracking QoS 1 message (30s timeout) {""service"":""mqtt-publisher-lite"",""deviceId"":""DEVICE-17"",""messageId"":44777,""topic"":""proof.mqtt/DEVICE-17/test-gmb"",""pendingCount"":2}",info,"{""level"":""info""}","{""project"":""90a47e04-a329-4122-9c82-2ee75a4562c2"",""environment"":""f6319bd4-2e87-40d4-8547-4ce714038bc1"",""service"":""c236b8cb-3eff-45c5-aca0-23e73e33dc8d"",""deployment"":""69394420-c732-4ebe-a5fd-54c2d5628ea7"",""replica"":""7fc15fda-5103-4647-b7c4-6251ceb0ef53""}",2026-07-23T06:34:38.859504997Z
"2026-07-23T06:34:29.286Z [[34mdebug[39m] [IG_DIRECT] No Instagram credentials (Redis proof.mqtt:device:{id} or active-devices.json) {""service"":""mqtt-publisher-lite"",""deviceId"":""DEVICE-17"",""trigger"":""scheduled""}",info,"{""level"":""info""}","{""project"":""90a47e04-a329-4122-9c82-2ee75a4562c2"",""environment"":""f6319bd4-2e87-40d4-8547-4ce714038bc1"",""service"":""c236b8cb-3eff-45c5-aca0-23e73e33dc8d"",""deployment"":""69394420-c732-4ebe-a5fd-54c2d5628ea7"",""replica"":""7fc15fda-5103-4647-b7c4-6251ceb0ef53""}",2026-07-23T06:34:38.859517407Z
"2026-07-23T06:34:29.300Z [[32minfo[39m] 📤 QoS 1 message sent {""service"":""mqtt-publisher-lite"",""messageId"":44778,""topic"":""proof.mqtt/DEVICE-15/gmb"",""qos"":1}",info,"{""level"":""info""}","{""project"":""90a47e04-a329-4122-9c82-2ee75a4562c2"",""environment"":""f6319bd4-2e87-40d4-8547-4ce714038bc1"",""service"":""c236b8cb-3eff-45c5-aca0-23e73e33dc8d"",""deployment"":""69394420-c732-4ebe-a5fd-54c2d5628ea7"",""replica"":""7fc15fda-5103-4647-b7c4-6251ceb0ef53""}",2026-07-23T06:34:38.859523187Z
"2026-07-23T06:34:29.139Z [[32minfo[39m] 📤 [PUBLISH_CYCLE] Starting publish cycle {""service"":""mqtt-publisher-lite"",""deviceCount"":4,""source"":""redis"",""devices"":[{""id"":""DEVICE-17"",""userId"":""(none)"",""lastSeen"":""2026-07-23T06:33:29.426Z""},{""id"":""DEVICE-15"",""userId"":""68d3753f9f99d6b73ae2d991"",""lastSeen"":""2026-07-23T06:33:59.520Z""},{""id"":""DEVICE-19"",""userId"":""68d3753f9f99d6b73ae2d991"",""lastSeen"":""2026-07-23T06:27:34.170Z""},{""id"":""DEVICE-13"",""userId"":""6937af58f950f0f5356a1599"",""lastSeen"":""2026-07-23T06:34:17.116Z""}]}",info,"{""level"":""info""}","{""project"":""90a47e04-a329-4122-9c82-2ee75a4562c2"",""environment"":""f6319bd4-2e87-40d4-8547-4ce714038bc1"",""service"":""c236b8cb-3eff-45c5-aca0-23e73e33dc8d"",""deployment"":""69394420-c732-4ebe-a5fd-54c2d5628ea7"",""replica"":""7fc15fda-5103-4647-b7c4-6251ceb0ef53""}",2026-07-23T06:34:38.859525757Z
"2026-07-23T06:34:29.300Z [[32minfo[39m] ⏱️ Tracking QoS 1 message (30s timeout) {""service"":""mqtt-publisher-lite"",""deviceId"":""DEVICE-15"",""messageId"":44778,""topic"":""proof.mqtt/DEVICE-15/gmb"",""pendingCount"":3}",info,"{""level"":""info""}","{""project"":""90a47e04-a329-4122-9c82-2ee75a4562c2"",""environment"":""f6319bd4-2e87-40d4-8547-4ce714038bc1"",""service"":""c236b8cb-3eff-45c5-aca0-23e73e33dc8d"",""deployment"":""69394420-c732-4ebe-a5fd-54c2d5628ea7"",""replica"":""7fc15fda-5103-4647-b7c4-6251ceb0ef53""}",2026-07-23T06:34:38.859527987Z
"2026-07-23T06:34:29.224Z [[32minfo[39m] 📤 QoS 1 message sent {""service"":""mqtt-publisher-lite"",""messageId"":44776,""topic"":""proof.mqtt/DEVICE-15/instagram"",""qos"":1}",info,"{""level"":""info""}","{""project"":""90a47e04-a329-4122-9c82-2ee75a4562c2"",""environment"":""f6319bd4-2e87-40d4-8547-4ce714038bc1"",""service"":""c236b8cb-3eff-45c5-aca0-23e73e33dc8d"",""deployment"":""69394420-c732-4ebe-a5fd-54c2d5628ea7"",""replica"":""7fc15fda-5103-4647-b7c4-6251ceb0ef53""}",2026-07-23T06:34:38.859531227Z
"2026-07-23T06:34:29.225Z [[32minfo[39m] ⏱️ Tracking QoS 1 message (30s timeout) {""service"":""mqtt-publisher-lite"",""deviceId"":""DEVICE-15"",""messageId"":44776,""topic"":""proof.mqtt/DEVICE-15/instagram"",""pendingCount"":1}",info,"{""level"":""info""}","{""project"":""90a47e04-a329-4122-9c82-2ee75a4562c2"",""environment"":""f6319bd4-2e87-40d4-8547-4ce714038bc1"",""service"":""c236b8cb-3eff-45c5-aca0-23e73e33dc8d"",""deployment"":""69394420-c732-4ebe-a5fd-54c2d5628ea7"",""replica"":""7fc15fda-5103-4647-b7c4-6251ceb0ef53""}",2026-07-23T06:34:38.859535817Z
"2026-07-23T06:34:29.238Z [[32minfo[39m] 📤 QoS 1 message sent {""service"":""mqtt-publisher-lite"",""messageId"":44777,""topic"":""proof.mqtt/DEVICE-17/test-gmb"",""qos"":1}",info,"{""level"":""info""}","{""project"":""90a47e04-a329-4122-9c82-2ee75a4562c2"",""environment"":""f6319bd4-2e87-40d4-8547-4ce714038bc1"",""service"":""c236b8cb-3eff-45c5-aca0-23e73e33dc8d"",""deployment"":""69394420-c732-4ebe-a5fd-54c2d5628ea7"",""replica"":""7fc15fda-5103-4647-b7c4-6251ceb0ef53""}",2026-07-23T06:34:38.859540947Z
"2026-07-23T06:34:29.385Z [[34mdebug[39m] Instagram fetch audit written to InfluxDB {""service"":""mqtt-publisher-lite"",""deviceId"":""DEVICE-17"",""success"":false}",info,"{""level"":""info""}","{""project"":""90a47e04-a329-4122-9c82-2ee75a4562c2"",""environment"":""f6319bd4-2e87-40d4-8547-4ce714038bc1"",""service"":""c236b8cb-3eff-45c5-aca0-23e73e33dc8d"",""deployment"":""69394420-c732-4ebe-a5fd-54c2d5628ea7"",""replica"":""7fc15fda-5103-4647-b7c4-6251ceb0ef53""}",2026-07-23T06:34:38.860574759Z
"2026-07-23T06:34:29.385Z [[33mwarn[39m] [IG_SCREEN] Skipping MQTT for failed fetch {""service"":""mqtt-publisher-lite"",""deviceId"":""DEVICE-17"",""error"":""no_instagram_credentials""}",info,"{""level"":""info""}","{""project"":""90a47e04-a329-4122-9c82-2ee75a4562c2"",""environment"":""f6319bd4-2e87-40d4-8547-4ce714038bc1"",""service"":""c236b8cb-3eff-45c5-aca0-23e73e33dc8d"",""deployment"":""69394420-c732-4ebe-a5fd-54c2d5628ea7"",""replica"":""7fc15fda-5103-4647-b7c4-6251ceb0ef53""}",2026-07-23T06:34:38.860579159Z
"2026-07-23T06:34:29.386Z [[32minfo[39m] InfluxDB batch flush {""service"":""mqtt-publisher-lite"",""source"":""metrics_disk_queue_worker"",""count"":1,""lines"":[""instagram_fetch_audit,device_id=DEVICE-17,success=false,trigger_type=scheduled duration_ms=0i,error_message=\""no_instagram_credentials\"",user_id_at_time=\""unknown\"" 1784788469286000000""]}",info,"{""level"":""info""}","{""project"":""90a47e04-a329-4122-9c82-2ee75a4562c2"",""environment"":""f6319bd4-2e87-40d4-8547-4ce714038bc1"",""service"":""c236b8cb-3eff-45c5-aca0-23e73e33dc8d"",""deployment"":""69394420-c732-4ebe-a5fd-54c2d5628ea7"",""replica"":""7fc15fda-5103-4647-b7c4-6251ceb0ef53""}",2026-07-23T06:34:38.860582829Z
"2026-07-23T06:34:29.449Z [[32minfo[39m] ✅ PUBACK received {""service"":""mqtt-publisher-lite"",""messageId"":44776}",info,"{""level"":""info""}","{""project"":""90a47e04-a329-4122-9c82-2ee75a4562c2"",""environment"":""f6319bd4-2e87-40d4-8547-4ce714038bc1"",""service"":""c236b8cb-3eff-45c5-aca0-23e73e33dc8d"",""deployment"":""69394420-c732-4ebe-a5fd-54c2d5628ea7"",""replica"":""7fc15fda-5103-4647-b7c4-6251ceb0ef53""}",2026-07-23T06:34:38.860586869Z
"2026-07-23T06:34:29.449Z [[32minfo[39m] ✅ QoS 1 PUBACK confirmed {""service"":""mqtt-publisher-lite"",""deviceId"":""DEVICE-15"",""messageId"":44776,""deliveryTime"":""224ms"",""pendingCount"":2}",info,"{""level"":""info""}","{""project"":""90a47e04-a329-4122-9c82-2ee75a4562c2"",""environment"":""f6319bd4-2e87-40d4-8547-4ce714038bc1"",""service"":""c236b8cb-3eff-45c5-aca0-23e73e33dc8d"",""deployment"":""69394420-c732-4ebe-a5fd-54c2d5628ea7"",""replica"":""7fc15fda-5103-4647-b7c4-6251ceb0ef53""}",2026-07-23T06:34:38.860591099Z
"2026-07-23T06:34:29.449Z [[34mdebug[39m] ✅ [LIFECYCLE:PUBACK_OK] Device confirmed message receipt {""service"":""mqtt-publisher-lite"",""deviceId"":""DEVICE-15""}",info,"{""level"":""info""}","{""project"":""90a47e04-a329-4122-9c82-2ee75a4562c2"",""environment"":""f6319bd4-2e87-40d4-8547-4ce714038bc1"",""service"":""c236b8cb-3eff-45c5-aca0-23e73e33dc8d"",""deployment"":""69394420-c732-4ebe-a5fd-54c2d5628ea7"",""replica"":""7fc15fda-5103-4647-b7c4-6251ceb0ef53""}",2026-07-23T06:34:38.860594919Z
"2026-07-23T06:34:29.449Z [[34mdebug[39m] Message published {""service"":""mqtt-publisher-lite"",""topic"":""proof.mqtt/DEVICE-15/instagram"",""qos"":1,""deliveryTime"":""225ms""}",info,"{""level"":""info""}","{""project"":""90a47e04-a329-4122-9c82-2ee75a4562c2"",""environment"":""f6319bd4-2e87-40d4-8547-4ce714038bc1"",""service"":""c236b8cb-3eff-45c5-aca0-23e73e33dc8d"",""deployment"":""69394420-c732-4ebe-a5fd-54c2d5628ea7"",""replica"":""7fc15fda-5103-4647-b7c4-6251ceb0ef53""}",2026-07-23T06:34:38.860598489Z
"2026-07-23T06:34:29.450Z [[34mdebug[39m] Message received {""service"":""mqtt-publisher-lite"",""topic"":""proof.mqtt/DEVICE-15/instagram"",""size"":228,""retain"":false}",info,"{""level"":""info""}","{""project"":""90a47e04-a329-4122-9c82-2ee75a4562c2"",""environment"":""f6319bd4-2e87-40d4-8547-4ce714038bc1"",""service"":""c236b8cb-3eff-45c5-aca0-23e73e33dc8d"",""deployment"":""69394420-c732-4ebe-a5fd-54c2d5628ea7"",""replica"":""7fc15fda-5103-4647-b7c4-6251ceb0ef53""}",2026-07-23T06:34:38.860601969Z
"2026-07-23T06:34:29.450Z [[34mdebug[39m] Skipping echo message {""service"":""mqtt-publisher-lite"",""topic"":""proof.mqtt/DEVICE-15/instagram"",""age"":""1ms""}",info,"{""level"":""info""}","{""project"":""90a47e04-a329-4122-9c82-2ee75a4562c2"",""environment"":""f6319bd4-2e87-40d4-8547-4ce714038bc1"",""service"":""c236b8cb-3eff-45c5-aca0-23e73e33dc8d"",""deployment"":""69394420-c732-4ebe-a5fd-54c2d5628ea7"",""replica"":""7fc15fda-5103-4647-b7c4-6251ceb0ef53""}",2026-07-23T06:34:38.860605959Z
"2026-07-23T06:34:29.450Z [[34mdebug[39m] Screen message received {""service"":""mqtt-publisher-lite"",""topic"":""proof.mqtt/DEVICE-15/instagram"",""screen"":""instagram""}",info,"{""level"":""info""}","{""project"":""90a47e04-a329-4122-9c82-2ee75a4562c2"",""environment"":""f6319bd4-2e87-40d4-8547-4ce714038bc1"",""service"":""c236b8cb-3eff-45c5-aca0-23e73e33dc8d"",""deployment"":""69394420-c732-4ebe-a5fd-54c2d5628ea7"",""replica"":""7fc15fda-5103-4647-b7c4-6251ceb0ef53""}",2026-07-23T06:34:38.860610659Z
"2026-07-23T06:34:29.456Z [[32minfo[39m] ✅ PUBACK received {""service"":""mqtt-publisher-lite"",""messageId"":44777}",info,"{""level"":""info""}","{""project"":""90a47e04-a329-4122-9c82-2ee75a4562c2"",""environment"":""f6319bd4-2e87-40d4-8547-4ce714038bc1"",""service"":""c236b8cb-3eff-45c5-aca0-23e73e33dc8d"",""deployment"":""69394420-c732-4ebe-a5fd-54c2d5628ea7"",""replica"":""7fc15fda-5103-4647-b7c4-6251ceb0ef53""}",2026-07-23T06:34:38.861506532Z
"2026-07-23T06:34:29.456Z [[32minfo[39m] ✅ QoS 1 PUBACK confirmed {""service"":""mqtt-publisher-lite"",""deviceId"":""DEVICE-17"",""messageId"":44777,""deliveryTime"":""218ms"",""pendingCount"":1}",info,"{""level"":""info""}","{""project"":""90a47e04-a329-4122-9c82-2ee75a4562c2"",""environment"":""f6319bd4-2e87-40d4-8547-4ce714038bc1"",""service"":""c236b8cb-3eff-45c5-aca0-23e73e33dc8d"",""deployment"":""69394420-c732-4ebe-a5fd-54c2d5628ea7"",""replica"":""7fc15fda-5103-4647-b7c4-6251ceb0ef53""}",2026-07-23T06:34:38.861511371Z
"2026-07-23T06:34:29.456Z [[34mdebug[39m] ✅ [LIFECYCLE:PUBACK_OK] Device confirmed message receipt {""service"":""mqtt-publisher-lite"",""deviceId"":""DEVICE-17""}",info,"{""level"":""info""}","{""project"":""90a47e04-a329-4122-9c82-2ee75a4562c2"",""environment"":""f6319bd4-2e87-40d4-8547-4ce714038bc1"",""service"":""c236b8cb-3eff-45c5-aca0-23e73e33dc8d"",""deployment"":""69394420-c732-4ebe-a5fd-54c2d5628ea7"",""replica"":""7fc15fda-5103-4647-b7c4-6251ceb0ef53""}",2026-07-23T06:34:38.861514471Z
"2026-07-23T06:34:29.457Z [[34mdebug[39m] Message published {""service"":""mqtt-publisher-lite"",""topic"":""proof.mqtt/DEVICE-17/test-gmb"",""qos"":1,""deliveryTime"":""218ms""}",info,"{""level"":""info""}","{""project"":""90a47e04-a329-4122-9c82-2ee75a4562c2"",""environment"":""f6319bd4-2e87-40d4-8547-4ce714038bc1"",""service"":""c236b8cb-3eff-45c5-aca0-23e73e33dc8d"",""deployment"":""69394420-c732-4ebe-a5fd-54c2d5628ea7"",""replica"":""7fc15fda-5103-4647-b7c4-6251ceb0ef53""}",2026-07-23T06:34:38.861518671Z
"2026-07-23T06:34:29.457Z [[34mdebug[39m] Published test-gmb screen {""service"":""mqtt-publisher-lite"",""deviceId"":""DEVICE-17"",""reviews"":616,""milestone"":620}",info,"{""level"":""info""}","{""project"":""90a47e04-a329-4122-9c82-2ee75a4562c2"",""environment"":""f6319bd4-2e87-40d4-8547-4ce714038bc1"",""service"":""c236b8cb-3eff-45c5-aca0-23e73e33dc8d"",""deployment"":""69394420-c732-4ebe-a5fd-54c2d5628ea7"",""replica"":""7fc15fda-5103-4647-b7c4-6251ceb0ef53""}",2026-07-23T06:34:38.861521461Z
"2026-07-23T06:34:29.519Z [[32minfo[39m] ✅ PUBACK received {""service"":""mqtt-publisher-lite"",""messageId"":44778}",info,"{""level"":""info""}","{""project"":""90a47e04-a329-4122-9c82-2ee75a4562c2"",""environment"":""f6319bd4-2e87-40d4-8547-4ce714038bc1"",""service"":""c236b8cb-3eff-45c5-aca0-23e73e33dc8d"",""deployment"":""69394420-c732-4ebe-a5fd-54c2d5628ea7"",""replica"":""7fc15fda-5103-4647-b7c4-6251ceb0ef53""}",2026-07-23T06:34:38.861524491Z
"2026-07-23T06:34:29.520Z [[32minfo[39m] ✅ QoS 1 PUBACK confirmed {""service"":""mqtt-publisher-lite"",""deviceId"":""DEVICE-15"",""messageId"":44778,""deliveryTime"":""220ms"",""pendingCount"":0}",info,"{""level"":""info""}","{""project"":""90a47e04-a329-4122-9c82-2ee75a4562c2"",""environment"":""f6319bd4-2e87-40d4-8547-4ce714038bc1"",""service"":""c236b8cb-3eff-45c5-aca0-23e73e33dc8d"",""deployment"":""69394420-c732-4ebe-a5fd-54c2d5628ea7"",""replica"":""7fc15fda-5103-4647-b7c4-6251ceb0ef53""}",2026-07-23T06:34:38.861527831Z
"2026-07-23T06:34:29.520Z [[34mdebug[39m] ✅ [LIFECYCLE:PUBACK_OK] Device confirmed message receipt {""service"":""mqtt-publisher-lite"",""deviceId"":""DEVICE-15""}",info,"{""level"":""info""}","{""project"":""90a47e04-a329-4122-9c82-2ee75a4562c2"",""environment"":""f6319bd4-2e87-40d4-8547-4ce714038bc1"",""service"":""c236b8cb-3eff-45c5-aca0-23e73e33dc8d"",""deployment"":""69394420-c732-4ebe-a5fd-54c2d5628ea7"",""replica"":""7fc15fda-5103-4647-b7c4-6251ceb0ef53""}",2026-07-23T06:34:38.861530911Z
"2026-07-23T06:34:29.520Z [[34mdebug[39m] Message published {""service"":""mqtt-publisher-lite"",""topic"":""proof.mqtt/DEVICE-15/gmb"",""qos"":1,""deliveryTime"":""220ms""}",info,"{""level"":""info""}","{""project"":""90a47e04-a329-4122-9c82-2ee75a4562c2"",""environment"":""f6319bd4-2e87-40d4-8547-4ce714038bc1"",""service"":""c236b8cb-3eff-45c5-aca0-23e73e33dc8d"",""deployment"":""69394420-c732-4ebe-a5fd-54c2d5628ea7"",""replica"":""7fc15fda-5103-4647-b7c4-6251ceb0ef53""}",2026-07-23T06:34:38.861534141Z
"2026-07-23T06:34:29.520Z [[34mdebug[39m] Message received {""service"":""mqtt-publisher-lite"",""topic"":""proof.mqtt/DEVICE-15/gmb"",""size"":246,""retain"":false}",info,"{""level"":""info""}","{""project"":""90a47e04-a329-4122-9c82-2ee75a4562c2"",""environment"":""f6319bd4-2e87-40d4-8547-4ce714038bc1"",""service"":""c236b8cb-3eff-45c5-aca0-23e73e33dc8d"",""deployment"":""69394420-c732-4ebe-a5fd-54c2d5628ea7"",""replica"":""7fc15fda-5103-4647-b7c4-6251ceb0ef53""}",2026-07-23T06:34:38.861536941Z
"2026-07-23T06:34:29.520Z [[34mdebug[39m] Skipping echo message {""service"":""mqtt-publisher-lite"",""topic"":""proof.mqtt/DEVICE-15/gmb"",""age"":""0ms""}",info,"{""level"":""info""}","{""project"":""90a47e04-a329-4122-9c82-2ee75a4562c2"",""environment"":""f6319bd4-2e87-40d4-8547-4ce714038bc1"",""service"":""c236b8cb-3eff-45c5-aca0-23e73e33dc8d"",""deployment"":""69394420-c732-4ebe-a5fd-54c2d5628ea7"",""replica"":""7fc15fda-5103-4647-b7c4-6251ceb0ef53""}",2026-07-23T06:34:38.861540891Z
"2026-07-23T06:34:29.520Z [[34mdebug[39m] Screen message received {""service"":""mqtt-publisher-lite"",""topic"":""proof.mqtt/DEVICE-15/gmb"",""screen"":""gmb""}",info,"{""level"":""info""}","{""project"":""90a47e04-a329-4122-9c82-2ee75a4562c2"",""environment"":""f6319bd4-2e87-40d4-8547-4ce714038bc1"",""service"":""c236b8cb-3eff-45c5-aca0-23e73e33dc8d"",""deployment"":""69394420-c732-4ebe-a5fd-54c2d5628ea7"",""replica"":""7fc15fda-5103-4647-b7c4-6251ceb0ef53""}",2026-07-23T06:34:38.862554813Z
"2026-07-23T06:34:29.556Z [[32minfo[39m] [STIM_IG] Published {""service"":""mqtt-publisher-lite"",""deviceId"":""DEVICE-15"",""followers"":39,""target"":500,""mode"":""synthetic"",""achievement"":40,""celebration"":""false"",""done"":false}",info,"{""level"":""info""}","{""project"":""90a47e04-a329-4122-9c82-2ee75a4562c2"",""environment"":""f6319bd4-2e87-40d4-8547-4ce714038bc1"",""service"":""c236b8cb-3eff-45c5-aca0-23e73e33dc8d"",""deployment"":""69394420-c732-4ebe-a5fd-54c2d5628ea7"",""replica"":""7fc15fda-5103-4647-b7c4-6251ceb0ef53""}",2026-07-23T06:34:38.862558653Z
"2026-07-23T06:34:29.586Z [[34mdebug[39m] 📤 [PUBLISH_CYCLE] Publishing all screens to device {""service"":""mqtt-publisher-lite"",""deviceId"":""DEVICE-17""}",info,"{""level"":""info""}","{""project"":""90a47e04-a329-4122-9c82-2ee75a4562c2"",""environment"":""f6319bd4-2e87-40d4-8547-4ce714038bc1"",""service"":""c236b8cb-3eff-45c5-aca0-23e73e33dc8d"",""deployment"":""69394420-c732-4ebe-a5fd-54c2d5628ea7"",""replica"":""7fc15fda-5103-4647-b7c4-6251ceb0ef53""}",2026-07-23T06:34:38.862563523Z
"2026-07-23T06:34:29.619Z [[32minfo[39m] [STIM_GMB] Published {""service"":""mqtt-publisher-lite"",""deviceId"":""DEVICE-15"",""reviews"":37,""target"":100,""mode"":""synthetic"",""celebration"":""false"",""done"":false}",info,"{""level"":""info""}","{""project"":""90a47e04-a329-4122-9c82-2ee75a4562c2"",""environment"":""f6319bd4-2e87-40d4-8547-4ce714038bc1"",""service"":""c236b8cb-3eff-45c5-aca0-23e73e33dc8d"",""deployment"":""69394420-c732-4ebe-a5fd-54c2d5628ea7"",""replica"":""7fc15fda-5103-4647-b7c4-6251ceb0ef53""}",2026-07-23T06:34:38.862567383Z
"2026-07-23T06:34:29.685Z [[32minfo[39m] [PROMOTION] Default canvas not published {""service"":""mqtt-publisher-lite"",""deviceId"":""DEVICE-17"",""topic"":""proof.mqtt/DEVICE-17/promotion"",""reason"":""unchanged""}",info,"{""level"":""info""}","{""project"":""90a47e04-a329-4122-9c82-2ee75a4562c2"",""environment"":""f6319bd4-2e87-40d4-8547-4ce714038bc1"",""service"":""c236b8cb-3eff-45c5-aca0-23e73e33dc8d"",""deployment"":""69394420-c732-4ebe-a5fd-54c2d5628ea7"",""replica"":""7fc15fda-5103-4647-b7c4-6251ceb0ef53""}",2026-07-23T06:34:38.862571143Z
"2026-07-23T06:34:29.685Z [[34mdebug[39m] [STIM_SKIP] StatsPublisher skipping stim device {""service"":""mqtt-publisher-lite"",""deviceId"":""DEVICE-15""}",info,"{""level"":""info""}","{""project"":""90a47e04-a329-4122-9c82-2ee75a4562c2"",""environment"":""f6319bd4-2e87-40d4-8547-4ce714038bc1"",""service"":""c236b8cb-3eff-45c5-aca0-23e73e33dc8d"",""deployment"":""69394420-c732-4ebe-a5fd-54c2d5628ea7"",""replica"":""7fc15fda-5103-4647-b7c4-6251ceb0ef53""}",2026-07-23T06:34:38.862574643Z
"2026-07-23T06:34:29.784Z [[34mdebug[39m] [STIM_SKIP] StatsPublisher skipping stim device {""service"":""mqtt-publisher-lite"",""deviceId"":""DEVICE-19""}",info,"{""level"":""info""}","{""project"":""90a47e04-a329-4122-9c82-2ee75a4562c2"",""environment"":""f6319bd4-2e87-40d4-8547-4ce714038bc1"",""service"":""c236b8cb-3eff-45c5-aca0-23e73e33dc8d"",""deployment"":""69394420-c732-4ebe-a5fd-54c2d5628ea7"",""replica"":""7fc15fda-5103-4647-b7c4-6251ceb0ef53""}",2026-07-23T06:34:38.862578513Z
"2026-07-23T06:34:29.784Z [[34mdebug[39m] [STIM_SKIP] StatsPublisher skipping stim device {""service"":""mqtt-publisher-lite"",""deviceId"":""DEVICE-13""}",info,"{""level"":""info""}","{""project"":""90a47e04-a329-4122-9c82-2ee75a4562c2"",""environment"":""f6319bd4-2e87-40d4-8547-4ce714038bc1"",""service"":""c236b8cb-3eff-45c5-aca0-23e73e33dc8d"",""deployment"":""69394420-c732-4ebe-a5fd-54c2d5628ea7"",""replica"":""7fc15fda-5103-4647-b7c4-6251ceb0ef53""}",2026-07-23T06:34:38.862583883Z
"2026-07-23T06:34:46.458Z [[32minfo[39m] 📤 QoS 1 message sent {""service"":""mqtt-publisher-lite"",""messageId"":44779,""topic"":""proof.mqtt/DEVICE-13/instagram"",""qos"":1}",info,"{""level"":""info""}","{""project"":""90a47e04-a329-4122-9c82-2ee75a4562c2"",""environment"":""f6319bd4-2e87-40d4-8547-4ce714038bc1"",""service"":""c236b8cb-3eff-45c5-aca0-23e73e33dc8d"",""deployment"":""69394420-c732-4ebe-a5fd-54c2d5628ea7"",""replica"":""7fc15fda-5103-4647-b7c4-6251ceb0ef53""}",2026-07-23T06:34:46.464979108Z
"2026-07-23T06:34:46.458Z [[32minfo[39m] ⏱️ Tracking QoS 1 message (30s timeout) {""service"":""mqtt-publisher-lite"",""deviceId"":""DEVICE-13"",""messageId"":44779,""topic"":""proof.mqtt/DEVICE-13/instagram"",""pendingCount"":1}",info,"{""level"":""info""}","{""project"":""90a47e04-a329-4122-9c82-2ee75a4562c2"",""environment"":""f6319bd4-2e87-40d4-8547-4ce714038bc1"",""service"":""c236b8cb-3eff-45c5-aca0-23e73e33dc8d"",""deployment"":""69394420-c732-4ebe-a5fd-54c2d5628ea7"",""replica"":""7fc15fda-5103-4647-b7c4-6251ceb0ef53""}",2026-07-23T06:34:46.464983838Z
"2026-07-23T06:34:46.557Z [[32minfo[39m] 📤 QoS 1 message sent {""service"":""mqtt-publisher-lite"",""messageId"":44780,""topic"":""proof.mqtt/DEVICE-13/gmb"",""qos"":1}",info,"{""level"":""info""}","{""project"":""90a47e04-a329-4122-9c82-2ee75a4562c2"",""environment"":""f6319bd4-2e87-40d4-8547-4ce714038bc1"",""service"":""c236b8cb-3eff-45c5-aca0-23e73e33dc8d"",""deployment"":""69394420-c732-4ebe-a5fd-54c2d5628ea7"",""replica"":""7fc15fda-5103-4647-b7c4-6251ceb0ef53""}",2026-07-23T06:34:46.564558105Z
"2026-07-23T06:34:46.558Z [[32minfo[39m] ⏱️ Tracking QoS 1 message (30s timeout) {""service"":""mqtt-publisher-lite"",""deviceId"":""DEVICE-13"",""messageId"":44780,""topic"":""proof.mqtt/DEVICE-13/gmb"",""pendingCount"":2}",info,"{""level"":""info""}","{""project"":""90a47e04-a329-4122-9c82-2ee75a4562c2"",""environment"":""f6319bd4-2e87-40d4-8547-4ce714038bc1"",""service"":""c236b8cb-3eff-45c5-aca0-23e73e33dc8d"",""deployment"":""69394420-c732-4ebe-a5fd-54c2d5628ea7"",""replica"":""7fc15fda-5103-4647-b7c4-6251ceb0ef53""}",2026-07-23T06:34:46.564563595Z
"2026-07-23T06:34:46.678Z [[32minfo[39m] ✅ PUBACK received {""service"":""mqtt-publisher-lite"",""messageId"":44779}",info,"{""level"":""info""}","{""project"":""90a47e04-a329-4122-9c82-2ee75a4562c2"",""environment"":""f6319bd4-2e87-40d4-8547-4ce714038bc1"",""service"":""c236b8cb-3eff-45c5-aca0-23e73e33dc8d"",""deployment"":""69394420-c732-4ebe-a5fd-54c2d5628ea7"",""replica"":""7fc15fda-5103-4647-b7c4-6251ceb0ef53""}",2026-07-23T06:34:46.685696333Z
"2026-07-23T06:34:46.678Z [[32minfo[39m] ✅ QoS 1 PUBACK confirmed {""service"":""mqtt-publisher-lite"",""deviceId"":""DEVICE-13"",""messageId"":44779,""deliveryTime"":""220ms"",""pendingCount"":1}",info,"{""level"":""info""}","{""project"":""90a47e04-a329-4122-9c82-2ee75a4562c2"",""environment"":""f6319bd4-2e87-40d4-8547-4ce714038bc1"",""service"":""c236b8cb-3eff-45c5-aca0-23e73e33dc8d"",""deployment"":""69394420-c732-4ebe-a5fd-54c2d5628ea7"",""replica"":""7fc15fda-5103-4647-b7c4-6251ceb0ef53""}",2026-07-23T06:34:46.685703943Z
"2026-07-23T06:34:46.678Z [[34mdebug[39m] ✅ [LIFECYCLE:PUBACK_OK] Device confirmed message receipt {""service"":""mqtt-publisher-lite"",""deviceId"":""DEVICE-13""}",info,"{""level"":""info""}","{""project"":""90a47e04-a329-4122-9c82-2ee75a4562c2"",""environment"":""f6319bd4-2e87-40d4-8547-4ce714038bc1"",""service"":""c236b8cb-3eff-45c5-aca0-23e73e33dc8d"",""deployment"":""69394420-c732-4ebe-a5fd-54c2d5628ea7"",""replica"":""7fc15fda-5103-4647-b7c4-6251ceb0ef53""}",2026-07-23T06:34:46.685708893Z
"2026-07-23T06:34:46.679Z [[34mdebug[39m] Message published {""service"":""mqtt-publisher-lite"",""topic"":""proof.mqtt/DEVICE-13/instagram"",""qos"":1,""deliveryTime"":""221ms""}",info,"{""level"":""info""}","{""project"":""90a47e04-a329-4122-9c82-2ee75a4562c2"",""environment"":""f6319bd4-2e87-40d4-8547-4ce714038bc1"",""service"":""c236b8cb-3eff-45c5-aca0-23e73e33dc8d"",""deployment"":""69394420-c732-4ebe-a5fd-54c2d5628ea7"",""replica"":""7fc15fda-5103-4647-b7c4-6251ceb0ef53""}",2026-07-23T06:34:46.685714253Z
"2026-07-23T06:34:46.679Z [[34mdebug[39m] Message received {""service"":""mqtt-publisher-lite"",""topic"":""proof.mqtt/DEVICE-13/instagram"",""size"":228,""retain"":false}",info,"{""level"":""info""}","{""project"":""90a47e04-a329-4122-9c82-2ee75a4562c2"",""environment"":""f6319bd4-2e87-40d4-8547-4ce714038bc1"",""service"":""c236b8cb-3eff-45c5-aca0-23e73e33dc8d"",""deployment"":""69394420-c732-4ebe-a5fd-54c2d5628ea7"",""replica"":""7fc15fda-5103-4647-b7c4-6251ceb0ef53""}",2026-07-23T06:34:46.685719203Z
"2026-07-23T06:34:46.679Z [[34mdebug[39m] Skipping echo message {""service"":""mqtt-publisher-lite"",""topic"":""proof.mqtt/DEVICE-13/instagram"",""age"":""0ms""}",info,"{""level"":""info""}","{""project"":""90a47e04-a329-4122-9c82-2ee75a4562c2"",""environment"":""f6319bd4-2e87-40d4-8547-4ce714038bc1"",""service"":""c236b8cb-3eff-45c5-aca0-23e73e33dc8d"",""deployment"":""69394420-c732-4ebe-a5fd-54c2d5628ea7"",""replica"":""7fc15fda-5103-4647-b7c4-6251ceb0ef53""}",2026-07-23T06:34:46.685723903Z
"2026-07-23T06:34:46.679Z [[34mdebug[39m] Screen message received {""service"":""mqtt-publisher-lite"",""topic"":""proof.mqtt/DEVICE-13/instagram"",""screen"":""instagram""}",info,"{""level"":""info""}","{""project"":""90a47e04-a329-4122-9c82-2ee75a4562c2"",""environment"":""f6319bd4-2e87-40d4-8547-4ce714038bc1"",""service"":""c236b8cb-3eff-45c5-aca0-23e73e33dc8d"",""deployment"":""69394420-c732-4ebe-a5fd-54c2d5628ea7"",""replica"":""7fc15fda-5103-4647-b7c4-6251ceb0ef53""}",2026-07-23T06:34:46.685728143Z
"2026-07-23T06:34:46.777Z [[32minfo[39m] ✅ PUBACK received {""service"":""mqtt-publisher-lite"",""messageId"":44780}",info,"{""level"":""info""}","{""project"":""90a47e04-a329-4122-9c82-2ee75a4562c2"",""environment"":""f6319bd4-2e87-40d4-8547-4ce714038bc1"",""service"":""c236b8cb-3eff-45c5-aca0-23e73e33dc8d"",""deployment"":""69394420-c732-4ebe-a5fd-54c2d5628ea7"",""replica"":""7fc15fda-5103-4647-b7c4-6251ceb0ef53""}",2026-07-23T06:34:46.780893115Z
"2026-07-23T06:34:46.777Z [[32minfo[39m] ✅ QoS 1 PUBACK confirmed {""service"":""mqtt-publisher-lite"",""deviceId"":""DEVICE-13"",""messageId"":44780,""deliveryTime"":""219ms"",""pendingCount"":0}",info,"{""level"":""info""}","{""project"":""90a47e04-a329-4122-9c82-2ee75a4562c2"",""environment"":""f6319bd4-2e87-40d4-8547-4ce714038bc1"",""service"":""c236b8cb-3eff-45c5-aca0-23e73e33dc8d"",""deployment"":""69394420-c732-4ebe-a5fd-54c2d5628ea7"",""replica"":""7fc15fda-5103-4647-b7c4-6251ceb0ef53""}",2026-07-23T06:34:46.780898705Z
"2026-07-23T06:34:46.777Z [[34mdebug[39m] ✅ [LIFECYCLE:PUBACK_OK] Device confirmed message receipt {""service"":""mqtt-publisher-lite"",""deviceId"":""DEVICE-13""}",info,"{""level"":""info""}","{""project"":""90a47e04-a329-4122-9c82-2ee75a4562c2"",""environment"":""f6319bd4-2e87-40d4-8547-4ce714038bc1"",""service"":""c236b8cb-3eff-45c5-aca0-23e73e33dc8d"",""deployment"":""69394420-c732-4ebe-a5fd-54c2d5628ea7"",""replica"":""7fc15fda-5103-4647-b7c4-6251ceb0ef53""}",2026-07-23T06:34:46.780901985Z
"2026-07-23T06:34:46.777Z [[34mdebug[39m] Message published {""service"":""mqtt-publisher-lite"",""topic"":""proof.mqtt/DEVICE-13/gmb"",""qos"":1,""deliveryTime"":""220ms""}",info,"{""level"":""info""}","{""project"":""90a47e04-a329-4122-9c82-2ee75a4562c2"",""environment"":""f6319bd4-2e87-40d4-8547-4ce714038bc1"",""service"":""c236b8cb-3eff-45c5-aca0-23e73e33dc8d"",""deployment"":""69394420-c732-4ebe-a5fd-54c2d5628ea7"",""replica"":""7fc15fda-5103-4647-b7c4-6251ceb0ef53""}",2026-07-23T06:34:46.780905255Z
"2026-07-23T06:34:46.778Z [[34mdebug[39m] Message received {""service"":""mqtt-publisher-lite"",""topic"":""proof.mqtt/DEVICE-13/gmb"",""size"":246,""retain"":false}",info,"{""level"":""info""}","{""project"":""90a47e04-a329-4122-9c82-2ee75a4562c2"",""environment"":""f6319bd4-2e87-40d4-8547-4ce714038bc1"",""service"":""c236b8cb-3eff-45c5-aca0-23e73e33dc8d"",""deployment"":""69394420-c732-4ebe-a5fd-54c2d5628ea7"",""replica"":""7fc15fda-5103-4647-b7c4-6251ceb0ef53""}",2026-07-23T06:34:46.780908745Z
"2026-07-23T06:34:46.778Z [[34mdebug[39m] Skipping echo message {""service"":""mqtt-publisher-lite"",""topic"":""proof.mqtt/DEVICE-13/gmb"",""age"":""1ms""}",info,"{""level"":""info""}","{""project"":""90a47e04-a329-4122-9c82-2ee75a4562c2"",""environment"":""f6319bd4-2e87-40d4-8547-4ce714038bc1"",""service"":""c236b8cb-3eff-45c5-aca0-23e73e33dc8d"",""deployment"":""69394420-c732-4ebe-a5fd-54c2d5628ea7"",""replica"":""7fc15fda-5103-4647-b7c4-6251ceb0ef53""}",2026-07-23T06:34:46.780912105Z
"2026-07-23T06:34:46.778Z [[34mdebug[39m] Screen message received {""service"":""mqtt-publisher-lite"",""topic"":""proof.mqtt/DEVICE-13/gmb"",""screen"":""gmb""}",info,"{""level"":""info""}","{""project"":""90a47e04-a329-4122-9c82-2ee75a4562c2"",""environment"":""f6319bd4-2e87-40d4-8547-4ce714038bc1"",""service"":""c236b8cb-3eff-45c5-aca0-23e73e33dc8d"",""deployment"":""69394420-c732-4ebe-a5fd-54c2d5628ea7"",""replica"":""7fc15fda-5103-4647-b7c4-6251ceb0ef53""}",2026-07-23T06:34:46.780916105Z
"2026-07-23T06:34:46.807Z [[32minfo[39m] [STIM_IG] Published {""service"":""mqtt-publisher-lite"",""deviceId"":""DEVICE-13"",""followers"":36,""target"":500,""mode"":""synthetic"",""achievement"":40,""celebration"":""false"",""done"":false}",info,"{""level"":""info""}","{""project"":""90a47e04-a329-4122-9c82-2ee75a4562c2"",""environment"":""f6319bd4-2e87-40d4-8547-4ce714038bc1"",""service"":""c236b8cb-3eff-45c5-aca0-23e73e33dc8d"",""deployment"":""69394420-c732-4ebe-a5fd-54c2d5628ea7"",""replica"":""7fc15fda-5103-4647-b7c4-6251ceb0ef53""}",2026-07-23T06:34:46.810005016Z
"2026-07-23T06:34:46.877Z [[32minfo[39m] [STIM_GMB] Published {""service"":""mqtt-publisher-lite"",""deviceId"":""DEVICE-13"",""reviews"":34,""target"":100,""mode"":""synthetic"",""celebration"":""false"",""done"":false}",info,"{""level"":""info""}","{""project"":""90a47e04-a329-4122-9c82-2ee75a4562c2"",""environment"":""f6319bd4-2e87-40d4-8547-4ce714038bc1"",""service"":""c236b8cb-3eff-45c5-aca0-23e73e33dc8d"",""deployment"":""69394420-c732-4ebe-a5fd-54c2d5628ea7"",""replica"":""7fc15fda-5103-4647-b7c4-6251ceb0ef53""}",2026-07-23T06:34:46.915733945Z
"2026-07-23T06:34:59.211Z [[32minfo[39m] 📤 QoS 1 message sent {""service"":""mqtt-publisher-lite"",""messageId"":44781,""topic"":""proof.mqtt/DEVICE-15/instagram"",""qos"":1}",info,"{""level"":""info""}","{""project"":""90a47e04-a329-4122-9c82-2ee75a4562c2"",""environment"":""f6319bd4-2e87-40d4-8547-4ce714038bc1"",""service"":""c236b8cb-3eff-45c5-aca0-23e73e33dc8d"",""deployment"":""69394420-c732-4ebe-a5fd-54c2d5628ea7"",""replica"":""7fc15fda-5103-4647-b7c4-6251ceb0ef53""}",2026-07-23T06:35:06.913853186Z
"2026-07-23T06:34:59.211Z [[32minfo[39m] ⏱️ Tracking QoS 1 message (30s timeout) {""service"":""mqtt-publisher-lite"",""deviceId"":""DEVICE-15"",""messageId"":44781,""topic"":""proof.mqtt/DEVICE-15/instagram"",""pendingCount"":1}",info,"{""level"":""info""}","{""project"":""90a47e04-a329-4122-9c82-2ee75a4562c2"",""environment"":""f6319bd4-2e87-40d4-8547-4ce714038bc1"",""service"":""c236b8cb-3eff-45c5-aca0-23e73e33dc8d"",""deployment"":""69394420-c732-4ebe-a5fd-54c2d5628ea7"",""replica"":""7fc15fda-5103-4647-b7c4-6251ceb0ef53""}",2026-07-23T06:35:06.913869625Z
"2026-07-23T06:34:59.300Z [[32minfo[39m] 📤 QoS 1 message sent {""service"":""mqtt-publisher-lite"",""messageId"":44782,""topic"":""proof.mqtt/DEVICE-15/gmb"",""qos"":1}",info,"{""level"":""info""}","{""project"":""90a47e04-a329-4122-9c82-2ee75a4562c2"",""environment"":""f6319bd4-2e87-40d4-8547-4ce714038bc1"",""service"":""c236b8cb-3eff-45c5-aca0-23e73e33dc8d"",""deployment"":""69394420-c732-4ebe-a5fd-54c2d5628ea7"",""replica"":""7fc15fda-5103-4647-b7c4-6251ceb0ef53""}",2026-07-23T06:35:06.913872675Z
"2026-07-23T06:34:59.301Z [[32minfo[39m] ⏱️ Tracking QoS 1 message (30s timeout) {""service"":""mqtt-publisher-lite"",""deviceId"":""DEVICE-15"",""messageId"":44782,""topic"":""proof.mqtt/DEVICE-15/gmb"",""pendingCount"":2}",info,"{""level"":""info""}","{""project"":""90a47e04-a329-4122-9c82-2ee75a4562c2"",""environment"":""f6319bd4-2e87-40d4-8547-4ce714038bc1"",""service"":""c236b8cb-3eff-45c5-aca0-23e73e33dc8d"",""deployment"":""69394420-c732-4ebe-a5fd-54c2d5628ea7"",""replica"":""7fc15fda-5103-4647-b7c4-6251ceb0ef53""}",2026-07-23T06:35:06.913875835Z
"2026-07-23T06:34:59.431Z [[32minfo[39m] ✅ PUBACK received {""service"":""mqtt-publisher-lite"",""messageId"":44781}",info,"{""level"":""info""}","{""project"":""90a47e04-a329-4122-9c82-2ee75a4562c2"",""environment"":""f6319bd4-2e87-40d4-8547-4ce714038bc1"",""service"":""c236b8cb-3eff-45c5-aca0-23e73e33dc8d"",""deployment"":""69394420-c732-4ebe-a5fd-54c2d5628ea7"",""replica"":""7fc15fda-5103-4647-b7c4-6251ceb0ef53""}",2026-07-23T06:35:06.913879005Z
"2026-07-23T06:34:59.431Z [[32minfo[39m] ✅ QoS 1 PUBACK confirmed {""service"":""mqtt-publisher-lite"",""deviceId"":""DEVICE-15"",""messageId"":44781,""deliveryTime"":""220ms"",""pendingCount"":1}",info,"{""level"":""info""}","{""project"":""90a47e04-a329-4122-9c82-2ee75a4562c2"",""environment"":""f6319bd4-2e87-40d4-8547-4ce714038bc1"",""service"":""c236b8cb-3eff-45c5-aca0-23e73e33dc8d"",""deployment"":""69394420-c732-4ebe-a5fd-54c2d5628ea7"",""replica"":""7fc15fda-5103-4647-b7c4-6251ceb0ef53""}",2026-07-23T06:35:06.913881895Z
"2026-07-23T06:34:59.431Z [[34mdebug[39m] ✅ [LIFECYCLE:PUBACK_OK] Device confirmed message receipt {""service"":""mqtt-publisher-lite"",""deviceId"":""DEVICE-15""}",info,"{""level"":""info""}","{""project"":""90a47e04-a329-4122-9c82-2ee75a4562c2"",""environment"":""f6319bd4-2e87-40d4-8547-4ce714038bc1"",""service"":""c236b8cb-3eff-45c5-aca0-23e73e33dc8d"",""deployment"":""69394420-c732-4ebe-a5fd-54c2d5628ea7"",""replica"":""7fc15fda-5103-4647-b7c4-6251ceb0ef53""}",2026-07-23T06:35:06.913884805Z
"2026-07-23T06:34:59.431Z [[34mdebug[39m] Message published {""service"":""mqtt-publisher-lite"",""topic"":""proof.mqtt/DEVICE-15/instagram"",""qos"":1,""deliveryTime"":""220ms""}",info,"{""level"":""info""}","{""project"":""90a47e04-a329-4122-9c82-2ee75a4562c2"",""environment"":""f6319bd4-2e87-40d4-8547-4ce714038bc1"",""service"":""c236b8cb-3eff-45c5-aca0-23e73e33dc8d"",""deployment"":""69394420-c732-4ebe-a5fd-54c2d5628ea7"",""replica"":""7fc15fda-5103-4647-b7c4-6251ceb0ef53""}",2026-07-23T06:35:06.913887615Z
"2026-07-23T06:34:59.432Z [[34mdebug[39m] Message received {""service"":""mqtt-publisher-lite"",""topic"":""proof.mqtt/DEVICE-15/instagram"",""size"":254,""retain"":false}",info,"{""level"":""info""}","{""project"":""90a47e04-a329-4122-9c82-2ee75a4562c2"",""environment"":""f6319bd4-2e87-40d4-8547-4ce714038bc1"",""service"":""c236b8cb-3eff-45c5-aca0-23e73e33dc8d"",""deployment"":""69394420-c732-4ebe-a5fd-54c2d5628ea7"",""replica"":""7fc15fda-5103-4647-b7c4-6251ceb0ef53""}",2026-07-23T06:35:06.913890215Z
"2026-07-23T06:34:59.432Z [[34mdebug[39m] Skipping echo message {""service"":""mqtt-publisher-lite"",""topic"":""proof.mqtt/DEVICE-15/instagram"",""age"":""1ms""}",info,"{""level"":""info""}","{""project"":""90a47e04-a329-4122-9c82-2ee75a4562c2"",""environment"":""f6319bd4-2e87-40d4-8547-4ce714038bc1"",""service"":""c236b8cb-3eff-45c5-aca0-23e73e33dc8d"",""deployment"":""69394420-c732-4ebe-a5fd-54c2d5628ea7"",""replica"":""7fc15fda-5103-4647-b7c4-6251ceb0ef53""}",2026-07-23T06:35:06.913892595Z
"2026-07-23T06:34:59.432Z [[34mdebug[39m] Screen message received {""service"":""mqtt-publisher-lite"",""topic"":""proof.mqtt/DEVICE-15/instagram"",""screen"":""instagram""}",info,"{""level"":""info""}","{""project"":""90a47e04-a329-4122-9c82-2ee75a4562c2"",""environment"":""f6319bd4-2e87-40d4-8547-4ce714038bc1"",""service"":""c236b8cb-3eff-45c5-aca0-23e73e33dc8d"",""deployment"":""69394420-c732-4ebe-a5fd-54c2d5628ea7"",""replica"":""7fc15fda-5103-4647-b7c4-6251ceb0ef53""}",2026-07-23T06:35:06.915859820Z
"2026-07-23T06:34:59.523Z [[32minfo[39m] ✅ PUBACK received {""service"":""mqtt-publisher-lite"",""messageId"":44782}",info,"{""level"":""info""}","{""project"":""90a47e04-a329-4122-9c82-2ee75a4562c2"",""environment"":""f6319bd4-2e87-40d4-8547-4ce714038bc1"",""service"":""c236b8cb-3eff-45c5-aca0-23e73e33dc8d"",""deployment"":""69394420-c732-4ebe-a5fd-54c2d5628ea7"",""replica"":""7fc15fda-5103-4647-b7c4-6251ceb0ef53""}",2026-07-23T06:35:06.915864490Z
"2026-07-23T06:34:59.523Z [[32minfo[39m] ✅ QoS 1 PUBACK confirmed {""service"":""mqtt-publisher-lite"",""deviceId"":""DEVICE-15"",""messageId"":44782,""deliveryTime"":""222ms"",""pendingCount"":0}",info,"{""level"":""info""}","{""project"":""90a47e04-a329-4122-9c82-2ee75a4562c2"",""environment"":""f6319bd4-2e87-40d4-8547-4ce714038bc1"",""service"":""c236b8cb-3eff-45c5-aca0-23e73e33dc8d"",""deployment"":""69394420-c732-4ebe-a5fd-54c2d5628ea7"",""replica"":""7fc15fda-5103-4647-b7c4-6251ceb0ef53""}",2026-07-23T06:35:06.915867930Z
"2026-07-23T06:34:59.523Z [[34mdebug[39m] ✅ [LIFECYCLE:PUBACK_OK] Device confirmed message receipt {""service"":""mqtt-publisher-lite"",""deviceId"":""DEVICE-15""}",info,"{""level"":""info""}","{""project"":""90a47e04-a329-4122-9c82-2ee75a4562c2"",""environment"":""f6319bd4-2e87-40d4-8547-4ce714038bc1"",""service"":""c236b8cb-3eff-45c5-aca0-23e73e33dc8d"",""deployment"":""69394420-c732-4ebe-a5fd-54c2d5628ea7"",""replica"":""7fc15fda-5103-4647-b7c4-6251ceb0ef53""}",2026-07-23T06:35:06.915870640Z
"2026-07-23T06:34:59.523Z [[34mdebug[39m] Message published {""service"":""mqtt-publisher-lite"",""topic"":""proof.mqtt/DEVICE-15/gmb"",""qos"":1,""deliveryTime"":""223ms""}",info,"{""level"":""info""}","{""project"":""90a47e04-a329-4122-9c82-2ee75a4562c2"",""environment"":""f6319bd4-2e87-40d4-8547-4ce714038bc1"",""service"":""c236b8cb-3eff-45c5-aca0-23e73e33dc8d"",""deployment"":""69394420-c732-4ebe-a5fd-54c2d5628ea7"",""replica"":""7fc15fda-5103-4647-b7c4-6251ceb0ef53""}",2026-07-23T06:35:06.915873860Z
"2026-07-23T06:34:59.523Z [[34mdebug[39m] Message received {""service"":""mqtt-publisher-lite"",""topic"":""proof.mqtt/DEVICE-15/gmb"",""size"":246,""retain"":false}",info,"{""level"":""info""}","{""project"":""90a47e04-a329-4122-9c82-2ee75a4562c2"",""environment"":""f6319bd4-2e87-40d4-8547-4ce714038bc1"",""service"":""c236b8cb-3eff-45c5-aca0-23e73e33dc8d"",""deployment"":""69394420-c732-4ebe-a5fd-54c2d5628ea7"",""replica"":""7fc15fda-5103-4647-b7c4-6251ceb0ef53""}",2026-07-23T06:35:06.915877049Z
"2026-07-23T06:34:59.523Z [[34mdebug[39m] Skipping echo message {""service"":""mqtt-publisher-lite"",""topic"":""proof.mqtt/DEVICE-15/gmb"",""age"":""0ms""}",info,"{""level"":""info""}","{""project"":""90a47e04-a329-4122-9c82-2ee75a4562c2"",""environment"":""f6319bd4-2e87-40d4-8547-4ce714038bc1"",""service"":""c236b8cb-3eff-45c5-aca0-23e73e33dc8d"",""deployment"":""69394420-c732-4ebe-a5fd-54c2d5628ea7"",""replica"":""7fc15fda-5103-4647-b7c4-6251ceb0ef53""}",2026-07-23T06:35:06.915880079Z
"2026-07-23T06:34:59.523Z [[34mdebug[39m] Screen message received {""service"":""mqtt-publisher-lite"",""topic"":""proof.mqtt/DEVICE-15/gmb"",""screen"":""gmb""}",info,"{""level"":""info""}","{""project"":""90a47e04-a329-4122-9c82-2ee75a4562c2"",""environment"":""f6319bd4-2e87-40d4-8547-4ce714038bc1"",""service"":""c236b8cb-3eff-45c5-aca0-23e73e33dc8d"",""deployment"":""69394420-c732-4ebe-a5fd-54c2d5628ea7"",""replica"":""7fc15fda-5103-4647-b7c4-6251ceb0ef53""}",2026-07-23T06:35:06.915884019Z
"2026-07-23T06:34:59.531Z [[32minfo[39m] [STIM_IG] Published {""service"":""mqtt-publisher-lite"",""deviceId"":""DEVICE-15"",""followers"":40,""target"":500,""mode"":""synthetic"",""achievement"":45,""celebration"":""true"",""done"":false}",info,"{""level"":""info""}","{""project"":""90a47e04-a329-4122-9c82-2ee75a4562c2"",""environment"":""f6319bd4-2e87-40d4-8547-4ce714038bc1"",""service"":""c236b8cb-3eff-45c5-aca0-23e73e33dc8d"",""deployment"":""69394420-c732-4ebe-a5fd-54c2d5628ea7"",""replica"":""7fc15fda-5103-4647-b7c4-6251ceb0ef53""}",2026-07-23T06:35:06.915887439Z
"2026-07-23T06:34:59.625Z [[32minfo[39m] [STIM_GMB] Published {""service"":""mqtt-publisher-lite"",""deviceId"":""DEVICE-15"",""reviews"":38,""target"":100,""mode"":""synthetic"",""celebration"":""false"",""done"":false}",info,"{""level"":""info""}","{""project"":""90a47e04-a329-4122-9c82-2ee75a4562c2"",""environment"":""f6319bd4-2e87-40d4-8547-4ce714038bc1"",""service"":""c236b8cb-3eff-45c5-aca0-23e73e33dc8d"",""deployment"":""69394420-c732-4ebe-a5fd-54c2d5628ea7"",""replica"":""7fc15fda-5103-4647-b7c4-6251ceb0ef53""}",2026-07-23T06:35:06.915891489Z
"2026-07-23T06:35:16.458Z [[32minfo[39m] 📤 QoS 1 message sent {""service"":""mqtt-publisher-lite"",""messageId"":44783,""topic"":""proof.mqtt/DEVICE-13/instagram"",""qos"":1}",info,"{""level"":""info""}","{""project"":""90a47e04-a329-4122-9c82-2ee75a4562c2"",""environment"":""f6319bd4-2e87-40d4-8547-4ce714038bc1"",""service"":""c236b8cb-3eff-45c5-aca0-23e73e33dc8d"",""deployment"":""69394420-c732-4ebe-a5fd-54c2d5628ea7"",""replica"":""7fc15fda-5103-4647-b7c4-6251ceb0ef53""}",2026-07-23T06:35:16.476497334Z
"2026-07-23T06:35:16.458Z [[32minfo[39m] ⏱️ Tracking QoS 1 message (30s timeout) {""service"":""mqtt-publisher-lite"",""deviceId"":""DEVICE-13"",""messageId"":44783,""topic"":""proof.mqtt/DEVICE-13/instagram"",""pendingCount"":1}",info,"{""level"":""info""}","{""project"":""90a47e04-a329-4122-9c82-2ee75a4562c2"",""environment"":""f6319bd4-2e87-40d4-8547-4ce714038bc1"",""service"":""c236b8cb-3eff-45c5-aca0-23e73e33dc8d"",""deployment"":""69394420-c732-4ebe-a5fd-54c2d5628ea7"",""replica"":""7fc15fda-5103-4647-b7c4-6251ceb0ef53""}",2026-07-23T06:35:16.476501544Z
"2026-07-23T06:35:16.557Z [[32minfo[39m] 📤 QoS 1 message sent {""service"":""mqtt-publisher-lite"",""messageId"":44784,""topic"":""proof.mqtt/DEVICE-13/gmb"",""qos"":1}",info,"{""level"":""info""}","{""project"":""90a47e04-a329-4122-9c82-2ee75a4562c2"",""environment"":""f6319bd4-2e87-40d4-8547-4ce714038bc1"",""service"":""c236b8cb-3eff-45c5-aca0-23e73e33dc8d"",""deployment"":""69394420-c732-4ebe-a5fd-54c2d5628ea7"",""replica"":""7fc15fda-5103-4647-b7c4-6251ceb0ef53""}",2026-07-23T06:35:16.750064838Z
"2026-07-23T06:35:16.558Z [[32minfo[39m] ⏱️ Tracking QoS 1 message (30s timeout) {""service"":""mqtt-publisher-lite"",""deviceId"":""DEVICE-13"",""messageId"":44784,""topic"":""proof.mqtt/DEVICE-13/gmb"",""pendingCount"":2}",info,"{""level"":""info""}","{""project"":""90a47e04-a329-4122-9c82-2ee75a4562c2"",""environment"":""f6319bd4-2e87-40d4-8547-4ce714038bc1"",""service"":""c236b8cb-3eff-45c5-aca0-23e73e33dc8d"",""deployment"":""69394420-c732-4ebe-a5fd-54c2d5628ea7"",""replica"":""7fc15fda-5103-4647-b7c4-6251ceb0ef53""}",2026-07-23T06:35:16.750070568Z
"2026-07-23T06:35:16.677Z [[32minfo[39m] ✅ PUBACK received {""service"":""mqtt-publisher-lite"",""messageId"":44783}",info,"{""level"":""info""}","{""project"":""90a47e04-a329-4122-9c82-2ee75a4562c2"",""environment"":""f6319bd4-2e87-40d4-8547-4ce714038bc1"",""service"":""c236b8cb-3eff-45c5-aca0-23e73e33dc8d"",""deployment"":""69394420-c732-4ebe-a5fd-54c2d5628ea7"",""replica"":""7fc15fda-5103-4647-b7c4-6251ceb0ef53""}",2026-07-23T06:35:16.750075708Z
"2026-07-23T06:35:16.678Z [[32minfo[39m] ✅ QoS 1 PUBACK confirmed {""service"":""mqtt-publisher-lite"",""deviceId"":""DEVICE-13"",""messageId"":44783,""deliveryTime"":""220ms"",""pendingCount"":1}",info,"{""level"":""info""}","{""project"":""90a47e04-a329-4122-9c82-2ee75a4562c2"",""environment"":""f6319bd4-2e87-40d4-8547-4ce714038bc1"",""service"":""c236b8cb-3eff-45c5-aca0-23e73e33dc8d"",""deployment"":""69394420-c732-4ebe-a5fd-54c2d5628ea7"",""replica"":""7fc15fda-5103-4647-b7c4-6251ceb0ef53""}",2026-07-23T06:35:16.750080498Z
"2026-07-23T06:35:16.678Z [[34mdebug[39m] ✅ [LIFECYCLE:PUBACK_OK] Device confirmed message receipt {""service"":""mqtt-publisher-lite"",""deviceId"":""DEVICE-13""}",info,"{""level"":""info""}","{""project"":""90a47e04-a329-4122-9c82-2ee75a4562c2"",""environment"":""f6319bd4-2e87-40d4-8547-4ce714038bc1"",""service"":""c236b8cb-3eff-45c5-aca0-23e73e33dc8d"",""deployment"":""69394420-c732-4ebe-a5fd-54c2d5628ea7"",""replica"":""7fc15fda-5103-4647-b7c4-6251ceb0ef53""}",2026-07-23T06:35:16.750086018Z
"2026-07-23T06:35:16.678Z [[34mdebug[39m] Message published {""service"":""mqtt-publisher-lite"",""topic"":""proof.mqtt/DEVICE-13/instagram"",""qos"":1,""deliveryTime"":""220ms""}",info,"{""level"":""info""}","{""project"":""90a47e04-a329-4122-9c82-2ee75a4562c2"",""environment"":""f6319bd4-2e87-40d4-8547-4ce714038bc1"",""service"":""c236b8cb-3eff-45c5-aca0-23e73e33dc8d"",""deployment"":""69394420-c732-4ebe-a5fd-54c2d5628ea7"",""replica"":""7fc15fda-5103-4647-b7c4-6251ceb0ef53""}",2026-07-23T06:35:16.750091838Z
"2026-07-23T06:35:16.678Z [[34mdebug[39m] Message received {""service"":""mqtt-publisher-lite"",""topic"":""proof.mqtt/DEVICE-13/instagram"",""size"":228,""retain"":false}",info,"{""level"":""info""}","{""project"":""90a47e04-a329-4122-9c82-2ee75a4562c2"",""environment"":""f6319bd4-2e87-40d4-8547-4ce714038bc1"",""service"":""c236b8cb-3eff-45c5-aca0-23e73e33dc8d"",""deployment"":""69394420-c732-4ebe-a5fd-54c2d5628ea7"",""replica"":""7fc15fda-5103-4647-b7c4-6251ceb0ef53""}",2026-07-23T06:35:16.750097268Z
"2026-07-23T06:35:16.679Z [[34mdebug[39m] Skipping echo message {""service"":""mqtt-publisher-lite"",""topic"":""proof.mqtt/DEVICE-13/instagram"",""age"":""0ms""}",info,"{""level"":""info""}","{""project"":""90a47e04-a329-4122-9c82-2ee75a4562c2"",""environment"":""f6319bd4-2e87-40d4-8547-4ce714038bc1"",""service"":""c236b8cb-3eff-45c5-aca0-23e73e33dc8d"",""deployment"":""69394420-c732-4ebe-a5fd-54c2d5628ea7"",""replica"":""7fc15fda-5103-4647-b7c4-6251ceb0ef53""}",2026-07-23T06:35:16.750101708Z
"2026-07-23T06:35:16.679Z [[34mdebug[39m] Screen message received {""service"":""mqtt-publisher-lite"",""topic"":""proof.mqtt/DEVICE-13/instagram"",""screen"":""instagram""}",info,"{""level"":""info""}","{""project"":""90a47e04-a329-4122-9c82-2ee75a4562c2"",""environment"":""f6319bd4-2e87-40d4-8547-4ce714038bc1"",""service"":""c236b8cb-3eff-45c5-aca0-23e73e33dc8d"",""deployment"":""69394420-c732-4ebe-a5fd-54c2d5628ea7"",""replica"":""7fc15fda-5103-4647-b7c4-6251ceb0ef53""}",2026-07-23T06:35:16.750106938Z
"2026-07-23T06:35:16.777Z [[32minfo[39m] ✅ PUBACK received {""service"":""mqtt-publisher-lite"",""messageId"":44784}",info,"{""level"":""info""}","{""project"":""90a47e04-a329-4122-9c82-2ee75a4562c2"",""environment"":""f6319bd4-2e87-40d4-8547-4ce714038bc1"",""service"":""c236b8cb-3eff-45c5-aca0-23e73e33dc8d"",""deployment"":""69394420-c732-4ebe-a5fd-54c2d5628ea7"",""replica"":""7fc15fda-5103-4647-b7c4-6251ceb0ef53""}",2026-07-23T06:35:16.794662477Z
"2026-07-23T06:35:16.777Z [[32minfo[39m] ✅ QoS 1 PUBACK confirmed {""service"":""mqtt-publisher-lite"",""deviceId"":""DEVICE-13"",""messageId"":44784,""deliveryTime"":""219ms"",""pendingCount"":0}",info,"{""level"":""info""}","{""project"":""90a47e04-a329-4122-9c82-2ee75a4562c2"",""environment"":""f6319bd4-2e87-40d4-8547-4ce714038bc1"",""service"":""c236b8cb-3eff-45c5-aca0-23e73e33dc8d"",""deployment"":""69394420-c732-4ebe-a5fd-54c2d5628ea7"",""replica"":""7fc15fda-5103-4647-b7c4-6251ceb0ef53""}",2026-07-23T06:35:16.794669717Z
"2026-07-23T06:35:16.777Z [[34mdebug[39m] ✅ [LIFECYCLE:PUBACK_OK] Device confirmed message receipt {""service"":""mqtt-publisher-lite"",""deviceId"":""DEVICE-13""}",info,"{""level"":""info""}","{""project"":""90a47e04-a329-4122-9c82-2ee75a4562c2"",""environment"":""f6319bd4-2e87-40d4-8547-4ce714038bc1"",""service"":""c236b8cb-3eff-45c5-aca0-23e73e33dc8d"",""deployment"":""69394420-c732-4ebe-a5fd-54c2d5628ea7"",""replica"":""7fc15fda-5103-4647-b7c4-6251ceb0ef53""}",2026-07-23T06:35:16.794674237Z
"2026-07-23T06:35:16.777Z [[34mdebug[39m] Message published {""service"":""mqtt-publisher-lite"",""topic"":""proof.mqtt/DEVICE-13/gmb"",""qos"":1,""deliveryTime"":""220ms""}",info,"{""level"":""info""}","{""project"":""90a47e04-a329-4122-9c82-2ee75a4562c2"",""environment"":""f6319bd4-2e87-40d4-8547-4ce714038bc1"",""service"":""c236b8cb-3eff-45c5-aca0-23e73e33dc8d"",""deployment"":""69394420-c732-4ebe-a5fd-54c2d5628ea7"",""replica"":""7fc15fda-5103-4647-b7c4-6251ceb0ef53""}",2026-07-23T06:35:16.794678417Z
"2026-07-23T06:35:16.778Z [[34mdebug[39m] Message received {""service"":""mqtt-publisher-lite"",""topic"":""proof.mqtt/DEVICE-13/gmb"",""size"":272,""retain"":false}",info,"{""level"":""info""}","{""project"":""90a47e04-a329-4122-9c82-2ee75a4562c2"",""environment"":""f6319bd4-2e87-40d4-8547-4ce714038bc1"",""service"":""c236b8cb-3eff-45c5-aca0-23e73e33dc8d"",""deployment"":""69394420-c732-4ebe-a5fd-54c2d5628ea7"",""replica"":""7fc15fda-5103-4647-b7c4-6251ceb0ef53""}",2026-07-23T06:35:16.794683027Z
"2026-07-23T06:35:16.778Z [[34mdebug[39m] Skipping echo message {""service"":""mqtt-publisher-lite"",""topic"":""proof.mqtt/DEVICE-13/gmb"",""age"":""1ms""}",info,"{""level"":""info""}","{""project"":""90a47e04-a329-4122-9c82-2ee75a4562c2"",""environment"":""f6319bd4-2e87-40d4-8547-4ce714038bc1"",""service"":""c236b8cb-3eff-45c5-aca0-23e73e33dc8d"",""deployment"":""69394420-c732-4ebe-a5fd-54c2d5628ea7"",""replica"":""7fc15fda-5103-4647-b7c4-6251ceb0ef53""}",2026-07-23T06:35:16.794687596Z
"2026-07-23T06:35:16.778Z [[34mdebug[39m] Screen message received {""service"":""mqtt-publisher-lite"",""topic"":""proof.mqtt/DEVICE-13/gmb"",""screen"":""gmb""}",info,"{""level"":""info""}","{""project"":""90a47e04-a329-4122-9c82-2ee75a4562c2"",""environment"":""f6319bd4-2e87-40d4-8547-4ce714038bc1"",""service"":""c236b8cb-3eff-45c5-aca0-23e73e33dc8d"",""deployment"":""69394420-c732-4ebe-a5fd-54c2d5628ea7"",""replica"":""7fc15fda-5103-4647-b7c4-6251ceb0ef53""}",2026-07-23T06:35:16.794691026Z
"2026-07-23T06:35:16.780Z [[32minfo[39m] [STIM_IG] Published {""service"":""mqtt-publisher-lite"",""deviceId"":""DEVICE-13"",""followers"":37,""target"":500,""mode"":""synthetic"",""achievement"":40,""celebration"":""false"",""done"":false}",info,"{""level"":""info""}","{""project"":""90a47e04-a329-4122-9c82-2ee75a4562c2"",""environment"":""f6319bd4-2e87-40d4-8547-4ce714038bc1"",""service"":""c236b8cb-3eff-45c5-aca0-23e73e33dc8d"",""deployment"":""69394420-c732-4ebe-a5fd-54c2d5628ea7"",""replica"":""7fc15fda-5103-4647-b7c4-6251ceb0ef53""}",2026-07-23T06:35:16.794694856Z
"2026-07-23T06:35:16.877Z [[32minfo[39m] [STIM_GMB] Published {""service"":""mqtt-publisher-lite"",""deviceId"":""DEVICE-13"",""reviews"":35,""target"":100,""mode"":""synthetic"",""celebration"":""true"",""done"":false}",info,"{""level"":""info""}","{""project"":""90a47e04-a329-4122-9c82-2ee75a4562c2"",""environment"":""f6319bd4-2e87-40d4-8547-4ce714038bc1"",""service"":""c236b8cb-3eff-45c5-aca0-23e73e33dc8d"",""deployment"":""69394420-c732-4ebe-a5fd-54c2d5628ea7"",""replica"":""7fc15fda-5103-4647-b7c4-6251ceb0ef53""}",2026-07-23T06:35:16.880813188Z